Opportunity ID,Opportunity Name,Vertical,Suggested_Vertical,Stage,Amount (converted),Won,Account Region
0067F00000MXuP8,AVS,,Uncategorized,Closed Lost,NZD 0.00,False,United States
0067F00000Mhi89,20 Classroom School,Education,Education,Closed Lost,NZD 0.00,False,United States
0067F000011t5mz,Baldwin,,Uncategorized,Closed Lost,NZD 0.00,False,United States
0067F000011tdOv,Palatine,,Uncategorized,Closed Lost,"NZD 4,561.43",False,United States
0067F000011txYS,Centier Bank,Banking & Finance,Banking & Finance,Closed Lost,"NZD 77,114.66",False,United States
0067F000011u1fe,CiT Woden ACT Tender,,Uncategorized,Closed Lost,"NZD 92,686.42",False,Australia
0067F000011uqV6,BT,,Uncategorized,Closed Won,"NZD 1,230.30",True,United States
0067F000011vWxR,Bayswater Maritime Precint,,Critical Infrastructure - Transportation,Closed Lost,"NZD 58,298.80",False,New Zealand
0067F000011vcNg,G PROX ll,,Uncategorized,Closed Won,"NZD 1,154.15",True,United States
0067F000011vcSv,Wanaka Film Park,Commercial,Entertainment,Closed Lost,"NZD 49,999.99",False,New Zealand
0067F000011vmgz,University of Alberta GX Roll Out FY2023/2024,Education,Education,Closed Won,"NZD 218,238.33",True,Canada
006A90000026AJ7,One Central Project in HCMC Project,,Uncategorized,Closed Lost,"NZD 224,333.61",False,Asia Pacific
006A90000026Y55,The Crossing Stage 3,Commercial,Commercial,Closed Lost,"NZD 20,000.00",False,New Zealand
006A90000026Y5P,Rotorua Museum,,Entertainment - Cultural,Closed Lost,"NZD 50,000.00",False,New Zealand
006A900000284rO,Tender for Construction of Heritage Conservation and Resource Center,,Uncategorized,Closed Lost,"NZD 50,276.84",False,Asia Pacific
006A90000029fuP,Tender for Mai Po Nature Reserve Infrastructure Upgrade Project,Government,Government,Proposal,"NZD 8,004.52",False,Asia Pacific
006A9000002AYi7,Ramada Conference Centre Queenstown,Commercial,Hospitality - Hotels,Closed Lost,"NZD 10,000.00",False,New Zealand
006A9000002AhcT,Tender for Shatin Water Treatment Works Project,Critical Infrastructure,Critical Infrastructure,Closed Lost,"NZD 44,654.15",False,Asia Pacific
006A9000002BYVj,High Security Readers,,Uncategorized,Closed Lost,NZD 832.16,False,Canada
006A9000002Benx,Elevator Add-On,,Uncategorized,Closed Lost,"NZD 9,870.47",False,Canada
006A9000002C7Tn,Entry Station,,Uncategorized,Closed Lost,"NZD 8,301.01",False,Canada
006A9000002CBuW,Politeknik/University Bali Phase-2,Education,Education,Proposal,"NZD 6,451.61",False,Asia Pacific
006A9000002CBzs,Biorfarma Dawuan,Commercial,Commercial,Closed Lost,"NZD 64,516.13",False,Asia Pacific
006A9000002CaLs,Tender for 14-18 Ma Kok Street Tsuen Wan Project,Government,Government,Proposal,"NZD 39,989.32",False,Asia Pacific
006A9000002DgKr,Project Tender - Hyatt Regency Ha long in Vietnam,Commercial,Hospitality - Hotels,Closed Lost,"NZD 86,390.03",False,Asia Pacific
006A9000002DkvP,The Rim at Talavera - San Antonio,,Uncategorized,Closed Lost,"NZD 35,640.84",False,United States
006A9000002G94j,The Grey - 36 Apartments,Residential,Residential,Closed Lost,"NZD 5,000.00",False,New Zealand
006A9000002INxK,"Tangki project, Banten Indonesia",Commercial,Commercial,Closed Lost,,False,Asia Pacific
006A9000002INxj,"LNG Project, Sumbawa Indonesia",Critical Infrastructure,Critical Infrastructure,Closed Lost,,False,Asia Pacific
006A9000002INyc,"Akatara Project, Jambi (Azbil Berca Indonesia)",Commercial,Commercial,Closed Lost,,False,Asia Pacific
006A9000002J3N2,126 Lambton Quay,,Uncategorized,Closed Won,"NZD 61,051.83",True,New Zealand
006A9000002JZrK,Project tender for Roiet Prision Project in Thailand,,Uncategorized,Closed Lost,"NZD 114,811.83",False,Asia Pacific
006A9000002Jo6O,Politeknik Medan Phase-3 & 4,,Education - Higher Education,Working,,False,Asia Pacific
006A9000002Njhy,Residential Building - 164 Suites,Residential,Residential,Closed Lost,"NZD 59,390.63",False,Canada
006A9000002PVFD,Eastpointe Commons Assisted Living,,Healthcare - Senior Living,Closed Lost,"NZD 20,462.20",False,United States
006A9000002Qplg,Goolum_Goolum GX Upgrade Project Wynns Tim Batchelor 7Jul2022,,Uncategorized,Closed Lost,"NZD 45,422.62",False,Australia
006A9000002QqOb,Horsham Rural City Council GX - Wynns - Tim Batchelor - 7Jul2022,Government,Government,Closed Lost,"NZD 15,864.12",False,Australia
006A9000002ROuy,Tender for Commercial Development at 20-28 Cannon Street (ELV),Commercial,Commercial - Mixed Use,Closed Lost,"NZD 28,396.21",False,Asia Pacific
006A9000002WMjn,Biofarma Gedung 34 (Phase 1),Heavy Industry,Heavy Industry,Closed Won,"NZD 26,755.01",True,Asia Pacific
006A9000002X2St,VietCapital Building Project (Design Stage),,Uncategorized,Closed Lost,,False,Asia Pacific
006A9000002XvCM,The Grand,,Uncategorized,Closed Lost,"NZD 27,830.18",False,Canada
006A9000002YZPC,4-Button Remotes,,Uncategorized,Closed Lost,"NZD 35,368.12",False,Canada
006A9000002aZWn,Encoder,,Uncategorized,Closed Won,"NZD 1,701.88",True,United States
006A9000002aZaa,XS4 Glass Door,,Uncategorized,Closed Lost,"NZD 3,328.84",False,United States
006A9000002asJK,CC1 22_08_22,,Uncategorized,Closed Lost,"NZD 56,574.78",False,Australia
006A9000002bGqJ,AFx Migration for High Court Building in HK,Government,Government,Working,"NZD 11,290.32",False,Asia Pacific
006A9000002duO6,Preliminary Budget for Access Control Upgrade for Hongkong Air Cargo Terminal Ltd (HACTL),,Critical Infrastructure - Transportation,Closed Lost,"NZD 576,287.07",False,Asia Pacific
006A9000002jbQF,ST Vincents redevelopment Tender 15_09_22,Healthcare,Healthcare,Closed Lost,"NZD 262,761.94",False,Australia
006A9000002jy2I,Nashville Church - Verex System,Religious,Religious,Closed Lost,"NZD 26,383.68",False,United States
006A9000002khxT,Sylvan Lake - Takeover Project,Heavy Industry,Heavy Industry,Closed Lost,"NZD 19,565.87",False,Canada
006A9000002lJDp,"Cross River Rail Fitout, 150 Mary Street",,Uncategorized,Closed Won,"NZD 10,480.05",True,Australia
006A9000002nCYK,LATITUDE CORPORATE CENTER Access Control with KONE Elevator HLI,Commercial,Commercial - Office,Closed Won,"NZD 20,517.63",True,Asia Pacific
006A9000002npmP,SBA Diggora,,Uncategorized,Closed Lost,"NZD 7,984.61",False,Australia
006A9000002oFMo,Westlake Lakeshore towers,,Uncategorized,Closed Lost,"NZD 100,631.05",False,Canada
006A9000002omXn,ANZ ATM's,Banking & Finance,Banking & Finance,Closed Lost,"NZD 306,412.20",False,New Zealand
006A9000002pFwO,Tender for MAIN WORKS CONTRACT OF BATCH 1A DEVELOPMENT OF HONG KONG-SHENZHEN INNOVATION AND TECHNOLOGY PARK,,Uncategorized,Closed Lost,"NZD 210,553.98",False,Asia Pacific
006A9000002qe3m,Peace of Mind Systems - WX System - Church,Religious,Religious,Closed Lost,"NZD 4,190.68",False,Canada
006A9000002rKuD,Frontier Power,,Uncategorized,Closed Lost,"NZD 12,358.15",False,Canada
006A9000002rlbL,Tender for Finnie Street Hotel Project,Residential,Residential,Closed Lost,"NZD 28,591.58",False,Asia Pacific
006A9000002tFFH,Lockwise MP card quote 28_10_22,,Uncategorized,Closed Won,"NZD 5,981.53",True,Australia
006A9000002tFXj,ACS Upgrade Project for YiShun Polyclinic in SIngapore,Education,Education,Closed Lost,"NZD 26,149.30",False,Asia Pacific
006A9000002toUR,JFSecuritas10312022,,Uncategorized,Closed Lost,"NZD 36,049.76",False,Canada
006A9000002trOB,Deneuve Alta Verde,Multi Family,Multi Family,Procurement,NZD 0.00,False,United States
006A9000002uAI5,The John Cooper School,Education,Education,Closed Lost,"NZD 109,964.46",False,United States
006A9000002ub1j,ASG - Formation Fyshwick,Government,Government,Closed Lost,"NZD 140,282.94",False,Australia
006A9000002uj3y,Waldorf Fire Hall Access Control,,Uncategorized,Closed Lost,"NZD 36,659.01",False,United States
006A9000002ukS9,Project MC3 04/11/22,,Uncategorized,Closed Lost,"NZD 10,289.39",False,Australia
006A9000002ukUV,Project MC4 04/11/22,,Uncategorized,Closed Lost,"NZD 8,955.81",False,Australia
006A9000002vhgR,Nelson Bays Security,Commercial,Commercial,Closed Lost,"NZD 4,737.89",False,New Zealand
006A9000002wgPI,Wings Financial Readers,Banking & Finance,Banking & Finance,Closed Lost,"NZD 139,058.78",False,United States
006A9000002xKbs,"Fisher & Paykel Appliances New Head Office - ""Home""",Commercial,Commercial,Closed Lost,"NZD 25,711.44",False,New Zealand
006A9000002xKdK,"Fisher & Paykel Appliances New Engineering Centre - ""Shed""",Commercial,Commercial,Closed Lost,"NZD 25,832.19",False,New Zealand
006A9000002xKeD,Fisher & Paykel Appliances International Experience Centres,,Uncategorized,Closed Lost,"NZD 20,000.00",False,New Zealand
006A9000002xKwH,PX - ICE - Active Building Management,Commercial,Commercial,Closed Lost,,False,New Zealand
006A9000002xKx0,PX - Aotea - NZ Post Retail,Commercial,Retail,Closed Lost,"NZD 3,296.33",False,New Zealand
006A9000002yFlv,53432COSE,Government,Government,Closed Won,NZD 231.22,True,United States
006A9000002yFnd,Medford Schools - Curtis Tufts School,Education,Education,Closed Lost,"NZD 6,565.46",False,United States
006A9000002yFoL,Medford Schools - Andrews Middle School,Education,Education,Closed Lost,"NZD 8,761.99",False,United States
006A9000002yFok,Medford Schools - McGlynn Middle/Elementary,Education,Education,Closed Lost,"NZD 11,128.08",False,United States
006A9000002yFoq,Medford Schools - High School,Education,Education,Closed Lost,"NZD 31,909.17",False,United States
006A9000002yFpY,Medford Schools - New Brooks Elementary,Education,Education,Closed Lost,"NZD 9,755.84",False,United States
006A9000002yFps,Medford Schools - New Roberts Elementary,Education,Education,Closed Lost,"NZD 8,817.19",False,United States
006A9000002yFq2,Medford Schools - Columbus Elementary,Education,Education,Closed Lost,"NZD 8,553.72",False,United States
006A9000002yKSf,6 Cross Street Footscray 22_11_22,,Uncategorized,Closed Lost,"NZD 18,478.61",False,Australia
006A9000002ymfN,Project Pharmacy,Healthcare,Healthcare,Closed Lost,"NZD 104,651.16",False,Canada
006A9000002yoBq,Amazon Sites - ICT Protege GX (Part 1),Commercial,Commercial,Closed Won,"NZD 24,245.37",True,Canada
006A9000002yoDI,Amazon Sites - ICT Protege GX (Part 2),Commercial,Commercial,Closed Won,"NZD 4,843.20",True,Canada
006A9000002ypnp,VB COLUMBIA - HOLY SPIRIT,Commercial,Commercial,Closed Lost,"NZD 2,224.91",False,Asia Pacific
006A9000002ypuQ,CYBERZONE - Turnstile + Mitsubishi Elevator HLI,,Uncategorized,Closed Lost,"NZD 26,568.51",False,Asia Pacific
006A9000002ypvx,ROYAL COLLEGE,Education,Education,Closed Lost,"NZD 3,756.85",False,Asia Pacific
006A9000002zRFy,Joyce 2 - 5055 Joyce Street,Multi Family,Multi Family,In Process,"NZD 227,607.80",False,Canada
006A9000002zntF,Retrofit - WX/GX - MC Networks Ltd.,,Uncategorized,Closed Lost,,False,Canada
006A900000307DA,Tecom replacement 01_12_22,,Uncategorized,Closed Lost,"NZD 10,885.33",False,Australia
006A90000030PlX,Tech-Canada,Government,Government,Closed Lost,,False,Canada
006A900000317YK,Aminya Village,,Uncategorized,Closed Lost,"NZD 9,492.18",False,Australia
006A900000319lI,CS2 05.12.22,,Uncategorized,Closed Lost,"NZD 34,628.26",False,Australia
006A90000031Jh9,181 pleasant,,Uncategorized,Closed Lost,"NZD 174,418.60",False,Canada
006A90000031N3b,NT Building Project in Jakarta (For Turnstile and Otis Elevator Access Control),Commercial,Commercial,Discovery,,False,Asia Pacific
006A90000031N4j,IKN Lift Presiden Project - (Turnstile and Otis Elevator HLI Access Control) (Citas Otis Elevator),Government,Government,Closed Lost,"NZD 2,941.18",False,Asia Pacific
006A90000031YF1,Bay Area Transportation,,Uncategorized,Closed Lost,"NZD 23,461.39",False,United States
006A90000031r0M,15 Viking - New,,Uncategorized,Closed Lost,"NZD 6,660.77",False,Canada
006A90000031vNK,Bluetooth Readers - Informative Security,,Uncategorized,Closed Lost,"NZD 2,625.53",False,Australia
006A900000327U0,NexGen Technologies Inc.,Other,Other,Closed Won,,True,Canada
006A900000329BD,ADPSecuritas12082022,Commercial,Commercial,Closed Lost,"NZD 5,813.95",False,Canada
006A90000032CtG,SOAP API,,Uncategorized,Closed Lost,"NZD 9,363.68",False,Australia
006A90000032M8C,Blue Mountain Technologies - GX Partner Training,Training,Training,Closed Lost,"NZD 5,581.40",False,Canada
006A90000032ks4,Stathalbyn Town Hall,,Uncategorized,Closed Won,"NZD 7,822.22",True,Australia
006A90000032pxs,Attwood Green,,Uncategorized,Closed Lost,"NZD 42,165.94",False,EMEA
006A90000032xa0,Protege X - NCR ATMs - Westpac,Banking & Finance,Banking & Finance,Closed Lost,"NZD 90,000.00",False,New Zealand
006A90000032xay,Protege X - NCR ATMs - ASB,Banking & Finance,Banking & Finance,Closed Lost,"NZD 90,000.00",False,New Zealand
006A90000033Jal,Matamata Box Lobby,,Uncategorized,Closed Won,"NZD 2,000.00",True,New Zealand
006A90000033Jg0,Hibiscus Coast Operations Centre,,Uncategorized,Closed Won,"NZD 4,000.00",True,New Zealand
006A90000033Jj4,Russell Postal Delivery,Critical Infrastructure,Critical Infrastructure,Closed Won,"NZD 2,000.00",True,New Zealand
006A90000033JkZ,Amberley Postal Delivery,Commercial,Commercial,Closed Lost,"NZD 4,000.00",False,New Zealand
006A90000033Jlg,Raglan Postal Delivery,Critical Infrastructure,Critical Infrastructure,Closed Won,"NZD 4,000.00",True,New Zealand
006A90000033Jlq,Russell Postal Delivery,Critical Infrastructure,Critical Infrastructure,Closed Won,"NZD 2,000.00",True,New Zealand
006A90000033Jlv,Darfield Postal Delivery,Critical Infrastructure,Critical Infrastructure,Closed Won,"NZD 2,000.00",True,New Zealand
006A90000033Jm0,Dargaville Postal Delivery,Critical Infrastructure,Critical Infrastructure,Closed Won,"NZD 2,000.00",True,New Zealand
006A90000033JmK,Papamoa Operations Centre,,Uncategorized,Closed Won,"NZD 4,000.00",True,New Zealand
006A90000033JmP,Morrinsville Postal Delivery,Commercial,Commercial,Closed Lost,"NZD 2,000.00",False,New Zealand
006A90000033JmU,Maungaturoto Postal Delivery,Critical Infrastructure,Critical Infrastructure,Closed Lost,"NZD 2,000.00",False,New Zealand
006A90000033Jme,Napier Operations Centre,Commercial,Commercial,Closed Lost,"NZD 7,000.00",False,New Zealand
006A90000033Jmy,Ngatea Postal Delivery,Critical Infrastructure,Critical Infrastructure,Closed Lost,"NZD 2,000.00",False,New Zealand
006A90000033Jn3,Taranaki Operations Centre,Commercial,Commercial,Closed Lost,"NZD 7,000.00",False,New Zealand
006A90000033JnD,Christchurch East Operations Centre,Commercial,Religious,Closed Lost,"NZD 7,000.00",False,New Zealand
006A90000033aYU,RAAF Townsville Regimental Head QUarters,,Uncategorized,Closed Lost,,False,Australia
006A90000033cvm,Grover Gaming Building 1,,Entertainment - Gaming,Closed Lost,"NZD 13,505.09",False,United States
006A90000033cwf,Grover Gaming Building 2,,Entertainment - Gaming,Closed Lost,"NZD 10,326.56",False,United States
006A90000033cx9,Grover Gaming Building 3,,Entertainment - Gaming,Closed Lost,"NZD 8,062.24",False,United States
006A90000033pHq,KNEdmonton12152022,,Uncategorized,Closed Lost,"NZD 27,680.04",False,Canada
006A90000033qib,Godolphin Australia-,,Uncategorized,Closed Lost,,False,Australia
006A900000340qa,TS50,,Uncategorized,Closed Won,NZD 312.29,True,United States
006A90000035DuK,KIDDERMINISTER NEW DC,,Uncategorized,Closed Lost,"NZD 14,140.14",False,EMEA
006A900000365t8,3 door job for Andrew,,Uncategorized,Closed Lost,"NZD 5,978.74",False,United States
006A90000036RO3,UAE Military Extension,Government,Government,Closed Lost,"NZD 29,284.92",False,EMEA
006A90000037Y1W,POMS - City Gardens - Quote 1 - ICT Base System,Multi Family,Multi Family,Proposal,"NZD 3,607.80",False,Canada
006A90000037Y3j,POMS - City Gardens - Quote 2 - ICT South Parkade,Multi Family,Multi Family,Proposal,"NZD 79,736.16",False,Canada
006A90000037YXc,POMS - City Gardens - Quote 3 - ICT Tenant Parkade,Multi Family,Multi Family,Proposal,"NZD 39,684.41",False,Canada
006A90000037YfF,POMS - City Gardens - Quote 4 - ICT Trillium East Tower,Multi Family,Multi Family,Proposal,"NZD 59,035.00",False,Canada
006A900000382Uf,Green Prospect Farms,,Uncategorized,Closed Lost,"NZD 5,535.68",False,Canada
006A90000038mSY,Parnell Towers,Multi Family,Multi Family,Closed Lost,"NZD 21,964.68",False,New Zealand
006A90000038od1,WX System 11_01_23,,Uncategorized,Closed Lost,"NZD 2,941.89",False,Australia
006A90000038z4C,GX Training,Training,Training,Closed Won,"NZD 6,617.65",True,United States
006A90000039j0Z,Salvation Army - The Vancouver Harbour Light,,Uncategorized,Closed Lost,,False,Canada
006A90000039j1v,Brightside - Tower 1 - 10460 City Pkwy - Bosa,Multi Family,Multi Family,Closed Lost,,False,Canada
006A90000039j3m,Brightside - Tower 2 - 10460 City Pkwy - Bosa,Multi Family,Multi Family,Closed Lost,,False,Canada
006A9000003AMpd,"Dusit Hotel in Ho Tay, Ha Noi",Residential,Residential,Closed Won,"NZD 12,467.78",True,Asia Pacific
006A9000003AMsD,"Ha Long Holiday Inn in Ha Long, Quang Ninh city",,Hospitality - Hotels,Closed Lost,"NZD 29,411.76",False,Asia Pacific
006A9000003AMwx,Hai Phong Government Administrative Center in Hai Phong city,Government,Government,Closed Lost,"NZD 147,058.82",False,Asia Pacific
006A9000003B4JA,Robotics Plus,Commercial,Commercial,Closed Lost,"NZD 22,555.82",False,New Zealand
006A9000003BtCo,MC1 24_01_23,,Uncategorized,Closed Lost,"NZD 48,622.34",False,Australia
006A9000003C0hc,Verex Upgrade - 3D/81Z,,Uncategorized,Closed Lost,"NZD 5,578.78",False,Canada
006A9000003CTyb,Aldynne GX Project - Blue Mountain Technologies Inc.,,Uncategorized,Closed Lost,"NZD 113,661.29",False,Canada
006A9000003CseN,Northern VA Mental Health institute,Healthcare,Healthcare,Closed Won,"NZD 98,922.65",True,United States
006A9000003Devj,Gx Training,Training,Training,Closed Lost,"NZD 7,258.06",False,United States
006A9000003Dfrn,Tenancy Portal Prices,,Uncategorized,Closed Lost,"NZD 66,535.85",False,United States
006A9000003EQu1,ICT GX Partner Training,Training,Training,In Process,"NZD 11,327.00",False,Canada
006A9000003ET4h,CBSA,,Uncategorized,Closed Lost,"NZD 36,353.37",False,Canada
006A9000003FD0b,Bridgestone Bandag Griffin Plant,,Industrial - Manufacturing,Closed Lost,"NZD 30,794.56",False,United States
006A9000003G1mm,GWLRA - NYC - Part 1 - Base Building,,Uncategorized,Closed Lost,"NZD 21,698.91",False,Canada
006A9000003G1r2,GWLRA - NYC - Part 2 - 5 Park,,Uncategorized,Closed Lost,"NZD 12,854.42",False,Canada
006A9000003G2cU,GWLRA - NYC - Part 4 - 5160,,Uncategorized,Closed Lost,,False,Canada
006A9000003Givk,Upgrade Request,Commercial,Commercial,Closed Lost,"NZD 15,626.12",False,Canada
006A9000003HDQo,OP Trust Opportunity - Re DPI Construction,,Uncategorized,Closed Lost,"NZD 31,694.20",False,Canada
006A9000003HIIN,Inland Rail Toowoomba,,Uncategorized,Closed Lost,"NZD 4,901.81",False,Australia
006A9000003HR9T,GX Software Upgrade from Version 3 to 4 for Menara 1 Dutamas Building,,Uncategorized,Closed Lost,"NZD 11,993.89",False,Asia Pacific
006A9000003HV7t,Opal (Fibre Packaging) SE upgrade,Commercial,Commercial,Closed Lost,"NZD 24,656.89",False,Australia
006A9000003HryJ,Latitude Apartments BT Readers,Multi Family,Multi Family,Closed Lost,"NZD 13,822.59",False,Australia
006A9000003I8gE,Martins Central Hospital,Healthcare,Healthcare,Closed Lost,"NZD 4,286.26",False,United States
006A9000003IJ9j,Tiffany Grand-Urgent,,Uncategorized,Closed Lost,"NZD 9,304.83",False,Canada
006A9000003IJPR,Lagoons,,Uncategorized,Closed Lost,"NZD 37,403.26",False,Canada
006A9000003IT5r,Fargo Jet Center WX Quote,Aviation,Aviation,Closed Lost,"NZD 117,832.76",False,United States
006A9000003IZ1B,British American Tobacco,Commercial,Commercial,Closed Lost,,False,Asia Pacific
006A9000003IZEE,R-PAC International,,Uncategorized,Closed Lost,,False,Asia Pacific
006A9000003Ic1t,DRvipond,,Uncategorized,Closed Lost,"NZD 10,623.27",False,Canada
006A9000003IcV2,Blue Mountain Technologies - 02232023,,Uncategorized,Closed Lost,"NZD 87,973.55",False,Canada
006A9000003IzfY,Whiterock Telus,,Uncategorized,Closed Lost,"NZD 15,451.14",False,Canada
006A9000003Izy2,Mosaic One - Aurora Electric,Multi Family,Multi Family,Closed Lost,"NZD 44,888.86",False,Canada
006A9000003Jbio,Yard (Andrew Cordell),,Uncategorized,Closed Lost,"NZD 11,198.74",False,United States
006A9000003JgNu,9 Wentworth St Base Building Fitout,,Uncategorized,Closed Lost,,False,ICT
006A9000003JkLc,APERIO TRIAL YARRA EDGE 02_03_23,,Uncategorized,Closed Lost,"NZD 19,410.18",False,Australia
006A9000003JyFj,GX Reflection Holiday Park 37 Sites,,Uncategorized,Closed Lost,,False,Australia
006A9000003JyRV,GX Godolphin 6 sites,,Uncategorized,Closed Lost,,False,Australia
006A9000003K0TX,Project Tender for Phu Tho Circus and Multi-purpose Performing Center Complex Project in HCM,Commercial,Commercial,Closed Lost,"NZD 94,710.18",False,Asia Pacific
006A9000003KOJ0,Tellhio GX,Commercial,Commercial,Closed Lost,"NZD 13,791.35",False,United States
006A9000003KOXU,Tellhio,Commercial,Commercial,Closed Lost,"NZD 10,713.18",False,United States
006A9000003KQTW,Hawke's Bay Food Innovation Network Hub Stage 1,Commercial,Commercial,Closed Won,"NZD 20,215.31",True,New Zealand
006A9000003KQhD,Mobil AU,Commercial,Commercial,Closed Won,,True,New Zealand
006A9000003KRwV,EBLOC 6 - MDC- Access Control with Turnstile and Mitsubishi Elevator HLI,Commercial,Commercial,Closed Won,"NZD 26,457.99",True,Asia Pacific
006A9000003KkO0,WX System Tim 09.03.23,,Uncategorized,Closed Lost,"NZD 5,426.41",False,Australia
006A9000003L1lj,RV Gate Park GX,,Uncategorized,Closed Lost,"NZD 20,963.57",False,United States
006A9000003LMLv,Oakridge Centre - Building 3,Multi Family,Multi Family,In Process,"NZD 123,919.80",False,Canada
006A9000003LO3y,Wireless Lock Project - Coquitlam Project,,Uncategorized,Closed Lost,,False,Canada
006A9000003LOYk,Oakridge Centre - Building 6,Multi Family,Multi Family,PO Received,"NZD 113,284.23",False,Canada
006A9000003LPHO,Oakridge Centre - Building 4,Multi Family,Multi Family,PO Received,"NZD 179,557.27",False,Canada
006A9000003LPxU,Ararat Rural Shire Library 14_03_23,,Government - Public Facilities,Closed Won,"NZD 2,490.16",True,Australia
006A9000003LQ5p,Oakridge Centre - Building 7,Multi Family,Multi Family,PO Received,"NZD 183,677.87",False,Canada
006A9000003M409,Boarding College 17_03_23,Education,Education,Closed Lost,"NZD 5,679.31",False,Australia
006A9000003M79E,Noisette 17_03_23,Commercial,Commercial,Closed Lost,"NZD 7,672.63",False,Australia
006A9000003Mbk0,Locks,,Uncategorized,Closed Lost,"NZD 268,266.00",False,United States
006A9000003MblL,Fergus Falls School District - Expansion,Education,Education,Closed Lost,"NZD 21,321.99",False,United States
006A9000003Mbnj,SYB Mason Floor Plan,,Uncategorized,Closed Lost,"NZD 10,024.80",False,United States
006A9000003MlFh,Snowhill II - Hardware,,Uncategorized,Closed Won,"NZD 95,045.43",True,EMEA
006A9000003MmzQ,Northern Quarter - Tauranga CBD,,Uncategorized,Closed Lost,"NZD 23,253.55",False,New Zealand
006A9000003N64u,Proposal to Add-on GX Equip for Lighting and A/C Controls for Meeting & Conference Rooms in ROVSKI Factory,Commercial,Industrial - Manufacturing,Closed Lost,,False,Asia Pacific
006A9000003N6SN,"Proposal to Add-on GX Equip for Lighting & A/C Controls for Labs, Office & Cold Rm in ROVSKI Factory",Commercial,Industrial - Manufacturing,Closed Lost,,False,Asia Pacific
006A9000003N6c1,Proposal to Add-on GX Equip for Lighting and Machine Controls for Production Floor in ROVSKI Factory,Commercial,Industrial - Manufacturing,Closed Lost,,False,Asia Pacific
006A9000003NLWV,Pacific Radiology Dunedin,Healthcare,Healthcare,Closed Lost,"NZD 20,000.00",False,New Zealand
006A9000003NTqp,Tri-Town,Government,Government,Closed Lost,"NZD 30,452.29",False,United States
006A9000003NjqH,WX & BT Credential quote,,Uncategorized,Closed Lost,"NZD 13,126.87",False,Australia
006A9000003NkIE,WX Project - 28/03/2023,,Uncategorized,Closed Lost,"NZD 57,846.67",False,Canada
006A9000003NsCM,Vistana Villages,,Uncategorized,Closed Lost,"NZD 4,718.51",False,United States
006A9000003NuBD,Ram Alarms - Stock Order,,Uncategorized,Closed Won,"NZD 4,435.09",True,Canada
006A9000003NufA,GX  The Rochester,Multi Family,Multi Family,Closed Lost,"NZD 24,683.01",False,Australia
006A9000003O2lx,44 Jackes Ave,,Uncategorized,Closed Lost,"NZD 27,194.75",False,Canada
006A9000003OmLX,ProtegeWX Access Control System for Science Laboratory Project in Malaysia,,Uncategorized,Closed Lost,"NZD 17,170.64",False,Asia Pacific
006A9000003PAte,ECU Health Operator License,Healthcare,Healthcare,Closed Lost,"NZD 8,676.88",False,United States
006A9000003PGn0,Toll Logistics New Project in Singapore,Transportation,Transportation,Closed Lost,"NZD 34,187.10",False,Asia Pacific
006A9000003PoS3,Salt & Meadow - Phase 2 (Building B),,Uncategorized,Closed Won,"NZD 18,215.87",True,Canada
006A9000003Poe2,Salt & Meadow - Phase 3 (Building C),Multi Family,Multi Family,Closed Won,"NZD 25,938.66",True,Canada
006A9000003PxlN,Trott 4-11-2023,,Uncategorized,Closed Lost,"NZD 39,629.96",False,United States
006A9000003Q0uj,ICT Training console & Voucher,Training,Training,Closed Lost,"NZD 5,329.01",False,Australia
006A9000003QQqa,GX system with Biometric readers 14_04_23,,Uncategorized,Closed Lost,"NZD 12,639.96",False,Australia
006A9000003QX99,Mineral Point School District,Education,Education,Closed Lost,"NZD 19,141.66",False,United States
006A9000003QYB0,The Marshall,,Uncategorized,Closed Lost,"NZD 897,713.66",False,United States
006A9000003QYQd,The Marshall with ICT Wireless Locks,,Uncategorized,Closed Lost,"NZD 790,915.07",False,United States
006A9000003QYjk,Regis,Education,Education,Closed Lost,"NZD 416,556.44",False,United States
006A9000003QttY,Alma & Broadway - Wireless Lock Project (55%),Multi Family,Multi Family,Closed Lost,,False,Canada
006A9000003RN5v,Monticello Lake Apartments,Multi Family,Multi Family,Closed Lost,"NZD 44,955.15",False,United States
006A9000003RWiz,PRT-IPIC-POE-C,,Uncategorized,Closed Won,"NZD 2,963.01",True,United States
006A9000003RWoh,RiMED Palermo,Healthcare,Healthcare,Closed Won,"NZD 156,641.96",True,EMEA
006A9000003RbJO,School 4 door 21_04_23,Education,Education,Closed Won,"NZD 2,610.41",True,Australia
006A9000003S30I,Station Park Phase 2,Multi Family,Multi Family,Closed Won,"NZD 472,765.59",True,Canada
006A9000003S6kK,Project Tender - Sathya Sai Social Service (4S) in Singapore,,Uncategorized,Closed Lost,"NZD 29,398.47",False,Asia Pacific
006A9000003SM2w,Karantina Hospital,Healthcare,Healthcare,Closed Lost,"NZD 36,539.88",False,EMEA
006A9000003SObJ,Lifestyles Church,Religious,Religious,Closed Lost,"NZD 17,726.99",False,United States
006A9000003SZCM,Lochner Apartments,Multi Family,Multi Family,Closed Lost,"NZD 101,952.13",False,United States
006A9000003SbNa,Lock Project - 250,Residential,Residential,Closed Lost,"NZD 143,550.35",False,United States
006A9000003TJ8k,Hindmarsh Shire GX Transfer 02_05_23,,Uncategorized,Closed Lost,"NZD 2,100.50",False,Australia
006A9000003TSsC,Homeland Security,Residential,Residential,Closed Lost,"NZD 53,176.40",False,United States
006A9000003ThXY,Parc Midtown Readers,,Uncategorized,Closed Lost,"NZD 139,750.63",False,United States
006A9000003Tk7L,Port Melbourne 05_05_23,,Critical Infrastructure - Transportation,Closed Lost,"NZD 9,088.79",False,Australia
006A9000003Tp1G,SMW FCU Lino Lakes,,Uncategorized,Closed Won,"NZD 1,487.97",True,United States
006A9000003TpSL,NFR Training kits Chubb may 2023,Training,Training,Closed Won,,True,Canada
006A9000003U397,Guardsman_ICT Upgrade_Derek,Commercial,Commercial,Closed Lost,"NZD 29,437.15",False,New Zealand
006A9000003UAKx,Westfield Energy Recovery Limited,,Uncategorized,Closed Lost,,False,EMEA
006A9000003UD3R,Remote Transmitters,,Uncategorized,Closed Won,NZD 728.82,True,United States
006A9000003UNnT,New System (Church),Religious,Religious,Closed Lost,"NZD 12,089.24",False,United States
006A9000003UPz2,50 Albert Road GX 10_05_23,Residential,Residential,Closed Lost,"NZD 216,024.50",False,Australia
006A9000003UXyo,The Brick - N170 - New HQ,,Uncategorized,Closed Lost,"NZD 68,151.95",False,Canada
006A9000003UxcA,GX Certification Kit,Training,Training,Closed Lost,"NZD 7,466.08",False,Canada
006A9000003Uyvd,GX Certification Kit,Training,Training,Closed Lost,"NZD 6,116.58",False,Canada
006A9000003UywR,Multi-building school campus environment,Education,Education,Closed Won,"NZD 24,367.65",True,United States
006A9000003Uz1M,Elite GX System for 2 Buildings,,Uncategorized,Closed Lost,"NZD 6,859.27",False,United States
006A9000003Uz2Z,"POMS - City Gardens - Base Building, Parkade & Trillium Tower",Multi Family,Multi Family,Decision,"NZD 92,550.23",False,Canada
006A9000003VJzz,Inglewood Garden,,Uncategorized,Closed Lost,"NZD 28,338.18",False,Canada
006A9000003VKlo,Harry Winston 6 w48th St,Commercial,Commercial,Closed Lost,"NZD 7,202.94",False,United States
006A9000003Viu4,gas project 18_05_23,,Uncategorized,Closed Lost,"NZD 1,843.88",False,Australia
006A9000003VvTa,Warf Club 19_05_23,,Uncategorized,Closed Lost,"NZD 4,487.22",False,Australia
006A9000003VwgF,Wendouree 19_05_23,,Uncategorized,Closed Lost,"NZD 3,317.19",False,Australia
006A9000003VxzP,GX training 19_05_23,Training,Training,Closed Lost,"NZD 4,122.31",False,Australia
006A9000003Vy5K,Gas project server setup 19_05_23,,Uncategorized,Closed Lost,"NZD 3,452.08",False,Australia
006A9000003W07W,Chetan two standalone doors,,Uncategorized,Closed Lost,NZD 941.51,False,EMEA
006A9000003W0kF,560 Westmount - Quantum Valley,Commercial,Commercial,Closed Lost,"NZD 74,857.77",False,Canada
006A9000003WLhK,Groove GX Training Quote,Training,Training,Closed Lost,"NZD 7,147.06",False,United States
006A9000003WMwj,Madison YWCA Project,Commercial,Commercial,Closed Lost,"NZD 163,235.29",False,United States
006A9000003WVeg,Holly Hills Main Hospital- UHS,Healthcare,Healthcare,Closed Lost,"NZD 129,912.51",False,United States
006A9000003WXiz,Extension for Existing ICT GX System of Eastin Grand Nha trang (Old name Panorama Nha trang Condotel),Commercial,Residential - Multi-Family,Closed Lost,"NZD 50,771.14",False,Asia Pacific
006A9000003Wd4k,Card Reader Upgrade for Heart of God Church in Singapore,Religious,Religious,Closed Lost,"NZD 11,678.93",False,Asia Pacific
006A9000003Wh4l,"412 Jarvis Street, Toronto- Access Control",,Uncategorized,Closed Lost,"NZD 5,862.38",False,Canada
006A9000003WnQU,WX Balmain Quote,,Uncategorized,Closed Won,"NZD 4,058.45",True,Australia
006A9000003X74k,BC Housing - MDB Retrofit,Multi Family,Multi Family,Closed Lost,"NZD 422,048.65",False,Canada
006A9000003XdEC,Jazan Amaala Municipality,,Government,Closed Lost,"NZD 9,238.90",False,EMEA
006A9000003Xswb,ALT Jackson - Allwest Electric Ltd,Multi Family,Multi Family,Decision,"NZD 95,008.52",False,Canada
006A9000003Y2ug,ONE AYALA TOWER 3 - Turnstile Access Control with Mitsubishi HLI,Commercial,Commercial,Closed Won,"NZD 11,367.64",True,Asia Pacific
006A9000003Y85d,CHKD Floors 5 and 6 Electrical Rooms (1-7GIGQNP),Commercial,Commercial,Closed Lost,"NZD 1,999.85",False,United States
006A9000003Y8f4,CHKD 4th Floor Electrical Rooms (1-7GIDV3X),Commercial,Commercial,Closed Lost,"NZD 1,999.85",False,United States
006A9000003YuYh,Renaissance,,Uncategorized,Closed Lost,"NZD 48,971.78",False,United States
006A9000003Z6Vd,Palladium,Retail,Retail,Closed Won,"NZD 122,535.76",True,Canada
006A9000003ZBSC,Sydney Metro Protege X,,Uncategorized,Closed Lost,NZD 285.68,False,Australia
006A9000003ZLyG,TMR Rochdale Busstation,,Uncategorized,Closed Lost,"NZD 3,454.38",False,Australia
006A9000003ZMrk,"Laboratorium Teknik-XV, ITB University-Bandung (150 Doors)",Education,Education,Proposal,"NZD 36,115.55",False,Asia Pacific
006A9000003ZV3H,Neighborhood Health,Healthcare,Healthcare,Closed Won,"NZD 55,924.54",True,United States
006A9000003ZWq6,30 Merton - New Price w/Locks,,Uncategorized,Closed Lost,"NZD 273,610.64",False,Canada
006A9000003ZYIs,Westpac TS70 FY23/24,Banking & Finance,Banking & Finance,Closed Lost,"NZD 20,000.00",False,New Zealand
006A9000003ZfSQ,30 Merton w/Salto,,Uncategorized,Closed Lost,"NZD 66,983.47",False,Canada
006A9000003Zvh3,Soho Quarter - 138 Hurstmere Road Takapuna,Multi Family,Multi Family,Closed Lost,"NZD 10,000.00",False,New Zealand
006A9000003Zvsu,The Domain Collection,Residential,Residential,Closed Lost,"NZD 42,809.09",False,New Zealand
006A9000003ZwkQ,Qestral Coastal View - Yacht Club,Commercial,Commercial,Closed Lost,"NZD 20,000.00",False,New Zealand
006A9000003Zyju,Portsea Salto project 12_06_23,,Uncategorized,Closed Lost,"NZD 10,096.40",False,Australia
006A9000003a1ko,National Bank of Ukraine,Banking & Finance,Banking & Finance,Closed Won,"NZD 204,126.85",True,EMEA
006A9000003a6IW,Water St By The Park,Multi Family,Multi Family,Closed Lost,"NZD 63,283.49",False,Canada
006A9000003a83G,DDE Condo - GX,Multi Family,Multi Family,Closed Lost,"NZD 65,151.15",False,United States
006A9000003aFN6,ATM Project,Banking & Finance,Banking & Finance,Closed Won,"NZD 1,216.66",True,EMEA
006A9000003aL5C,MN Adult & Teen Challenge - Mpls,,Uncategorized,Closed Won,"NZD 7,974.93",True,United States
006A9000003aulQ,Fairmont,,Uncategorized,Closed Lost,"NZD 170,996.76",False,United States
006A9000003awzA,MHA Nation,Government,Government,Closed Lost,"NZD 30,332.82",False,United States
006A9000003azSb,New ICT Protege System Setup,,Uncategorized,Closed Lost,"NZD 4,699.31",False,Asia Pacific
006A9000003b8q7,CT Recovery Network of Programs,Healthcare,Healthcare,Closed Lost,"NZD 131,281.44",False,United States
006A9000003bBTH,Cornelia Apartments,Multi Family,Multi Family,Closed Won,"NZD 45,913.94",True,United States
006A9000003bSPl,Bank BJB,Banking & Finance,Banking & Finance,Closed Lost,,False,Asia Pacific
006A9000003bSQj,Evoluzioner Tyres Maintenance,Commercial,Commercial,Closed Lost,,False,Asia Pacific
006A9000003bSXp,Rinjani (Cargill Indonesia),Commercial,Commercial,Closed Lost,"NZD 4,838.71",False,Asia Pacific
006A9000003bSaZ,Biofarma Dawuan,Commercial,Industrial,Discovery,,False,Asia Pacific
006A9000003bShZ,Biofarma Building 37 Extension,Commercial,Industrial,Closed Lost,,False,Asia Pacific
006A9000003baqz,1600 Readers - Healthcare,,Healthcare,Closed Lost,"NZD 1,715,668.80",False,Canada
006A9000003bkip,Project 320C 20_06_23,,Uncategorized,Closed Lost,"NZD 30,133.59",False,Australia
006A9000003bpz5,GRE System,,Uncategorized,Closed Won,"NZD 633,951.47",True,United States
006A9000003c29P,Protégé X Pricing Example,Other,Other,Closed Lost,,False,Canada
006A9000003cBTe,RFQ: 7800 Susquehanna,,Uncategorized,Closed Lost,"NZD 33,082.21",False,United States
006A9000003cBel,WX Kit,,Uncategorized,Closed Lost,,False,Canada
006A9000003cDJE,Bristol Fire-Police - PO#ICT62254,,Uncategorized,Closed Won,"NZD 20,536.41",True,United States
006A9000003cDTs,# 891646552,,Uncategorized,Closed Lost,"NZD 11,444.85",False,United States
006A9000003cGfz,990T 23_06_23,,Uncategorized,Closed Won,"NZD 11,516.02",True,Australia
006A9000003cMcg,GX Training,Other,Other,Closed Lost,,False,Canada
006A9000003cO9O,City of Robstown,,Uncategorized,Closed Lost,"NZD 4,452.41",False,United States
006A9000003cd5P,Parliamentary Services Protege X,Government,Government,Closed Lost,NZD 570.40,False,New Zealand
006A9000003d2xi,Gave LTC,,Uncategorized,Closed Lost,"NZD 224,192.66",False,Canada
006A9000003d3Rw,UHS Cedar Grove Room Monitoring,Healthcare,Healthcare,Closed Lost,"NZD 3,706.47",False,United States
006A9000003d3ro,Leiters VILP II Expansion,,Uncategorized,Closed Won,"NZD 9,722.01",True,United States
006A9000003dS21,CCCA / Eastern State Encoder- Site code,,Uncategorized,Closed Lost,"NZD 10,522.24",False,United States
006A9000003dZko,ProtegeX for Citiloc,Other,Other,Closed Lost,,False,Canada
006A9000003damg,GS Homes Access Control,Multi Family,Multi Family,Closed Lost,,False,Canada
006A9000003dbA8,Latitude Project - Motorized Deadbolt - Flat Black,Multi Family,Multi Family,Decision,"NZD 78,630.18",False,Canada
006A9000003djWP,Warehouse Naz,Residential,Residential,Closed Lost,,False,EMEA
006A9000003djqh,Station Park Phase II ICT Wireless Locks,,Uncategorized,PO Received,,False,Canada
006A9000003dk8D,Lake City,,Uncategorized,Closed Won,"NZD 28,032.82",True,United States
006A9000003dl61,Cape Retirement Comm. Project,Residential,Residential,Closed Lost,"NZD 310,772.49",False,United States
006A9000003dmIK,Fox Hill,Residential,Residential,Closed Lost,"NZD 8,631.83",False,United States
006A9000003eSe0,GX Certification,Training,Training,Closed Lost,"NZD 7,147.06",False,United States
006A9000003eU5x,Crowne at Bueno Vista,Multi Family,Multi Family,Closed Lost,"NZD 323,937.65",False,United States
006A9000003eWjO,150 Peel st 04_07_23,Residential,Residential,Closed Lost,"NZD 45,004.75",False,Australia
006A9000003eXRT,Southern Cross Silverdale,Healthcare,Healthcare,Closed Lost,"NZD 10,000.00",False,New Zealand
006A9000003eXVZ,Mountview Apartments,Multi Family,Multi Family,Closed Lost,"NZD 20,000.00",False,New Zealand
006A9000003eXpG,Northbrook Avon Loop Retirement Village,Healthcare,Healthcare,Closed Lost,"NZD 100,000.00",False,New Zealand
006A9000003eqHS,Special quote Rhys,,Uncategorized,Closed Lost,NZD 375.90,False,EMEA
006A9000003etFd,City Gate Boulevard - WX Project,Multi Family,Multi Family,Closed Lost,"NZD 14,095.59",False,Canada
006A9000003f7gf,Michael SE Upgrade 07_07_23,,Uncategorized,Closed Lost,"NZD 2,255.47",False,Australia
006A9000003fCcT,The Sternberg Centre Part 1,,Uncategorized,Closed Lost,"NZD 9,587.81",False,EMEA
006A9000003fJ2j,Durham Region Sec upgrade,,Uncategorized,Closed Lost,"NZD 63,421.67",False,Canada
006A9000003ffdr,Astra Zeneca Project in Indonesia,Commercial,Commercial,Closed Lost,"NZD 10,982.81",False,Asia Pacific
006A9000003fh6X,Eglinton - Building C,Multi Family,Multi Family,Closed Lost,"NZD 38,048.05",False,Canada
006A9000003fhQ7,Keuhne and Nagel,,Uncategorized,Closed Won,"NZD 48,390.14",True,Canada
006A9000003fhQy,Maldon District Council,Government,Government,Closed Lost,"NZD 10,777.33",False,EMEA
006A9000003fi61,New Deal ISD,,Uncategorized,Closed Won,"NZD 114,576.62",True,United States
006A9000003fi8p,PRX-SVRC,,Uncategorized,Closed Won,NZD 147.06,True,United States
006A9000003fiKM,London Islington Council Site 1 - Verex,Government,Government,Closed Won,"NZD 29,410.57",True,EMEA
006A9000003fjpQ,Northamptonshire Police ext. II,,Uncategorized,Closed Lost,"NZD 74,785.68",False,EMEA
006A9000003fk0c,Fabric Apartments Stage 2,Residential,Residential,Closed Lost,"NZD 14,821.80",False,New Zealand
006A9000003fuJc,532 Colorado - 3,,Uncategorized,Closed Lost,"NZD 7,265.47",False,United States
006A9000003g37v,Thomas More College - Adelaide,Education,Education,Closed Won,"NZD 56,624.11",True,Australia
006A9000003g8gw,Southern Cross New Plymouth - Tecom Replacement,,Uncategorized,Closed Won,"NZD 21,910.55",True,New Zealand
006A9000003g8sc,System Communications,,Uncategorized,Closed Won,"NZD 2,096.91",True,United States
006A9000003gNAl,Elevator Access Control for Ascott Apartment in Indonesia,Residential,Residential,Closed Lost,"NZD 4,533.66",False,Asia Pacific
006A9000003gPl4,lowincomehousingsecuritasdean,,Residential,Closed Lost,"NZD 21,379.91",False,Canada
006A9000003gR0J,Protégé X Pricing,Government,Government,Closed Lost,NZD 239.48,False,Canada
006A9000003gd4M,Women's Health Clinic Manchester,Healthcare,Healthcare,Closed Lost,"NZD 21,156.00",False,United States
006A9000003gdSp,Sliac SSF ACS and IDS,,Uncategorized,Closed Lost,"NZD 24,323.66",False,United States
006A9000003gw5g,Mondrian Hotel,Residential,Residential,Closed Lost,"NZD 255,726.57",False,New Zealand
006A9000003h36M,Ukrainian Frequency Control Body,,Uncategorized,Closed Won,"NZD 42,714.43",True,EMEA
006A9000003h8L2,Kiwibank Retail Branches - Protege X,Banking & Finance,Banking & Finance,Closed Lost,"NZD 2,788.02",False,New Zealand
006A9000003hAXy,Protege GX Level 1 Facilitated Course,,Uncategorized,Closed Lost,"NZD 2,443.31",False,Australia
006A9000003hL3y,Qualfon Project (Call Centre) in Philippines (Phase 1) (Hardware),Commercial,Commercial,Closed Won,"NZD 10,278.89",True,Asia Pacific
006A9000003hP2p,Access Control System for Linfox Project in Thailand,,Uncategorized,Closed Lost,,False,Asia Pacific
006A9000003hPMJ,Startek Philippines Migration Project (Makati Office & Pasig Office),Commercial,Commercial,Closed Won,"NZD 26,480.01",True,Asia Pacific
006A9000003hSaQ,University of Cambridge Department of Law,Education,Education,Closed Won,"NZD 38,122.91",True,EMEA
006A9000003hVYx,SE upgrade to GX 20_07_23,,Uncategorized,Closed Lost,"NZD 1,889.20",False,Australia
006A9000003hXOJ,Total Sec_ICT WX System_Gavin,,Uncategorized,Closed Won,"NZD 7,036.35",True,New Zealand
006A9000003hb61,MIT security upgrade 20_07_23,Education,Education,Closed Lost,"NZD 14,442.84",False,Australia
006A9000003hewf,Thomas Creek Brewery,,Hospitality - Food & Beverage,Closed Lost,"NZD 6,200.65",False,United States
006A9000003hkXg,Southern Cross Hospital Rotorua,Healthcare,Healthcare,Closed Won,"NZD 24,946.49",True,New Zealand
006A9000003hrd2,Raglan,Multi Family,Multi Family,Closed Lost,"NZD 48,253.60",False,Canada
006A9000003hsjv,ICT Single Door System with Aiphone Entry,Multi Family,Multi Family,Closed Won,,True,Canada
006A9000003htlC,3 Building WX,,Uncategorized,Closed Lost,"NZD 5,740.06",False,United States
006A9000003htvX,Alma & Broadway,Multi Family,Multi Family,Closed Won,"NZD 111,454.26",True,Canada
006A9000003huQe,Phoenix - Deer Valley,,Uncategorized,Closed Lost,"NZD 590,944.59",False,United States
006A9000003i6JX,Golf Hotel ?à L?t - JW Marriot,Residential,Residential,Closed Lost,,False,Asia Pacific
006A9000003i6L8,D-AQUA 301 PAYDONG (D-AQUA 301 BÌNH ?ÔNG),Commercial,Commercial,Closed Lost,,False,Asia Pacific
006A9000003i6Mr,Pandora Factory in Vietnam,Commercial,Industrial - Manufacturing,Closed Lost,"NZD 154,430.00",False,Asia Pacific
006A9000003i6PQ,WX Access Control System for Intel Factory in Malaysia,Commercial,Industrial - Manufacturing,Closed Lost,"NZD 17,794.12",False,Asia Pacific
006A9000003iASi,Yarra edge Aperio full upgrade estimate 24_07_23,,Uncategorized,Closed Lost,"NZD 283,850.73",False,Australia
006A9000003iMqO,GX Training Denver,Commercial,Commercial,Closed Lost,"NZD 4,096.13",False,United States
006A9000003iNmU,811 islington rev 3 07242023 JF securitas,,Uncategorized,Closed Lost,"NZD 21,903.15",False,Canada
006A9000003iXbf,MIT upgrade Datasync 25_07_23,Education,Education,Closed Lost,"NZD 1,683.61",False,Australia
006A9000003iYra,WX Training Demo,Commercial,Commercial,Closed Lost,"NZD 4,542.17",False,United States
006A9000003iYsk,TriCity Mill - Carleton Place,Multi Family,Multi Family,Closed Won,"NZD 21,466.63",True,Canada
006A9000003iZge,TSL Readers for Wireless Lock Project,Multi Family,Multi Family,Closed Lost,,False,Canada
006A9000003ibgM,NDA Project,Other,Other,Closed Lost,"NZD 386,883.07",False,United States
006A9000003icS5,Rotorua Aquatic Centre,,Uncategorized,Closed Lost,"NZD 15,000.00",False,New Zealand
006A9000003idps,2 Buildings ACS,,Uncategorized,Closed Won,"NZD 5,663.30",True,New Zealand
006A9000003igBi,MIT upgrade SOAP service 26_07_23,Education,Education,Closed Lost,"NZD 2,500.52",False,Australia
006A9000003ipNB,SelmaRouter2321,Commercial,Commercial,Closed Lost,"NZD 1,785.01",False,United States
006A9000003iqvi,The Elmwood,,Uncategorized,Closed Won,"NZD 27,280.85",True,United States
006A9000003j7Qg,Wayne Potter 10 Doors,Commercial,Commercial,Closed Lost,"NZD 7,523.21",False,United States
006A9000003jHeb,4 door demo kit for Office,Training,Training,Closed Lost,"NZD 11,532.49",False,United States
006A9000003jKJt,St Bernadette Catholic Church,Religious,Religious,Closed Lost,"NZD 32,767.76",False,United States
006A9000003jKNZ,Xodus Medical 204 Takeover,Healthcare,Healthcare,Closed Lost,"NZD 8,949.12",False,United States
006A9000003jKQX,Xodus Medical 702 Takeover,Healthcare,Healthcare,Closed Lost,"NZD 11,008.09",False,United States
006A9000003jKUE,Marlstone Chubb RG07282023 rev1,Multi Family,Multi Family,Closed Won,"NZD 179,038.60",True,Canada
006A9000003jdpk,Chubb 31/07/2023,,Uncategorized,Closed Won,"NZD 11,042.72",True,New Zealand
006A9000003jkBg,WX - 6D,,Uncategorized,Closed Lost,"NZD 4,646.98",False,Canada
006A9000003kJSE,Athens Neurological Center,Healthcare,Healthcare,Closed Lost,"NZD 4,655.12",False,United States
006A9000003kY3R,Andy McDowell,,Uncategorized,Closed Lost,"NZD 4,906.74",False,EMEA
006A9000003kcgM,Uwharrie Charter Academy.,Education,Education,Closed Lost,"NZD 7,256.82",False,United States
006A9000003kjSf,Campus and Co,,Uncategorized,Closed Lost,"NZD 11,477.78",False,Australia
006A9000003kqxc,Eaton Community Schools,Education,Education,Closed Lost,"NZD 50,588.47",False,United States
006A9000003ks7l,WX to replace Prima System,,Uncategorized,Closed Lost,"NZD 1,966.41",False,United States
006A9000003ks9H,"Clubhouse, Tennis Courts, Gate access- St. Andrews",Multi Family,Multi Family,Closed Lost,"NZD 57,038.03",False,United States
006A9000003ksMW,Alma & Broadway - Two Sample Locks - Denali in Flat Black,Multi Family,Multi Family,Closed Won,,True,Canada
006A9000003kvf1,Self Storage 3 levels,Commercial,Commercial,Closed Won,,True,New Zealand
006A9000003kwRr,NZ Post Christchurch Distribution centre,Critical Infrastructure,Critical Infrastructure,Closed Won,"NZD 20,000.00",True,New Zealand
006A9000003lRiS,590 Camberwell 07_08_23,,Uncategorized,Closed Won,"NZD 30,642.32",True,Australia
006A9000003lWf3,Temple ll,,Religious,Closed Won,"NZD 11,688.71",True,United States
006A9000003lmhM,WX system + Inovonics Project,,Uncategorized,Closed Won,"NZD 5,583.96",True,Australia
006A9000003m04O,1 unlimited license,Commercial,Commercial,Closed Lost,"NZD 10,652.65",False,United States
006A9000003m3JD,WX Expansion Project,Education,Education,Closed Lost,"NZD 41,471.91",False,Australia
006A9000003m8KT,Self-Paced Online GX Installer (Level 1) Training,Commercial,Commercial,Closed Lost,,False,Asia Pacific
006A9000003mAGw,Seaside Retreat Condominium Association,Residential,Residential,Closed Lost,"NZD 2,344.71",False,United States
006A9000003mAsQ,Southwest Research Institute,,Uncategorized,Closed Lost,"NZD 37,371.18",False,United States
006A9000003mB4l,One Church,Multi Family,Multi Family,Closed Lost,"NZD 62,410.85",False,Canada
006A9000003mB9R,Lochner Apartments - WX,Multi Family,Multi Family,Closed Lost,"NZD 38,198.09",False,United States
006A9000003mCdI,Brew BQ,Commercial,Commercial,Closed Lost,"NZD 3,772.41",False,United States
006A9000003mCgJ,42 Door Project,,Uncategorized,Closed Won,"NZD 60,196.56",True,Canada
006A9000003mig9,Seaton LTC,Healthcare,Healthcare,Closed Lost,"NZD 198,535.95",False,Canada
006A9000003mkAR,Josh of Rocky Mtn Electric,Commercial,Commercial,Closed Lost,"NZD 127,391.03",False,United States
006A9000003mkOK,North Cowichan Sportsplex,Other,Other,Closed Lost,"NZD 5,634.20",False,Canada
006A9000003mkqj,Glasshouse Transmitters,Retail,Retail,Closed Lost,"NZD 6,044.12",False,United States
006A9000003mm5F,ASGL WX Tender,,Uncategorized,Closed Won,"NZD 5,349.39",True,New Zealand
006A9000003mpM7,1 door setup ECU,Healthcare,Healthcare,Closed Lost,"NZD 1,915.59",False,United States
006A9000003mpQc,ECU 3 Door Setup,Healthcare,Healthcare,Closed Lost,"NZD 3,375.44",False,United States
006A9000003muxa,MC3,,Uncategorized,Closed Won,"NZD 22,567.92",True,Canada
006A9000003mx9R,Neal Cards,Residential,Residential,Closed Lost,"NZD 1,092.50",False,United States
006A9000003n0zC,Startup Proposal for Cloud Access Control Solution Based on ProtegeGX System,Commercial,Commercial,Closed Lost,,False,Asia Pacific
006A9000003n2o5,Red Shed Canberra Charity Project,,Uncategorized,Closed Won,"NZD 12,231.57",True,Australia
006A9000003nXht,Leighland Ulverstone and Burnie Campuses WX Hardware 21_08_23,Education,Education,Closed Lost,"NZD 37,113.92",False,Australia
006A9000003nYJt,Chubb Cambridge - University of Cambridge - Chemistry Department -98 readers,Education,Education,Closed Won,"NZD 33,282.76",True,EMEA
006A9000003nbOx,Hinninger Legacy Homes,Residential,Residential,Proposal,"NZD 112,092.97",False,United States
006A9000003nphl,Northbrook Wanaka,Healthcare,Healthcare,Closed Lost,"NZD 77,679.38",False,New Zealand
006A9000003nwGt,Northbrook Launch Bay Hobsonville,Healthcare,Healthcare,Closed Lost,"NZD 100,000.00",False,New Zealand
006A9000003nwXx,Student accommodation 42-44 Wellington 21_08_23,,Uncategorized,Closed Lost,"NZD 153,947.43",False,Australia
006A9000003nx0e,Leighland Ulverstone and Burnie Campuses X Subscription 21_08_23,Education,Education,Closed Lost,NZD 40.26,False,Australia
006A9000003nyTg,Project Tender - Istana Presiden IKN in Indonesia,Residential,Residential,Closed Won,"NZD 29,070.40",True,Asia Pacific
006A9000003nyX8,Project Tender - Kemenko 1 in Indonesia,Residential,Residential,Closed Won,,True,Asia Pacific
006A9000003nyln,Project Tender - Apartemen Antasari in Indonesia,Residential,Residential,Closed Won,,True,Asia Pacific
006A9000003nynU,WX quote 21_08_23,,Uncategorized,Closed Lost,"NZD 6,533.87",False,Australia
006A9000003o3ly,Leiters Dortronics Interlock Replacement,Residential,Residential,Closed Won,"NZD 9,492.88",True,United States
006A9000003o8st,Wynnscloud users 22_08_23,,Uncategorized,Closed Lost,"NZD 2,985.04",False,Australia
006A9000003oO13,CPA ACS,,Uncategorized,Closed Lost,"NZD 84,754.13",False,EMEA
006A9000003oUss,PJSC Ukrenergo,Heavy Industry,Heavy Industry,Closed Won,"NZD 65,817.04",True,EMEA
006A9000003oUvD,PCA Knoxville,,Uncategorized,Closed Lost,"NZD 9,590.12",False,United States
006A9000003oViH,GX Certification,Training,Training,Closed Lost,"NZD 7,147.06",False,United States
006A9000003oYfV,Bismarck Housing Authority,Government,Government,Closed Lost,"NZD 140,162.06",False,United States
006A9000003oiwO,GX Certification,Training,Training,Closed Won,"NZD 6,116.58",True,Canada
006A9000003okWq,Imagine School,Education,Education,Closed Won,"NZD 5,100.00",True,United States
006A9000003oq60,Trinity Canberra Update & Relocation - Cabling Wireless - 25Aug2023,Education,Education,Closed Lost,"NZD 19,300.49",False,Australia
006A9000003oqkY,Training GX level 1 and 2 25_08_23,Training,Training,Closed Lost,"NZD 5,130.94",False,Australia
006A9000003oy3Z,PCA Altronix Controller,,Uncategorized,Closed Lost,"NZD 3,738.53",False,United States
006A9000003oz5j,TSL Readers,,Uncategorized,Closed Lost,,False,Canada
006A9000003pJ76,Northbrook Wanaka Caldwell Levesque,,Uncategorized,Closed Lost,"NZD 34,781.55",False,New Zealand
006A9000003pJSJ,Alcohol Tester - Protégé GX Integration,Heavy Industry,Heavy Industry,Closed Won,,True,Australia
006A9000003pOYW,50 Franklin Street,,Uncategorized,Closed Lost,"NZD 65,147.53",False,Australia
006A9000003pSux,Elevator,Multi Family,Multi Family,Closed Won,"NZD 12,122.21",True,United States
006A9000003pTBd,Grant Quote,Commercial,Commercial,Closed Lost,"NZD 3,537.94",False,United States
006A9000003pVBB,North Ridge Apartments,Multi Family,Multi Family,Closed Lost,"NZD 35,007.71",False,United States
006A9000003pVFN,Chippewa Terrace Apartments,Multi Family,Multi Family,Closed Lost,"NZD 61,420.59",False,United States
006A9000003phtA,2 GX Controllers for Imagine School,Education,Education,Closed Won,"NZD 5,404.26",True,United States
006A9000003piqq,EGP Workforce Lodge 148 Door GX Project,Heavy Industry,Heavy Industry,Closed Lost,"NZD 232,637.38",False,Canada
006A9000003pnHs,ProtegeGX System for a Bank Project with 109 Branches in Thailand,Banking & Finance,Banking & Finance,Closed Lost,"NZD 115,618.18",False,Asia Pacific
006A9000003ptMj,258 Collins St Hartford 9DR WX,Residential,Residential,Closed Lost,"NZD 10,702.41",False,United States
006A9000003pu7w,The Marek at Highlands Main Building,,Uncategorized,Closed Lost,,False,United States
006A9000003puzK,The Marek at Highlands Main Building,,Uncategorized,Closed Lost,,False,United States
006A9000003pvSC,ProtegeGX Certification,Training,Training,Decision,"NZD 6,671.55",False,Canada
006A9000003pvT2,RW Communications Warehouse GX,Commercial,Industrial - Logistics,Closed Won,"NZD 9,727.41",True,United States
006A9000003q1h9,Tender for Mansfield Road Project,Residential,Residential,Closed Lost,"NZD 14,705.88",False,Asia Pacific
006A9000003q6x5,CHKD 2nd Floor Electrical Room,Commercial,Commercial,Closed Lost,"NZD 2,799.79",False,United States
006A9000003q6yE,CHKD 7th Floor Electrical Rooms,Commercial,Commercial,Closed Lost,"NZD 1,599.88",False,United States
006A9000003q6zG,CHKD 3rd Floor Electrical Rooms,Commercial,Commercial,Closed Lost,"NZD 4,399.68",False,United States
006A9000003q7M0,CHKD 8th Floor Electrical Rooms,Commercial,Commercial,Closed Lost,"NZD 1,599.88",False,United States
006A9000003q7np,PRT-ENTR-17-FMT  Intercom Replacement,,Uncategorized,Closed Won,"NZD 5,644.41",True,United States
006A9000003qPzU,Bonnell HQ,,Uncategorized,Closed Won,"NZD 8,126.30",True,United States
006A9000003qqcy,Control Systems GX School Project,Education,Education,Closed Won,"NZD 16,385.85",True,New Zealand
006A9000003qs5Y,Vault Proposal,,Uncategorized,Closed Lost,"NZD 12,943.27",False,New Zealand
006A9000003qtKC,ML&A Tecom Upgrade,,Uncategorized,Closed Lost,"NZD 4,468.70",False,New Zealand
006A9000003qx4e,Parliamentary Services - 2023 New Electorate Offices,Government,Government,Closed Lost,NZD 637.37,False,New Zealand
006A9000003rAHg,Student Accommodation 42-44 Wellington St SALTO 05_09_23,Residential,Residential,Closed Lost,"NZD 122,897.68",False,Australia
006A9000003rJjl,Moda Motorized Deadbolt,Multi Family,Multi Family,Closed Won,"NZD 39,244.19",True,Canada
006A9000003rLHT,WX 2D EXTRA,,Uncategorized,Closed Won,"NZD 2,677.41",True,United States
006A9000003rLIF,Williams Tower,Commercial,Commercial,Closed Won,"NZD 29,793.61",True,Canada
006A9000003rMcA,The Colosseum Building,,Uncategorized,Closed Lost,"NZD 41,357.35",False,United States
006A9000003rWkV,Williams Tower Smart Locks,Multi Family,Multi Family,Closed Lost,"NZD 122,074.53",False,Canada
006A9000003rX6I,Dorset Council 500 cards,Government,Government,Closed Won,"NZD 2,170.00",True,EMEA
006A9000003rXqa,Harborvest - 1 Lincoln,,Uncategorized,Closed Lost,"NZD 109,923.09",False,United States
006A9000003raNT,Protégé X Pricing Schedule,,Uncategorized,Closed Lost,NZD 66.21,False,Australia
006A9000003rb0a,Unico,,Uncategorized,Closed Lost,"NZD 34,401.71",False,United States
006A9000003re2K,DFS Queens Wharf old build VARI,Transportation,Transportation,Closed Lost,"NZD 5,976.44",False,Australia
006A9000003rn3v,UBT Levin,,Uncategorized,Closed Lost,NZD 871.63,False,New Zealand
006A9000003rn4e,UBT Whanganui,,Uncategorized,Closed Lost,NZD 871.63,False,New Zealand
006A9000003rn5S,UBT Palmerston North Milson St,,Uncategorized,Closed Lost,"NZD 2,338.10",False,New Zealand
006A9000003rnBH,UBT GX Head End,,Uncategorized,Closed Lost,"NZD 9,261.61",False,New Zealand
006A9000003rnCi,UBT Palmerston North,,Uncategorized,Closed Lost,"NZD 27,310.60",False,New Zealand
006A9000003rnM9,UBT SOP,,Uncategorized,Closed Lost,"NZD 35,946.82",False,New Zealand
006A9000003rnP3,UBT Auckland,,Uncategorized,Closed Lost,"NZD 1,992.00",False,New Zealand
006A9000003ro4x,Ballarat training center 08_09_23,Aviation,Aviation,Closed Lost,"NZD 6,068.19",False,Australia
006A9000003rxC2,Chubb Blackburn -JD Williams HO Manchester upgrade,Commercial,Commercial,Closed Lost,"NZD 6,575.73",False,EMEA
006A9000003sS1l,Barber Agency,Commercial,Commercial,Closed Lost,"NZD 1,920.29",False,United States
006A9000003sTDy,Orams Marine,,Uncategorized,Closed Lost,"NZD 10,000.00",False,New Zealand
006A9000003sVlL,St kilda WX12_09_23,Residential,Residential,Closed Lost,"NZD 35,263.13",False,Australia
006A9000003sWrq,St Kilda GX 12_09_23,,Uncategorized,Closed Lost,"NZD 41,127.79",False,Australia
006A9000003sXgb,GX Training and Hardware 12_09_23,Training,Training,Closed Lost,"NZD 4,122.31",False,Australia
006A9000003sY8O,THE LOOP CONDOTEL - Low Level Elevator Access Control,Commercial,Residential - Multi-Family,Closed Won,"NZD 4,599.59",True,Asia Pacific
006A9000003sYBB,APPLE ONE PROPERTIES - Low Level Elevator Access Control,Commercial,Commercial,Closed Lost,"NZD 5,983.77",False,Asia Pacific
006A9000003sYJc,LUZON ALLIANCE MEDICAL CENTER - Door Access Control,Commercial,Healthcare - Hospitals,Closed Lost,"NZD 12,644.10",False,Asia Pacific
006A9000003sYY9,THE HIGHLINE - Low Level Elevator Access Control + Door Monitoring,Commercial,Commercial,Closed Won,"NZD 8,604.41",True,Asia Pacific
006A9000003sYZH,MARQUEE MEDICAL DOCTOR HOSPITAL - Door Access Control,Commercial,Healthcare - Hospitals,Closed Lost,"NZD 12,592.00",False,Asia Pacific
006A9000003sYfb,IVORY RESIDENCES - Gate Access Control,Residential,Residential,Closed Lost,"NZD 2,898.37",False,Asia Pacific
006A9000003seLz,Quote For PRT-GX-SRVR,Commercial,Commercial,Closed Lost,"NZD 2,407.21",False,United States
006A9000003sfJ4,4D Addition Kit 9.12.24,,Uncategorized,Closed Lost,"NZD 7,887.19",False,United States
006A9000003skmD,PSN,,Uncategorized,Closed Lost,"NZD 6,287.55",False,New Zealand
006A9000003szWL,Mulitple WX Sites - Protege X quote for indicative pricing,,Uncategorized,Closed Lost,NZD 66.21,False,Australia
006A9000003szkN,ICT Protégé X Pricing Schedule,,Uncategorized,Closed Lost,NZD 66.21,False,Australia
006A9000003t0MN,Woolworths - Asset Security Concepts - Upgrade Project,Retail,Retail,Closed Lost,"NZD 1,052,631.58",False,Australia
006A9000003t0pZ,Service NSW - Protégé GX - ARA Security/ECS - Final Rollout 2025 FY,Commercial,Commercial,Closed Lost,"NZD 322,580.65",False,Australia
006A9000003tD0C,Cards Site code 20012,Commercial,Commercial,Closed Lost,"NZD 6,352.94",False,United States
006A9000003tEhv,Kahui St Davids,,Uncategorized,Closed Lost,"NZD 12,767.13",False,New Zealand
006A9000003tEq5,Building and Grounds Adds: 5 Doors,,Uncategorized,Closed Won,"NZD 3,352.50",True,United States
006A9000003tEqK,Cedar Knox - Revised,Commercial,Commercial,Closed Won,"NZD 6,940.46",True,United States
006A9000003tF78,Holy Family Quote,Religious,Religious,Closed Lost,"NZD 38,410.41",False,United States
006A9000003tNBs,Additional Suprema Boi Reader for PTT Project,Critical Infrastructure,Critical Infrastructure,Proposal,"NZD 1,023.87",False,Asia Pacific
006A9000003tPcA,Washington NJ Dispensary,Retail,Retail,Closed Lost,"NZD 4,282.06",False,United States
006A9000003tQLn,9500 oldin rd,Multi Family,Multi Family,Closed Lost,,False,Canada
006A9000003tjvV,64 Victor 18_09_23,Commercial,Commercial,Closed Lost,"NZD 27,983.24",False,Australia
006A9000003tk7L,64 Victor X upgrade 18_09_23,,Uncategorized,Closed Lost,"NZD 1,150.53",False,Australia
006A9000003tkGQ,Westpac TS70,Banking & Finance,Banking & Finance,Closed Lost,,False,New Zealand
006A9000003trkE,AC Leef,Retail,Retail,Closed Lost,"NZD 10,390.91",False,United States
006A9000003trra,Lineage Merchant Partners,Retail,Retail,Closed Lost,"NZD 12,159.28",False,United States
006A9000003tutW,Pressblock Deadbolt,Multi Family,Multi Family,Closed Lost,"NZD 854,651.16",False,Canada
006A9000003tvID,Pacific Reach,Residential,Residential,Closed Lost,"NZD 187,006.17",False,Canada
006A9000003twJX,Access package 19_09_23,,Uncategorized,Closed Lost,"NZD 1,591.10",False,Australia
006A9000003twMQ,Package 1 19_09_23,,Uncategorized,Closed Lost,"NZD 1,484.37",False,Australia
006A9000003u5Jg,5555 Almond Street,,Uncategorized,Closed Lost,NZD 406.98,False,Canada
006A9000003u7Ic,Sobeys CFC4 Gunnebo AF 09162023,,Uncategorized,Closed Won,"NZD 80,337.29",True,Canada
006A9000003u7aq,Universit,Education,Education,Closed Lost,"NZD 56,137.76",False,United States
006A9000003u80A,Capital Security - Pete Transfer,Transportation,Transportation,Closed Lost,"NZD 24,620.12",False,United States
006A9000003uBKf,SanMar,Commercial,Commercial,Closed Lost,"NZD 16,096.59",False,United States
006A9000003uBSx,Kaitake Club,,Uncategorized,Closed Won,"NZD 2,246.91",True,New Zealand
006A9000003uEuL,Protege X Test Quote,,Uncategorized,Closed Won,NZD 101.68,True,Australia
006A9000003uGOj,Dartmouth Tower,,Uncategorized,Closed Lost,NZD 695.03,False,Canada
006A9000003uIxe,Noria WX,Retail,Retail,Closed Lost,"NZD 5,222.82",False,United States
006A9000003uVR2,Gx Training,Training,Training,Closed Won,"NZD 7,147.06",True,United States
006A9000003uVoY,Q23-1354 4GCs-Sarnia_Supportive_Housing_Native_Friendship_Center,Multi Family,Multi Family,Closed Lost,"NZD 46,203.61",False,Canada
006A9000003uZY6,Commonwealth Vault Collins street 25_09_23,Banking & Finance,Banking & Finance,Closed Lost,"NZD 9,506.17",False,Australia
006A9000003ucEb,King Living WX,,Uncategorized,Closed Lost,"NZD 4,344.21",False,Australia
006A9000003ujpp,Acoma Project,Multi Family,Multi Family,Procurement,"NZD 76,734.44",False,United States
006A9000003v3BX,WX 7 floor building BT 25_09_23,Residential,Residential,Closed Lost,"NZD 15,073.26",False,Australia
006A9000003v3DO,WX 7 floor building non BT 25_09_23,Residential,Residential,Closed Lost,"NZD 13,628.67",False,Australia
006A9000003v7w5,ICT Training/Demo Kit and Tech Training Course,Commercial,Commercial,Closed Lost,"NZD 2,082.94",False,Asia Pacific
006A9000003vA7C,Chubb Protege X sept  2023,,Uncategorized,Closed Lost,,False,Canada
006A9000003vAAb,GX license and SOAP,,Uncategorized,Closed Lost,"NZD 7,291.54",False,United States
006A9000003vBnO,Church Samy,Religious,Religious,Closed Lost,"NZD 9,112.04",False,United States
006A9000003vC5W,GX Training Denver,Training,Training,Closed Won,"NZD 7,147.06",True,United States
006A9000003vCNm,Cornerstone Bank,Banking & Finance,Banking & Finance,Closed Won,"NZD 3,361.75",True,United States
006A9000003vCVl,Parts Quote Cesar,Commercial,Commercial,Closed Lost,"NZD 1,885.59",False,United States
006A9000003vCly,Cesar Parts Quote 2,Commercial,Commercial,Closed Lost,"NZD 6,377.12",False,United States
006A9000003vD04,MF Credentials,Multi Family,Multi Family,Closed Won,"NZD 4,866.28",True,Canada
006A9000003vQxd,Paramore  Pool House,Residential,Residential,Closed Lost,"NZD 17,929.71",False,United States
006A9000003vTpS,Cerenity Humboldt - Phase 1,,Uncategorized,Closed Won,"NZD 6,918.18",True,United States
006A9000003vTqv,GX Certification for 2 technicians,Training,Training,Closed Lost,"NZD 7,147.06",False,United States
006A9000003vULp,TMR North Quay,,Uncategorized,Closed Won,"NZD 4,127.81",True,Australia
006A9000003vUPb,NDA,Other,Other,Closed Lost,"NZD 2,362.50",False,United States
006A9000003vV7x,TMR North Quay Tunnel,,Uncategorized,Closed Lost,"NZD 20,918.04",False,Australia
006A9000003vZ2o,Peninsula Grammar Locker Locks 27_09_23,Education,Education,Closed Lost,"NZD 66,384.48",False,Australia
006A9000003vbIt,39 Hassall st Parramatta,Government,Government,Closed Lost,"NZD 70,926.49",False,Australia
006A9000003vipe,Public Service Association - Main office,Commercial,Commercial,Closed Lost,"NZD 17,834.96",False,New Zealand
006A9000003vjJs,NDA - ICT Wireless Mortise,Other,Other,Proposal,"NZD 62,752.75",False,United States
006A9000003vkA6,First Mode Northbridge,,Uncategorized,Closed Lost,"NZD 23,320.34",False,Australia
006A9000003vkJ8,Protege X - Community Centres East Auckland,,Uncategorized,Closed Lost,,False,New Zealand
006A9000003vkLJ,Marsden Cove,Commercial,Commercial,Closed Lost,,False,New Zealand
006A9000003vn24,Tender for Singapore Cruise Centre Pte Ltd - TANAH MERAH FERRY TERMINAL (TMFT) AND HABOURFRONT TERMINAL (HFC),Commercial,Critical Infrastructure - Transportation,Closed Lost,"NZD 54,796.00",False,Asia Pacific
006A9000003vtPD,Hertford County Schools Building 1,Education,Education,Closed Lost,"NZD 5,501.62",False,United States
006A9000003vtaZ,Hertford County Schools Building 2,Education,Education,Closed Lost,"NZD 1,821.91",False,United States
006A9000003vtrB,Parksville 96,Multi Family,Multi Family,Closed Lost,"NZD 95,368.09",False,Canada
006A9000003vvfZ,C.S Brown School Building 1,Education,Education,Closed Lost,"NZD 2,003.38",False,United States
006A9000003vvjD,Hertford County Schools Building 3,Education,Education,Closed Lost,"NZD 2,003.38",False,United States
006A9000003vvlT,Hertford County Schools Building 4,Education,Education,Closed Lost,"NZD 3,094.41",False,United States
006A9000003vvmo,Four (4) Door Commercial Project,Commercial,Commercial,Closed Lost,"NZD 1,884.73",False,Canada
006A9000003vvoD,Hertford County Schools Building 5,Education,Education,Closed Lost,NZD 73.53,False,United States
006A9000003vvqy,Greeley Apartment,Multi Family,Multi Family,Closed Lost,"NZD 19,049.82",False,United States
006A9000003vvse,C.S Brown School Building 2,Education,Education,Closed Lost,"NZD 1,821.91",False,United States
006A9000003vvtq,Hertford County Schools Building 5,Education,Education,Closed Lost,"NZD 1,821.91",False,United States
006A9000003vxa4,Gulf Harbour Marina Village Complex,,Uncategorized,Closed Lost,"NZD 20,964.02",False,New Zealand
006A9000003vyOL,AC MJ Store,Retail,Retail,Closed Lost,"NZD 8,293.06",False,United States
006A9000003wTNB,GX 11 Doors,,Uncategorized,Closed Lost,"NZD 13,082.89",False,New Zealand
006A9000003wYZ8,WX Quote 2/10/23,,Uncategorized,Closed Won,"NZD 1,487.52",True,New Zealand
006A9000003wngR,Viridor Time & Attendance Quotation,,Uncategorized,Closed Lost,"NZD 32,259.16",False,EMEA
006A9000003woHW,Parkside HOA Access Control,,Uncategorized,Closed Won,"NZD 4,569.56",True,United States
006A9000003ws1p,Henry,,Uncategorized,Closed Won,"NZD 2,581.06",True,United States
006A9000003wwfS,CW Albert street Preston 03_10_23,Retail,Retail,Closed Lost,"NZD 23,556.63",False,Australia
006A9000003x0RY,"Axiata Buliding in Bandung, Indonesia",,Uncategorized,Closed Lost,"NZD 14,705.88",False,Asia Pacific
006A9000003x13L,A09 - Ministry of Public Security Project in Vietnam,Government,Government,Closed Won,"NZD 33,347.87",True,Asia Pacific
006A9000003x3SP,MJ10032023,,Uncategorized,Closed Won,"NZD 51,928.57",True,Canada
006A9000003x5SP,Pittsburgh Location Bluetooth Readers,Retail,Retail,Closed Won,"NZD 3,046.76",True,United States
006A9000003x5TQ,The Landings at Gateway,,Uncategorized,Closed Lost,"NZD 141,296.12",False,United States
006A9000003x5rD,Broadway & Granville (PCI) - Base Building,,Uncategorized,Closed Won,"NZD 75,574.79",True,Canada
006A9000003x6Lu,Weld County Quote,,Uncategorized,Closed Won,"NZD 2,897.34",True,United States
006A9000003xA8w,Hosted GX server customer migration 04_10_23,,Uncategorized,Closed Lost,"NZD 151,626.95",False,Australia
006A9000003xBRd,"1-3 Prowse street, Brunswick 04_10_23",,Uncategorized,Closed Lost,"NZD 8,113.22",False,Australia
006A9000003xGoj,HWIL Laboratorium Polska Stage 1,,Uncategorized,Closed Won,"NZD 72,818.71",True,EMEA
006A9000003xHEj,Autostrada TCV,,Uncategorized,Closed Won,"NZD 46,174.61",True,EMEA
006A9000003xHSr,"Sad Okregowy, Katowice",,Uncategorized,Closed Won,"NZD 163,900.67",True,EMEA
006A9000003xJtY,6 Door WX DVL KIT,,Uncategorized,Closed Lost,"NZD 7,218.12",False,United States
006A9000003xKjj,Protege 'X' 8 Doors 05_10_23,Healthcare,Healthcare,Closed Lost,"NZD 6,381.40",False,Australia
006A9000003xM5Q,Lakendry unit development 05_10_23,Residential,Residential,Closed Lost,"NZD 9,763.32",False,Australia
006A9000003xQ2L,Steamatic Bendigo 05_10_23,,Uncategorized,Closed Lost,"NZD 2,211.73",False,Australia
006A9000003xTe1,Greene County Schools New 1-5,Education,Education,Closed Lost,"NZD 54,996.53",False,United States
006A9000003xU3G,St. Clair School Board,Education,Education,Closed Lost,,False,Canada
006A9000003xUHL,RST SecuritasICT BW10052023wx,Commercial,Commercial,Closed Lost,"NZD 11,823.97",False,Canada
006A9000003xUNv,RST SecuritasICT BW10052023 GX,Commercial,Commercial,Closed Lost,"NZD 16,092.86",False,Canada
006A9000003xUZA,MS Project,,Uncategorized,Closed Lost,"NZD 45,400.56",False,Canada
006A9000003xUZC,"Local Onsite GX Training in Bloomington, MN",Training,Training,Closed Won,"NZD 15,068.85",True,United States
006A9000003xXHa,WX Chemicals Logistics Tauranga,Transportation,Transportation,Closed Won,"NZD 5,000.00",True,New Zealand
006A9000003xXbw,WX Chemicals Logistics New Plymouth,Transportation,Transportation,Closed Won,"NZD 5,000.00",True,New Zealand
006A9000003xXc6,WX Chemicals Logistics Napier,Transportation,Transportation,Closed Won,"NZD 5,000.00",True,New Zealand
006A9000003xYMb,Heysen Gallery,,Uncategorized,Closed Lost,"NZD 10,917.53",False,Australia
006A9000003xZRR,Intrusion Detection System for AYA Bank (Multi Branches) Customer in Myanmar,Banking & Finance,Banking & Finance,Closed Lost,"NZD 21,885.36",False,Asia Pacific
006A9000003xZls,BSB credentials,,Uncategorized,Closed Won,"NZD 4,926.47",True,United States
006A9000003xi2P,Compañía Nacional de Fuerza y Luz S.A.,Heavy Industry,Heavy Industry,Closed Won,"NZD 17,206.35",True,United States
006A9000003y4aH,Hyatt Regency Ha Long Hotel in Vietnam,Residential,Residential,Closed Lost,"NZD 97,251.27",False,Asia Pacific
006A9000003y7L0,Level 2 GX Training,Training,Training,Closed Lost,"NZD 1,706.72",False,United States
006A9000003y89k,Sankofa schools,Education,Education,Closed Lost,"NZD 7,962.00",False,United States
006A9000003y8eU,Sitter & Rarfoot Retirement Home,Healthcare,Healthcare,Closed Lost,,False,United States
006A9000003y8nu,Sitter & Rarfoot Retirement Home,Healthcare,Healthcare,Closed Lost,"NZD 56,014.06",False,United States
006A9000003y9aW,Radix Nutrition Expansion,Commercial,Commercial,Closed Lost,"NZD 20,000.00",False,New Zealand
006A9000003y9zX,World Courier Mangere,Transportation,Transportation,Closed Won,"NZD 5,802.33",True,New Zealand
006A9000003yFJI,ICT Training/Demo Kit and Web-based Certified Tech Training Course,Training,Training,Closed Won,"NZD 1,705.92",True,Asia Pacific
006A9000003yKGB,GX Training,Training,Training,Closed Lost,"NZD 6,617.65",False,United States
006A9000003yKhq,Climatec Quote 10.10.23,,Uncategorized,Closed Lost,"NZD 154,164.18",False,United States
006A9000003yLwh,NCS,,Uncategorized,Closed Lost,"NZD 6,257.38",False,United States
006A9000003yN3P,Capital Security - Zimbrick Auto Campus,,Uncategorized,Closed Lost,"NZD 58,248.94",False,United States
006A9000003yNTc,KBI Hamlin Rd,,Uncategorized,Closed Lost,"NZD 1,330.93",False,United States
006A9000003yOK2,South Yarra PX 11_10_23,,Uncategorized,Closed Lost,"NZD 10,120.56",False,Australia
006A9000003yOhl,Aperio WX pack,Commercial,Commercial,Closed Lost,"NZD 11,054.45",False,Australia
006A9000003yP2Z,East Melbourne 11_10_23,,Uncategorized,Closed Lost,"NZD 3,952.34",False,Australia
006A9000003ySn4,Mills Oakley Building,,Uncategorized,Closed Lost,"NZD 1,695.67",False,Australia
006A9000003yV0M,"Access Control Upgrade Project for 2, 6, 8 Kennedy Road in Hong Kong",Residential,Residential,Proposal,"NZD 23,105.44",False,Asia Pacific
006A9000003yVcX,Project Tender for NGUYEN KIM COMPLEX BUILDING CENTER in Vietnam,Commercial,Commercial,Closed Lost,"NZD 17,995.41",False,Asia Pacific
006A9000003yX5B,250 Lawrence,Multi Family,Multi Family,Closed Lost,"NZD 29,120.69",False,Canada
006A9000003yZiK,ICT X Cloud System Quote,,Uncategorized,Closed Lost,"NZD 5,094.00",False,United States
006A9000003ybD7,Coeval Apartments,Multi Family,Multi Family,Closed Lost,"NZD 24,188.56",False,United States
006A9000003yeeI,GX Training,Training,Training,Closed Lost,"NZD 9,311.49",False,Australia
006A9000003yepF,SACFD Migration Quote,,Uncategorized,Closed Won,"NZD 38,907.00",True,United States
006A9000003yfDM,Wodonga Youth Project - Wodonga TAFE 12_10_23,Education,Education,Closed Lost,"NZD 30,342.58",False,Australia
006A9000003yiy9,Card Reader Sample,,Uncategorized,Closed Lost,NZD 611.19,False,Australia
006A9000003ylIr,"Football stadium, Fortuna G?ogówek",Gaming,Gaming,Closed Lost,"NZD 31,031.92",False,EMEA
006A9000003ylKF,Park Botewa,,Uncategorized,Closed Lost,"NZD 1,937.89",False,EMEA
006A9000003ymUG,ICT Galaxy Flip,,Uncategorized,Closed Won,"NZD 14,890.63",True,United States
006A9000003ymoJ,80 Door Commercial Project,Commercial,Commercial,Proposal,"NZD 133,044.29",False,Canada
006A9000003yntN,Leiters Cards,,Uncategorized,Closed Won,"NZD 4,698.53",True,United States
006A9000003yspS,Card Reader Sample,,Uncategorized,Closed Lost,NZD 611.19,False,Australia
006A9000003yut4,Sunshine Apts 13_10_23,Multi Family,Multi Family,Closed Lost,"NZD 4,816.97",False,Australia
006A9000003z3tt,Milestone Wellness Facility,Healthcare,Healthcare,Closed Lost,"NZD 14,167.94",False,United States
006A9000003z6uo,Farm Credit Services of America,Banking & Finance,Banking & Finance,Closed Lost,"NZD 572,382.00",False,United States
006A9000003zUcX,Church and Monastery,Religious,Religious,Closed Lost,"NZD 25,583.69",False,Australia
006A9000003zhFl,Lewis Farms Facility and Park,Healthcare,Healthcare,Closed Lost,"NZD 212,538.84",False,Canada
006A9000003ziTK,Climatec Quote 10.16.23,,Uncategorized,Closed Lost,"NZD 251,699.90",False,United States
006A9000003zjWf,APlus FCU,,Uncategorized,Closed Won,"NZD 76,990.46",True,United States
006A9000003zk6D,17 Door WX Project,Retail,Retail,Closed Lost,"NZD 16,969.06",False,Canada
006A9000003zkCA,WX Training Kit,Training,Training,Closed Lost,"NZD 2,900.66",False,Australia
006A9000003zmiJ,The Crest - Broadbeach - Gold Coast,Multi Family,Multi Family,Closed Lost,"NZD 83,038.19",False,Australia
006A9000003zpGU,One door kit WX 17_10_23,,Uncategorized,Closed Lost,"NZD 1,285.68",False,Australia
006A9000003zpdP,Luas Quote,Transportation,Transportation,Closed Lost,"NZD 114,149.63",False,EMEA
006A9000003zwvS,Marshall Homes,Residential,Residential,Closed Lost,"NZD 32,990.62",False,United States
006A900000409ZK,DVO Kantach Competition,,Uncategorized,Closed Lost,"NZD 13,470.43",False,United States
006A90000040AXL,Ba?tyckie Centrum Biurowe etap 3,,Uncategorized,Closed Lost,"NZD 26,295.90",False,EMEA
006A90000040Avj,GPROX II,,Uncategorized,Closed Won,NZD 6.62,True,United States
006A90000040B3H,Two-Door Nashville,Commercial,Commercial,Closed Lost,"NZD 4,611.18",False,United States
006A90000040BEZ,TTM Technologies,,Uncategorized,Closed Won,"NZD 3,924.79",True,United States
006A90000040DB5,51 Lower Simcoe - GX,,Uncategorized,Closed Lost,"NZD 9,595.75",False,Canada
006A90000040DG9,51 Lower Simcoe - WX,,Uncategorized,Closed Lost,"NZD 12,572.58",False,Canada
006A90000040DS2,51 Lower Simcoe - Add On,,Uncategorized,Closed Lost,"NZD 1,022.30",False,Canada
006A90000040E9f,APCU,Banking & Finance,Banking & Finance,Closed Won,"NZD 125,135.54",True,United States
006A90000040HLP,Project Tender for FourSeasons Hotel in Hanoi,Commercial,Hospitality - Hotels,Closed Lost,"NZD 124,976.88",False,Asia Pacific
006A90000040Meu,George Town Council Add Licenses,Government,Government,Closed Lost,"NZD 1,654.00",False,Australia
006A90000040OXe,Greenyard logistic,Transportation,Transportation,Closed Lost,"NZD 26,279.22",False,EMEA
006A90000040Odj,Kindergarten Szyd?owiec,,Education - K-12,Closed Won,"NZD 3,928.96",True,EMEA
006A90000040Ohd,Celebration Key,,Uncategorized,Closed Lost,"NZD 9,531.90",False,Canada
006A90000040Ppk,ICT Intrusion,,Uncategorized,Closed Lost,"NZD 3,342.35",False,United States
006A90000040Qot,RLH GX Training 10.19.23,Training,Training,Closed Lost,"NZD 7,147.06",False,United States
006A90000040Que,CCCU Additional Door Licenses,Banking & Finance,Banking & Finance,Closed Lost,"NZD 2,492.22",False,Canada
006A90000040R2Q,Lutheran Church Quote 10.19.23,Religious,Religious,Closed Lost,"NZD 58,525.41",False,United States
006A90000040R9W,NYS Probation Office,Government,Government,Closed Lost,"NZD 10,291.94",False,United States
006A90000040Zqu,CFC4 Subleased AF 20231020,,Uncategorized,Closed Won,"NZD 14,449.17",True,Canada
006A90000040eOf,Olyphant,,Uncategorized,Closed Lost,"NZD 2,706.00",False,United States
006A90000040fLh,31 Unit Meriden,Residential,Residential,Closed Lost,"NZD 17,805.97",False,United States
006A90000040fLw,Project Tender for Residential at Lo Lu Street in Vietnam,Residential,Residential,Closed Lost,"NZD 102,984.83",False,Asia Pacific
006A90000040guU,Sunbelt Rentals,Retail,Retail,Closed Lost,"NZD 3,609.13",False,United States
006A90000040hEZ,ACI Cabling Readers,Healthcare,Healthcare,Closed Won,"NZD 52,994.91",True,United States
006A900000413S0,380 Bay street Brighton 23_10_23,,Uncategorized,Closed Lost,"NZD 35,871.30",False,Australia
006A900000414E5,Rolls Pack 23_10_23,Residential,Residential,Closed Lost,"NZD 15,503.49",False,Australia
006A900000418bF,Fulton Construction,,Uncategorized,Closed Lost,"NZD 15,605.76",False,United States
006A900000419c8,Proven IT Quote - GX,Commercial,Commercial,Closed Lost,"NZD 38,991.78",False,United States
006A90000041Agf,6DR Paradox replacement,,Uncategorized,Closed Lost,"NZD 5,942.12",False,United States
006A90000041NWF,1800 Stout Street,,Uncategorized,Closed Lost,"NZD 29,572.85",False,United States
006A90000041Ojc,Valor on The Fax Cards,,Uncategorized,Closed Won,NZD 933.62,True,United States
006A90000041T9v,Aotea BOP_Emergency Doctors_James,Healthcare,Healthcare,Closed Lost,"NZD 8,816.24",False,New Zealand
006A90000041ZWs,Card Encoding Kit,,Uncategorized,Closed Lost,"NZD 2,351.99",False,Australia
006A90000041enm,Rotorua Museum - RLC Expansion,Government,Government,Closed Lost,"NZD 28,389.88",False,New Zealand
006A90000041gKI,Protégé X - Example Quote for House Project,Residential,Residential,Closed Lost,NZD 112.21,False,Australia
006A90000041iTV,UB Project,,Uncategorized,Closed Lost,"NZD 29,837.26",False,Australia
006A900000421NP,34 Door WX,Commercial,Commercial,Closed Lost,"NZD 30,000.00",False,New Zealand
006A90000042Eyi,Salt & Meadows - Additional Doors,,Uncategorized,Closed Won,"NZD 1,523.01",True,Canada
006A90000042UZO,WX Quote 30/10/23,,Uncategorized,Closed Lost,"NZD 4,263.31",False,New Zealand
006A90000042Xqv,Alfred upgrade from IR concept 30_10_23 ( stage 1),Healthcare,Healthcare,Closed Lost,"NZD 125,664.03",False,Australia
006A90000042Y6i,Alfred upgrade from IR concept 30_10_23 (stage 2),Healthcare,Healthcare,Decision,"NZD 503,177.31",False,Australia
006A90000042j1G,Protege GX Partner Training Pack,Other,Other,Closed Lost,,False,Canada
006A90000042jZ7,PAC GX Training 10.30.23,Training,Training,Closed Lost,NZD 0.00,False,United States
006A90000042jep,Bristol Test Quote 10.30.23,,Uncategorized,Closed Lost,"NZD 10,490.82",False,United States
006A90000042jrd,Bristol GX Training Quote 10.30.23,Training,Training,Closed Lost,"NZD 7,147.06",False,United States
006A90000042kUb,Dogwood Wireless Locks - Marcon,,Uncategorized,Closed Won,"NZD 77,163.16",True,Canada
006A90000042nND,Service NSW - ICT Reader Option - ARA Oct2023,,Uncategorized,Closed Lost,"NZD 1,477.88",False,Australia
006A90000042qN4,Single Door Reader IN and OUT,,Uncategorized,Closed Lost,"NZD 4,116.98",False,Australia
006A90000042utl,ME Yachts,,Uncategorized,Closed Lost,"NZD 27,020.12",False,United States
006A90000042wZb,Doggie Day Care,Healthcare,Healthcare,Closed Lost,"NZD 2,575.62",False,United States
006A90000042wp8,Intruder Panel Replacement,,Uncategorized,Closed Lost,"NZD 2,591.76",False,EMEA
006A90000042x6p,1940 Carling - ICT,Multi Family,Multi Family,Closed Lost,"NZD 49,372.32",False,Canada
006A90000042xB7,1940 Carling - ICT Salto,Multi Family,Multi Family,Closed Lost,"NZD 5,887.12",False,Canada
006A90000042yOJ,se to gx JR 10312023,,Uncategorized,Closed Lost,"NZD 3,327.75",False,Canada
006A900000430JJ,IDN training and Hardware 1_11_23,Training,Training,Closed Lost,"NZD 8,244.62",False,Australia
006A900000430iC,Cabinet and PSU Project,,Uncategorized,Closed Lost,"NZD 7,964.95",False,New Zealand
006A90000043F2D,Job 1 - Tecom Upgrade,,Uncategorized,Closed Lost,"NZD 10,638.14",False,Australia
006A90000043F2N,Job 2 - Tecom Upgrade,,Uncategorized,Closed Lost,"NZD 5,237.58",False,Australia
006A90000043FB4,Self Storage Upgrade,,Uncategorized,Closed Lost,"NZD 7,084.58",False,Australia
006A90000043FVc,"VXI Charlotte, NC",Commercial,Commercial,Closed Lost,"NZD 11,381.29",False,United States
006A90000043FmI,"VXI Dallas, TX",Commercial,Commercial,Closed Lost,"NZD 6,930.88",False,United States
006A90000043G2G,"VXI Morrow, GA",Government,Government,Closed Lost,"NZD 46,109.12",False,United States
006A90000043G6y,70 Richmond,,Uncategorized,Closed Lost,,False,Canada
006A90000043GXq,The Marlstone,Multi Family,Multi Family,Closed Won,"NZD 170,735.80",True,Canada
006A90000043GuQ,Two Door WX System,Retail,Retail,Closed Won,NZD 977.60,True,Canada
006A90000043GyB,327 Richmond,,Uncategorized,Closed Lost,,False,Canada
006A90000043HMU,ICT ArmorIP,,Uncategorized,Closed Lost,"NZD 3,342.35",False,United States
006A90000043P4X,Majestic Quay Remotes,,Uncategorized,Closed Lost,"NZD 3,326.55",False,Australia
006A90000043Z2w,Neste Suntec Office Project (5 Doors),Commercial,Commercial,Closed Lost,"NZD 3,228.93",False,Asia Pacific
006A90000043dQp,PRT-IPIC-POE-C Demo Unit,Training,Training,Closed Lost,"NZD 2,824.46",False,EMEA
006A90000043eBf,HCI The Maxwell Quote,,Uncategorized,Closed Won,"NZD 65,447.74",True,United States
006A90000043eQB,tsl readers KCChubb 11022023,,Uncategorized,Closed Won,NZD 228.71,True,Canada
006A90000043gCG,Tournament Group Newmarket,,Uncategorized,Closed Won,"NZD 3,232.68",True,New Zealand
006A90000043ggY,GX Training,Training,Training,Closed Lost,"NZD 7,147.06",False,United States
006A90000043hRO,93 Cameron Road - Manawa Energy,,Uncategorized,Closed Lost,"NZD 20,000.00",False,New Zealand
006A90000043i9J,2 Building,Multi Family,Multi Family,Closed Won,"NZD 7,873.68",True,United States
006A90000043iHe,Huntly Baptist Church-,Religious,Religious,Closed Lost,"NZD 9,795.31",False,New Zealand
006A90000043iiH,Lhuillier's Project in Philippines,,Uncategorized,Closed Won,"NZD 4,181.29",True,Asia Pacific
006A90000043ios,ICT Protege System Training/Demo Kit and Certified Training Course (Web Based),Training,Training,Closed Lost,"NZD 5,976.40",False,Asia Pacific
006A90000043lem,WX Training Kit,Training,Training,Closed Lost,"NZD 2,900.66",False,Australia
006A90000043lqI,GX Facilitated Training,Training,Training,Closed Lost,"NZD 1,221.65",False,Australia
006A90000043p8i,43 apartment doors,Multi Family,Multi Family,Closed Lost,"NZD 86,702.82",False,United States
006A90000043raV,Walker Landing Salto Doors,,Uncategorized,Closed Won,"NZD 8,961.03",True,United States
006A90000043rhD,Quote (Catherine),,Uncategorized,Closed Lost,"NZD 1,881.53",False,United States
006Q8000002H5Rz,Project Tender - Kemenko 2 in Indonesia,Residential,Residential,Closed Won,,True,Asia Pacific
006Q8000002H7iL,Project Tender - Sektretariat Negara in Indonesia,Government,Government,Decision,,False,Asia Pacific
006Q8000002H8pg,Project Tender - Bandara VVIP IKN in Indonesia,Government,Government,Closed Lost,,False,Asia Pacific
006Q8000002HATG,Project Tender - Kemenko 3 in Indonesia,Residential,Residential,Closed Won,"NZD 16,129.03",True,Asia Pacific
006Q8000002HApt,Project Tender - Kantor Kementrian PUPR in Indonesia,Government,Government,Closed Won,,True,Asia Pacific
006Q8000002HBCR,Project Tender - Rumah Sakit IKN in Indonesia,Government,Government,Working,,False,Asia Pacific
006Q8000002HBab,Project Tender - Kantor Presiden IKN in Indonesia,Residential,Residential,Closed Won,"NZD 28,802.41",True,Asia Pacific
006Q8000002HC21,Project Tender - Kemenko 4 in Indonesia,Residential,Residential,Closed Lost,"NZD 64,516.13",False,Asia Pacific
006Q8000002HCBh,Additional Equip for Paspampres Istana Presiden Project in IKN,Government,Government,Closed Won,,True,Asia Pacific
006Q8000002HCJl,Project Tender - Rusun ASN IKN - 49 Tower in Indonesia (For Parking System),Government,Government,Working,,False,Asia Pacific
006Q8000002HCrd,Project Tender - Kantor Wakil Istana Presiden in Indonesia,Government,Government,Closed Won,"NZD 71,473.72",True,Asia Pacific
006Q8000002IycT,QLD Fertility Clinic at 525 Boundary Road,Healthcare,Healthcare,Closed Won,"NZD 25,008.69",True,Australia
006Q8000002J3h2,150 Riddiford St Apartments,Multi Family,Multi Family,Closed Lost,,False,New Zealand
006Q8000002JEZQ,31 Mackelvie Street,Multi Family,Multi Family,Closed Lost,,False,New Zealand
006Q8000002JOUD,21-23 Man St Queenstown,Multi Family,Multi Family,Closed Lost,"NZD 20,000.00",False,New Zealand
006Q8000002JSRG,QUEENSTOWN SPORTS PERFORMANCE HUB,Government,Government,Closed Lost,"NZD 20,000.00",False,New Zealand
006Q8000002JT1x,118-120 Carlton Gore Road,Multi Family,Multi Family,Closed Lost,,False,New Zealand
006Q8000002K7Qn,Freight Storage - GX,,Uncategorized,Closed Won,"NZD 8,743.47",True,Australia
006Q8000002LnEI,Harry Winston 718,,Uncategorized,Closed Lost,"NZD 33,733.10",False,United States
006Q8000002LpeH,UOW,,Uncategorized,Closed Lost,"NZD 5,462.09",False,Canada
006Q8000002MR6r,Simcoe Village,Healthcare,Healthcare,Closed Lost,"NZD 412,303.37",False,Canada
006Q8000002N4cs,ICT Protégé GX Spares Controller Stock,,Uncategorized,Closed Lost,"NZD 9,853.11",False,Australia
006Q8000002NOgP,MOCO FOODS,Commercial,Commercial,Closed Lost,"NZD 16,473.51",False,Australia
006Q8000002PBGs,Smart Pro Data Sync Quote,,Uncategorized,Closed Lost,"NZD 4,915.72",False,United States
006Q8000002PCXw,The Lock suites on Wellington,Multi Family,Multi Family,Closed Won,"NZD 11,928.20",True,Canada
006Q8000002PDPB,WX Systems,Commercial,Commercial,Closed Lost,"NZD 3,241.87",False,Canada
006Q8000002PFu1,KUA,,Uncategorized,Closed Lost,"NZD 64,298.38",False,United States
006Q8000002PIJz,VEREX system takeover - Martin Marietta,Commercial,Commercial,Closed Won,"NZD 5,318.21",True,United States
006Q8000002PJWE,Ardmore Flying School Stage 1,Commercial,Education - K-12,Closed Lost,"NZD 7,524.59",False,New Zealand
006Q8000002PNOU,GX Expansion,Commercial,Commercial,Closed Lost,"NZD 10,759.77",False,Canada
006Q8000002PNwL,Vipond Training 2,Training,Training,Closed Won,"NZD 4,048.50",True,Canada
006Q8000002PgsX,New Haven (Wireless Lock Quote),Residential,Residential,Closed Lost,"NZD 195,198.40",False,United States
006Q8000002PyZJ,GX Training for Joe 12/19-12/21,Training,Training,Closed Won,NZD 0.00,True,United States
006Q8000002SGbm,HK Complex Central Office/Highschool,Education,Education,Proposal,"NZD 47,129.95",False,United States
006Q8000002SVuB,1424 Aubin - GX,Multi Family,Multi Family,Closed Lost,"NZD 37,267.99",False,Canada
006Q8000002ScsP,1424 Aubin - WX,Multi Family,Multi Family,Closed Lost,"NZD 32,684.47",False,Canada
006Q8000002Sk3b,ATS Montreal,,Uncategorized,Closed Lost,"NZD 25,343.31",False,Canada
006Q8000002THVl,135 Victoria Street Apartments,Multi Family,Multi Family,Closed Lost,"NZD 103,007.65",False,New Zealand
006Q8000002W4Ii,GX Training Level 1 Jan 9-11,Training,Training,Closed Won,NZD 0.00,True,United States
006Q8000002W6tz,Capital Security - Radius Packaging,Commercial,Commercial,Closed Lost,"NZD 89,319.49",False,United States
006Q8000002W7Bh,Madison Creek Condominiums,Residential,Residential,Closed Lost,"NZD 2,286.18",False,United States
006Q8000002W82w,"6041 S Syracuse Way, Greenwood Village CO 80111",,Uncategorized,Closed Lost,"NZD 4,424.65",False,United States
006Q8000002WAG1,THK Manufacturing of America,,Industrial - Manufacturing,Closed Won,"NZD 16,129.71",True,United States
006Q8000002WGi4,"6900 E Layton Ave, Denver, CO 80237, USA",,Uncategorized,Closed Lost,"NZD 58,457.12",False,United States
006Q8000002WpFz,Wx Expansion,,Uncategorized,Closed Lost,"NZD 2,167.83",False,Australia
006Q8000002XT6v,ICT Protege GX Training/Demo Kit and Certified Tech Training Coures (Web-Based),Training,Training,Closed Lost,,False,Asia Pacific
006Q8000002ZQkr,KC Chubb 10112023,,Uncategorized,Closed Won,NZD 908.73,True,Canada
006Q8000002ZSI2,8D WX Kit,,Uncategorized,Closed Won,"NZD 11,062.59",True,United States
006Q8000002ZwL0,Intrusion Main House ICT,Residential,Residential,Procurement,"NZD 1,760.47",False,United States
006Q8000002eIhq,GX Training Kit,Training,Training,Closed Lost,"NZD 2,900.66",False,Australia
006Q8000002fBj7,WX Controller NFR for PX Trial 13_11_23,,Uncategorized,Closed Lost,NZD 753.85,False,Australia
006Q8000002g0Ic,T2 Ravenhall site 13_11_23,,Uncategorized,Closed Lost,"NZD 10,113.80",False,Australia
006Q8000002jFWQ,Silky Oaks 5 Centres in Brisbane & Redlands,Healthcare,Healthcare,Closed Lost,,False,Australia
006Q8000002jKeB,TMR King George Square,,Uncategorized,Closed Won,,True,Australia
006Q8000002lEZR,30 x PRX-DISC-MF-W,,Uncategorized,Closed Won,NZD 191.40,True,EMEA
006Q8000002mey5,Township on the Green,,Uncategorized,Closed Lost,"NZD 15,172.06",False,United States
006Q8000002n7la,Tender for Singapore Polytechnic Staff Apartment Project,Multi Family,Multi Family,Closed Lost,"NZD 7,455.78",False,Asia Pacific
006Q8000002nAOU,School GX Upgrade,Education,Education,Closed Lost,"NZD 6,147.57",False,Australia
006Q8000002npEj,GX Addition (Thomas More),,Uncategorized,Closed Won,"NZD 4,316.68",True,Australia
006Q8000002oabt,Pro Systems GX Training Quote 11.15.23,Training,Training,Closed Lost,"NZD 6,617.65",False,United States
006Q8000002omGQ,Luther Hopkins Honda,,Uncategorized,Closed Won,"NZD 35,218.12",True,United States
006Q8000002pE7q,Ordnance Condos,Residential,Residential,Closed Lost,"NZD 34,038.55",False,Canada
006Q8000002pFyN,GX Certification,Multi Family,Multi Family,Closed Lost,"NZD 6,116.58",False,Canada
006Q8000002pV3q,DNA Electrical_WX_Barry,Commercial,Commercial,Closed Lost,"NZD 8,228.56",False,New Zealand
006Q8000002r5Zu,VLU Project in Vietnam,Commercial,Commercial,Closed Lost,"NZD 177,569.60",False,Asia Pacific
006Q8000002sE01,MC3 - 2nd Site,,Uncategorized,Closed Won,"NZD 5,474.02",True,Canada
006Q8000002sYrZ,Protege GX Training,Training,Training,Closed Lost,"NZD 7,147.06",False,United States
006Q8000002vY5T,HCI - San Diego Rowing Club - 4 Door-WX-11/23,,Uncategorized,Closed Lost,"NZD 5,139.26",False,United States
006Q8000002vdWY,"SMH, Behavioral Health Hospital",Healthcare,Healthcare,Closed Lost,"NZD 72,134.12",False,United States
006Q8000002vekM,Chathen - Wine Storage FerndaleWA - GX - 2Door 50Lockers,,Uncategorized,Closed Lost,"NZD 34,721.47",False,United States
006Q8000002vwMI,SmartPro - Luther Corp KC Dealership 1 - GX - 14 Doors,Commercial,Commercial,Closed Won,"NZD 32,384.57",True,United States
006Q8000002vzYh,Dogwood TSL Readers,Multi Family,Multi Family,Closed Won,"NZD 14,581.66",True,Canada
006Q8000002w6aM,WX 16 input system,Commercial,Commercial,Closed Lost,"NZD 2,212.06",False,Australia
006Q8000002xdnR,Atlantic Realty - Xchnage _ High Rise,Residential,Residential,Closed Lost,"NZD 22,414.76",False,United States
006Q80000030UUF,Magma Healthcare,Healthcare,Healthcare,Closed Lost,"NZD 22,964.81",False,New Zealand
006Q80000030c5C,8 Lang 22_11_23,Commercial,Commercial,Closed Lost,"NZD 32,821.32",False,Australia
006Q80000031NKD,Novita - 171 Regency Road,,Uncategorized,Closed Won,"NZD 15,603.98",True,Australia
006Q80000031ehe,Protege X upgrade to WX multi site 20_11_23,Multi Family,Multi Family,Closed Lost,NZD 111.94,False,Australia
006Q80000033NCv,GX - 3D/26Z/14C,Commercial,Commercial,Closed Lost,"NZD 8,352.74",False,Canada
006Q80000033P50,WX - 3D/26Z,Commercial,Commercial,Closed Lost,"NZD 2,868.19",False,Canada
006Q80000033SkP,TSL Readers,,Uncategorized,Closed Lost,"NZD 1,132.36",False,Canada
006Q80000033dmI,CTCW Office,Commercial,Commercial,Closed Lost,"NZD 1,406.82",False,United States
006Q800000340pN,Goodwin,,Uncategorized,Closed Won,"NZD 6,605.34",True,United States
006Q800000346ep,Lake Champlain Chocolates Enterpise,Other,Other,Working,"NZD 36,764.71",False,United States
006Q800000348en,Premier Coach,Commercial,Commercial,Closed Won,"NZD 18,497.82",True,United States
006Q80000034MoD,Hamilton Five Doors GX,,Uncategorized,Closed Won,"NZD 6,238.13",True,New Zealand
006Q80000036w7f,Medical Warehouse with Suprema Biometrics,Healthcare,Healthcare,Closed Lost,"NZD 5,429.67",False,EMEA
006Q8000003715h,Broadway & Granville (PCI) - TSL Readers,Multi Family,Multi Family,Closed Won,"NZD 5,717.67",True,Canada
006Q800000375hB,Roman Catholic Diocese of Orange Quote 11.21.23,Religious,Religious,Closed Lost,"NZD 142,352.06",False,United States
006Q80000038K7v,DHA VMS License,,Uncategorized,Closed Lost,"NZD 1,923.43",False,Australia
006Q80000039RvR,ABB Greece,,Uncategorized,Closed Lost,"NZD 19,445.18",False,EMEA
006Q80000039UDM,National Security Agency,,Uncategorized,Closed Won,"NZD 10,282.97",True,EMEA
006Q80000039UQA,ELPEN Life Tech Park,,Uncategorized,Closed Lost,"NZD 72,042.84",False,EMEA
006Q80000039UYD,ELPEN Tripoli Plant,Heavy Industry,Heavy Industry,Closed Lost,"NZD 45,731.56",False,EMEA
006Q80000039VVv,Sklavenitis,,Uncategorized,Closed Lost,"NZD 834,598.35",False,EMEA
006Q80000039YIT,Public (Confidential),Government,Government,Closed Lost,"NZD 261,063.55",False,EMEA
006Q8000003AHDx,Large WX to X conversion 100+ doors,,Uncategorized,Closed Lost,"NZD 14,705.88",False,United States
006Q8000003ATP9,TSL Readers,,Uncategorized,Closed Lost,"NZD 1,415.45",False,Canada
006Q8000003AXdk,WO 20478536 - RANDY,,Uncategorized,Closed Won,NZD 170.62,True,Canada
006Q8000003AlyQ,Leedstone,Commercial,Commercial,Closed Lost,"NZD 20,003.12",False,United States
006Q8000003B10j,TK upgrade 23_11_23,,Uncategorized,Closed Won,"NZD 9,381.76",True,Australia
006Q8000003B1v8,Salto Deabolt,,Uncategorized,Closed Lost,,False,Canada
006Q8000003Ba6U,For Project - SONGNAM-ICT-20221027,,Uncategorized,Closed Won,"NZD 2,121.83",True,Asia Pacific
006Q8000003BdVm,COP Maintenance/Update Stock,,Uncategorized,Closed Lost,"NZD 11,590.55",False,Australia
006Q8000003BuGU,SMB Comparison,,Uncategorized,Closed Lost,"NZD 4,988.81",False,Australia
006Q8000003CqCQ,WX - 8D,Commercial,Commercial,Closed Lost,"NZD 5,058.77",False,Canada
006Q8000003CvdX,Capilano Child Care,Healthcare,Healthcare,Closed Lost,"NZD 9,928.37",False,Canada
006Q8000003DD5l,New Multi Brandon,Residential,Residential,Closed Won,"NZD 78,312.74",True,Canada
006Q8000003DG8T,Hazelview Base2,Multi Family,Multi Family,Closed Won,"NZD 15,366.63",True,Canada
006Q8000003Da8o,YRDSB - 24T70 - William Armstrong,,Uncategorized,Closed Won,"NZD 5,140.67",True,Canada
006Q8000003Das7,YRDSB - 24T68 - Fairwood PS,,Uncategorized,Closed Won,"NZD 6,375.55",True,Canada
006Q8000003DrZZ,Christian School 24_11_23,Education,Education,Closed Lost,"NZD 9,682.97",False,Australia
006Q8000003Dtt2,Armstrong North_2Door Office_Toby,Commercial,Commercial,Closed Lost,"NZD 2,185.65",False,New Zealand
006Q8000003E9OJ,LVK Project - ICT Readers Only - Blitz Security,,Uncategorized,Closed Lost,"NZD 16,449.63",False,Australia
006Q8000003EfT0,Project of Sze Mei Street at San Po Kong,,Uncategorized,Closed Lost,,False,Asia Pacific
006Q8000003GNDS,5229 Dundas - 22 Stories,Multi Family,Multi Family,Closed Lost,"NZD 76,286.64",False,Canada
006Q8000003GOcY,Rhenus 200 x PRX-ISO-DF-EV3-2K,,Uncategorized,Closed Won,"NZD 2,372.00",True,EMEA
006Q8000003GSzV,5233 Dundas - 24 Stories,Multi Family,Multi Family,Closed Lost,"NZD 87,116.15",False,Canada
006Q8000003GWga,One Church Toronto,Religious,Religious,Closed Lost,NZD 918.42,False,Canada
006Q8000003GZHp,U of Waterloo - 72 Readers,,Uncategorized,Closed Won,"NZD 63,479.48",True,Canada
006Q8000003LFvC,Westpac Wellington Corporate,Banking & Finance,Banking & Finance,Closed Won,"NZD 20,000.00",True,New Zealand
006Q8000003LZYw,Westpac TSL Readers,Banking & Finance,Banking & Finance,Closed Lost,"NZD 148,230.00",False,New Zealand
006Q8000003LZxL,Wynyard Quarter Building 2,,Uncategorized,Closed Lost,"NZD 19,277.34",False,New Zealand
006Q8000003M6xu,ZX16 27_11_23,,Uncategorized,Closed Won,NZD 594.81,True,Australia
006Q8000003OpME,MI,,Uncategorized,Closed Won,"NZD 10,772.12",True,United States
006Q8000003OqBp,CCS,,Uncategorized,Closed Won,"NZD 28,010.47",True,United States
006Q8000003PT3V,Quote for All Aboard America - NDE solution,,Uncategorized,Closed Won,"NZD 5,098.50",True,United States
006Q8000003Rtxz,BSB POE Controller Upgrades,Banking & Finance,Banking & Finance,Closed Won,"NZD 29,675.74",True,United States
006Q8000003S6QZ,Sudan ISD,Education,Education,Closed Lost,"NZD 49,707.48",False,United States
006Q8000003S9Uu,Kits for Stock,,Uncategorized,Closed Won,"NZD 1,211.65",True,United States
006Q8000003SAIv,De Havilland Aircraft,,Uncategorized,Closed Lost,,False,Canada
006Q8000003SSCb,Salto Replacement Lock,,Uncategorized,Closed Won,"NZD 1,099.85",True,United States
006Q8000003VYDN,RTG MEDYKA,,Uncategorized,Closed Lost,"NZD 6,379.44",False,EMEA
006Q8000003Vbnx,HTR University (Block A) in Malaysia,Education,Education,Closed Lost,"NZD 19,643.47",False,Asia Pacific
006Q8000003VpkU,American Life Monthly,,Uncategorized,Closed Lost,NZD 321.12,False,United States
006Q8000003Vr3D,need quote - 20479583,,Uncategorized,Closed Won,NZD 159.25,True,Canada
006Q8000003VrSv,American Life,,Uncategorized,Closed Lost,"NZD 21,744.99",False,United States
006Q8000003VsKD,5 Tenant Building,,Uncategorized,Closed Won,"NZD 8,869.01",True,New Zealand
006Q8000003VvGR,Town of Cicero,Government,Government,Closed Won,"NZD 74,736.53",True,United States
006Q8000003WS99,Southern Cross Hospital Christchurch - Bealey Ave,Healthcare,Healthcare,Closed Won,"NZD 30,000.00",True,New Zealand
006Q8000003WXFH,Southern Cross Hospital Tauranga,Healthcare,Healthcare,Closed Won,"NZD 20,000.00",True,New Zealand
006Q8000003Waml,Southern Cross Hospital Wairau,Healthcare,Healthcare,Closed Won,"NZD 20,000.00",True,New Zealand
006Q8000003Waxu,Protege X Self Storage,,Uncategorized,Closed Won,"NZD 4,631.10",True,New Zealand
006Q8000003WbkH,Southern Cross Hospital Ormiston,Healthcare,Healthcare,Closed Won,"NZD 20,000.00",True,New Zealand
006Q8000003WdMH,Protege X - NCR ATMS - Co-operative Bank,Banking & Finance,Banking & Finance,Closed Lost,,False,New Zealand
006Q8000003WzLB,8 Storey Commerical Building,Commercial,Retail,Closed Lost,"NZD 20,000.00",False,New Zealand
006Q8000003X02k,Symal Protege X conversion from GX,,Uncategorized,Closed Lost,NZD 199.25,False,Australia
006Q8000003Z8yi,Arnprior Hospital,Healthcare,Healthcare,Closed Won,NZD 159.25,True,Canada
006Q8000003ZId5,SR Communications,,Uncategorized,Closed Won,"NZD 1,935.79",True,United States
006Q8000003ZuLl,Tauranga Council Facilities,Government,Government,Closed Lost,"NZD 1,165.11",False,New Zealand
006Q8000003ZvUk,WX Project Apartments & Lifts LLI,Multi Family,Multi Family,Closed Won,"NZD 17,999.68",True,Australia
006Q8000003ZwVq,Google Australia,,Uncategorized,Closed Lost,"NZD 4,937.17",False,Australia
006Q8000003a2rE,Francis Site 3 01_12_23,,Uncategorized,Closed Lost,"NZD 2,009.69",False,Australia
006Q8000003a5Ak,Francis Site 2 01_12_23,,Uncategorized,Closed Lost,"NZD 2,159.23",False,Australia
006Q8000003a5Yw,Francis Site 4 01_12_23,,Uncategorized,Closed Lost,"NZD 2,009.69",False,Australia
006Q8000003a5x7,Francis Site 1 01_12_23,,Uncategorized,Closed Lost,"NZD 2,159.23",False,Australia
006Q8000003a6y1,Francis Protege X upgrade 01_12_23,,Uncategorized,Closed Lost,NZD 45.76,False,Australia
006Q8000003aGR7,PO 5678829,,Uncategorized,Closed Lost,"NZD 17,047.91",False,United States
006Q8000003acpq,50 Lyttelton st 01_12_23,,Uncategorized,Closed Lost,"NZD 4,682.04",False,Australia
006Q8000003atx7,WX Controller 01_12_23,,Uncategorized,Closed Lost,"NZD 1,157.60",False,Australia
006Q8000003b2ai,cccu site 1,Commercial,Commercial,Closed Lost,"NZD 9,525.18",False,Canada
006Q8000003bD31,cccu site 2,Commercial,Commercial,Closed Lost,"NZD 4,690.55",False,Canada
006Q8000003bIVh,cccu site 3,Commercial,Commercial,Closed Lost,"NZD 4,690.55",False,Canada
006Q8000003bIqg,cccu site 4,Commercial,Commercial,Closed Lost,"NZD 4,690.55",False,Canada
006Q8000003bKMD,cccu sites 1-4 door licenses,Commercial,Commercial,Closed Lost,"NZD 3,738.33",False,Canada
006Q8000003cgW0,APCU Macon Reader,Commercial,Commercial,Closed Lost,NZD 646.76,False,United States
006Q8000003cz5d,WLSDV_3P2,,Uncategorized,Closed Won,"NZD 1,500.00",True,United States
006Q8000003czyQ,Commercial GX Project,Commercial,Commercial,Closed Lost,,False,Canada
006Q8000003dFlU,PRT-ENTR-17-FMT,,Uncategorized,Closed Won,"NZD 6,208.85",True,United States
006Q8000003ibVE,Client Demo/Training Kit,Training,Training,Closed Lost,"NZD 2,900.66",False,Australia
006Q8000003ixFZ,Southern Showroom,,Uncategorized,Closed Lost,"NZD 3,301.87",False,Australia
006Q8000003j6yn,#167 WX system 07_12_23,Residential,Residential,Closed Lost,"NZD 55,458.78",False,Australia
006Q8000003l5lh,50 TSL Bluetooth readers,,Uncategorized,Closed Won,"NZD 11,296.37",True,Canada
006Q8000003lM9p,Hedwig Church,Religious,Religious,Closed Won,"NZD 12,003.59",True,United States
006Q8000003lN4K,cccu site 17,Commercial,Commercial,Closed Lost,"NZD 4,690.55",False,Canada
006Q8000003lNcB,cccu site 16,Commercial,Commercial,Closed Lost,"NZD 3,299.65",False,Canada
006Q8000003lOA2,cccu site 8,Commercial,Commercial,Closed Lost,"NZD 3,299.65",False,Canada
006Q8000003lOA3,cccu site 21,Commercial,Commercial,Closed Lost,"NZD 4,903.83",False,Canada
006Q8000003lP4X,cccu site 20,Commercial,Commercial,Closed Lost,"NZD 4,903.83",False,Canada
006Q8000003lPAx,cccu site 7,Commercial,Commercial,Closed Lost,"NZD 8,289.60",False,Canada
006Q8000003lPME,cccu site 15,Commercial,Commercial,Closed Lost,"NZD 5,926.13",False,Canada
006Q8000003lQJv,cccu site 5,Commercial,Commercial,Closed Lost,"NZD 3,682.46",False,Canada
006Q8000003lQa2,cccu site 9,Commercial,Commercial,Closed Lost,"NZD 3,299.65",False,Canada
006Q8000003lQgV,cccu site 13,Commercial,Commercial,Closed Lost,"NZD 3,299.65",False,Canada
006Q8000003lQqC,cccu site 11,Commercial,Commercial,Closed Lost,"NZD 3,512.92",False,Canada
006Q8000003lR7u,cccu site 10,Commercial,Commercial,Closed Lost,"NZD 7,191.98",False,Canada
006Q8000003lRMP,cccu site 6,Commercial,Commercial,Closed Lost,"NZD 9,525.18",False,Canada
006Q8000003lRj2,271 Murphy's Road Apartments,Commercial,Residential - Multi-Family,Closed Lost,"NZD 16,688.83",False,New Zealand
006Q8000003lSIT,cccu site 12,Commercial,Commercial,Closed Lost,"NZD 9,525.18",False,Canada
006Q8000003lTKz,cccu site 14,Commercial,Commercial,Closed Lost,"NZD 3,299.65",False,Canada
006Q8000003lTck,cccu site 22,Commercial,Commercial,Closed Lost,"NZD 9,525.18",False,Canada
006Q8000003lU8z,cccu site 18,Commercial,Commercial,Closed Lost,"NZD 3,299.65",False,Canada
006Q8000003lUYn,Mobile Quote (Test),,Uncategorized,Closed Lost,"NZD 1,777.65",False,United States
006Q8000003lhe6,Harrington Company,Commercial,Commercial,Closed Lost,"NZD 2,460.12",False,United States
006Q8000003lmc9,East Millonocket School,Education,Education,Closed Lost,"NZD 3,566.91",False,United States
006Q8000003lpYQ,Parking Lot,,Uncategorized,Closed Lost,,False,United States
006Q8000003lrDe,DFS Queens Wharf New Build Level 3,Transportation,Transportation,Closed Lost,,False,Australia
006Q8000003ls6V,Glasshouse,Residential,Residential,Closed Won,"NZD 48,623.53",True,United States
006Q8000003luZi,Warehouse Expansion,Residential,Residential,Closed Won,"NZD 2,864.12",True,United States
006Q8000003m1QC,Conbrio_Gulf Harbour_Glenn,,Uncategorized,Closed Lost,"NZD 16,823.07",False,New Zealand
006Q8000003m21H,Chaytor_Self Storage_Damian,,Uncategorized,Closed Lost,,False,New Zealand
006Q8000003mMsl,67 High street Preston 05_12_23,,Uncategorized,Closed Lost,"NZD 33,970.10",False,Australia
006Q8000003mOnu,SE to WX Upgrade 05_12_23,Commercial,Commercial,Closed Lost,"NZD 7,384.82",False,Australia
006Q8000003mcR5,Protege X Client,,Uncategorized,Closed Lost,"NZD 3,484.28",False,Australia
006Q8000003mlqw,SafeGuard New Showroom and Finance Dept Office in Malaysia,Banking & Finance,Banking & Finance,Closed Lost,"NZD 2,988.97",False,Asia Pacific
006Q8000003odxL,Pittsburgh RDC Recurring,,Uncategorized,Closed Lost,NZD 27.27,False,United States
006Q8000003ow2L,North Country,,Uncategorized,Closed Won,"NZD 8,395.24",True,United States
006Q8000003p3bp,cccu sites 1-22 controller add on,Commercial,Commercial,Closed Lost,"NZD 1,032.73",False,Canada
006Q8000003p5rx,OTIS HLI,Multi Family,Multi Family,Closed Won,"NZD 11,342.80",True,Canada
006Q8000003pKRD,Hello Fresh,,Uncategorized,Closed Lost,,False,Canada
006Q8000003pVMc,HCI - Onni Group - Keyfob Order,Multi Family,Multi Family,Closed Lost,NZD 297.79,False,United States
006Q8000003pVwJ,Trillium Property Management Quote 12.5.23,,Uncategorized,Closed Won,"NZD 7,430.94",True,United States
006Q8000003pWov,HCI SD Reader Quote 12.5.23,,Uncategorized,Closed Won,NZD 923.96,True,United States
006Q8000003pXcv,HCI Broadway Fobs 12.5.23,,Uncategorized,Closed Won,NZD 595.59,True,United States
006Q8000003qysn,Castleross Contruction,,Uncategorized,Closed Lost,NZD 26.32,False,Australia
006Q8000003rs5O,Access Control System for TopDraw Animation,Commercial,Commercial,Closed Lost,"NZD 7,609.86",False,Asia Pacific
006Q8000003sEib,Cornwall Council Door Licenses,Government,Government,Closed Won,NZD 489.90,True,EMEA
006Q8000003sGNr,Campbell ISD 22 Door,,Uncategorized,Closed Won,"NZD 18,393.68",True,United States
006Q8000003sVoH,AG WX Quote 12.6.23,,Uncategorized,Closed Lost,"NZD 6,619.94",False,United States
006Q8000003sYr3,J@K by Hudson - 78 Motorized Deadbolts,Multi Family,Multi Family,Closed Won,"NZD 67,973.49",True,Canada
006Q8000003t2Nf,ServiceTrade,,Uncategorized,Closed Lost,"NZD 11,772.88",False,United States
006Q8000003t2sK,GX 20 Doors,,Uncategorized,Closed Lost,"NZD 13,573.44",False,New Zealand
006Q8000003t3Jj,Virginia Department of Behavioral Health and Developmental Services,Healthcare,Healthcare,Closed Won,"NZD 18,759.85",True,United States
006Q8000003t53o,Wireless Lock - Cartridge Mortise - Flat Black - Nightcap,Multi Family,Multi Family,Closed Lost,"NZD 1,507.09",False,Canada
006Q8000003t6r3,The Benedict BOM,Multi Family,Multi Family,Closed Won,"NZD 28,897.54",True,United States
006Q8000003u64D,Quotes for Sales Scenarios for YEM Pte Ltd,,Uncategorized,Closed Lost,,False,Asia Pacific
006Q8000003u6SP,Quotes for Sales Scenarios for YEM Pte Ltd,,Uncategorized,Closed Lost,,False,Asia Pacific
006Q8000003vGJs,2 x TSL-EXTRA-RR-HL,,Uncategorized,Closed Won,NZD 933.88,True,EMEA
006Q8000003vaZk,Fuji Film Project in Philippines,,Entertainment,Closed Lost,"NZD 27,028.58",False,Asia Pacific
006Q8000003vs6n,1 x TSL-EXTRA-RR-HL,,Uncategorized,Closed Won,NZD 466.94,True,EMEA
006Q8000003vt1G,Jacob NatureWork Project (58 Doors) in Thailand,Commercial,Commercial,Closed Lost,"NZD 20,037.10",False,Asia Pacific
006Q8000003w3QP,Maine Academy of Natural Science,Education,Education,Closed Lost,"NZD 1,455.40",False,United States
006Q8000003w4nw,Wireless Locks,,Uncategorized,Closed Lost,"NZD 47,133.06",False,United States
006Q8000003w4vy,DXC Maidstone - Hardware,,Uncategorized,Closed Lost,"NZD 10,463.31",False,EMEA
006Q8000003w5vG,DXC Maidstone - Software,,Uncategorized,Closed Lost,"NZD 7,112.15",False,EMEA
006Q8000003wI2t,Cornwall Council - Murdoch Building,Government,Government,Closed Won,"NZD 2,687.65",True,EMEA
006Q8000003wJRx,HCI Electro Contact 12.7.23,,Uncategorized,Closed Lost,"NZD 886,120.15",False,United States
006Q8000003wKhO,Cornwall Council - GX Web Operator License,Government,Government,Closed Won,NZD 905.23,True,EMEA
006Q8000003wLgg,Cornwall Council - Old Dry,Government,Government,Closed Won,"NZD 2,197.75",True,EMEA
006Q8000003wLgh,Cornwall Council - Parr Building,Government,Government,Closed Won,"NZD 1,707.85",True,EMEA
006Q8000003wMMd,Cornwall Council - Birchford,Government,Government,Closed Won,"NZD 4,157.35",True,EMEA
006Q8000003wN0v,Cornwall Council - Tymecroft,Government,Government,Closed Won,"NZD 2,197.75",True,EMEA
006Q8000003wNaP,Cornwall Council - Scorrier Depot,Government,Government,Closed Won,"NZD 4,157.35",True,EMEA
006Q8000003wPIv,Product Help - Parts Quote,Retail,Retail,Closed Won,,True,Canada
006Q8000003wiOj,DAC Houston Offices,Commercial,Commercial,Closed Won,"NZD 17,498.67",True,United States
006Q8000003wjW8,Bellavista Retirement home,Multi Family,Multi Family,Decision,"NZD 18,355.74",False,United States
006Q8000003wjhN,X Site,,Uncategorized,Closed Lost,"NZD 4,708.76",False,United States
006Q8000003wnps,WX Canada system 08_12_23,,Uncategorized,Closed Won,"NZD 2,566.82",True,Australia
006Q8000003wp6s,Islamic center,,Uncategorized,Closed Lost,"NZD 9,816.22",False,United States
006Q8000003x0vN,GX Training,Training,Training,Closed Won,"NZD 2,198.97",True,Australia
006Q8000003x7dG,System Upgrade,,Uncategorized,Closed Lost,"NZD 9,716.39",False,Australia
006Q8000003xBqY,Kiwibank GX/PX,Commercial,Banking & Finance,Closed Lost,"NZD 100,000.00",False,New Zealand
006Q8000003xC6g,NZ Post Wiri AOC Airside expansion,Critical Infrastructure,Critical Infrastructure,Closed Won,"NZD 20,000.00",True,New Zealand
006Q8000003xORE,Southern Cross Hospital Hamilton,Healthcare,Healthcare,Closed Won,,True,New Zealand
006Q8000003zdIt,Fob and Garage Transmitter,,Uncategorized,Closed Won,"NZD 2,527.91",True,Canada
006Q80000040PXD,Cornerstone,,Uncategorized,Closed Lost,"NZD 3,682.35",False,United States
006Q80000040PvP,"Rental Housing - Kenworth Road, Nanaimo",Multi Family,Multi Family,Closed Lost,"NZD 25,177.95",False,Canada
006Q80000040SA5,All Creatures,Commercial,Commercial,Closed Lost,"NZD 2,019.35",False,United States
006Q80000041vli,New office GX system estimate 09_12_23,Commercial,Commercial,Closed Lost,"NZD 10,543.57",False,ICT
006Q800000465CP,Storage facility GX upgrade from WX 11_12_23,Commercial,Commercial,Closed Lost,"NZD 1,831.26",False,Australia
006Q80000046769,WX 3 Cabinets,,Uncategorized,Closed Won,"NZD 4,293.00",True,New Zealand
006Q80000046y5d,HBE Office Security Upgrade - NFR,Commercial,Commercial,Closed Lost,"NZD 2,519.55",False,Australia
006Q80000048VSZ,WX - Maxsys Replacement,,Uncategorized,Closed Lost,"NZD 5,884.97",False,Canada
006Q80000048epB,"Pure Cultivations LLC - Shamong, NJ",Retail,Retail,Closed Lost,"NZD 22,675.78",False,United States
006Q80000048fIE,ST Quote 12.11.23,,Uncategorized,Closed Won,"NZD 2,524.41",True,United States
006Q80000048hS6,GJB Conversion Quote 12.11.23,,Uncategorized,Closed Lost,"NZD 5,489.47",False,United States
006Q80000048iMb,Jesup Memorial Library,Education,Education,Closed Lost,"NZD 22,054.19",False,United States
006Q80000048snK,Kids Meals,Commercial,Commercial,Closed Lost,"NZD 38,893.57",False,United States
006Q80000048wMH,Edmundsons Electrical Ltd,Commercial,Commercial,Closed Lost,"NZD 8,894.69",False,EMEA
006Q80000049Efl,USB Encoder,,Uncategorized,Closed Won,NZD 771.53,True,United States
006Q80000049hd3,Oakridge Centre - Building 3 - Mobile Credentials,Multi Family,Multi Family,Proposal,"NZD 3,906.02",False,Canada
006Q80000049zhu,WX auto doors 12_12_23,,Uncategorized,Closed Lost,"NZD 2,045.01",False,Australia
006Q8000004Bm3v,Supply Request - GX Controller,,Uncategorized,Closed Won,"NZD 20,654.65",True,Canada
006Q8000004C1PS,Edmundsons Electrical Ltd - Software & Cards,Commercial,Commercial,Closed Lost,"NZD 7,973.11",False,EMEA
006Q8000004C4n7,Primary School - Phase 1 - Hardware,Education,Education,Closed Lost,"NZD 7,279.10",False,EMEA
006Q8000004C56U,Primary School - Phase 1 - Software & Cards,Education,Education,Closed Lost,"NZD 1,186.00",False,EMEA
006Q8000004C70D,Condoplex Takeover,Multi Family,Multi Family,Closed Lost,"NZD 12,876.50",False,Canada
006Q8000004CCeG,Church Flemington,Religious,Religious,Closed Lost,"NZD 6,921.53",False,United States
006Q8000004CFvT,Heartland Bank HQ,Banking & Finance,Banking & Finance,Proposal,"NZD 56,266.60",False,United States
006Q8000004CGY9,Gebhardt Software Quotation,,Uncategorized,Closed Won,"NZD 6,946.27",True,EMEA
006Q8000004CHpC,Raymond,,Uncategorized,Closed Won,NZD 341.25,True,Canada
006Q8000004CJRE,WX 3 door opp Gunnebo,,Uncategorized,Closed Lost,"NZD 2,153.56",False,Canada
006Q8000004CU3H,Providence Hebrew Day School,Education,Education,Closed Lost,"NZD 65,458.56",False,United States
006Q8000004Cf8O,First National Bank Minnesota - Expansion,Banking & Finance,Banking & Finance,Closed Lost,"NZD 9,450.59",False,United States
006Q8000004CjiD,WX - 7D,,Uncategorized,Closed Lost,"NZD 7,863.91",False,Canada
006Q8000004Cq3o,U of W - ESC,,Uncategorized,Closed Won,"NZD 19,492.60",True,Canada
006Q8000004CqlJ,EXAL-NDG,Commercial,Commercial,Closed Lost,"NZD 14,788.63",False,Canada
006Q8000004Crr3,U of W - Inovation Arena,,Entertainment - Sports & Recreation,Closed Won,"NZD 7,937.79",True,Canada
006Q8000004CsaG,Horsham Student Accomodation stage 1 13_12_23,Residential,Residential,Closed Lost,"NZD 22,112.35",False,Australia
006Q8000004Cuyb,WX Controller,,Uncategorized,Closed Won,"NZD 1,002.88",True,United States
006Q8000004Czoh,Mitchell Bucholtz Home WX System April 24,Residential,Residential,Closed Lost,"NZD 2,008.87",False,Australia
006Q8000004D1Qb,Intrusion 3rd Party Main House ICT,Residential,Residential,Procurement,"NZD 2,904.94",False,United States
006Q8000004DHK5,6 x Sites WX System_Sanjit 13 Dec 2023,,Uncategorized,Closed Lost,"NZD 20,569.92",False,Australia
006Q8000004DX3w,GX Upgrade and data sync.,,Uncategorized,Closed Won,"NZD 4,161.69",True,Australia
006Q8000004DYPn,Envoy Integration,Banking & Finance,Banking & Finance,Closed Lost,NZD 0.00,False,United States
006Q8000004DbCN,ACT Embassy WX Sysyem,,Uncategorized,Closed Lost,"NZD 12,816.04",False,Australia
006Q8000004FGtO,USI Universal,Education,Education,Closed Won,"NZD 8,936.37",True,United States
006Q8000004FIwn,Entegra Solutions,Commercial,Commercial,Closed Lost,"NZD 13,799.70",False,Canada
006Q8000004FPv3,Credential Quote 12.13.23,,Uncategorized,Closed Won,NZD 408.82,True,United States
006Q8000004FSrL,Small Preschool,Education,Education,Closed Lost,"NZD 3,296.82",False,United States
006Q8000004FT2f,Coolstores,,Retail,Closed Lost,"NZD 11,542.50",False,New Zealand
006Q8000004Fva1,Warren Village 3,Multi Family,Multi Family,Closed Won,"NZD 99,516.52",True,United States
006Q8000004GVbv,GX clients 14_12_23,,Uncategorized,Closed Lost,"NZD 2,481.00",False,Australia
006Q8000004If5d,AccuLok - 1600 Viceroy - Bhakta Luxury Living - 011724,Multi Family,Multi Family,Closed Lost,"NZD 147,073.76",False,United States
006Q8000004IfVR,Health Care Project in Thailand,Healthcare,Healthcare,Closed Lost,"NZD 6,192.70",False,Asia Pacific
006Q8000004IgbB,Verex to ICT Migration,,Uncategorized,Closed Lost,"NZD 2,212.34",False,Canada
006Q8000004Ioti,Cards for KBI Biopharma,Healthcare,Healthcare,Closed Lost,"NZD 1,705.88",False,United States
006Q8000004IskT,Bravas SF Quote 12.14.23,,Uncategorized,Closed Won,"NZD 17,535.35",True,United States
006Q8000004Iwxh,Colorado SIPA X Quote,,Uncategorized,Closed Won,"NZD 2,712.04",True,United States
006Q8000004J0tF,GX 37 Doors,,Uncategorized,Closed Lost,"NZD 23,328.74",False,New Zealand
006Q8000004J37x,Wireless Mortise Locks,,Uncategorized,Closed Lost,"NZD 3,193.14",False,Canada
006Q8000004JKCB,Muster Report Quotation,Commercial,Critical Infrastructure - Transportation,Closed Lost,"NZD 1,182.98",False,EMEA
006Q8000004JSBC,AlphaNZ_Alpha Offices_Aidan,Commercial,Commercial,Closed Lost,"NZD 1,743.99",False,New Zealand
006Q8000004JTnB,AlphaNZ_2 Door Kit_Aidan,,Uncategorized,Closed Lost,"NZD 3,060.02",False,New Zealand
006Q8000004Je14,CB 15_12_23,Commercial,Commercial,Closed Lost,"NZD 32,586.50",False,Australia
006Q8000004JeLf,Inovonics RX Oliver Dec 15 2023,,Uncategorized,Closed Lost,NZD 977.54,False,Australia
006Q8000004KUCX,Quotation for ICT Equipment,,Uncategorized,Closed Won,"NZD 1,027.32",True,Asia Pacific
006Q8000004LW0z,WX Spares,,Uncategorized,Closed Won,"NZD 1,859.94",True,Australia
006Q8000004MB0w,1 Lincoln - 7&8 Amenities,Commercial,Commercial,Proposal,"NZD 6,132.50",False,United States
006Q8000004MEus,SOAP SDK,Other,Other,Closed Lost,"NZD 9,585.47",False,Canada
006Q8000004MKYu,Oakridge Centre - Building 4 - TSL Readers,,Uncategorized,Closed Won,"NZD 1,829.66",True,Canada
006Q8000004MV9N,HCI-Annapurna WeHo-New Readers-121523,Commercial,Commercial,Closed Lost,"NZD 13,884.88",False,United States
006Q8000004MVZ8,Oakridge Centre - Building 3 - TSL Readers,,Uncategorized,Closed Won,"NZD 1,829.66",True,Canada
006Q8000004MVfd,Stone Mountain Technologies,,Uncategorized,Closed Won,"NZD 1,894.76",True,United States
006Q8000004MZ9i,ArmorIP,,Uncategorized,Closed Won,"NZD 3,342.35",True,United States
006Q8000004MaCD,WX - 20D/113Z/4KP,,Uncategorized,Closed Lost,"NZD 17,802.95",False,Canada
006Q8000004Mfi9,WX - 24D,,Uncategorized,Closed Lost,"NZD 16,580.57",False,Canada
006Q8000004MzVZ,Capital Security - CSM Companies - Kenworth,Commercial,Commercial,Closed Lost,"NZD 35,827.28",False,United States
006Q8000004TWbh,Project Tender - IKN Housing Police and Intelligence,Government,Government,Closed Won,,True,Asia Pacific
006Q8000004TXO5,Project Tender - IKN Housing ASN 3 in Indonesia,Residential,Residential,Closed Lost,,False,Asia Pacific
006Q8000004VSYr,GX - 12D/4E/11F,,Uncategorized,Closed Lost,"NZD 19,096.26",False,Canada
006Q8000004W3zl,Concept upgrade to WX,,Uncategorized,Closed Lost,"NZD 2,124.92",False,New Zealand
006Q8000004Y8ld,Tender for Tung Wah Group of Hospitals (TCTR) and Tung Wah Hospital (TRSC),Healthcare,Healthcare,Proposal,"NZD 11,315.39",False,Asia Pacific
006Q8000004YsyA,Bosch St Neot's - 200 x PRX-ISO-DF-EV3-2K,,Uncategorized,Closed Won,"NZD 2,372.00",True,EMEA
006Q8000004Yuez,Bosch Cirencester - 150 x PRX-ISO-DF-EV3-2K,,Uncategorized,Closed Won,"NZD 1,779.00",True,EMEA
006Q8000004YvCr,Bosch Normanton - 100 x PRX-ISO-DF-EV3-2K,,Uncategorized,Closed Won,"NZD 1,186.00",True,EMEA
006Q8000004Z0J0,ARA_South WX Opportunity_Mark,,Uncategorized,Closed Lost,"NZD 5,244.62",False,New Zealand
006Q8000004Z1q9,Eecol Ronald Marion,Education,Education,Closed Won,"NZD 2,314.99",True,Canada
006Q8000004Z3gg,Stocking Order - Jan 24,,Uncategorized,Closed Won,"NZD 16,829.68",True,EMEA
006Q8000004Z7fR,Vandal-Resistant Covers,,Uncategorized,Closed Lost,NZD 244.94,False,United States
006Q8000004ZAS3,Platt-Geddes School District,Education,Education,Closed Lost,"NZD 140,380.43",False,United States
006Q8000004ZDbE,Azure Apartments,Multi Family,Multi Family,Closed Lost,"NZD 50,297.12",False,United States
006Q8000004ZFxx,AHIMA,,Uncategorized,Closed Lost,"NZD 4,434.00",False,United States
006Q8000004ZH3i,Locks,,Uncategorized,Closed Lost,,False,United States
006Q8000004ZMRc,Replacement Telephone Entry Station - S&M Phase 1,,Uncategorized,Closed Won,"NZD 7,547.69",True,Canada
006Q8000004ZSbr,GX Certification,Training,Training,Closed Won,"NZD 6,116.58",True,Canada
006Q8000004Zcmf,ICT Motorized Deadbolt,,Uncategorized,Proposal,,False,Canada
006Q8000004ZiK1,Kit 2D,,Uncategorized,Closed Won,,True,United States
006Q8000004ZjBG,"Project Frelinghuysen, NJ",,Uncategorized,Closed Lost,"NZD 8,337.18",False,United States
006Q8000004Znuo,Ochil Tree,Residential,Residential,Procurement,"NZD 46,198.71",False,United States
006Q8000004Zu8H,First Tier Bank,Banking & Finance,Banking & Finance,Closed Lost,"NZD 4,400.59",False,United States
006Q8000004Zw8U,50 Corporate sites,Commercial,Commercial - Office,Closed Lost,,False,Australia
006Q8000004bBjl,INDUCTATHERM 20_12_23,,Uncategorized,Closed Won,"NZD 9,385.26",True,Australia
006Q8000004bDnB,Aboriginal Co-op 20_12_23,,Uncategorized,Closed Won,"NZD 8,804.62",True,Australia
006Q8000004ccQ9,GX 1D Controllers,,Uncategorized,Closed Won,"NZD 3,432.35",True,United States
006Q8000004cjgB,Cell Tower project,Critical Infrastructure,Critical Infrastructure,Closed Lost,"NZD 17,612.13",False,United States
006Q8000004cme4,entryphonengmicro,,Uncategorized,Closed Won,"NZD 8,967.38",True,Canada
006Q8000004cmz0,NH Municipal building,Government,Government,Closed Lost,"NZD 51,470.59",False,United States
006Q8000004dZWf,Bob Campbell Oval Dec23,,Uncategorized,Closed Lost,"NZD 8,791.79",False,Australia
006Q8000004eNgN,Aboriginal Co-op site 2  21_12_23,,Uncategorized,Closed Won,"NZD 10,365.31",True,Australia
006Q8000004eQb1,Service NSW - Tallawong SC - ARA Security,,Uncategorized,Closed Won,"NZD 14,567.15",True,Australia
006Q8000004eT5q,Aperio Door pricing - Chris Svolos,,Uncategorized,Closed Lost,"NZD 6,494.95",False,Australia
006Q8000004eTIj,Service NSW - Glenmore Park SC - ARA Security,,Uncategorized,Closed Won,"NZD 16,045.19",True,Australia
006Q8000004gWIy,Sheppard Parking,,Uncategorized,Closed Won,"NZD 14,719.77",True,Canada
006Q8000004gcrN,ICT credentials,,Uncategorized,Closed Lost,NZD 315.71,False,United States
006Q8000004gfkT,Shape - Tower 5 & 6 - Wireless Locks,Multi Family,Multi Family,Decision,"NZD 601,896.20",False,Canada
006Q8000004goFp,Leiters Keypad,,Uncategorized,Closed Won,NZD 315.66,True,United States
006Q8000004iZUR,Perth Racing TECOM Upgrade,Commercial,Commercial,Closed Lost,"NZD 92,444.67",False,Australia
006Q8000004kDeJ,Verex Takeover - 20D 2 Sites,Commercial,Commercial,Closed Lost,"NZD 7,609.20",False,Canada
006Q8000004kGXK,TSL Readers,,Uncategorized,Closed Won,"NZD 1,140.04",True,Canada
006Q8000004wt6g,RJ Schinner - Atlanta,,Uncategorized,Closed Won,"NZD 16,775.97",True,United States
006Q8000004wtpq,Forbel-Consume Cannabis New Dispensary-122623,Commercial,Commercial,Closed Lost,"NZD 22,250.82",False,United States
006Q8000004wwUM,DeditOutlet-New DataCenter-122623,Commercial,Critical Infrastructure - Data Centers,Closed Lost,"NZD 10,856.01",False,United States
006Q8000004xKMz,SWAP Logistic Malaysia,Transportation,Transportation,Closed Won,"NZD 17,615.56",True,Asia Pacific
006Q8000004z5IE,Screen and Forster Services Design Consultancy Ltd - Licenses Budget Quotation,Commercial,Commercial,Closed Lost,"NZD 3,610.63",False,EMEA
006Q8000004zHEZ,Screen and Forster Services Design Consultancy Ltd - Hardware Budget Quotation,Commercial,Commercial,Closed Lost,"NZD 36,872.95",False,EMEA
006Q8000004zUN3,EN5040-T,,Uncategorized,Closed Won,"NZD 1,128.81",True,United States
006Q8000004zcpF,The Brick - Edmonton HQ,,Uncategorized,Closed Won,"NZD 83,057.33",True,Canada
006Q8000004zhQn,The Brick - Winnipeg,,Uncategorized,Closed Won,"NZD 3,968.72",True,Canada
006Q8000004zp9l,The Brick - Kamloops,,Uncategorized,Closed Won,"NZD 4,720.49",True,Canada
006Q80000052iIF,Chubb Hams Hall - Access Cards,,Uncategorized,Closed Won,NZD 296.50,True,EMEA
006Q80000052iWl,LTE Quote 12.28.23,,Uncategorized,Closed Won,NZD 378.10,True,United States
006Q80000052iba,Chubb Hams Hall - Hardware,,Uncategorized,Closed Won,"NZD 9,270.49",True,EMEA
006Q80000052rer,Youville Cambridge,Healthcare,Healthcare,Proposal,"NZD 301,227.87",False,United States
006Q80000052sMQ,Youville Lexington,Healthcare,Healthcare,Proposal,"NZD 333,652.65",False,United States
006Q80000052v4A,8020 Southpark Cir.,,Uncategorized,Closed Lost,"NZD 4,491.90",False,United States
006Q80000053Jss,Executech Quote 12.28.23,,Uncategorized,Closed Lost,"NZD 12,472.09",False,United States
006Q80000055WXS,32 Door GX w/ VMS,Commercial,Commercial,Closed Lost,"NZD 39,185.65",False,United States
006Q8000005DemN,ACT Embassy WX System Jan 24,,Uncategorized,Closed Won,"NZD 6,335.72",True,Australia
006Q8000005DhfO,Supply Only AFx Enterprise System Equipment (EY China),,Uncategorized,Closed Won,"NZD 38,569.54",True,Asia Pacific
006Q8000005DnEX,Supply ICT Encoder and Config Cards,,Uncategorized,Closed Won,NZD 758.80,True,Asia Pacific
006Q8000005F421,NetFusion Office Quote 1.2.23,Commercial,Commercial,Closed Won,"NZD 5,791.01",True,United States
006Q8000005F6Gk,Active Directory License for Leiters,,Uncategorized,Closed Won,"NZD 1,866.97",True,United States
006Q8000005F6yI,Todyl,,Uncategorized,Closed Won,NZD 555.34,True,United States
006Q8000005F8ws,Hallsten,,Uncategorized,Closed Lost,"NZD 135,529.41",False,United States
006Q8000005FWkf,Active Directory,,Uncategorized,Closed Won,"NZD 1,848.18",True,United States
006Q8000005FaI2,Quasar Management Services,,Uncategorized,Closed Lost,"NZD 10,870.06",False,United States
006Q8000005G6g5,WX Site upgrade Con 030124,,Uncategorized,Closed Lost,"NZD 18,258.15",False,Australia
006Q8000005HiOL,YRDSB - FOREST RUN,,Uncategorized,Closed Lost,"NZD 8,600.04",False,Canada
006Q8000005Hiuf,YRDSB - MAPLE CREEK,,Uncategorized,Closed Lost,"NZD 8,600.04",False,Canada
006Q8000005HiwE,YRDSB - LORNA JACKSON,,Uncategorized,Closed Lost,"NZD 8,600.04",False,Canada
006Q8000005HjsN,YRDSB - SILVER STREAM,,Uncategorized,Closed Lost,"NZD 8,338.90",False,Canada
006Q8000005HklA,YRDSB - ROSS DOAN,,Uncategorized,Closed Lost,"NZD 7,687.36",False,Canada
006Q8000005HkoM,YRDSB - MEADOWBROOK,,Uncategorized,Closed Lost,"NZD 10,352.20",False,Canada
006Q8000005Hlam,WX 2 Door Kit - Kent,Commercial,Commercial,Closed Lost,"NZD 3,027.21",False,United States
006Q8000005IcqM,Thanh Xuan Valley - Resort,Residential,Residential,Proposal,"NZD 24,193.55",False,Asia Pacific
006Q8000005KXWR,PRT-WX-DIN quote,,Uncategorized,Closed Won,NZD 919.31,True,United States
006Q8000005KXg7,PO 2832,,Uncategorized,Closed Won,NZD 68.82,True,United States
006Q8000005KZGW,(PSA) PO972808-4628-103-WCEDC,,Uncategorized,Closed Won,"NZD 1,192.41",True,United States
006Q8000005KaZ8,(PSA) PO972806-1239-202-WCEDC,,Uncategorized,Closed Won,"NZD 1,652.51",True,United States
006Q8000005Kc9V,PO 1006687,,Uncategorized,Closed Won,"NZD 1,427.12",True,United States
006Q8000005Kf0w,Proptia GX Training Quote 1.4.23,Training,Training,Closed Lost,"NZD 6,617.65",False,United States
006Q8000005KnPu,2200 Lakeshore,,Uncategorized,Closed Lost,"NZD 78,108.65",False,Canada
006Q8000005L0TZ,Protege X Quote 1.4.23,,Uncategorized,Closed Lost,NZD 66.18,False,United States
006Q8000005LKTu,City of Kingsville PD,,Uncategorized,Closed Won,,True,United States
006Q8000005LKww,Bonnell Aluminum GA Keycards,,Uncategorized,Closed Won,"NZD 1,279.41",True,United States
006Q8000005LLOR,Luther BJC,,Uncategorized,Closed Won,"NZD 22,539.94",True,United States
006Q8000005LMcH,500 Deadbolt,,Uncategorized,Closed Lost,"NZD 203,488.37",False,Canada
006Q8000005LOME,CU Golf Facility,,Uncategorized,Closed Lost,"NZD 4,514.82",False,United States
006Q8000005LPlJ,Aleph Holdings,Commercial,Commercial,Closed Lost,"NZD 7,055.65",False,United States
006Q8000005NHoV,Bydgoszcz Hospital expansion and migration from SE,Healthcare,Healthcare,Closed Lost,,False,EMEA
006Q8000005Odbg,Parkdale,Multi Family,Multi Family,Closed Won,"NZD 35,768.98",True,Canada
006Q8000005OfOx,YRCDSB,,Uncategorized,Proposal,,False,Canada
006Q8000005P6qa,Cuningham,,Uncategorized,Closed Won,NZD 555.34,True,United States
006Q8000005PItK,5 Door WX System,,Uncategorized,Closed Won,"NZD 3,606.17",True,Canada
006Q8000005ULH4,Custom Anti-tailgating Solution for Mantrap for Safeguard's Cash In transits Department in KL Malaysia (Phase 1),Commercial,Commercial,Closed Lost,"NZD 16,129.03",False,Asia Pacific
006Q8000005UPir,Menara Maybank in KL Malaysia,Banking & Finance,Banking & Finance,Closed Won,"NZD 5,728.12",True,Asia Pacific
006Q8000005UYxR,Matrix Concept Apartment in Malaysia,Residential,Residential,Closed Lost,"NZD 31,976.32",False,Asia Pacific
006Q8000005UZbl,Skyline Service Apartment in Malaysia,Multi Family,Multi Family,Closed Lost,"NZD 99,348.84",False,Asia Pacific
006Q8000005WDda,MW Quote,,Uncategorized,Closed Won,,True,United States
006Q8000005WGjX,80 Apartment Mixed use Onehunga,Multi Family,Multi Family,Closed Lost,"NZD 15,000.00",False,New Zealand
006Q8000005WUGE,38D WX Quote 1.8.24,,Uncategorized,Closed Lost,"NZD 65,205.10",False,United States
006Q8000005WVSR,YRDSB - 200 Forest Run Blvd,,Uncategorized,Closed Lost,"NZD 7,393.80",False,Canada
006Q8000005WZNx,Expansion Quotes 1.8.24,,Uncategorized,Closed Lost,,False,United States
006Q8000005WZPZ,40 Apartments Mt Wellington,Multi Family,Multi Family,Closed Lost,"NZD 10,000.00",False,New Zealand
006Q8000005Wrxc,Two Door & Overhead Gate - WX System,Commercial,Commercial,Closed Won,"NZD 3,179.14",True,Canada
006Q8000005WsK9,St Paul University,Education,Education,Closed Lost,"NZD 24,563.95",False,Canada
006Q8000005Wt8B,YRDSB - 210 Hawker Rd,,Uncategorized,Closed Lost,"NZD 7,393.80",False,Canada
006Q8000005WtoA,CCH Clarion Hotel,Residential,Residential,Closed Lost,"NZD 7,414.66",False,United States
006Q8000005Wtxo,YRDSB - 589 Napa Valley Ave,,Uncategorized,Closed Lost,"NZD 7,393.80",False,Canada
006Q8000005WzlS,Graybar Quote 1.8.24,,Hospitality - Food & Beverage,Closed Won,"NZD 8,866.46",True,United States
006Q8000005X2Px,Single Door Access Control,,Uncategorized,Closed Won,"NZD 1,596.38",True,Canada
006Q8000005X6DX,Red Stag Machinery Control,,Uncategorized,Closed Won,"NZD 1,748.34",True,New Zealand
006Q8000005XBcv,Gate Entry,,Uncategorized,Closed Lost,,False,New Zealand
006Q8000005XCM5,Gate Entry,,Uncategorized,Closed Lost,"NZD 1,363.04",False,New Zealand
006Q8000005Xewf,Perth Fertility Clinic,Healthcare,Healthcare,Closed Lost,"NZD 21,524.00",False,Australia
006Q8000005XfW9,Windcave Intercoms,,Uncategorized,Closed Won,"NZD 2,027.91",True,New Zealand
006Q8000005Xob3,Heritage Hotel Upgrade,Residential,Residential,Closed Lost,"NZD 436,517.20",False,New Zealand
006Q8000005ZpUc,WX Demo Kit,Training,Training,Closed Won,,True,United States
006Q8000005ZvVF,Nibulon Agriculture,Other,Other,Closed Lost,"NZD 172,114.43",False,EMEA
006Q8000005Zx7B,Kingspan manufacturing facility,Heavy Industry,Heavy Industry,Closed Lost,"NZD 8,157.90",False,EMEA
006Q8000005ZyeM,Luther Bloomington Hyundai - Salto Replacement,,Uncategorized,Closed Won,"NZD 20,823.53",True,United States
006Q8000005ZyuU,MacArthur Island Carleton Place,Multi Family,Multi Family,Closed Lost,"NZD 46,703.78",False,Canada
006Q8000005Zz4B,Output Expander,,Uncategorized,Closed Won,NZD 405.00,True,United States
006Q8000005a3ED,Restock January,,Uncategorized,Closed Won,"NZD 9,420.66",True,EMEA
006Q8000005a5cc,Lacombe,,Uncategorized,Closed Lost,"NZD 50,218.87",False,Canada
006Q8000005a5hU,YRDSB - 24T114 - Maple Creek,,Uncategorized,Closed Won,"NZD 6,375.55",True,Canada
006Q8000005a9GQ,PO # 2332049,,Uncategorized,Closed Won,NZD 726.18,True,United States
006Q8000005aAys,PO # 2332062,,Uncategorized,Closed Lost,"NZD 1,406.82",False,United States
006Q8000005aBQM,YRDSB - 24T113 - Lorna Jackson,,Uncategorized,Closed Won,"NZD 5,914.83",True,Canada
006Q8000005aBWk,VRC Readers / No KP,Healthcare,Healthcare,Closed Won,"NZD 5,246.12",True,United States
006Q8000005aJR5,YRDSB - 24T112 - Forest Run,,Uncategorized,Closed Won,"NZD 6,375.55",True,Canada
006Q8000005aXx4,YRDSB - 24T117 - Silver Steam,,Uncategorized,Closed Lost,"NZD 5,192.45",False,Canada
006Q8000005aXyf,YRDSB - 24T115 - Meadowbank,Banking & Finance,Banking & Finance,Closed Lost,"NZD 9,192.13",False,Canada
006Q8000005aYjR,YRDSB - 24T116 - Ross Doan,,Uncategorized,Closed Won,"NZD 6,637.20",True,Canada
006Q8000005af6c,Curtis: Building 1726 and 1616 GX,,Uncategorized,Closed Lost,"NZD 52,926.50",False,United States
006Q8000005ahBd,Curtis: Building 1726 and 1616 X,,Uncategorized,Closed Lost,"NZD 45,147.03",False,United States
006Q8000005b8DR,WX Power Plant 19 Jan 2024,Heavy Industry,Heavy Industry,Closed Lost,"NZD 25,950.92",False,Australia
006Q8000005bh38,Frankston Hospital Mental health unit readers,Healthcare,Healthcare,Closed Lost,"NZD 68,730.00",False,Australia
006Q8000005dbHo,Greek National Intelligence Service Vehicle & turnstile,Government,Government,Closed Lost,"NZD 4,199.21",False,EMEA
006Q8000005dlgv,Greek National Intelligence Service - System Expansion,Government,Government,Closed Lost,"NZD 31,690.01",False,EMEA
006Q8000005dmcz,Greek National Intelligence Service - Card reader technology upgrade,Government,Government,Closed Lost,"NZD 36,529.63",False,EMEA
006Q8000005dnfW,Deadbolt Flat Black no Handle,Multi Family,Multi Family,Closed Won,NZD 406.98,True,Canada
006Q8000005doYP,"Banca BCC Agrobresciano (Ghedi, BS)",Banking & Finance,Banking & Finance,Closed Won,"NZD 15,117.67",True,EMEA
006Q8000005drG6,Parcheggio via Borgogna (Milano),Transportation,Transportation,Closed Lost,"NZD 4,173.91",False,EMEA
006Q8000005dsVV,ISSB,,Uncategorized,Closed Won,,True,Canada
006Q8000005dvWd,Verdico Key Fobs,,Uncategorized,Closed Won,NZD 542.65,True,United States
006Q8000005dveh,ASA 1.10.24,,Uncategorized,Closed Won,"NZD 8,113.24",True,United States
006Q8000005dvy6,TSL Readers v TSEC Readers,Other,Other,Closed Won,,True,Canada
006Q8000005dvzh,Curtis: Building 1726 and 1616 Add-Ons,,Uncategorized,Closed Lost,"NZD 1,628.81",False,United States
006Q8000005dw2r,New AC system for Metrovox,,Uncategorized,Closed Lost,"NZD 41,477.62",False,EMEA
006Q8000005dwm6,Test Reader,,Uncategorized,Closed Won,NZD 0.00,True,United States
006Q8000005dyCk,Michael - Retrofit - BLDG 1,Multi Family,Multi Family,Closed Lost,"NZD 98,448.93",False,Canada
006Q8000005dzqL,Michael - Retrofit - BLDG 2,Multi Family,Multi Family,Closed Lost,"NZD 52,300.70",False,Canada
006Q8000005e2Mp,Church,Religious,Religious,Closed Won,NZD 361.76,True,United States
006Q8000005e421,PRT-WX-DIN,,Uncategorized,Closed Won,NZD 835.74,True,United States
006Q8000005e5ZD,Data Pacific_GX Opportunity_Ian,,Uncategorized,Closed Lost,"NZD 35,881.07",False,New Zealand
006Q8000005e7eE,Mammoth - Annapurna Animation Studio - Stamford CT - 011024,,Uncategorized,Closed Won,"NZD 3,424.71",True,United States
006Q8000005e8NO,WX - 2D w/KP,,Uncategorized,Closed Lost,"NZD 1,142.02",False,Canada
006Q8000005eRwH,DIN Rail COMMS Expander,,Uncategorized,Closed Won,"NZD 1,527.32",True,United States
006Q8000005eSfR,NC Bus and Equipment - DIN Rail COMMS Expander,,Uncategorized,Closed Won,"NZD 1,527.32",True,United States
006Q8000005eV5S,PO 21876,,Uncategorized,Closed Won,"NZD 2,611.59",True,United States
006Q8000005eYXy,CSV Daycare Expansion,Education,Education,Closed Lost,"NZD 4,798.53",False,Canada
006Q8000005eZoz,Northeast Middle School,Education,Education,Closed Won,"NZD 5,132.06",True,United States
006Q8000005ea3V,Credentials,,Uncategorized,Closed Won,NZD 56.39,True,Canada
006Q8000005ebfV,PRX-TSEC-STD-KP-BT-B-VRC,,Uncategorized,Closed Won,"NZD 1,185.74",True,United States
006Q8000005fZII,Teltonika,,Uncategorized,Closed Won,NZD 697.51,True,United States
006Q8000005gbDC,Al Habtoor Towers,,Uncategorized,Closed Lost,"NZD 275,569.41",False,EMEA
006Q8000005hajh,Riverain Ottawa,,Uncategorized,Closed Lost,"NZD 20,008.69",False,Canada
006Q8000005hbvu,237193-S Quote,,Uncategorized,Closed Lost,"NZD 5,790.82",False,United States
006Q8000005heCF,Vouliagmenis Avenue Mall (VMC) Athens,Commercial,Retail,Closed Lost,"NZD 2,472,126.40",False,EMEA
006Q8000005hkzB,RS485,,Uncategorized,Closed Lost,"NZD 2,662.28",False,United States
006Q8000005hmD1,GX Demo Software for Exam,Training,Training,Closed Won,NZD 0.00,True,United States
006Q8000005hnFY,PRX-XVRC,,Uncategorized,Closed Won,NZD 392.74,True,United States
006Q8000005hoBb,PO # 2332062,,Uncategorized,Closed Lost,"NZD 1,406.82",False,United States
006Q8000005hoEp,Lewiston Fire Sation,Commercial,Commercial,Closed Lost,"NZD 5,493.53",False,United States
006Q8000005hpkL,SE Annex Quote,,Uncategorized,Closed Won,"NZD 9,741.31",True,United States
006Q8000005hr2z,Almac - GH-23-P532 - 12 x TSL Readers,,Uncategorized,Closed Won,"NZD 5,136.34",True,EMEA
006Q8000005hr32,Cambridge Uni TSEC Reader rollout,Education,Education,Closed Lost,"NZD 55,372.83",False,EMEA
006Q8000005hrJ9,Test,,Uncategorized,Closed Lost,,False,United States
006Q8000005huIb,1/11/24 16D WX,,Uncategorized,Closed Lost,"NZD 13,133.29",False,United States
006Q8000005i6Rs,Regional Municipality of Durham,,Government,Closed Lost,"NZD 2,487.99",False,Canada
006Q8000005iHIP,KBI Emperor Main Entrance,,Uncategorized,Closed Won,"NZD 3,613.41",True,United States
006Q8000005iHby,Hammes Medical Center,Healthcare,Healthcare,Closed Lost,"NZD 9,464.37",False,United States
006Q8000005iK8F,WX Kit + Credentials,,Uncategorized,Closed Won,"NZD 5,290.00",True,United States
006Q8000005iMWf,Upgrade SE to GX Project 11927,,Uncategorized,Closed Lost,"NZD 5,524.80",False,Australia
006Q8000005iQVN,MTL Trucking,,Uncategorized,Closed Won,"NZD 25,907.43",True,United States
006Q8000005iWUL,Wireless Locking 5 Doors,,Uncategorized,Closed Lost,"NZD 8,445.80",False,New Zealand
006Q8000005iZMC,Reflections Holiday Parks-,,Uncategorized,Closed Lost,,False,Australia
006Q8000005j6jL,Park Triangle Project (Turnstile & Mitsubishi Elevator Integration),,Uncategorized,Closed Won,"NZD 17,316.15",True,Asia Pacific
006Q8000005jKhG,LF Philippines Inc Project,,Uncategorized,Closed Won,"NZD 13,289.24",True,Asia Pacific
006Q8000005kV17,Restocking January,,Uncategorized,Closed Won,"NZD 29,506.04",True,EMEA
006Q8000005kdrY,PF Cirimido tender,,Uncategorized,Closed Lost,"NZD 37,653.84",False,EMEA
006Q8000005kt6i,Gruppo CSE - Consorzio Servizi Bancari (Bologna),Banking & Finance,Banking & Finance,Closed Lost,"NZD 52,103.64",False,EMEA
006Q8000005kuU9,Geiger Industrial Plant Expansion,Heavy Industry,Heavy Industry,Closed Lost,"NZD 3,629.58",False,EMEA
006Q8000005kvgL,Alego Industrial Plant expansion,Other,Other,Closed Lost,"NZD 7,486.98",False,EMEA
006Q8000005kxgY,"Via Ripamonti 89, Milan tender",Transportation,Transportation,Closed Lost,"NZD 46,976.68",False,EMEA
006Q8000005lQAh,Metro Quote 1.12.24,,Uncategorized,Closed Lost,"NZD 1,925.49",False,United States
006Q8000005lUpO,NF Card Quote 1.12.24,,Uncategorized,Closed Lost,"NZD 1,800.00",False,United States
006Q8000005lWMZ,Osler - Place Ville Marie GX,Commercial,Commercial,Closed Lost,"NZD 16,652.74",False,Canada
006Q8000005lYD5,NFR Summit Fire & Security Office,Commercial,Commercial,Closed Won,"NZD 19,755.88",True,United States
006Q8000005lbPR,Pittsburgh Security Add On,,Uncategorized,Closed Won,"NZD 1,203.09",True,United States
006Q8000005liKT,Durham One Net at 3000 Garden Street,Government,Government,Closed Lost,"NZD 2,935.58",False,Canada
006Q8000005m3Gr,Osler - Place Ville Marie WX,Commercial,Commercial,Closed Lost,"NZD 13,859.43",False,Canada
006Q8000005sQp4,GX Project 15112,,Uncategorized,Closed Won,"NZD 5,464.63",True,Australia
006Q8000005sUz8,Cards - Night Frank  15 Jan 24,,Uncategorized,Closed Lost,NZD 260.74,False,Australia
006Q8000005sXP7,344 Queen Street,,Uncategorized,Closed Won,"NZD 17,550.80",True,Australia
006Q8000005skHX,Supply AFx Enterprise Software Licenses,,Uncategorized,Closed Won,"NZD 1,863.38",True,Asia Pacific
006Q8000005spQs,ProtegeGX Certified Tech Training and Training Kit,Training,Training,Closed Won,"NZD 1,706.00",True,Asia Pacific
006Q8000005spc9,Armored Readers,,Uncategorized,Closed Lost,"NZD 2,085.09",False,Australia
006Q8000005uTR4,St Mary's,,Uncategorized,Closed Won,"NZD 11,774.15",True,United States
006Q8000005uTqs,St. Francis project WX,Religious,Religious,Closed Lost,"NZD 10,359.18",False,United States
006Q8000005uW0j,FN Bemidji,Banking & Finance,Banking & Finance,Closed Lost,"NZD 3,601.18",False,United States
006Q8000005uXrI,Printer for Church,Religious,Religious,Closed Won,"NZD 1,402.24",True,United States
006Q8000005uY7O,Cedar Crest Hospital-Wristbands,Healthcare,Healthcare,Closed Won,NZD 66.04,True,United States
006Q8000005uZHz,Electric Company,Commercial,Commercial,Closed Lost,"NZD 4,136.43",False,United States
006Q8000005ukJp,Michael - 2024-01-15,Multi Family,Multi Family,Closed Lost,"NZD 714,180.47",False,Canada
006Q8000005ukzm,YRDSB correction parts,,Uncategorized,Closed Won,NZD 870.33,True,Canada
006Q8000005uoIb,Centennial Electric,Commercial,Commercial,Closed Won,"NZD 4,287.31",True,United States
006Q8000005uprN,Chubb_Tag_Phil,Commercial,Commercial,Closed Lost,NZD 85.55,False,New Zealand
006Q8000005v7Uv,Baker Hostetler,,Uncategorized,Closed Lost,"NZD 9,178.76",False,United States
006Q8000005v8E5,Alpa Lumber,Retail,Retail,Closed Lost,"NZD 1,818.95",False,Canada
006Q8000005v8UE,Bunzl Charlton - 50 x PRX-TAG-MF-B,,Uncategorized,Closed Won,NZD 310.00,True,EMEA
006Q8000005v9AA,Driscoll 5th Floor,,Uncategorized,Closed Won,"NZD 34,724.41",True,United States
006Q8000005vEEf,Bunzl Cumbernauld - 100 x PRX-TAG-MF-B,,Uncategorized,Closed Won,NZD 620.00,True,EMEA
006Q8000005vJxV,Inovonics Quote 1.15.24,,Uncategorized,Closed Lost,NZD 0.00,False,United States
006Q8000005vsnB,Additional GX Client License for The Seaview Condominium in Singapore,Residential,Residential,Closed Lost,NZD 581.78,False,Asia Pacific
006Q8000005wTQ9,Tungamah gym 16_01_23,Healthcare,Healthcare,Closed Lost,"NZD 1,913.92",False,Australia
006Q8000005wcJl,Cabinet Power Leads,,Uncategorized,Closed Won,NZD 119.03,True,Australia
006Q8000005xetC,Access Control System for Atmus Filtration in Singapore,Banking & Finance,Banking & Finance,Closed Lost,"NZD 5,031.13",False,Asia Pacific
006Q8000005xi5O,Bunzl Manchester - 70 x PRX-TAG-MF-B,,Uncategorized,Closed Won,NZD 434.00,True,EMEA
006Q8000005xleL,Bunzl Bristol - 50 x PRX-TAG-MF-B,,Uncategorized,Closed Won,NZD 310.00,True,EMEA
006Q8000005xmSL,Bunzl Basingstoke - 100 x PRX-TAG-MF-B,,Uncategorized,Closed Won,NZD 620.00,True,EMEA
006Q8000005xpTS,Cambridge Uni - 25 x TSEC EXTRA Back Box,,Uncategorized,Closed Won,"NZD 1,322.00",True,EMEA
006Q8000005xz9U,Almac - B15 - 30 x TSL Readers,,Uncategorized,Closed Won,"NZD 14,008.20",True,EMEA
006Q8000005y3Hw,Keypad looms 330,,Uncategorized,Closed Won,"NZD 2,471.16",True,Canada
006Q8000005y5Uz,Almac - CR2B - 15 x TSL Readers,,Uncategorized,Closed Won,"NZD 7,004.10",True,EMEA
006Q8000005yAJO,1/15 PO Stock,,Uncategorized,Closed Won,"NZD 3,130.96",True,United States
006Q8000005yEV4,ME Eye - 10DR 2 buildings - 2dr remote,,Uncategorized,Closed Lost,"NZD 8,409.99",False,United States
006Q8000005yHO5,WX Controller Quote 1.16.24,,Uncategorized,Closed Lost,"NZD 1,607.29",False,United States
006Q8000005yM4Q,Tag Quote 1.16.24,,Uncategorized,Closed Won,NZD 581.62,True,United States
006Q8000005yNmr,Test,,Uncategorized,Closed Won,,True,United States
006Q8000005yNwa,Outpatient Radiology,,Uncategorized,Closed Won,"NZD 1,546.76",True,United States
006Q8000005yQeJ,Anzac NFR - Mobile Credentials,,Uncategorized,Closed Lost,NZD 13.76,False,United States
006Q8000005yRVV,Headwater Cards and Fobs,,Uncategorized,Closed Won,NZD 55.59,True,United States
006Q8000005yphV,1185 The High St,,Uncategorized,Closed Lost,"NZD 20,405.31",False,Canada
006Q8000005yqIb,GX Training,Training,Training,Closed Lost,"NZD 7,147.06",False,United States
006Q8000005yqgn,Maitri Medicinals,,Uncategorized,Closed Lost,"NZD 82,350.44",False,United States
006Q8000005yxLi,Accutek - Episcopal HS Add on - 011624,,Uncategorized,Closed Lost,NZD 640.75,False,United States
006Q8000005z0xu,PRX-TAG-MF-W-4K,,Uncategorized,Closed Lost,"NZD 5,735.29",False,United States
006Q8000005z2bV,PO 2002326 - ALTEK,,Uncategorized,Closed Won,NZD 516.18,True,United States
006Q8000005z5GH,WX training kit 17_01_24,Training,Training,Closed Lost,"NZD 2,900.66",False,Australia
006Q8000005zMvE,Cards - Night Frank  17 Jan 24,,Uncategorized,Closed Lost,NZD 46.85,False,Australia
006Q8000005zzwX,WX Upgrade Card Readers -NFC/BT,,Uncategorized,Closed Won,"NZD 3,498.69",True,Australia
006Q80000061Zmh,50 Albert Road Stage 1 17_01_24,Residential,Residential,Closed Lost,"NZD 45,840.29",False,Australia
006Q80000061qva,AAFC Lacombe Alberta,Other,Other,Closed Lost,"NZD 146,770.92",False,Canada
006Q80000061sMI,AAFC Lacombe Alberta,,Uncategorized,Closed Lost,,False,Canada
006Q80000061yuk,Test Tag,,Uncategorized,Closed Lost,,False,United States
006Q800000627A5,GX Training,Training,Training,Closed Lost,"NZD 7,147.06",False,United States
006Q80000062DLv,Islington Council - St Josephs RC Primary School,Education,Education,Closed Won,"NZD 4,232.37",True,EMEA
006Q80000062M2e,GX Level 2 Training,Training,Training,Closed Lost,"NZD 2,198.53",False,United States
006Q80000062gZB,North River Ranch Camp Creek Amenity Center,,Uncategorized,Closed Won,"NZD 16,935.88",True,United States
006Q80000062gcQ,Oracle - Healthtronics Austin Retrofit - 011224,Healthcare,Healthcare,Closed Lost,"NZD 4,411.76",False,United States
006Q80000062jLu,Aperio Cylinder,,Uncategorized,Closed Lost,,False,New Zealand
006Q80000062nfV,New Britian EMS,Government,Government,Closed Lost,"NZD 11,214.19",False,United States
006Q80000062oFC,PRT-CTRL-DIN,,Uncategorized,Closed Won,,True,United States
006Q80000062qBx,DHL Trailers - X,,Uncategorized,Closed Lost,"NZD 1,262.22",False,Canada
006Q80000062qQU,DHL Trailers - GX,,Uncategorized,Closed Lost,"NZD 2,048.24",False,Canada
006Q80000062une,IDN Partner Training Kit,Training,Training,Closed Lost,"NZD 5,896.24",False,Australia
006Q80000062w9K,Replacement 2 Door Expander,,Uncategorized,Closed Lost,NZD 879.77,False,Australia
006Q800000631SM,2 Door Protege X,,Uncategorized,Closed Lost,"NZD 2,099.47",False,Australia
006Q800000636Bv,Protege X Solution,,Uncategorized,Closed Won,"NZD 1,751.66",True,Australia
006Q800000636mz,Particle Measuring Credentials,,Uncategorized,Closed Won,NZD 95.96,True,United States
006Q80000064RNy,Protege X Subscription - Monthly,,Uncategorized,Closed Lost,NZD 21.32,False,Australia
006Q80000065fdP,Blue Water Power plant Sarnia,Government,Government,Closed Lost,,False,Canada
006Q80000065q5l,GX Training Quote 1.18.24,Training,Training,Closed Won,"NZD 6,617.65",True,United States
006Q80000065qKH,TechXpress GX Quote,,Uncategorized,Closed Won,"NZD 6,617.65",True,United States
006Q80000065w7x,1/18 Atlantic Realty project quote,Residential,Residential,Closed Won,"NZD 5,433.18",True,United States
006Q800000661Fh,3000 Garden Street,,Uncategorized,Closed Lost,"NZD 2,927.72",False,Canada
006Q80000066Cj0,Quote 01-18-24,,Uncategorized,Closed Won,NZD 544.63,True,United States
006Q80000066Lvx,205 bagot JP01182024,Multi Family,Multi Family,Closed Lost,"NZD 15,111.20",False,Canada
006Q80000066NL4,2300 Upper Middle - GX,,Uncategorized,Closed Lost,"NZD 34,528.57",False,Canada
006Q80000066NmT,2300 Upper Middle - WX,,Uncategorized,Closed Lost,"NZD 30,025.70",False,Canada
006Q80000066TOs,Custer UMC,,Uncategorized,Closed Won,"NZD 3,747.18",True,United States
006Q80000066TSA,January Readers-Lighthoiuse,,Uncategorized,Closed Won,,True,United States
006Q80000066bSr,PO 6442,Banking & Finance,Banking & Finance,Closed Won,"NZD 3,432.35",True,United States
006Q80000066qLS,Spare Parts,,Uncategorized,Closed Won,"NZD 2,113.83",True,Australia
006Q800000674TF,Jerry's County Market - North Branch,Commercial,Commercial,Closed Lost,"NZD 4,280.62",False,United States
006Q80000067t7Z,Office Building Project in Philippines,Commercial,Commercial - Office,Closed Lost,"NZD 54,795.06",False,Asia Pacific
006Q800000696JV,UOC Judge Business school Aperio Door,Education,Education,Closed Won,"NZD 1,446.02",True,EMEA
006Q80000069PJw,Bunzl Hardware,,Uncategorized,Closed Won,"NZD 7,776.83",True,EMEA
006Q80000069Qns,Aalco Metals Additional Licenses,,Uncategorized,Closed Won,"NZD 1,672.88",True,EMEA
006Q80000069Rju,PO 10030 - 3 @PRT-HRDM-DIN (Niagara Aquarium),Commercial,Commercial,Closed Won,"NZD 1,817.47",True,United States
006Q80000069U54,Aalco Metal Additional Hardware,,Uncategorized,Closed Won,"NZD 1,356.81",True,EMEA
006Q80000069Xe3,Hyatt VOIP,,Hospitality - Hotels,Closed Won,"NZD 1,579.76",True,United States
006Q80000069YlO,Foxbridge,Multi Family,Multi Family,Closed Lost,"NZD 39,898.06",False,United States
006Q80000069ZuL,ICT Entry Station - Arroyo Village,,Uncategorized,Closed Lost,"NZD 5,120.07",False,United States
006Q80000069dI3,X takeover,,Uncategorized,Closed Lost,NZD 39.71,False,United States
006Q80000069exF,GX Training,Training,Training,Closed Won,"NZD 7,147.06",True,United States
006Q80000069ha9,GX Certification,Training,Training,Closed Won,"NZD 6,116.58",True,Canada
006Q80000069zYg,PRT-CTRL-DIN-IP,Residential,Residential,Closed Won,"NZD 1,098.00",True,United States
006Q8000006A6aX,YRDSB Cornell ES,,Uncategorized,Closed Won,"NZD 9,384.86",True,Canada
006Q8000006ERHr,Inovonics Project 1 Stage 2,Healthcare,Healthcare,Closed Lost,"NZD 20,456.30",False,New Zealand
006Q8000006EU2n,Inovonics - Project 2,,Uncategorized,Closed Won,"NZD 4,116.77",True,New Zealand
006Q8000006EUM9,Inovonics Project 1,,Uncategorized,Closed Lost,"NZD 20,456.30",False,New Zealand
006Q8000006EzD3,St Kilda Pier Melbourne 22_01_24,,Uncategorized,Closed Lost,"NZD 5,788.38",False,Australia
006Q8000006FNgq,Aotea BOP_Hamilton Street_Peter,Commercial,Commercial,Closed Lost,"NZD 14,227.71",False,New Zealand
006Q8000006G0rq,Inductatherm Time and Attendance 22_01_24,,Uncategorized,Closed Won,"NZD 2,169.18",True,Australia
006Q8000006GTc5,25 Merton Street 22_01_23,Residential,Residential,Closed Won,"NZD 4,288.86",True,Australia
006Q8000006GVh7,Additional Door License for AFx Enterprise System,,Uncategorized,Closed Won,NZD 891.89,True,Asia Pacific
006Q8000006HwXC,1 Lincoln - 14th Sherin and Lodgen,Commercial,Commercial,Closed Won,"NZD 9,521.63",True,United States
006Q8000006IDkv,464 Springbank,Banking & Finance,Banking & Finance,Closed Lost,"NZD 34,563.81",False,Canada
006Q8000006IM9t,Lacombe - Options,,Uncategorized,Closed Lost,"NZD 1,456.09",False,Canada
006Q8000006IQVG,PO 7100976,,Uncategorized,Closed Won,NZD 845.71,True,United States
006Q8000006ISyT,PO 71000985,,Uncategorized,Closed Won,"NZD 4,129.85",True,United States
006Q8000006IVt7,Fire Fighter - Software Systems,,Uncategorized,Closed Won,"NZD 8,814.18",True,United States
006Q8000006IpNB,Forma Toronto - ICT,Multi Family,Multi Family,Closed Lost,"NZD 820,783.15",False,Canada
006Q8000006Izft,License Upgrade,Banking & Finance,Banking & Finance,Closed Won,"NZD 5,618.26",True,United States
006Q8000006KTIX,Supply ICT Equip for Stock Replenishment (ICT) - PO-AFE-0003314,,Uncategorized,Closed Won,"NZD 19,127.45",True,Asia Pacific
006Q8000006LOqJ,"Sad Rejonowy, Sosnowiec",,Uncategorized,Closed Lost,"NZD 93,687.45",False,EMEA
006Q8000006LOvB,London Islington Council Site 1 - Verex Upgrade - Hardware via iSales,Government,Government,Closed Won,"NZD 17,338.20",True,EMEA
006Q8000006LTRm,Uniwersytet Medyczny w Poznaniu - Extension of the existing system,,Uncategorized,Closed Won,"NZD 8,701.62",True,EMEA
006Q8000006LVzs,"Kompania Piwowarska (Bia?ystok, Tychy) - Extension of the existing system",,Uncategorized,Closed Won,"NZD 12,728.74",True,EMEA
006Q8000006Ldao,British American Tobacco Factory,Commercial,Industrial - Manufacturing,Closed Won,"NZD 14,150.10",True,EMEA
006Q8000006Litu,U of W - 5D,,Uncategorized,Closed Won,"NZD 5,349.69",True,Canada
006Q8000006Lps5,GX Level 1 Training Flight/Hotel,Training,Training,Closed Lost,,False,United States
006Q8000006Luwh,Mobile Credential Quote 1.23.24,,Uncategorized,Closed Won,NZD 21.82,True,United States
006Q8000006Lws0,ProtegeWX 4-Door Starter Kit,Commercial,Commercial,Closed Lost,"NZD 2,431.95",False,Canada
006Q8000006Ly8z,GX Level 2 Training,Training,Training,Closed Won,"NZD 4,397.06",True,United States
006Q8000006LyXB,WC Gate GX Training 1.23.24,Training,Training,Closed Won,"NZD 6,617.65",True,United States
006Q8000006M0h3,Access Quote 1.23,,Uncategorized,Closed Lost,"NZD 2,537.34",False,United States
006Q8000006M3Bu,Driscoll January Addon,,Uncategorized,Closed Won,"NZD 8,778.49",True,United States
006Q8000006M3tY,Power Supplies,,Uncategorized,Closed Won,"NZD 2,178.53",True,United States
006Q8000006MHjW,WMW,,Uncategorized,Closed Won,"NZD 1,680.57",True,United States
006Q8000006MSa7,Brightwater Block G,,Uncategorized,Closed Lost,"NZD 152,049.28",False,Canada
006Q8000006MUP4,Smart-tek - Terravita Apartments - Phase 1 - 012324,Multi Family,Multi Family,Procurement,"NZD 56,130.63",False,United States
006Q8000006MUqQ,KIT-WX-2D,,Uncategorized,Closed Won,"NZD 1,406.82",True,United States
006Q8000006MWx3,Office Demo,Training,Training,Closed Won,"NZD 1,657.59",True,United States
006Q8000006MwDC,TEG-18192,,Uncategorized,Closed Won,"NZD 1,379.41",True,United States
006Q8000006N25h,Add on for NJ OLS Glassboro NJ (7167),Commercial,Commercial,Closed Won,"NZD 5,728.74",True,United States
006Q8000006N50M,SO-48305,,Uncategorized,Closed Won,"NZD 7,607.29",True,United States
006Q8000006NRww,WX System Upgrade 24 Jan 2024,,Uncategorized,Closed Won,"NZD 18,594.78",True,Australia
006Q8000006ODYX,Hong Ngoc Hospital in Vietnam,Healthcare,Healthcare,Closed Lost,"NZD 155,210.77",False,Asia Pacific
006Q8000006PS5h,Uman Prison,,Government - Corrections,Closed Won,"NZD 3,287.73",True,EMEA
006Q8000006Pehz,Golden Oaks - Kits,,Uncategorized,Closed Won,"NZD 12,270.35",True,United States
006Q8000006PhmJ,HCI Quote 1.24.24,,Uncategorized,Closed Lost,NZD 243.63,False,United States
006Q8000006PiSE,Tag Quote 1.24.24,,Uncategorized,Closed Lost,NZD 11.63,False,United States
006Q8000006PkH7,WX Demo Kit,Training,Training,Closed Won,"NZD 1,432.41",True,United States
006Q8000006Plpu,Church,Religious,Religious,Closed Won,"NZD 4,903.01",True,United States
006Q8000006Pn8Z,YRDSB meadowbrook,,Uncategorized,Closed Won,"NZD 10,625.65",True,Canada
006Q8000006Pp5W,"Tags, Cards and Disc",,Uncategorized,Closed Won,,True,United States
006Q8000006PrDm,YRDSB Silverstream,,Uncategorized,Closed Won,"NZD 10,345.03",True,Canada
006Q8000006QxIj,1.24.24 Order,,Uncategorized,Closed Won,"NZD 10,255.29",True,United States
006Q8000006R509,"Wallenius - Fifa, WA",,Uncategorized,Closed Won,"NZD 1,815.44",True,United States
006Q8000006RUZq,Proyek P. Rachman (Azbil Berca Indonesia),Commercial,Commercial,Closed Lost,"NZD 8,823.53",False,Asia Pacific
006Q8000006RdoJ,Indokeppel (Cakrawana Adi Perkasa),Commercial,Commercial,Closed Lost,NZD 483.87,False,Asia Pacific
006Q8000006Rm58,Bogasari (Autojaya Idetech),Commercial,Commercial,Closed Lost,"NZD 1,290.32",False,Asia Pacific
006Q8000006Rn9F,Project Oasis Sudirman (Azbil Berca Indonesia),Commercial,Commercial,Closed Lost,"NZD 84,776.56",False,Asia Pacific
006Q8000006RnQz,Puri Indah Mall 2 (Azbil Berca Indonesia),Commercial,Retail,Closed Lost,"NZD 4,032.26",False,Asia Pacific
006Q8000006RnkL,Bandara Timor Leste (Stera Global Solusindo),Commercial,Commercial,Closed Lost,"NZD 3,225.81",False,Asia Pacific
006Q8000006Rnys,IKN Paket 3 (Siscomtech),Government,Government,Closed Lost,"NZD 58,823.53",False,Asia Pacific
006Q8000006RoJp,FGWH Tambahan (Cargill Indonesia),Commercial,Commercial,Closed Lost,NZD 147.06,False,Asia Pacific
006Q8000006Rozl,BIN (Kreasi Indonesia Makmur.),Banking & Finance,Banking & Finance,Closed Lost,NZD 735.29,False,Asia Pacific
006Q8000006SMrs,GX Training - FEB24,Training,Training,Closed Won,"NZD 6,551.37",True,Australia
006Q8000006T8q0,20 x PRX-TAG-MF-B,,Uncategorized,Closed Won,NZD 124.00,True,EMEA
006Q8000006TIZC,KIT-WX-2D Quote,,Uncategorized,Closed Won,"NZD 1,013.24",True,United States
006Q8000006TNqj,Weld County Cards,,Uncategorized,Closed Won,,True,United States
006Q8000006TP1C,Winston County Courthouse,Residential,Residential,Closed Won,NZD 225.00,True,United States
006Q8000006TREK,UNH Cards,Education,Education,Closed Won,"NZD 9,382.35",True,United States
006Q8000006TTOA,P&A,,Uncategorized,Closed Lost,"NZD 6,662.51",False,United States
006Q8000006TUSI,Hadas,,Uncategorized,Closed Won,"NZD 22,001.22",True,Canada
006Q8000006TW2g,Pittston Branch,,Uncategorized,Closed Won,"NZD 10,245.11",True,United States
006Q8000006TWc9,Sierra FD,,Uncategorized,Closed Lost,NZD 711.91,False,United States
006Q8000006TYng,mitsubishi electric,Commercial,Commercial,Closed Won,,True,Canada
006Q8000006Tae9,PRX-TSEC-STD-BT-B,,Uncategorized,Closed Won,NZD 365.96,True,United States
006Q8000006TbC1,DCH RGV 1,,Uncategorized,Closed Won,"NZD 5,970.57",True,United States
006Q8000006TeZj,Output Expanders,,Uncategorized,Closed Lost,"NZD 3,461.82",False,United States
006Q8000006TedA,Suprema P2 Indoor Fingerprint Reader,,Uncategorized,Closed Won,NZD 598.42,True,New Zealand
006Q8000006TfHG,Centura Building,,Uncategorized,Closed Lost,"NZD 47,274.18",False,United States
006Q8000006TvsI,GX & Salto XS4 One - 166 Oriental Bay Apartments,Multi Family,Multi Family,Closed Lost,"NZD 19,712.24",False,New Zealand
006Q8000006TzJB,PRX-TSEC-XTRA-KP-BT-B-VRC,,Uncategorized,Closed Lost,NZD 604.19,False,United States
006Q8000006U8Ph,Weld County Cards,,Uncategorized,Closed Won,NZD 8.87,True,United States
006Q8000006U9CG,PO Stock 01/24,,Uncategorized,Closed Won,"NZD 2,278.68",True,United States
006Q8000006UAhd,Tri-State Readers,,Uncategorized,Closed Won,"NZD 1,164.18",True,United States
006Q8000006UAsw,Purchase Order no. 1681,,Uncategorized,Closed Won,"NZD 7,607.29",True,United States
006Q8000006UHGC,PO 2220,,Uncategorized,Closed Won,"NZD 11,687.18",True,United States
006Q8000006ULjX,YV Anawa,Commercial,Commercial,Closed Lost,"NZD 10,000.00",False,New Zealand
006Q8000006W2jB,AFx Migration for Mainetti Hong Kong,Commercial,Commercial,Closed Lost,"NZD 2,704.85",False,Asia Pacific
006Q8000006WDpt,V48 office building in Budapest XIII district,Commercial,Commercial - Office,Closed Lost,"NZD 171,800.44",False,EMEA
006Q8000006WZ2P,Security System Proposal for BNI Bank,Banking & Finance,Banking & Finance,Proposal,"NZD 11,809.56",False,Asia Pacific
006Q8000006WqeO,ICT Reader Quote,,Uncategorized,Closed Won,NZD 170.62,True,Canada
006Q8000006X5Le,LCNB 9,,Uncategorized,Closed Won,"NZD 13,783.82",True,United States
006Q8000006X5bo,LCNB 3,,Uncategorized,Closed Won,"NZD 18,688.53",True,United States
006Q8000006X7yZ,LCNB 7,,Uncategorized,Closed Won,"NZD 18,242.06",True,United States
006Q8000006X8OR,LCNB 4,,Uncategorized,Closed Won,"NZD 12,944.85",True,United States
006Q8000006XAMy,LCNB 1,,Uncategorized,Closed Won,"NZD 14,512.21",True,United States
006Q8000006XBVt,U of W - 44 Readers,Education,Education,Closed Lost,"NZD 41,168.01",False,Canada
006Q8000006XC8d,ProtegeWX 4-Door Starter Kit,Commercial,Commercial,Closed Lost,"NZD 1,797.07",False,Canada
006Q8000006XCJv,LCNB 6,,Uncategorized,Closed Won,"NZD 18,285.00",True,United States
006Q8000006XCbf,LCNB 5,,Uncategorized,Proposal,"NZD 29,556.45",False,United States
006Q8000006XDhN,LCNB 2,,Uncategorized,Closed Won,"NZD 17,120.00",True,United States
006Q8000006XEbq,LCNB 11,Banking & Finance,Banking & Finance,Closed Won,"NZD 18,285.00",True,United States
006Q8000006XEwn,LCNB 8,,Uncategorized,Closed Won,"NZD 15,710.59",True,United States
006Q8000006XFJP,LCNB 14,,Uncategorized,Proposal,"NZD 17,230.97",False,United States
006Q8000006XFuT,LCNB 10,,Uncategorized,Closed Won,"NZD 17,067.79",True,United States
006Q8000006XGKH,LCNB 12,,Uncategorized,Closed Won,"NZD 20,418.24",True,United States
006Q8000006XGVZ,LCNB 13,,Uncategorized,Proposal,"NZD 16,096.29",False,United States
006Q8000006XHJZ,MF Clamshell,,Uncategorized,Closed Won,NZD 291.18,True,United States
006Q8000006XLwh,DCH RGV 2,,Uncategorized,Closed Won,"NZD 5,970.57",True,United States
006Q8000006XOHp,DCH RGV 3,,Uncategorized,Closed Won,"NZD 5,970.57",True,United States
006Q8000006XgWT,Dan Reiger - fobs,,Uncategorized,Closed Lost,"NZD 6,558.14",False,Canada
006Q8000006cgpC,South Morang 25_01_24,,Uncategorized,Closed Won,"NZD 1,508.04",True,Australia
006Q8000006dfCj,GX Training Kit,Training,Training,Closed Won,"NZD 2,610.59",True,Australia
006Q8000006ditn,GX Training,Training,Training,Closed Won,"NZD 1,099.49",True,Australia
006Q8000006e1gH,GX Training,Training,Training,Closed Won,"NZD 2,198.97",True,Australia
006Q8000006e3Bq,GX Training,Training,Training,Closed Won,"NZD 1,099.49",True,Australia
006Q8000006e7KH,GX Training,Training,Training,Closed Won,"NZD 4,122.31",True,Australia
006Q8000006eBkT,Access Cards - 26-Bit,,Uncategorized,Closed Won,NZD 412.11,True,Australia
006Q8000006fv0U,Cornwall Council - Chestnuts,Government,Government,Closed Won,"NZD 7,521.11",True,EMEA
006Q8000006fwxi,"Boon's Trace HOA - Richmond, KY (2DR system)",Residential,Residential,Closed Won,"NZD 3,519.12",True,United States
006Q8000006fyPl,ICT Construction Cards,Multi Family,Multi Family,Closed Won,,True,Canada
006Q8000006fyRN,Bosch Normanton - 3 x PRT-HPX8-DIN,,Uncategorized,Closed Won,"NZD 1,284.57",True,EMEA
006Q8000006fzQj,"NJ OLS Job # SA014WD (4621A NOTTINGHAM WAY, HAMILTON NJ 08690)",Commercial,Commercial,Closed Won,"NZD 5,756.24",True,United States
006Q8000006fzfC,Cornwall Council Adult Day Centre,Government,Government,Closed Won,"NZD 1,356.81",True,EMEA
006Q8000006g3Z9,Cornwall Council - White River Place,Government,Government,Closed Won,"NZD 27,099.28",True,EMEA
006Q8000006g4i5,Veterans Admin,,Uncategorized,Closed Lost,"NZD 12,500.00",False,United States
006Q8000006g63x,Cornwall Council - Lishhard Hub,Government,Government,Closed Won,"NZD 20,367.45",True,EMEA
006Q8000006g8dg,The Lofts at Stehli Silk Mill - Lancaster 60 MDB project (PDQ),Residential,Residential,Closed Lost,"NZD 42,547.94",False,United States
006Q8000006gDF9,GX Training,Training,Training,Closed Won,"NZD 7,147.06",True,United States
006Q8000006gFOz,NJ OLS Job # SS005NPDO5 231 Market St. Camden,Commercial,Commercial,Closed Won,"NZD 3,252.28",True,United States
006Q8000006gIVA,PRX-TSEC-STD-BT-B,,Uncategorized,Closed Lost,NZD 487.94,False,United States
006Q8000006gZkH,UHS of Delaware Inc & UHS-Palmetto Lowcountry Behavioral Health,Healthcare,Healthcare,Closed Won,"NZD 56,895.29",True,United States
006Q8000006gdmJ,Takapuna Central Apartments,Multi Family,Multi Family,Closed Lost,"NZD 30,000.00",False,New Zealand
006Q8000006gdsk,NDIS housing example estimate 30_01_24,,Residential,Closed Lost,"NZD 16,509.09",False,Australia
006Q8000006hZVK,Dormakaba replacement to Aperio 30_01_24,,Uncategorized,Closed Lost,"NZD 2,716.57",False,Australia
006Q8000006hbAY,GX Training,Training,Training,Closed Won,"NZD 1,221.65",True,Australia
006Q8000006hgF4,Panic Button Alarm System for Chubb in Malaysia,,Uncategorized,Closed Won,"NZD 5,559.76",True,Asia Pacific
006Q8000006hiqL,Office Demo WX 31_05_24,Training,Training,Closed Won,"NZD 1,539.70",True,Australia
006Q8000006ja3w,Mississippi Watershed,,Uncategorized,Closed Lost,"NZD 37,753.15",False,United States
006Q8000006jc7L,PO 2904,Commercial,Commercial,Closed Won,NZD 536.03,True,United States
006Q8000006jdeU,8 reader quote,,Uncategorized,Closed Won,"NZD 1,274.01",True,Canada
006Q8000006jdwJ,KNC Card Quote 1.30.24,,Uncategorized,Closed Lost,NZD 817.65,False,United States
006Q8000006jf5C,Reader Quote 1.30.24,,Uncategorized,Closed Lost,NZD 321.82,False,United States
006Q8000006jjtd,7 PRX-TSEC-EXTRA-BT-B,,Uncategorized,Closed Lost,"NZD 2,799.79",False,United States
006Q8000006jlQl,Valor on the Fax - Replacement Lock,,Uncategorized,Closed Won,"NZD 2,369.12",True,United States
006Q8000006jlyf,4 EXTRA-BT-B,,Uncategorized,Closed Won,"NZD 1,599.88",True,United States
006Q8000006jnFd,Sawnee North Campus,,Uncategorized,Closed Won,"NZD 38,924.62",True,United States
006Q8000006jnva,11 EXTRA-BT-B,,Uncategorized,Closed Lost,"NZD 4,399.68",False,United States
006Q8000006joOe,Bonnell Carthage,,Uncategorized,Closed Won,"NZD 5,193.18",True,United States
006Q8000006jpe1,Reuter 1-30-24,,Uncategorized,Closed Won,"NZD 11,513.12",True,United States
006Q8000006jtmU,SIEA Gate,,Uncategorized,Closed Lost,"NZD 3,854.65",False,United States
006Q8000006jwkL,Park Your Trucks,,Uncategorized,Closed Won,NZD 646.76,True,United States
006Q8000006jxJp,United Power Tags,,Uncategorized,Closed Won,,True,United States
006Q8000006jxTV,United Power Tags,,Uncategorized,Closed Won,NZD 966.71,True,United States
006Q8000006jxgP,Denver West Prime Robotics,,Uncategorized,Closed Won,"NZD 2,254.57",True,United States
006Q8000006jyB4,Durham parts tender,Government,Government,Closed Won,"NZD 19,886.49",True,Canada
006Q8000006jykY,20/30/40 Harding - In-Suite Keypads,,Uncategorized,Closed Lost,"NZD 93,772.04",False,Canada
006Q8000006jz5V,20/30/40 Harding - Access Control,,Uncategorized,Closed Lost,"NZD 162,012.20",False,Canada
006Q8000006k04o,20/30/40 Harding - Elevator,,Uncategorized,Closed Lost,"NZD 12,610.47",False,Canada
006Q8000006k1le,Biometrics,,Uncategorized,Closed Lost,"NZD 6,198.66",False,Canada
006Q8000006k26c,Solas_Bar Access Alarm_Eoin,,Hospitality - Food & Beverage,Closed Lost,"NZD 2,504.21",False,New Zealand
006Q8000006k2TB,Durham Region Expansion,Government,Government,Closed Lost,"NZD 2,628.87",False,Canada
006Q8000006kTQA,Sureline_Mirimar Golf Club_Luke,,Uncategorized,Closed Won,"NZD 2,497.98",True,New Zealand
006Q8000006kWsf,"505 PEARL ST BUFFALO, NY",Residential,Residential,Proposal,"NZD 16,129.03",False,United States
006Q8000006l2Fq,WX pricing test project 31_01_24,,Uncategorized,Closed Lost,"NZD 2,300.05",False,Australia
006Q8000006nDBz,Central Markets (CMAR),Commercial,Commercial,Closed Lost,"NZD 159,935.40",False,Australia
006Q8000006nLW5,TMG Properties,,Uncategorized,Closed Won,"NZD 30,523.26",True,Canada
006Q8000006nNPp,expander,,Uncategorized,Closed Won,NZD 504.85,True,United States
006Q8000006nONV,Bosch Rexroth - 200 x DESFire EV3 2K ISO CR80 Cards,,Uncategorized,Closed Won,"NZD 2,372.00",True,EMEA
006Q8000006nawZ,Handles,,Uncategorized,Proposal,,False,Canada
006Q8000006nc8k,King's Wharf_Jasper Flat Black,Transportation,Transportation,Proposal,,False,Canada
006Q8000006negq,Snowhill II - Catastrophic Failure Equipment Quote,,Uncategorized,Closed Won,"NZD 14,821.24",True,EMEA
006Q8000006nfBR,PO TEG-Office,Commercial,Commercial,Closed Won,NZD 143.38,True,United States
006Q8000006ngFZ,Seneca Police Dept - 1.31.24 WX Kit,,Uncategorized,Closed Won,"NZD 4,504.06",True,United States
006Q8000006niCX,Kings Wharf_Glacier,Transportation,Transportation,Proposal,,False,Canada
006Q8000006nkEM,Saskatoon Building - Salto,,Uncategorized,Closed Lost,"NZD 12,649.03",False,Canada
006Q8000006nkPe,Red Mesa Cards,,Uncategorized,Closed Lost,NZD 575.74,False,United States
006Q8000006nksf,Durham Region,,Uncategorized,Closed Lost,"NZD 19,886.49",False,Canada
006Q8000006nmT6,Saskatoon Building - Allegion,,Uncategorized,Closed Lost,"NZD 21,062.30",False,Canada
006Q8000006nmWH,Black Canyon 3,,Uncategorized,Closed Won,"NZD 8,437.41",True,United States
006Q8000006oGWB,Protege X - Test,,Uncategorized,Closed Lost,NZD 727.21,False,ICT
006Q8000006p8cq,Attic Stock - 1.31.24,,Uncategorized,Closed Won,"NZD 5,602.21",True,United States
006Q8000006p9yh,Family Life 01_02_24,,Uncategorized,Closed Lost,"NZD 8,078.93",False,Australia
006Q8000006pK4T,Compañía Nacional de Fuerza y Luz S.A. Readers,Heavy Industry,Heavy Industry,Closed Lost,"NZD 87,974.79",False,United States
006Q8000006rBWY,IVO,,Uncategorized,Closed Won,"NZD 14,451.35",True,United States
006Q8000006rID5,GX DIN + Zone Exp,,Uncategorized,Closed Won,"NZD 2,072.51",True,United States
006Q8000006rIwE,Credentials,,Uncategorized,Closed Won,"NZD 3,500.00",True,United States
006Q8000006rJCM,Stone Street & Broadway Towers,,Uncategorized,Closed Won,"NZD 4,988.47",True,United States
006Q8000006rJVh,Jain Enterprises Limited - Training Kit,Training,Training,Closed Won,"NZD 7,147.06",True,United States
006Q8000006rLUJ,Pittston Branch,,Uncategorized,Closed Won,"NZD 8,335.92",True,United States
006Q8000006rLpF,Pyramid Reader,,Uncategorized,Closed Won,NZD 930.29,True,United States
006Q8000006rMDR,PRX-ISO-MF,,Uncategorized,Closed Won,"NZD 3,411.76",True,United States
006Q8000006rOWz,SouthEastern Virginia Training Center,Training,Training,Closed Won,"NZD 2,682.22",True,United States
006Q8000006rP9m,Armstrong Wellington_WX Single_Jim,,Uncategorized,Closed Won,"NZD 1,341.56",True,New Zealand
006Q8000006rt2v,Roberts Accounting - 25 PRX-SWB-MF-W-M,,Uncategorized,Closed Won,NZD 344.12,True,United States
006Q8000006ruzv,Hill Crest,,Uncategorized,Closed Won,"NZD 21,193.53",True,United States
006Q8000006s64z,City of Lafayette - Access Control Replacement,,Uncategorized,Closed Lost,"NZD 14,705.88",False,United States
006Q8000006sGXP,GX face to face training 02_02_24,Training,Training,Closed Won,"NZD 1,099.49",True,Australia
006Q8000006sGp8,Water front Apartments 02_02_24,Residential,Residential,Closed Won,NZD 76.32,True,Australia
006Q8000006sgOe,GX Training,Training,Training,Closed Won,"NZD 1,221.65",True,Australia
006Q8000006sr8k,Founders Lane - Sol & Dawn - Dual Encryption - CXI - 2Feb2024,,Uncategorized,Closed Lost,"NZD 10,455.47",False,Australia
006Q8000006uRTV,AFx Enterprise Migration Project in Singapore,,Uncategorized,Closed Won,"NZD 1,201.36",True,Asia Pacific
006Q8000006urr2,Belvika,Commercial,Commercial,Closed Lost,"NZD 3,496.49",False,Canada
006Q8000006uwsK,X Alarm - 14 Sites,,Uncategorized,Closed Lost,"NZD 12,909.95",False,Canada
006Q8000006uxA4,GX Alarm - 14 Sites,,Uncategorized,Closed Won,"NZD 30,369.14",True,Canada
006Q8000006v2zK,200 x PRX-ISO-MF - East Of England Ambulance,Healthcare,Healthcare,Closed Won,NZD 908.00,True,EMEA
006Q8000006v7uC,Animal Blood Resource,,Uncategorized,Closed Won,NZD 962.12,True,United States
006Q8000006v8dK,Salto Access - ICT Alarm,,Uncategorized,Closed Won,"NZD 26,104.02",True,Canada
006Q8000006vBzR,Evapco,,Uncategorized,Closed Won,"NZD 14,506.76",True,United States
006Q8000006vE9K,Benedictine Living Community-Crookston - Phase 1 and 2,,Uncategorized,Closed Won,"NZD 70,051.76",True,United States
006Q8000006vEMB,HighPoint Electric,Commercial,Commercial,Closed Won,NZD 558.18,True,United States
006Q8000006vFV7,Highpoint Land Holdings,,Uncategorized,Closed Won,NZD 734.12,True,United States
006Q8000006vFeo,Standale Enterprises,,Uncategorized,Closed Won,NZD 998.47,True,United States
006Q8000006vFrk,Greene County Schools 2.2.2024,Education,Education,Closed Won,"NZD 7,207.06",True,United States
006Q8000006vHS5,WX 8 Door,,Uncategorized,Closed Won,"NZD 7,068.00",True,United States
006Q8000006vIeI,Denver West Quotes,,Uncategorized,Closed Won,"NZD 5,098.50",True,United States
006Q8000006vM3b,Budgetary - SmartPro - Luther Corp KC Dealership 1 - GX - 14 Doors,Commercial,Commercial,Closed Lost,"NZD 42,468.53",False,United States
006Q8000006vNhD,Gary 2-2-24,,Uncategorized,Closed Won,NZD 495.00,True,United States
006Q8000006vY37,cards,,Uncategorized,Closed Won,"NZD 3,752.94",True,United States
006Q8000006vZ7G,PO TEG-18204,,Uncategorized,Closed Won,"NZD 2,547.94",True,United States
006Q8000006vZGw,Bridgestone Plant,,Industrial - Manufacturing,Closed Lost,"NZD 25,620.88",False,United States
006Q8000006vZtf,PO 240079,Education,Education,Closed Won,"NZD 2,668.63",True,United States
006Q8000006vbk9,condo keypad,Residential,Residential,Closed Lost,NZD 136.40,False,Canada
006Q8000006vbnN,Freemont Hospital,Healthcare,Healthcare,Closed Won,"NZD 31,463.97",True,United States
006Q8000006ve3h,PO TEG-18205,,Uncategorized,Closed Won,NZD 852.94,True,United States
006Q8000006vg3v,82 Door Wireless Lock Project,Multi Family,Multi Family,Closed Lost,"NZD 61,790.81",False,Canada
006Q80000070iEk,ALFRED HOSPITAL LIFT 9 ICU 05_02_23,Healthcare,Healthcare,Closed Won,"NZD 13,451.52",True,Australia
006Q80000071Dws,Aperio Locks,Government,Government,Closed Lost,"NZD 18,042.24",False,Australia
006Q80000071QsU,Replacement Card reader,,Uncategorized,Closed Won,NZD 486.61,True,Australia
006Q800000738BX,Quotation for Combine Projects in Philippines,,Uncategorized,Closed Won,"NZD 43,471.81",True,Asia Pacific
006Q80000073A3e,"Sad Okregowy, Katowice, next stage",,Uncategorized,Closed Won,"NZD 43,081.85",True,EMEA
006Q80000073tok,ION AVT Training Quote,Training,Training,Closed Won,"NZD 6,617.65",True,United States
006Q800000747oV,Expeditied WX controller,,Uncategorized,Closed Won,"NZD 1,607.29",True,United States
006Q80000074Dgz,Entry Station,,Uncategorized,Closed Lost,"NZD 9,303.63",False,Canada
006Q80000074WDR,CR Mining,,Uncategorized,Closed Lost,"NZD 6,013.82",False,Australia
006Q80000074Weo,320 McRae Additional Licenses,Multi Family,Multi Family,Closed Won,NZD 535.19,True,Canada
006Q80000074def,Greene County Schools 2.5.24,Education,Education,Closed Won,"NZD 5,675.65",True,United States
006Q80000074jgr,Central Markets - Intercom,,Uncategorized,Closed Lost,"NZD 11,599.70",False,Australia
006Q800000753u5,Base Building - 82 Wireless Lock Project,Multi Family,Multi Family,Closed Lost,"NZD 36,480.38",False,Canada
006Q80000075uaD,Project Tender for Four Seasons Hotel in Taipei Taiwan,Commercial,Hospitality - Hotels,Closed Lost,,False,Asia Pacific
006Q80000077MML,WX - 7D,,Uncategorized,Closed Lost,"NZD 4,320.20",False,Canada
006Q80000077PKF,PO 2024-006-00S-P,,Uncategorized,Closed Won,"NZD 3,914.06",True,United States
006Q80000077V9W,Heritage Apartments,Multi Family,Multi Family,Closed Won,"NZD 7,271.16",True,United States
006Q80000077d5R,2.6.24,,Uncategorized,Closed Won,"NZD 3,022.06",True,United States
006Q80000077dVH,Bosch Rexroth Time & Attendance,,Uncategorized,Closed Won,"NZD 1,995.62",True,EMEA
006Q80000077dmz,City of Monmouth PD,,Uncategorized,Closed Lost,NZD 0.00,False,United States
006Q80000077fNN,WMW_3,,Uncategorized,Closed Won,"NZD 1,680.57",True,United States
006Q80000077fNO,Cartridge Mortise,Multi Family,Multi Family,Working,"NZD 70,551.53",False,United States
006Q80000077gzN,Heartland Bank Readers,Banking & Finance,Banking & Finance,Closed Won,,True,United States
006Q80000077hPB,Heartland Bank Branches,Banking & Finance,Banking & Finance,Closed Lost,"NZD 126,248.60",False,United States
006Q80000077jfV,GB Reader Quote 2.6.24,,Uncategorized,Closed Lost,"NZD 1,036.38",False,United States
006Q80000077nPm,Trudel,,Uncategorized,Closed Lost,,False,Canada
006Q80000077oX7,Tennessee Heart Clinic,Healthcare,Healthcare,Closed Lost,"NZD 8,574.59",False,United States
006Q80000078C1Z,Mortise Pricing,,Uncategorized,Closed Lost,,False,United States
006Q80000078PgR,Nuriootpa Traders,,Uncategorized,Closed Lost,"NZD 24,408.11",False,Australia
006Q80000078S6L,HSM Gate and Doors,,Uncategorized,Closed Won,"NZD 3,401.77",True,New Zealand
006Q80000078UEe,ICT Certification - PO# 0001-01,Training,Training,Closed Won,"NZD 7,147.06",True,United States
006Q80000078UJS,All Star Sports,Commercial,Commercial,Closed Lost,"NZD 33,622.41",False,United States
006Q80000078dUo,Mass Mutual - Project Chicopee,Banking & Finance,Banking & Finance,Closed Lost,"NZD 9,358.94",False,United States
006Q80000078tWM,GX Training Kit,Training,Training,Closed Lost,"NZD 2,900.66",False,Australia
006Q800000798yQ,320 Adelaide Street,,Uncategorized,Closed Lost,"NZD 5,488.58",False,Australia
006Q80000079LZ5,F-80S 07_02_24,Commercial,Commercial,Closed Lost,"NZD 8,484.82",False,Australia
006Q80000079PuR,F-122C 07_02_24,,Uncategorized,Closed Won,"NZD 9,316.46",True,Australia
006Q80000079Q5i,F-222CH 07_02_24,,Uncategorized,Closed Won,"NZD 13,555.82",True,Australia
006Q80000079RrN,F-1061N 07_02_24,,Uncategorized,Closed Won,"NZD 29,174.29",True,Australia
006Q8000007AitO,NHS Wales - Carmarthen Mortuary - Hardware,Healthcare,Healthcare,Closed Lost,"NZD 1,839.59",False,EMEA
006Q8000007AkGr,NTT GDCI JKT3 Migration Project in Indonesia,Commercial,Commercial,Closed Won,"NZD 12,277.16",True,Asia Pacific
006Q8000007An0D,NHS Wales - Carmarthen Mortuary - Software,Healthcare,Healthcare,Closed Lost,"NZD 2,968.80",False,EMEA
006Q8000007B0Go,Chubb Office - 20 x PRX-ISO-DF-EV3-2K,Commercial,Commercial,Closed Won,NZD 237.20,True,EMEA
006Q8000007B3kv,Equipment for I2,Commercial,Commercial,Closed Won,"NZD 12,496.76",True,United States
006Q8000007B4c9,WX Alarm Parts,,Uncategorized,Closed Lost,"NZD 4,283.32",False,Canada
006Q8000007B5Wb,Sad Katowice -  2 new locations,Commercial,Commercial,Closed Won,"NZD 27,558.04",True,EMEA
006Q8000007BFXb,Tenancy Portal,Multi Family,Multi Family,Closed Lost,"NZD 9,561.59",False,Canada
006Q8000007BFqx,TSL Readers,,Uncategorized,Closed Lost,,False,United States
006Q8000007BSJW,Tenancy Portal,,Uncategorized,Closed Won,"NZD 1,638.16",True,United States
006Q8000007BTVh,Hellenic Center,Healthcare,Healthcare,Closed Won,"NZD 5,965.76",True,United States
006Q8000007BUOY,GX Training,Training,Training,Closed Won,"NZD 7,147.06",True,United States
006Q8000007BVxJ,GX Client Licenses,,Uncategorized,Closed Won,"NZD 3,123.68",True,United States
006Q8000007BWwd,Entry Station,,Uncategorized,Closed Lost,"NZD 9,303.63",False,Canada
006Q8000007BXPd,AlphaNZ_Havana_Aidan,Commercial,Commercial,Closed Lost,"NZD 1,990.36",False,New Zealand
006Q8000007BgzE,GX Certification,Training,Training,Closed Won,"NZD 6,116.58",True,Canada
006Q8000007BhIa,Church,Religious,Religious,Closed Won,"NZD 5,807.84",True,United States
006Q8000007Bojs,PO # 11822 - Nymbl Science,Healthcare,Healthcare,Closed Won,"NZD 1,406.82",True,United States
006Q8000007BpEh,Motorized Deadbolt,,Uncategorized,Closed Lost,"NZD 1,080.88",False,United States
006Q8000007Bq0r,YMCA,Commercial,Commercial,Closed Lost,"NZD 11,834.29",False,Canada
006Q8000007BxH4,Corporate House SE to GX Upgrade,Residential,Residential,Closed Lost,"NZD 200,194.53",False,Australia
006Q8000007CB5K,Branch services support 2024,,Critical Infrastructure - Transportation,Proposal,NZD 5.88,False,OEM
006Q8000007CMaE,Executive on the Park - 243 Cartridge Mortise & 23 Motorized DB,Multi Family,Multi Family,Closed Lost,"NZD 206,656.80",False,Canada
006Q8000007CMdT,UCC-811 Islington Avenue version 2 02072024,,Uncategorized,Closed Lost,"NZD 20,652.96",False,Canada
006Q8000007CT8i,Willmar School District - Add,Education,Education,Closed Lost,"NZD 5,168.68",False,United States
006Q8000007CaTY,Telephone Entry - Video,Multi Family,Multi Family,Closed Won,,True,Canada
006Q8000007CeiQ,Aperio Doors,,Uncategorized,Closed Lost,"NZD 3,758.44",False,New Zealand
006Q8000007Clwn,WX Schneider Replacement,Commercial,Commercial,Closed Won,"NZD 28,153.50",True,Australia
006Q8000007D0J7,KUBEN Museum,,Entertainment - Cultural,Closed Won,"NZD 17,862.90",True,EMEA
006Q8000007D1S5,BORG DRIFT & EIENDOM,,Uncategorized,Closed Won,"NZD 19,044.77",True,EMEA
006Q8000007D1lU,Mary St Quote,,Uncategorized,Closed Lost,"NZD 5,558.65",False,Australia
006Q8000007D1wj,Focus Security Stock,,Uncategorized,Closed Won,"NZD 9,503.88",True,EMEA
006Q8000007E9PC,Qualfon Project (Call Centre) in Philippines (Phase 1) (Software),Commercial,Commercial,Closed Won,,True,Asia Pacific
006Q8000007EDNx,Optional Items for Qualfon Project (Call Centre) in Philippines (Phase 1) (Hardware),,Uncategorized,Closed Won,"NZD 9,707.88",True,Asia Pacific
006Q8000007EVW9,IDN - GX Training,Training,Training,Closed Won,"NZD 7,466.08",True,Canada
006Q8000007EcCf,Michael - Church Street,Religious,Religious,Closed Lost,"NZD 41,437.58",False,Canada
006Q8000007Eka2,Ceva Hams Hall - 100 x PRX-ISO-MF,,Uncategorized,Closed Won,NZD 434.00,True,EMEA
006Q8000007EoIf,ME Yachts 2,,Uncategorized,Closed Won,"NZD 1,161.88",True,United States
006Q8000007Eok5,511 Rochester Ave - Verex Migration,,Uncategorized,Closed Lost,"NZD 18,260.19",False,Canada
006Q8000007Eotl,Space,,Uncategorized,Closed Won,"NZD 1,215.00",True,United States
006Q8000007EwBq,200 iso cards - PO: Olive St,Residential,Residential,Closed Won,"NZD 1,023.53",True,United States
006Q8000007F0tj,Wireless Locking for Glass Doors,,Uncategorized,Closed Lost,"NZD 10,000.00",False,New Zealand
006Q8000007F2gc,PO 23544,,Uncategorized,Closed Won,"NZD 8,945.59",True,United States
006Q8000007F8e1,Sunningdale Heights,,Uncategorized,Closed Won,"NZD 19,864.66",True,Canada
006Q8000007FDPL,Hartford 3 building project,Residential,Residential,Proposal,"NZD 12,766.24",False,United States
006Q8000007FEUr,TEG-18208,,Uncategorized,Closed Won,"NZD 10,549.32",True,United States
006Q8000007FGdN,Eagle Air 3 units,Commercial,Commercial,Closed Lost,"NZD 8,507.29",False,United States
006Q8000007FJUY,Apartment Wireless Doors,Multi Family,Multi Family,Closed Won,,True,New Zealand
006Q8000007FLXx,Metro WX Quote,,Uncategorized,Closed Lost,,False,United States
006Q8000007FQSn,Garden Drive - GX Project,Multi Family,Multi Family,Closed Lost,"NZD 65,397.05",False,Canada
006Q8000007FsAY,Additional items for DHL Malaysia Project,,Uncategorized,Closed Lost,"NZD 2,812.21",False,Asia Pacific
006Q8000007GFTh,Aged Care Replacement Readers,Healthcare,Healthcare,Closed Won,NZD 996.95,True,Australia
006Q8000007GUXZ,2.9.24,,Uncategorized,Closed Lost,"NZD 1,186.76",False,United States
006Q8000007I6Vz,60 Absolute,,Uncategorized,Closed Lost,"NZD 5,587.47",False,Canada
006Q8000007IHXt,Indiana Animal Hospital,Healthcare,Healthcare,Closed Lost,"NZD 51,078.53",False,United States
006Q8000007IMKd,Norbec,,Uncategorized,Closed Won,"NZD 7,940.02",True,Canada
006Q8000007IMsT,Feb readers for Lighthouse,Residential,Residential,Closed Won,"NZD 1,779.88",True,United States
006Q8000007IOKn,February Cards,,Uncategorized,Closed Won,NZD 817.65,True,United States
006Q8000007IP5b,7 DOOR SYSTEM,,Uncategorized,Closed Lost,,False,Canada
006Q8000007IPDe,Habitat For Humanity,,Uncategorized,Closed Lost,"NZD 5,416.74",False,Canada
006Q8000007IPaD,Archie cards,,Uncategorized,Closed Won,"NZD 1,514.08",True,Canada
006Q8000007IqYo,Sherwood Manor,Multi Family,Multi Family,Closed Lost,,False,Canada
006Q8000007Iv7I,Fremont Hospital - 534,Healthcare,Healthcare,Closed Won,"NZD 53,884.12",True,United States
006Q8000007Nmaz,85 Kolmar Rd Papatoetoe - 5x Housing Units,Residential,Residential,Closed Lost,"NZD 58,835.77",False,New Zealand
006Q8000007O5H4,Replacement Reader,,Uncategorized,Closed Won,NZD 211.55,True,Australia
006Q8000007PRc8,South Kent Wind,,Uncategorized,Closed Lost,"NZD 1,969.63",False,Canada
006Q8000007Pa7W,Verex - 3D/20Z,,Uncategorized,Closed Won,"NZD 2,645.81",True,Canada
006Q8000007PcEA,Verex - 15D/20Z,Commercial,Commercial,Closed Lost,"NZD 10,704.37",False,Canada
006Q8000007Pdwc,Inovonics buttons,,Uncategorized,Closed Lost,,False,United States
006Q8000007PfYd,mifare 200 credentials,Healthcare,Healthcare,Closed Won,"NZD 1,635.29",True,United States
006Q8000007Phs9,U of W - 5 Readers,Education,Education,Closed Won,"NZD 10,638.30",True,Canada
006Q8000007Pj4L,Pinewood Mental Health- 200 additional mifare,Healthcare,Healthcare,Closed Won,"NZD 1,023.53",True,United States
006Q8000007PjkH,Giant Vape - 2 Buildings,,Uncategorized,Closed Lost,"NZD 10,887.70",False,Canada
006Q8000007Pjqj,University of Alberta - Student Housing,Education,Education,Closed Lost,"NZD 57,010.98",False,Canada
006Q8000007PnO6,Waldon Security - Protege GX Training,Training,Training,Closed Won,"NZD 8,236.54",True,EMEA
006Q8000007PnWB,keycards,,Uncategorized,Closed Won,,True,United States
006Q8000007PqDt,Sample TSL,,Uncategorized,Closed Lost,NZD 396.24,False,United States
006Q8000007PqSP,Key Cards,,Uncategorized,Closed Lost,,False,United States
006Q8000007Q8xB,CHKD Carpenter Shop,,Retail,Closed Won,NZD 399.97,True,United States
006Q8000007QBjl,Chaytor_Barrier Arm_Damian,,Uncategorized,Closed Lost,"NZD 4,978.43",False,New Zealand
006Q8000007QGoH,TechXpress - Delano,,Uncategorized,Closed Won,"NZD 6,016.06",True,United States
006Q8000007QSOB,Upgrade to PIN Reader,,Uncategorized,Closed Lost,NZD 452.33,False,Australia
006Q8000007QX2l,Alstom Dandenong 13_02_24,Commercial,Commercial,Closed Lost,"NZD 18,438.52",False,Australia
006Q8000007QeFV,Alstom Ballarat 13_02_24,Commercial,Commercial,Closed Lost,"NZD 22,620.77",False,Australia
006Q8000007QhtJ,Wheelhouse Plumbing,Residential,Residential,Closed Won,"NZD 14,007.18",True,United States
006Q8000007R3x3,Powers Place,,Uncategorized,Closed Lost,"NZD 433,670.56",False,United States
006Q8000007R41u,# 3-6880 13_02_24,,Uncategorized,Closed Won,"NZD 3,084.15",True,Australia
006Q8000007SyIB,YRDSB - Hardware Components and Training,Training,Training,Closed Won,"NZD 22,964.38",True,Canada
006Q8000007TD4I,Grassy Narrows - Access Control,,Uncategorized,Closed Lost,"NZD 48,248.99",False,Canada
006Q8000007TF2r,Norbec rev 2,,Uncategorized,Closed Won,"NZD 4,327.19",True,Canada
006Q8000007TYLe,Up Spec_Abodo Ohinewai_Bryce,Commercial,Commercial,Closed Lost,"NZD 2,060.88",False,New Zealand
006Q8000007Tale,Wink Loving,,Uncategorized,Closed Won,"NZD 67,547.79",True,United States
006Q8000007Tc4H,4 Door WX System - No Can,Commercial,Commercial,Closed Won,"NZD 2,889.62",True,Canada
006Q8000007Tlyx,Sky TV GX upgrade from Integriti,Commercial,Commercial,Closed Lost,"NZD 50,000.00",False,New Zealand
006Q8000007UBOb,CAT Security HQ Project in Philippines,Commercial,Commercial,Closed Lost,"NZD 7,430.31",False,Asia Pacific
006Q8000007URel,WX Upgrade - Expansion,,Uncategorized,Closed Won,"NZD 1,537.29",True,Australia
006Q8000007WHHp,WX Order,,Uncategorized,Closed Won,"NZD 4,860.71",True,Canada
006Q8000007WJRh,Keyscan Replacement - 24D WX,,Uncategorized,Closed Lost,"NZD 15,772.98",False,Canada
006Q8000007WJl3,Keyscan Replacement - 24D GX,,Uncategorized,Closed Lost,"NZD 20,232.02",False,Canada
006Q8000007WNgc,ICT - Order Process,,Uncategorized,Closed Won,"NZD 3,987.88",True,United States
006Q8000007WXXt,Windwood,,Uncategorized,Closed Lost,"NZD 6,601.70",False,Canada
006Q8000007WZOS,Brightwater,Multi Family,Multi Family,Closed Won,"NZD 38,648.66",True,Canada
006Q8000007WuCk,Bosch Muster Reporting,Commercial,Commercial,Closed Lost,"NZD 1,285.85",False,EMEA
006Q8000007WuPd,Mesa Creek Additional Locks,,Uncategorized,Closed Won,"NZD 3,882.35",True,United States
006Q8000007WvSJ,UB Project updated,,Uncategorized,Closed Won,"NZD 28,056.95",True,Australia
006Q8000007X2Gj,ICT Encoder HW and Software + Managed Site Code for Service NSW,Government,Government,Closed Lost,"NZD 2,955.48",False,Australia
006Q8000007X9Jp,Victoria Project,Multi Family,Multi Family,Closed Lost,"NZD 117,904.95",False,Canada
006Q8000007XEWP,WX 4 Door Kit,,Uncategorized,Closed Won,"NZD 2,365.97",True,United States
006Q8000007XJB7,4 Door Kit with Bluetooth,,Uncategorized,Closed Won,"NZD 3,506.41",True,United States
006Q8000007XPGX,Motorized Deadbolt - Pricing,Other,Other,Closed Won,NZD 707.32,True,Canada
006Q8000007XwpB,ICT ITEMS_PR#0429 (New Project) (PO#04262024-INT847),Commercial,Commercial,Closed Won,"NZD 9,937.95",True,Asia Pacific
006Q8000007ZQq3,B&W 18 Door Exp,,Uncategorized,Closed Won,"NZD 12,924.13",True,United States
006Q8000007Za1N,Durham HQ equipment,,Uncategorized,Closed Won,"NZD 62,318.17",True,Canada
006Q8000007ZfXL,desfiretag,,Uncategorized,Closed Won,NZD 507.91,True,Canada
006Q8000007ZnEj,150 x PRX-ISO-MF,,Uncategorized,Closed Lost,NZD 651.00,False,EMEA
006Q8000007ZoM6,Firmware Upgrade Hardware,,Uncategorized,Closed Lost,NZD 369.09,False,United States
006Q8000007ZoPL,2-Door WX - 2.15.24,,Uncategorized,Closed Won,"NZD 1,257.65",True,United States
006Q8000007Zoqj,Genesis Research,Healthcare,Healthcare,Closed Lost,"NZD 11,653.64",False,United States
006Q8000007Zp5F,2 Door Demo,Training,Training,Closed Won,"NZD 2,408.82",True,United States
006Q8000007Zroc,Highend condo MTL,Residential,Residential,Closed Lost,"NZD 325,806.12",False,Canada
006Q8000007ZrpF,Lake City _4,,Uncategorized,Closed Won,"NZD 2,600.33",True,United States
006Q8000007Zt2P,Heartland Bank TEST SITE Readers,Banking & Finance,Banking & Finance,Closed Won,NZD 0.00,True,United States
006Q8000007aD9E,1600 Glen,,Uncategorized,Closed Won,NZD 766.72,True,United States
006Q8000007aKKM,Maxitrans QLD16_02_24,,Uncategorized,Closed Lost,"NZD 3,281.97",False,Australia
006Q8000007aQO9,ISS_Suprette X Opp_Leon,,Uncategorized,Closed Won,NZD 16.39,True,New Zealand
006Q8000007aQuu,Breakthrough VIC 16_02_24,,Uncategorized,Closed Lost,NZD 768.11,False,Australia
006Q8000007aXZJ,34 Door WX System,Multi Family,Multi Family,Decision,"NZD 31,090.92",False,Canada
006Q8000007aupF,ISS_North Shore Golf Club_De Vries,Commercial,Commercial,Closed Lost,"NZD 3,491.48",False,New Zealand
006Q8000007cywn,HWIL Phase 2,,Uncategorized,Closed Won,"NZD 22,122.86",True,EMEA
006Q8000007d4Sk,10 Door Lic.,,Uncategorized,Closed Won,NZD 435.71,True,United States
006Q8000007d6BC,Car Dealership - First Site,Retail,Retail,Closed Lost,"NZD 12,369.18",False,Canada
006Q8000007dCYN,Branthaven Condos Oakville - New Price,Multi Family,Multi Family,Closed Won,"NZD 60,428.33",True,Canada
006Q8000007dNdR,University of Alberta - Go Center,Education,Education,Closed Lost,"NZD 21,740.64",False,Canada
006Q8000007dO3F,ArmorIP Internet,,Uncategorized,Closed Won,NZD 806.99,True,Canada
006Q8000007dgkv,Embassy,Residential,Residential,Closed Lost,"NZD 21,249.20",False,Canada
006Q8000007djMD,WX 2 Door Expansion,,Uncategorized,Closed Won,"NZD 1,871.03",True,United States
006Q8000007doxB,10 Door Kit,,Uncategorized,Closed Lost,"NZD 5,000.69",False,United States
006Q8000007hrjO,Salto Apartments,Multi Family,Multi Family,Closed Lost,"NZD 78,347.23",False,New Zealand
006Q8000007hu2v,Cleanline Tasman Protege X Subs,,Uncategorized,Closed Won,NZD 40.65,True,New Zealand
006Q8000007iD2M,1 Market Place TSEC Readers,,Uncategorized,Closed Won,"NZD 5,134.12",True,New Zealand
006Q8000007iH7a,Harry Winston - Pricing Request,Retail,Retail,Closed Lost,"NZD 18,896.29",False,United States
006Q8000007iKQR,Quote 19_02_24,,Uncategorized,Closed Won,"NZD 1,573.53",True,Australia
006Q8000007iNWL,Suprema Readers,,Uncategorized,Closed Won,"NZD 3,900.52",True,Australia
006Q8000007iTnD,Blueforce Credentials,,Uncategorized,Closed Lost,NZD 134.72,False,Australia
006Q8000007jcUw,ICT Access Readers,,Uncategorized,Closed Lost,"NZD 1,561.99",False,Australia
006Q8000007khM7,GX Training,Training,Training,Closed Won,"NZD 1,221.65",True,Australia
006Q8000007lKYl,Urban Academy Charter School,Education,Education,Closed Won,NZD 536.03,True,United States
006Q8000007lLrP,Metro Clamshell cards,,Uncategorized,Closed Lost,NZD 73.53,False,United States
006Q8000007lQSr,Cornwall Council South Wheal Crofty,Government,Government,Closed Won,"NZD 18,119.50",True,EMEA
006Q8000007lTQo,GX database tools,,Uncategorized,Closed Lost,"NZD 7,536.32",False,United States
006Q8000007lUQ2,2.19.24,,Uncategorized,Closed Lost,"NZD 3,091.24",False,United States
006Q8000007lYIL,Nightingale,,Uncategorized,Closed Won,"NZD 3,125.49",True,United States
006Q8000007la7H,Executech 10D DVA,,Uncategorized,Closed Won,"NZD 5,000.69",True,United States
006Q8000007lbL3,Brent Daniel - Church,Commercial,Religious,Closed Lost,"NZD 45,563.42",False,United States
006Q8000007lcdh,USB to 485 converter,,Uncategorized,Closed Won,NZD 191.91,True,United States
006Q8000007lecH,WX-GX Conversion,,Uncategorized,Closed Lost,"NZD 1,470.59",False,United States
006Q8000007liBJ,6 GX Licenses,,Uncategorized,Closed Won,"NZD 1,289.29",True,United States
006Q8000007lv3u,Salto Serial Number,,Uncategorized,Closed Won,NZD 0.00,True,United States
006Q8000007ophd,yrdsbpx8,,Uncategorized,Closed Won,NZD 481.12,True,Canada
006Q8000007oxTx,Industrial Waste Recovery,,Industrial,Closed Won,"NZD 10,326.00",True,United States
006Q8000007pNZe,TSL Readers JZ,,Uncategorized,Closed Won,"NZD 1,132.36",True,Canada
006Q8000007pOHD,Apartment Project,Multi Family,Multi Family,Closed Lost,"NZD 2,761.94",False,United States
006Q8000007pRAD,Self Storage 2 Gates,,Uncategorized,Closed Lost,"NZD 1,856.92",False,New Zealand
006Q8000007pS9W,First WX System,,Uncategorized,Closed Lost,"NZD 5,712.05",False,Australia
006Q8000007pSEL,50x Tags,,Uncategorized,Closed Won,NZD 415.13,True,New Zealand
006Q8000007pTVp,Journey Church Downstairs,Religious,Religious,Closed Won,"NZD 1,066.59",True,United States
006Q8000007pTai,PO#437924,,Uncategorized,Closed Lost,"NZD 3,345.62",False,United States
006Q8000007punM,fob Order,,Uncategorized,Closed Lost,,False,United States
006Q8000007pwfT,Reader and credentials 6540 21_02_24,,Uncategorized,Closed Won,NZD 310.66,True,Australia
006Q8000007q79R,NJ OLS District Office 7 (DO7) Delran SA007HC,Commercial,Commercial,Closed Won,"NZD 3,252.28",True,United States
006Q8000007quDN,Gym WX upgrade,Healthcare,Healthcare,Closed Lost,"NZD 3,994.80",False,Australia
006Q8000007s2jx,BAT Office Hallmark Project,Commercial,Commercial,Closed Won,"NZD 3,950.32",True,Asia Pacific
006Q8000007sLZi,WX Kits,,Uncategorized,Closed Lost,"NZD 11,487.63",False,Canada
006Q8000007sMh4,Military Hospital - Var. 1,Healthcare,Healthcare,Closed Won,"NZD 1,805.79",True,EMEA
006Q8000007sOCe,Construction Gate - WX,,Uncategorized,Closed Won,"NZD 1,190.88",True,Canada
006Q8000007sRIX,Ritch Meyer,,Uncategorized,Closed Lost,"NZD 1,818.19",False,Canada
006Q8000007sVh7,Cambridge University Library - Specials,Education,Education,Closed Won,"NZD 9,223.04",True,EMEA
006Q8000007sX2z,500 E. Hampden Zone Expander Quote,,Uncategorized,Closed Won,NZD 605.82,True,United States
006Q8000007sXfi,Liberty City - Matawan 14DR WX,Commercial,Commercial,Closed Lost,"NZD 17,196.00",False,United States
006Q8000007saDm,NJ OLS - Key Tags (100),Commercial,Commercial,Closed Won,NZD 663.24,True,United States
006Q8000007saLp,Ian MacConnell - Wristbands,Other,Other,Closed Won,NZD 597.03,True,Canada
006Q8000007sbHv,PO 21974,,Uncategorized,Closed Won,"NZD 1,406.82",True,United States
006Q8000007sbct,PO 7101080,,Uncategorized,Closed Won,"NZD 1,331.32",True,United States
006Q8000007sbt0,PO 1006844,,Uncategorized,Closed Won,"NZD 9,741.35",True,United States
006Q8000007sc98,PO WILKINS RV,,Uncategorized,Closed Won,"NZD 1,002.88",True,United States
006Q8000007scM1,2DR NFR,Commercial,Commercial,Closed Lost,"NZD 6,223.24",False,United States
006Q8000007scvW,PO 6104304,,Uncategorized,Closed Won,"NZD 8,788.76",True,United States
006Q8000007sdgI,PO 2003338-CA WHITE,,Uncategorized,Closed Won,NZD 450.00,True,United States
006Q8000007seak,PO 2224,,Uncategorized,Closed Won,NZD 488.85,True,United States
006Q8000007sfRx,PO 2609,,Uncategorized,Closed Won,NZD 150.00,True,United States
006Q8000007sfa1,PO # 21984,,Uncategorized,Closed Won,"NZD 1,406.82",True,United States
006Q8000007sflJ,TEG-18227,,Uncategorized,Closed Won,"NZD 6,212.35",True,United States
006Q8000007sghN,TEG-18147-3,,Uncategorized,Closed Won,"NZD 1,520.29",True,United States
006Q8000007sgz7,PO BSB ICT Stock,Banking & Finance,Banking & Finance,Closed Won,"NZD 9,155.59",True,United States
006Q8000007sh0j,TSEC,,Uncategorized,Closed Won,NZD 484.12,True,United States
006Q8000007shVN,PO 2947 - City Yard,,Uncategorized,Closed Won,"NZD 1,210.29",True,United States
006Q8000007shqL,PO 2948 - Griggs,,Uncategorized,Closed Won,NZD 916.18,True,United States
006Q8000007shyP,PO 2949 - Stock,,Uncategorized,Closed Won,"NZD 4,114.60",True,United States
006Q8000007t1Vh,Config Card,,Uncategorized,Closed Lost,,False,United States
006Q8000007t4wb,Salto license,,Uncategorized,Closed Lost,"NZD 2,933.82",False,United States
006Q8000007t9eY,Case and Associates replacement controllers,,Uncategorized,Closed Won,"NZD 2,682.93",True,United States
006Q8000007tQFa,Liquid Laundromat Paeroa,,Uncategorized,Closed Lost,"NZD 2,000.00",False,New Zealand
006Q8000007tRMv,Liquid Laundromat Thames,,Uncategorized,Closed Lost,"NZD 2,000.00",False,New Zealand
006Q8000007thbQ,489 Robinsons Road office/warehouse 22_02_24,Residential,Residential,Closed Lost,"NZD 3,394.77",False,Australia
006Q8000007tzja,Rumah Sakit Kesehatan Gigi dan Mulut Cicendo (Dental Hospital)  Bandung in Indonesia (PT Pilar Cakra Mas - YEM),Commercial,Healthcare - Hospitals,Closed Lost,"NZD 7,057.44",False,Asia Pacific
006Q8000007vtet,4040 Quebec Request,Multi Family,Multi Family,Decision,"NZD 19,562.03",False,United States
006Q8000007vvNK,CABLE-PWR-NA,,Uncategorized,Closed Lost,NZD 12.84,False,United States
006Q8000007w506,WX Rugby Club,Commercial,Commercial,Closed Lost,"NZD 3,655.96",False,New Zealand
006Q8000007wPAJ,19D access controller kit with Bluetooth/fob readers,,Uncategorized,Closed Lost,"NZD 22,073.65",False,United States
006Q8000007wSRP,1228/1288 Marinaside Crescent,Multi Family,Multi Family,Closed Lost,"NZD 19,970.26",False,Canada
006Q8000007wSgE,HPX8,,Uncategorized,Closed Won,NZD 540.00,True,United States
006Q8000007wWec,Curran Group,,Uncategorized,Closed Won,"NZD 12,354.71",True,United States
006Q8000007wXCV,Compañía Nacional de Fuerza y Luz S.A. Readers,Heavy Industry,Heavy Industry,Closed Lost,"NZD 88,047.06",False,United States
006Q8000007wXkM,Tier 3 License,,Uncategorized,Closed Lost,,False,United States
006Q8000007wYQH,PCA El Paso - Guardian - Retrofit,Commercial,Commercial,Closed Lost,"NZD 11,926.72",False,United States
006Q8000007wYRt,PCA Vernon - HCI - Retrofit,Commercial,Commercial,Closed Won,"NZD 24,905.51",True,United States
006Q8000007wdRy,Saikel GX Option,,Uncategorized,Closed Lost,"NZD 124,060.03",False,Australia
006Q8000007x254,115 beach st 23_02_24,,Uncategorized,Closed Won,"NZD 5,915.88",True,Australia
006Q8000007xAP7,GX Training Level 2,Training,Training,Closed Lost,"NZD 2,198.53",False,United States
006Q8000007xAP8,GX Training Level 2 - 4/24 8:30AM-17:00,Training,Training,Closed Lost,"NZD 2,198.53",False,United States
006Q8000007xAvN,GX Training Level 2 - 4/24 8:30AM-17:00,Training,Training,Closed Lost,"NZD 2,198.53",False,United States
006Q8000007xB1p,GX Training Level 2 - 4/24 8:30AM-17:00,Training,Training,Closed Won,"NZD 2,198.53",True,United States
006Q8000007yLDe,Sinai Mobile credentials,,Uncategorized,Closed Won,NZD 479.94,True,Canada
006Q8000007yOxu,Strata - 16 Doors w/Allegion,Multi Family,Multi Family,Closed Lost,"NZD 28,051.90",False,Canada
006Q8000007ySdJ,U of W - 2 Keypads,Education,Education,Closed Won,NZD 907.12,True,Canada
006Q8000007yTER,WX Kit + IO,,Uncategorized,Closed Won,"NZD 3,890.29",True,United States
006Q8000007yUQd,PO Stock 02-22-24,,Uncategorized,Closed Won,"NZD 1,789.12",True,United States
006Q8000007yWPB,7DR GX Hosted,Commercial,Commercial,Closed Won,"NZD 6,018.82",True,United States
006Q8000007yZRt,EZ Pawn,,Uncategorized,Closed Lost,"NZD 8,285.41",False,United States
006Q8000007yar0,Dunkin/Joy Auction prize,Commercial,Commercial,Closed Won,NZD 62.28,True,United States
006Q8000007yc3C,Kempville Mini Storage,Commercial,Commercial,Closed Won,"NZD 3,996.26",True,Canada
006Q8000007ycHh,7951 E Maplewood,,Uncategorized,Closed Won,"NZD 2,228.12",True,United States
006Q8000007yoVm,Password Reset,,Uncategorized,Closed Lost,"NZD 1,074.28",False,United States
006Q8000007yzvp,Project Site 6,Multi Family,Multi Family,Closed Won,"NZD 32,518.49",True,Canada
006Q8000007z0YX,Terravita Apts-Smart-tek-Unit Locks - Phase II,Multi Family,Multi Family,Proposal,"NZD 74,117.65",False,United States
006Q8000007z7FG,Avera Health -DSX Rip/Replace - Phase 1,Healthcare,Healthcare,Closed Lost,"NZD 73,529.41",False,United States
006Q80000083WwP,5x Mini White Readers,,Uncategorized,Closed Won,"NZD 1,644.39",True,New Zealand
006Q800000840GD,WX Training Kit,Training,Training,Closed Lost,"NZD 2,900.66",False,Australia
006Q80000084tFp,Saikel WX Option,,Uncategorized,Closed Lost,"NZD 23,312.88",False,Australia
006Q800000856rN,Xpro Group - Childcare,Healthcare,Healthcare,Closed Lost,"NZD 3,799.46",False,Australia
006Q80000086cSc,TSL Readers,,Uncategorized,Closed Won,"NZD 10,266.88",True,United States
006Q80000086j99,GX Test,,Uncategorized,Closed Lost,"NZD 7,352.94",False,United States
006Q80000086krm,GX Demo,Training,Training,Closed Won,NZD 0.00,True,United States
006Q80000086ncX,2 Door WX addition,,Uncategorized,Closed Won,,True,United States
006Q80000086rUr,4DR WX with BT KP Readers,,Uncategorized,Closed Lost,"NZD 5,001.53",False,United States
006Q80000086s2j,Suprema Reader,,Uncategorized,Closed Lost,,False,United States
006Q80000086y4v,Indexperts - 300 MF Cards,,Uncategorized,Closed Won,"NZD 1,459.88",True,Canada
006Q80000086y6Y,Dean Apartment,Multi Family,Multi Family,Closed Lost,"NZD 9,852.82",False,Canada
006Q800000871dx,McKinnon Tower Front Door,,Uncategorized,Closed Lost,NZD 365.96,False,United States
006Q80000087HZ0,Radix Nutrition Additions,Commercial,Commercial,Closed Lost,"NZD 20,000.00",False,New Zealand
006Q80000087HxC,Lindisfarne College Additions,Education,Education,Closed Won,"NZD 5,000.00",True,New Zealand
006Q80000087JVy,2100 Chestnut,,Uncategorized,Closed Won,"NZD 26,300.25",True,United States
006Q80000087TqH,Peninsula,,Uncategorized,Closed Lost,"NZD 7,023.28",False,Canada
006Q80000087bpR,Princes Wharf,Commercial,Commercial,Closed Won,"NZD 89,973.51",True,New Zealand
006Q80000088Rpf,Xpro - Childcare 27/02/24,Healthcare,Healthcare,Closed Lost,"NZD 4,450.61",False,Australia
006Q80000088kKQ,Katherine NT X,,Uncategorized,Closed Lost,NZD 119.08,False,Australia
006Q80000089RSd,London Islington Council Site 1 - Verex Upgrade - Hardware via iSales Phase 2,Government,Government,Closed Won,"NZD 9,536.01",True,EMEA
006Q8000008A1hP,Gun Engraver -8DR,Commercial,Commercial,Closed Lost,"NZD 10,388.12",False,United States
006Q8000008A4iU,PO 23507,Education,Education,Closed Won,"NZD 14,235.29",True,United States
006Q8000008AD13,OLS District Office 7 (DO7) Mt Laurel SA007CM,Commercial,Commercial,Closed Won,"NZD 3,252.28",True,United States
006Q8000008ADqb,UOW 02272024,,Uncategorized,Closed Lost,,False,Canada
006Q8000008AEMr,UOW 02272024 MJ CHUBB,,Uncategorized,Closed Lost,"NZD 1,070,225.27",False,Canada
006Q8000008AI2H,CT senior housing building,Residential,Residential,Closed Won,"NZD 4,534.24",True,United States
006Q8000008AI3t,60 Absolute,,Uncategorized,Closed Won,"NZD 4,879.94",True,Canada
006Q8000008AKTt,TCC single reader,,Uncategorized,Closed Won,,True,United States
006Q8000008ALMj,keypad,,Uncategorized,Closed Won,NZD 752.29,True,United States
006Q8000008ALON,Cubby Beds Autism,,Uncategorized,Closed Won,"NZD 2,200.94",True,United States
006Q8000008ALOO,Newcastle University - 75 Door New Build,Education,Education,Closed Lost,"NZD 39,393.35",False,EMEA
006Q8000008AOsT,FW Konsult Oslo - 20 x PRX-TSEC-EXTRA-KP-BT-B-L,,Uncategorized,Closed Won,"NZD 7,531.69",True,EMEA
006Q8000008AP3l,Po-352,,Uncategorized,Closed Won,"NZD 4,411.76",True,United States
006Q8000008AUTH,GX Upgrade Project,,Uncategorized,Closed Won,"NZD 3,660.25",True,Canada
006Q8000008AUjO,Point1 - GX Training,Commercial,Commercial,Closed Won,"NZD 7,147.06",True,United States
006Q8000008AVU9,WX 2D   12 volt,,Uncategorized,Closed Won,,True,United States
006Q8000008AnIz,PRT-RDM2-DIN,,Uncategorized,Closed Lost,NZD 504.85,False,United States
006Q8000008AnpH,PRT-HRDM-DIN,,Uncategorized,Closed Won,,True,United States
006Q8000008Ap6H,Ronald McDonald House,Healthcare,Healthcare,Closed Won,"NZD 24,849.74",True,Canada
006Q8000008ArmP,Greene Co. Schools 2.6.24,Education,Education,Closed Lost,,False,United States
006Q8000008B2oS,Additional Salto Licenses,,Uncategorized,Proposal,,False,Canada
006Q8000008B4q6,Greenwater Capital - Mountaintop - Property 1,,Uncategorized,Closed Lost,"NZD 264,697.94",False,United States
006Q8000008BOKA,Alice Plaza Emergency Doors,,Retail,Closed Lost,"NZD 4,409.33",False,Australia
006Q8000008BYTD,PO 23470/stock,,Uncategorized,Closed Won,"NZD 1,491.47",True,United States
006Q8000008DAGH,Coleambally Gym 2 doors 28_02_24,Healthcare,Healthcare,Closed Lost,"NZD 6,717.08",False,Australia
006Q8000008DAcr,Coleambally Gym 7 Doors 28_02_24,Healthcare,Healthcare,Closed Lost,"NZD 10,707.59",False,Australia
006Q8000008DUer,OLS SA005WM 208 WHP suite 13 Barrington,Commercial,Commercial,Closed Won,"NZD 5,756.24",True,United States
006Q8000008Df8o,encoder.ini/tags,,Uncategorized,Closed Lost,"NZD 9,611.03",False,United States
006Q8000008DjVl,GX Demo Kit,Training,Training,Closed Won,"NZD 2,708.15",True,Canada
006Q8000008DkV5,2 Door Kit,,Uncategorized,Closed Won,"NZD 1,640.44",True,United States
006Q8000008DmS1,Wireless Contacts,,Uncategorized,Closed Won,,True,United States
006Q8000008DnhS,Website Quote Request,,Uncategorized,Closed Lost,"NZD 5,020.94",False,United States
006Q8000008DqAf,Montage at Midtown,,Uncategorized,Closed Lost,"NZD 345,528.07",False,United States
006Q8000008DtTX,New WX 2/28,,Uncategorized,Closed Lost,"NZD 1,607.29",False,United States
006Q8000008Dvoh,1125 17th Street,,Uncategorized,Closed Won,"NZD 2,581.06",True,United States
006Q8000008Dwxe,St Anna's School,Education,Education,Closed Lost,"NZD 3,742.94",False,United States
006Q8000008E5gC,Elmwood GX Project,Multi Family,Multi Family,Closed Lost,"NZD 52,297.34",False,Canada
006Q8000008EERY,ICT 2-button transmitters,,Uncategorized,Closed Won,"NZD 1,087.94",True,United States
006Q8000008EH4r,PO 2970,,Uncategorized,Closed Won,NZD 377.21,True,United States
006Q8000008EOU5,Griffins,,Uncategorized,Closed Won,NZD 458.60,True,United States
006Q8000008EWho,Multi-tenant WX: Common Areas,Multi Family,Multi Family,Closed Lost,"NZD 3,470.92",False,New Zealand
006Q8000008EYLP,Greenwater - Mountaintop - Property 2,Multi Family,Multi Family,Closed Lost,"NZD 155,054.47",False,United States
006Q8000008EZUy,Multi-tenant WX: CAP,Multi Family,Multi Family,Closed Lost,"NZD 3,398.37",False,New Zealand
006Q8000008EeFW,Multi-tenant WX: CEC,Multi Family,Multi Family,Closed Lost,"NZD 1,505.35",False,New Zealand
006Q8000008EhlG,Multi-tenant WX: CS,Multi Family,Multi Family,Closed Lost,"NZD 1,687.05",False,New Zealand
006Q8000008EhoT,Flats Bancroft - MDU - New Build,Residential,Residential,Closed Lost,"NZD 405,735.32",False,United States
006Q8000008Emhh,Greenwater - Mountaintop - Property 3,Multi Family,Multi Family,Closed Lost,"NZD 171,995.65",False,United States
006Q8000008FDoL,PO TEG-18255,,Uncategorized,Closed Won,"NZD 3,146.47",True,United States
006Q8000008GsPd,RAM - 25 x PRX-TAG-MF-B,,Uncategorized,Closed Won,NZD 155.00,True,EMEA
006Q8000008HIwn,Jason Moyer,,Uncategorized,Closed Won,NZD 0.00,True,United States
006Q8000008HMIr,Legacy Daytona,,Uncategorized,Closed Lost,,False,United States
006Q8000008HMh5,8-Door GX with ECHO (2/29),,Uncategorized,Closed Won,"NZD 5,443.94",True,United States
006Q8000008HMnV,Legacy Daytona,Multi Family,Multi Family,Closed Lost,"NZD 207,373.94",False,United States
006Q8000008HPLZ,32135 Castle Court Evergreen,,Uncategorized,Closed Won,"NZD 4,006.06",True,United States
006Q8000008HRQb,Michael - Church Street - Elevator Addition,Religious,Religious,Closed Lost,"NZD 25,099.19",False,Canada
006Q8000008HWQH,4 Amp Replacement,,Uncategorized,Closed Won,NZD 726.18,True,United States
006Q8000008Hb6c,PO 6104527,,Uncategorized,Closed Won,NZD 836.47,True,United States
006Q8000008HbWP,Hilldale 6 Door Addon,,Uncategorized,Closed Won,"NZD 11,388.18",True,United States
006Q8000008HuHJ,Debbe Rivers Quote,Commercial,Commercial,Closed Lost,"NZD 1,020.00",False,United States
006Q8000008Huh7,cccu 5 site add on FB0292024,,Uncategorized,Closed Won,"NZD 5,133.85",True,Canada
006Q8000008HwkZ,WX system 01_03_24,,Uncategorized,Closed Lost,"NZD 3,901.11",False,Australia
006Q8000008HxDZ,Michael - Victoria,Multi Family,Multi Family,Closed Lost,"NZD 69,687.33",False,Canada
006Q8000008HyG5,Erskine Academy 8dr WX,Education,Education,Closed Lost,"NZD 6,003.90",False,United States
006Q8000008HzfQ,Wodonga Tafe individual site 01_03_24,,Uncategorized,Closed Lost,"NZD 2,535.18",False,Australia
006Q8000008I2y1,Marcel Replacement Parts - 1 Mar 2024,,Uncategorized,Closed Lost,"NZD 4,252.52",False,Australia
006Q8000008I6C1,Marcel Replacement Parts - Keypad Readers 1 Mar 2024,,Uncategorized,Closed Lost,"NZD 5,317.55",False,Australia
006Q8000008IhWZ,Stuart St 01_03_24,,Uncategorized,Closed Lost,"NZD 8,281.41",False,Australia
006Q8000008IkMM,480 Queen Street expansion,,Uncategorized,Closed Won,"NZD 19,483.42",True,Australia
006Q8000008IltW,Xpro - WX Demo Kit,Training,Training,Closed Lost,"NZD 2,900.66",False,Australia
006Q8000008Iru7,Mentone 01_03_23,Multi Family,Multi Family,Closed Lost,"NZD 18,793.47",False,Australia
006Q8000008KDpJ,Protege Input Expanders,,Uncategorized,Closed Lost,"NZD 1,543.42",False,Australia
006Q8000008KJ1t,Access Cards,,Uncategorized,Closed Lost,NZD 620.98,False,Australia
006Q8000008KXg0,GX Training/Kits,Training,Training,Closed Lost,"NZD 10,673.68",False,Australia
006Q8000008Kyl0,PO 7101133,Healthcare,Healthcare,Closed Won,NZD 919.31,True,United States
006Q8000008Kz7Z,PO 200270,,Uncategorized,Closed Won,"NZD 1,632.53",True,United States
006Q8000008L6CI,readers,,Uncategorized,Closed Won,NZD 669.71,True,United States
006Q8000008L9Ez,Boston IDN training 2 techs,Training,Training,Closed Won,NZD 735.29,True,United States
006Q8000008LA4b,Fontanesi & Khann WX DEMO KIT,Training,Training,Closed Won,,True,United States
006Q8000008LC1b,Pharma Company - Verex,Healthcare,Healthcare,Closed Won,"NZD 25,561.60",True,Canada
006Q8000008LEpl,Elan at Bluffview - Mountaintop - Retrofit,,Uncategorized,Closed Lost,"NZD 121,861.59",False,United States
006Q8000008LExp,Tanu - Unknown Project 00001,Multi Family,Multi Family,Closed Lost,"NZD 28,834.42",False,Canada
006Q8000008LGZr,Station 3700 - Mountaintop - Retrofit,Multi Family,Multi Family,Closed Lost,"NZD 112,640.82",False,United States
006Q8000008LHE9,Cloverdale Mall,,Retail,Closed Won,"NZD 9,662.94",True,Canada
006Q8000008LcnG,MF Cards,,Uncategorized,Closed Won,NZD 255.88,True,United States
006Q8000008Lcwy,PO 6561,Banking & Finance,Banking & Finance,Closed Won,"NZD 1,616.91",True,United States
006Q8000008Ldpl,Park & Yards - Two Tower Protege GX Project,Multi Family,Multi Family,Closed Won,"NZD 127,340.58",True,Canada
006Q8000008Lh8b,ISO Credentials 3.1,,Uncategorized,Closed Won,NZD 408.82,True,United States
006Q8000008LuU1,Marina Side Crescent -86 ICT Wireless Suite Locks,Multi Family,Multi Family,Closed Lost,"NZD 64,805.00",False,Canada
006Q8000008Pg4I,Project RSAU Jakarta,Commercial,Commercial,Closed Lost,,False,Asia Pacific
006Q8000008PqIA,Rangitoto College AD Integration,Education,Education,Closed Won,,True,New Zealand
006Q8000008Psv3,Delivering original TOR functionality,,Uncategorized,Closed Won,"NZD 235,294,117.65",True,OEM
006Q8000008PuX4,WX 6 Door,,Uncategorized,Closed Lost,"NZD 6,710.22",False,New Zealand
006Q8000008QEsL,Lady Allum Stage 2,Healthcare,Healthcare,Closed Lost,"NZD 25,000.00",False,New Zealand
006Q8000008QGFq,AssureQuality Office,Commercial,Commercial,Closed Lost,"NZD 8,405.98",False,New Zealand
006Q8000008QfcQ,Tournament Ferry Building,,Uncategorized,Closed Won,"NZD 1,628.59",True,New Zealand
006Q8000008RHhh,Expansion Units 04_03_24,,Uncategorized,Closed Lost,"NZD 2,177.79",False,Australia
006Q8000008RMUT,Expansion unit 04_03_24,,Uncategorized,Closed Won,"NZD 3,583.96",True,Australia
006Q8000008TO7C,Landspitali Hospital - Additional 33 Doors,Healthcare,Healthcare,Closed Won,"NZD 20,440.47",True,EMEA
006Q8000008TTq2,Landspitali Hospital - Additional 33 Doors,Healthcare,Healthcare,Closed Won,"NZD 24,149.85",True,EMEA
006Q8000008TVBt,4 door kit,,Uncategorized,Closed Won,"NZD 3,924.53",True,United States
006Q8000008TVS2,Landspitali Hospital - Additional 33 Doors - Phase 2,Healthcare,Healthcare,Closed Won,"NZD 12,746.14",True,EMEA
006Q8000008TatA,DNR HQ Reader,,Uncategorized,Closed Won,"NZD 1,563.65",True,United States
006Q8000008TbIw,RS-485,,Uncategorized,Closed Won,NZD 709.94,True,United States
006Q8000008Te0f,NetFusion 3.4,,Uncategorized,Closed Won,"NZD 1,614.57",True,United States
006Q8000008ThMl,PO 2980,Commercial,Commercial,Closed Won,NZD 286.76,True,United States
006Q8000008TiaX,tags,,Uncategorized,Closed Won,"NZD 2,894.12",True,United States
006Q8000008Tli5,10X Delray- 6 Door WX system,,Uncategorized,Closed Lost,"NZD 7,461.71",False,United States
006Q8000008UDoF,"TDP 240304 OLS SA022LC 200 west 2nd street suite 102 ,Plainfield",Government,Government,Proposal,"NZD 5,756.24",False,United States
006Q8000008UEtl,"TDP 240229 OLS SS015TH 850 Bear Tavern Road, suite 101 Ewing",Government,Government,Proposal,"NZD 3,252.28",False,United States
006Q8000008UJic,3 Door WX Project,,Uncategorized,Closed Won,"NZD 3,777.14",True,Canada
006Q8000008UZLV,Keyscan Replacement - 20 Doors,,Uncategorized,Closed Lost,"NZD 58,597.51",False,Canada
006Q8000008UnDC,Jon Pizzagalli - Main,,Uncategorized,Closed Won,"NZD 3,612.18",True,United States
006Q8000008UnbP,WX 8 Door 5/3/24,,Uncategorized,Closed Won,"NZD 6,784.44",True,New Zealand
006Q8000008Uz1R,Chapel & Hall,Commercial,Religious,Closed Lost,"NZD 4,641.79",False,New Zealand
006Q8000008V1ko,Croydon ELC 05_03_23,Education,Education,Closed Lost,"NZD 3,340.87",False,Australia
006Q8000008VMVu,Aspendale 05_03_24,,Uncategorized,Closed Won,"NZD 2,818.04",True,Australia
006Q8000008WOdj,2 Door Access Solution,,Uncategorized,Closed Lost,"NZD 2,059.80",False,Australia
006Q8000008Wtsn,ICT ProtegeGX SOAP Web Service SDK,,Uncategorized,Closed Lost,"NZD 2,809.17",False,Asia Pacific
006Q8000008X2Xt,3/5 PRT-RDM2-DIN-485,,Uncategorized,Closed Won,NZD 605.82,True,United States
006Q8000008X7vl,PO 1006973,,Uncategorized,Closed Won,"NZD 8,150.65",True,United States
006Q8000008XDJi,Wireless locks TSL -option for Palladium/maple villa,,Uncategorized,Closed Won,,True,Canada
006Q8000008XF0T,Alta Verde,,Uncategorized,Closed Won,"NZD 7,214.71",True,United States
006Q8000008XFIE,Let's Blaze,,Uncategorized,Closed Won,"NZD 2,304.71",True,United States
006Q8000008XFLS,Soprah,,Uncategorized,Closed Lost,"NZD 8,539.41",False,United States
006Q8000008XFLU,Tag Replacement,,Uncategorized,Closed Won,NZD 635.82,True,United States
006Q8000008XXod,Metro Mobile Cred.,,Uncategorized,Closed Won,NZD 152.76,True,United States
006Q8000008XaMg,Firelands Monroeville Bank,Banking & Finance,Banking & Finance,Closed Won,"NZD 7,817.60",True,United States
006Q8000008XaUj,Total Security_RDA Henderson_Gavin,Commercial,Commercial,Closed Won,"NZD 4,063.92",True,New Zealand
006Q8000008XbHV,Retrofit Building,,Uncategorized,Closed Lost,"NZD 37,655.22",False,Canada
006Q8000008XdfW,Firelands Galion Bank,Banking & Finance,Banking & Finance,Closed Won,"NZD 10,243.43",True,United States
006Q8000008XeEz,Steveston Waterfront Hotel,Residential,Residential,Closed Won,"NZD 2,902.23",True,Canada
006Q8000008XhJJ,New Order,,Uncategorized,Closed Won,"NZD 14,881.85",True,Canada
006Q8000008Xuq2,Saskatoon Building - Hardwired,,Uncategorized,Closed Lost,"NZD 24,782.35",False,Canada
006Q8000008ZkwD,"Operator of Gas Transportation System of Ukraine, 36 sites",,Uncategorized,Closed Lost,"NZD 174,794.66",False,EMEA
006Q8000008Zvap,Alternative Q#4623,,Uncategorized,Closed Lost,"NZD 24,266.83",False,Australia
006Q8000008ZzaH,Alternative Q#5118,,Uncategorized,Closed Lost,"NZD 13,868.98",False,Australia
006Q8000008aIrS,Supply Only for Additional AFx Enterprise Equip in Singapore,,Uncategorized,Closed Won,"NZD 6,732.91",True,Asia Pacific
006Q8000008aXQf,Kern High School Client License,Education,Education,Closed Won,NZD 735.29,True,United States
006Q8000008aYo9,Rosenberg GX changeout,,Uncategorized,Closed Won,NZD 0.00,True,United States
006Q8000008ab7h,Purchase Order #32263 T132774,,Uncategorized,Closed Won,NZD 315.44,True,United States
006Q8000008acDS,Mifare Cards,,Uncategorized,Closed Won,,True,United States
006Q8000008aduJ,Rockford LTHC,,Uncategorized,Closed Lost,,False,Canada
006Q8000008af9h,Brimfield Police Department,,Uncategorized,Closed Won,"NZD 6,407.60",True,United States
006Q8000008ag90,Azure Healthcare - Saugus Health & Rehab,Healthcare,Healthcare,Closed Lost,"NZD 1,918.59",False,United States
006Q8000008agVa,Capital Security - LaCrosse School District,Education,Education,Closed Lost,"NZD 12,875.43",False,United States
006Q8000008ah55,Brimfield Fire Department,,Uncategorized,Closed Won,"NZD 6,251.43",True,United States
006Q8000008akED,KLCS,,Uncategorized,Closed Won,NZD 250.76,True,United States
006Q8000008b5yb,AlphaNZ_Gallagher retrofit_Aidan,Commercial,Commercial,Closed Lost,,False,New Zealand
006Q8000008b6Ut,Cuningham - ICT X Quote,,Uncategorized,Closed Won,NZD 67.94,True,United States
006Q8000008b7aq,GX Certification,Training,Training,Closed Won,"NZD 6,116.58",True,Canada
006Q8000008b88T,GX Training,Training,Training,Closed Won,"NZD 7,147.06",True,United States
006Q8000008b8V4,"15 Hanna, Liberty Village",Multi Family,Multi Family,Closed Lost,,False,Canada
006Q8000008b9MH,Roger Seguin,Multi Family,Multi Family,Closed Lost,"NZD 45,345.01",False,Canada
006Q8000008bATd,Cesar Cruz Quote,,Uncategorized,Closed Won,"NZD 1,250.00",True,United States
006Q8000008bC0v,WWK Admin Building - Campbell River.,Commercial,Commercial,Procurement,"NZD 93,674.15",False,Canada
006Q8000008bDg1,24S9976,,Uncategorized,Closed Won,"NZD 7,587.74",True,United States
006Q8000008bFuk,WWK Admin Building - Campbell River - Wireless Lock Option,Commercial,Commercial,Proposal,"NZD 1,620.20",False,Canada
006Q8000008dXb0,GX demo/training kits,Training,Training,Closed Won,"NZD 13,047.02",True,EMEA
006Q8000008e4Ba,Golf Canada,,Uncategorized,Closed Lost,"NZD 23,839.91",False,Canada
006Q8000008e5Fh,32 progress ave,,Uncategorized,Closed Lost,NZD 608.91,False,Canada
006Q8000008e6LR,333 Gellert Street,,Uncategorized,Closed Won,"NZD 1,205.88",True,United States
006Q8000008eExJ,Newcastle University Verex Upgrade,Education,Education,Closed Lost,"NZD 134,000.00",False,EMEA
006Q8000008eFVC,Assure Quality GX,Commercial,Commercial,Closed Lost,"NZD 7,918.77",False,New Zealand
006Q8000008edZ9,SPACE-OPT-0033,,Uncategorized,Closed Won,NZD 0.00,True,United States
006Q8000008eeji,Additional TOR functionality based on latest specification and final delivery,,Uncategorized,Closed Won,"NZD 235,294,117.65",True,OEM
006Q8000008egoj,The Band,Multi Family,Multi Family,Closed Lost,"NZD 258,691.34",False,Canada
006Q8000008ehTS,Tactical - 3 Door quote,,Uncategorized,Closed Won,"NZD 2,051.23",True,Australia
006Q8000008em7l,EA_ARA_George_St_ISPT_Customisation_Mar_2024,,Uncategorized,Closed Lost,"NZD 9,473.68",False,Australia
006Q8000008epFc,Arena_GX Quote_Steve,,Entertainment - Sports & Recreation,Closed Lost,"NZD 9,286.23",False,New Zealand
006Q8000008f097,INET Transition HW replacement,,Uncategorized,Closed Won,"NZD 30,638.84",True,OEM
006Q8000008fFjG,Aboriginal co-op 08_03_24,,Uncategorized,Closed Won,"NZD 8,401.56",True,Australia
006Q8000008fe6m,Aboriginal Co-Op site 2 08_03_24,,Uncategorized,Closed Won,"NZD 6,691.50",True,Australia
006Q8000008gj90,The Y School,Education,Education,Closed Won,"NZD 4,077.70",True,Australia
006Q8000008hBWf,Demo/Training Kits,Other,Other,Closed Won,"NZD 2,674.47",True,EMEA
006Q8000008hUZJ,Christie KH,Multi Family,Multi Family,Closed Lost,"NZD 2,985.41",False,Canada
006Q8000008hYug,APCU Covington,,Uncategorized,Closed Won,"NZD 9,504.83",True,United States
006Q8000008hbR8,power supply cables,,Uncategorized,Closed Lost,NZD 128.19,False,Canada
006Q8000008hbvl,SmartCentres,,Uncategorized,Closed Lost,"NZD 21,402.49",False,Canada
006Q8000008hdfq,Charisse - 25 Adra Grado Way,Multi Family,Multi Family,Closed Lost,"NZD 13,680.96",False,Canada
006Q8000008hfhe,encoder.ini/tagsw,,Uncategorized,Closed Won,"NZD 8,722.21",True,United States
006Q8000008hhUw,The City of Rexburg,,Uncategorized,Closed Lost,"NZD 108,193.85",False,United States
006Q8000008hjTV,Pricing quote,,Uncategorized,Closed Lost,"NZD 6,333.88",False,United States
006Q8000008hja1,ArmorIP Licensing,,Uncategorized,Closed Won,"NZD 3,342.35",True,United States
006Q8000008hk8D,Leland Park,Multi Family,Multi Family,Closed Lost,"NZD 10,957.66",False,Canada
006Q8000008hnH0,Strum Expansion Space,,Uncategorized,Closed Won,"NZD 4,126.59",True,Canada
006Q8000008hpAj,Eidos AD&DataSync,Commercial,Commercial,Closed Won,"NZD 3,201.17",True,Canada
006Q8000008iEgz,Thompson IDN Membership,Training,Training,Closed Lost,"NZD 6,617.65",False,United States
006Q8000008iF3Z,WX - 9D/15Z,,Uncategorized,Closed Lost,"NZD 5,743.15",False,Canada
006Q8000008iH0X,Lansing Square,Commercial,Commercial,Closed Lost,"NZD 56,610.78",False,Canada
006Q8000008iLgv,SmartCentres,Multi Family,Multi Family,Closed Lost,"NZD 22,446.52",False,Canada
006Q8000008mqFp,118-120 CARLTON GORE ROAD APARTMENTS,Multi Family,Multi Family,Closed Lost,"NZD 25,000.00",False,New Zealand
006Q8000008n1P1,IQ_AsureQuality_Ryan,,Uncategorized,Closed Lost,"NZD 9,391.25",False,New Zealand
006Q8000008poMO,Serpentine VIP residence,Commercial,Commercial,Closed Won,"NZD 14,876.82",True,EMEA
006Q8000008poar,ODOS HQ building,Commercial,Commercial,Closed Won,"NZD 19,740.01",True,EMEA
006Q8000008popO,REDEX  Office Building,Commercial,Commercial - Office,Closed Lost,"NZD 22,155.49",False,EMEA
006Q8000008ppLe,IATROPOLIS  9 diagnostic health centers,Healthcare,Healthcare,Closed Lost,"NZD 39,180.35",False,EMEA
006Q8000008ppWv,AMVYX  HQ building retro fit,,Uncategorized,Closed Lost,"NZD 8,043.58",False,EMEA
006Q8000008q4MH,277 Clifton,,Uncategorized,Closed Lost,,False,United States
006Q8000008q4z1,Residential Projects,Residential,Residential,Closed Won,"NZD 5,370.36",True,EMEA
006Q8000008q5wf,Mattoni 1873 - Kyselka Production Facility,,Industrial - Manufacturing,Closed Won,"NZD 4,538.54",True,EMEA
006Q8000008q6EP,Trauttmansdorff Palace,Commercial,Commercial,Closed Won,"NZD 11,574.36",True,EMEA
006Q8000008q6Kr,Sample GX quote - 8 doors,Banking & Finance,Banking & Finance,Closed Lost,"NZD 11,797.82",False,United States
006Q8000008q6mH,Magnesia Production Facility,Commercial,Industrial - Manufacturing,Closed Won,"NZD 1,747.80",True,EMEA
006Q8000008q7jx,Poultry Processing Plant - Vod?any,Commercial,Industrial - Manufacturing,Closed Won,"NZD 5,678.99",True,EMEA
006Q8000008q9Qn,EB High/Junior School,Education,Education,Closed Lost,"NZD 54,045.10",False,United States
006Q8000008q9Vg,Test Tags,,Uncategorized,Closed Lost,,False,United States
006Q8000008qAl4,277 Clifton (Clarity placeholder dealer),,Uncategorized,Closed Lost,"NZD 108,068.65",False,United States
006Q8000008qD30,Roaring Fork Senior Living,,Healthcare - Senior Living,Closed Won,NZD 542.65,True,United States
006Q8000008qE2J,345 Bayshore Condos,Residential,Residential,Closed Won,"NZD 16,486.38",True,United States
006Q8000008qEbl,Test Tags,,Uncategorized,Closed Won,NZD 30.00,True,United States
006Q8000008qZl4,Denver Fire Dept Station,,Uncategorized,Closed Lost,"NZD 9,593.47",False,United States
006Q8000008qbID,McGuire Memorial Keycards,,Uncategorized,Closed Won,NZD 852.94,True,United States
006Q8000008qdiG,Cal Trans Tehachapi,,Uncategorized,Closed Won,"NZD 9,058.37",True,United States
006Q8000008qe4o,Quote 12_03_24 PRX-TSEC-EXTRA-DF-BT-B,,Uncategorized,Closed Won,"NZD 1,033.11",True,Australia
006Q8000008qg8D,WX - 3D 2K 22Z,Commercial,Commercial,Closed Lost,"NZD 3,645.47",False,Canada
006Q8000008qxSP,WX Training Kit,Training,Training,Closed Lost,"NZD 2,900.66",False,Australia
006Q8000008rS6Q,Supply of AFx Enterprise SME Kit,,Uncategorized,Closed Won,"NZD 1,676.43",True,Asia Pacific
006Q8000008rWpx,Aboriginal Co-op large site 2 of 2 12_03_24,,Uncategorized,Closed Won,"NZD 29,384.98",True,Australia
006Q8000008rlx4,Aboriginal Co-op large site 1 of 2 12_03_24,,Uncategorized,Closed Won,"NZD 33,795.57",True,Australia
006Q8000008rvy1,National Storage GX 12_03_24,,Uncategorized,Closed Lost,"NZD 24,865.27",False,Australia
006Q8000008rxBp,480 Queen Street Mitsubishi WX,,Uncategorized,Closed Lost,"NZD 4,257.46",False,Australia
006Q8000008tOJe,4tslarchie,,Uncategorized,Closed Won,"NZD 1,049.97",True,Canada
006Q8000008tVg7,Jon Pizzagalli - 59 Rathe Road,Commercial,Commercial,Closed Won,"NZD 7,435.94",True,United States
006Q8000008tYfc,The Travigne,,Uncategorized,Closed Lost,"NZD 2,853.88",False,United States
006Q8000008tZjh,Jon Pizzagalli - 302 Mountain View Drive,Commercial,Commercial,Closed Won,"NZD 15,169.59",True,United States
006Q8000008tZzs,Demo License,Training,Training,Closed Lost,,False,United States
006Q8000008ta9V,Jon Pizzagalli - 401 Watertower Circle,Commercial,Commercial,Closed Won,"NZD 17,719.59",True,United States
006Q8000008tuUo,Inglewood Garden v2,,Uncategorized,Closed Won,"NZD 2,820.72",True,Canada
006Q8000008u5yD,Canteen Melbourne Campus,Commercial,Commercial,Closed Lost,"NZD 9,237.35",False,United States
006Q8000008uEDN,CSU Fresno Dorm,Education,Education,Closed Lost,"NZD 166,514.03",False,United States
006Q8000008uMm2,Winnebago CUSD #323,,Uncategorized,Closed Lost,"NZD 76,580.60",False,United States
006Q8000008uQHl,Protege SE System Upgrade to WX,,Uncategorized,Closed Lost,"NZD 2,508.44",False,Australia
006Q8000008uWWr,J@K by Hudson - ICT Wireless Locks - Brushed Bronze,Multi Family,Multi Family,Closed Lost,"NZD 65,115.35",False,Canada
006Q8000008uaYr,J@K by Hudson - ICT Wireless Locks - Flat Black,Multi Family,Multi Family,Closed Won,"NZD 97,905.20",True,Canada
006Q8000008uzvS,Assure Quality GX,,Uncategorized,Closed Lost,"NZD 8,261.96",False,New Zealand
006Q8000008vuor,GX system for their office,Commercial,Commercial,Closed Won,"NZD 4,577.56",True,EMEA
006Q8000008x0KM,SOAP SDK,,Uncategorized,Closed Lost,"NZD 3,676.47",False,United States
006Q8000008x3Rt,C&L Distributing,Commercial,Commercial,Closed Lost,"NZD 7,514.29",False,United States
006Q8000008x5Go,Thrifty Foods - Sobeys,Retail,Retail,Closed Won,"NZD 15,192.56",True,Canada
006Q8000008xBqv,Forest Orthodontics Add-On,,Uncategorized,Closed Won,"NZD 3,955.41",True,United States
006Q8000008xDFx,Felix Leclerc,Commercial,Commercial,Closed Lost,"NZD 6,610.91",False,Canada
006Q8000008xb5N,KW Dix,,Uncategorized,Closed Won,"NZD 6,647.82",True,United States
006Q8000008xe6T,Sanitarium,,Uncategorized,Closed Won,"NZD 19,009.63",True,Australia
006Q8000008xqR0,Residential Tower BNE CBD 12 Creek Street,Residential,Residential,Closed Lost,"NZD 87,458.25",False,Australia
006Q800000900Vv,Singapore Symphony Org. - Pending Jo,Commercial,Commercial,Closed Lost,"NZD 13,309.57",False,Asia Pacific
006Q80000090NXK,Vertu Suites - Paramount,,Residential - Multi-Family,Closed Lost,,False,Canada
006Q80000090Xq2,Renew Saddle Rock Fobs,,Uncategorized,Closed Won,NZD 595.59,True,United States
006Q80000090YFs,Rocco Giosa - 2024-03-14,Multi Family,Multi Family,Closed Lost,"NZD 46,547.70",False,Canada
006Q80000090YVy,VOIP,,Uncategorized,Closed Lost,NZD 238.24,False,United States
006Q80000090ZlN,SMS International,,Uncategorized,Closed Lost,"NZD 1,429.71",False,United States
006Q80000090e3V,covenant care facility edmonton,Healthcare,Healthcare,Closed Lost,,False,Canada
006Q80000090eLG,KW Tac,,Uncategorized,Closed Won,"NZD 9,848.29",True,United States
006Q80000090emg,KW Main,,Uncategorized,Closed Won,"NZD 8,692.59",True,United States
006Q80000090fxG,Almac - 30 x TSL-EXTRA-RR-HL,,Uncategorized,Closed Won,"NZD 14,008.20",True,EMEA
006Q80000090kX7,DVA & DVL,,Uncategorized,Closed Won,"NZD 5,532.50",True,United States
006Q80000090l8D,2432007,,Uncategorized,Closed Won,"NZD 1,406.82",True,United States
006Q80000090lWP,PO# 031424djs,,Uncategorized,Closed Won,"NZD 1,858.41",True,United States
006Q80000090nMw,EB Junior/Senior High School - 1DR Controller Eval,Education,Education,Closed Won,NZD 755.12,True,United States
006Q80000090tYn,GX Training,Training,Training,Closed Won,"NZD 7,147.06",True,United States
006Q800000914ve,EXTRA,,Uncategorized,Closed Won,NZD 536.03,True,United States
006Q800000915jd,Trial MF DISCS,,Uncategorized,Closed Won,NZD 0.00,True,United States
006Q800000919VV,RF-REM2-433-HID26,Residential,Residential,Closed Won,"NZD 1,072.06",True,United States
006Q80000091CWb,andy test aus shipping wa,,Uncategorized,Closed Lost,"NZD 1,449.71",False,Australia
006Q80000091CbR,andy test aus shipping vic,,Uncategorized,Closed Lost,"NZD 1,449.71",False,Australia
006Q80000091Dvj,BT Reader and Credentials - Managed Site,,Uncategorized,Closed Lost,"NZD 5,216.03",False,Australia
006Q80000091IDp,Commercial Warehouse,Commercial,Industrial - Logistics,Closed Won,"NZD 6,217.51",True,New Zealand
006Q80000091NAO,SOAP SDK,,Uncategorized,Closed Lost,"NZD 1,305.94",False,New Zealand
006Q80000091ztt,SALTO Solution,,Uncategorized,Closed Won,"NZD 2,680.39",True,Australia
006Q800000927Rf,3 door system,,Uncategorized,Closed Lost,"NZD 5,858.18",False,Australia
006Q80000093zGH,DR Chubb TSL Parts,,Uncategorized,Closed Won,,True,Canada
006Q800000940XK,Fabian Oil - Software Only,Commercial,Commercial,Closed Lost,"NZD 12,220.00",False,United States
006Q800000943IH,CHKD Oyster Point,,Uncategorized,Closed Won,"NZD 1,199.91",True,United States
006Q80000094WNV,Preliminary Quote,Retail,Retail,Closed Lost,"NZD 4,246.41",False,United States
006Q80000094XbK,The Hawkins,Multi Family,Multi Family,Closed Lost,"NZD 138,474.88",False,United States
006Q80000094YE4,The Darby,Multi Family,Multi Family,Closed Lost,"NZD 244,989.48",False,United States
006Q80000094chV,Waterside at Lake Lanier,Multi Family,Multi Family,Closed Lost,"NZD 155,076.39",False,United States
006Q80000094fsE,Trulo Homes - Whitestown,Residential,Residential,Closed Lost,"NZD 109,241.76",False,United States
006Q80000094gI3,Walton Affordable,Multi Family,Multi Family,Closed Lost,"NZD 142,807.59",False,United States
006Q80000094hNl,Trulo Homes - Bentonville,Residential,Residential,Closed Lost,"NZD 108,790.44",False,United States
006Q80000094j39,Triacta - GX/WL,Commercial,Commercial,Closed Lost,"NZD 6,866.84",False,Canada
006Q80000094mDp,Triacta - WX,Commercial,Commercial,Closed Lost,"NZD 2,984.71",False,Canada
006Q80000094mk1,Stella at Star Metals,Heavy Industry,Heavy Industry,Closed Lost,"NZD 560,011.62",False,United States
006Q80000098j4Z,NB Security_WX Single Door_Darren,,Uncategorized,Closed Won,"NZD 2,355.61",True,New Zealand
006Q80000099Kry,Founders Lane - Default Readers + New Credentials - CXI - Kris - 18Mar2024,,Uncategorized,Closed Lost,"NZD 302,357.40",False,Australia
006Q8000009BNAe,Badger 2 WX 3/18,,Uncategorized,Closed Won,"NZD 4,176.41",True,United States
006Q8000009BPcD,Hummell 3-15-28,,Uncategorized,Closed Won,NZD 347.12,True,United States
006Q8000009BSjm,3/18/24,,Uncategorized,Closed Won,NZD 102.35,True,United States
006Q8000009BTr7,Washwood Heath Health - 3 x PRX-TSEC-EXTRA-DF-B,Healthcare,Healthcare,Closed Won,NZD 675.06,True,EMEA
006Q8000009BUjx,Market Station Encoding Credits 3.18.2024,Banking & Finance,Banking & Finance,Closed Lost,"NZD 1,261.32",False,United States
006Q8000009BVuX,DCH - Cardiology Office,Commercial,Commercial,Closed Won,"NZD 9,111.07",True,United States
006Q8000009Bbbl,FibroFind Newcastle,Commercial,Commercial,Closed Lost,"NZD 10,026.54",False,EMEA
006Q8000009Bc3B,FibroFind Newcastle - 50 x PRX-ISO-DF-EV3-2K,Commercial,Commercial,Closed Lost,NZD 593.00,False,EMEA
006Q8000009BhkQ,Mobile Credentials,,Uncategorized,Closed Won,NZD 624.53,True,United States
006Q8000009C0a9,Certification cost of EN50131,Other,Other,In Process,"NZD 15,737.97",False,OEM
006Q8000009C1Kv,125khz Reader,,Uncategorized,Closed Won,NZD 317.65,True,United States
006Q8000009C2VX,Encoding Credits,Banking & Finance,Banking & Finance,Closed Won,"NZD 1,345.41",True,United States
006Q8000009C4p6,Armstrong Wellington_WX Op_Jimi,,Uncategorized,Closed Lost,"NZD 1,296.94",False,New Zealand
006Q8000009C6UI,Wadsworth Solutions,,Uncategorized,Proposal,"NZD 11,564.26",False,OEM
006Q8000009CTqf,Multi Artha Sentosa Bank in Indonesia,Banking & Finance,Banking & Finance,Proposal,"NZD 27,326.30",False,Asia Pacific
006Q8000009D5zC,Lexington Tennis Courts,,Uncategorized,Closed Lost,"NZD 5,046.37",False,Australia
006Q8000009Ektp,SoHo Pool 3/19/24,,Uncategorized,Closed Won,"NZD 2,805.00",True,United States
006Q8000009Emij,Alpha Omicron PI,Commercial,Commercial,Closed Lost,"NZD 2,076.76",False,United States
006Q8000009EnwZ,Epis. Printable Cards,,Uncategorized,Closed Won,"NZD 4,088.24",True,United States
006Q8000009Epbm,Central Ave Apts - HCI - 15 Doors New,Multi Family,Multi Family,Closed Lost,"NZD 25,136.71",False,United States
006Q8000009Epof,GX Kits 3.19.2024,,Uncategorized,Closed Won,"NZD 17,373.71",True,United States
006Q8000009Eror,David B McKeand,,Uncategorized,Closed Lost,"NZD 2,815.51",False,Canada
006Q8000009Exfo,Unclonable Fobs,,Uncategorized,Closed Lost,"NZD 8,188.24",False,United States
006Q8000009Exr3,Pa'ani Park 3/19/24,,Uncategorized,Closed Won,"NZD 7,401.87",True,United States
006Q8000009Eyok,AFX Upgrade - Software,Commercial,Commercial,Closed Lost,"NZD 3,433.17",False,EMEA
006Q8000009F07N,PRX-XVRC,,Uncategorized,Closed Lost,NZD 122.47,False,United States
006Q8000009F08z,Central State Hospital (Keycard Order 2),Healthcare,Healthcare,Closed Won,"NZD 7,505.88",True,United States
006Q8000009F0Dp,ESAT_X Oppotunity_Paul,,Uncategorized,Closed Won,"NZD 12,503.85",True,New Zealand
006Q8000009F0Lu,PRX-TAG-MF-B,,Uncategorized,Closed Lost,NZD 5.43,False,United States
006Q8000009F4UM,RAM Enterprises - 5 x PRX-MCR,,Uncategorized,Closed Won,NZD 27.50,True,EMEA
006Q8000009F9gx,St. Thomas,Multi Family,Multi Family,Closed Lost,"NZD 17,009.90",False,Canada
006Q8000009FAmh,Mifare Cards,Commercial,Commercial,Closed Lost,"NZD 2,370.93",False,Canada
006Q8000009FI4I,AFX Upgrade - Hardware,Commercial,Commercial,Closed Lost,"NZD 4,786.11",False,EMEA
006Q8000009FItu,Database Unlock,,Uncategorized,Closed Won,NZD 985.48,True,Canada
006Q8000009FLrl,Ecole St-sauveur  03192024 CL,Education,Education,Closed Lost,,False,Canada
006Q8000009FTJA,6 Larissa avenue Ringwood 20_03_24,Residential,Residential,Closed Lost,"NZD 9,972.59",False,Australia
006Q8000009Fb25,Storage facility separation 20_03_24,,Uncategorized,Closed Lost,"NZD 9,580.89",False,Australia
006Q8000009FbGb,Storage facility separation with GX 20_03_24,,Uncategorized,Closed Lost,"NZD 2,535.18",False,Australia
006Q8000009FdyQ,Tecom to GX,,Uncategorized,Closed Lost,"NZD 26,355.37",False,Australia
006Q8000009FhM1,Tecom to WX,Commercial,Commercial,Closed Lost,"NZD 23,903.93",False,Australia
006Q8000009Fww9,New AFx Enterprise System Project in Macau,Banking & Finance,Banking & Finance,Closed Won,"NZD 5,540.67",True,Asia Pacific
006Q8000009FzpC,New AFx Enterprise System Project in Singapore (20-Mar-2024),,Uncategorized,Closed Won,"NZD 2,717.45",True,Asia Pacific
006Q8000009GwsU,Supply Inovonics Product,,Uncategorized,Closed Won,NZD 145.70,True,Asia Pacific
006Q8000009H21q,Allegion - 4 Locks,,Uncategorized,Closed Lost,"NZD 1,866.67",False,Canada
006Q8000009HAM0,Premier Coach - upgrade,Commercial,Commercial,Closed Won,"NZD 5,489.65",True,United States
006Q8000009HBWa,Claridge,Multi Family,Multi Family,Closed Lost,"NZD 31,383.27",False,Canada
006Q8000009HFv7,Demo - Mobile Creds,Training,Training,Closed Won,NZD 0.00,True,United States
006Q8000009HJaX,WX Add-On - 22 Doors,,Uncategorized,Closed Won,"NZD 16,692.85",True,Canada
006Q8000009HM8b,Kit 8 doors,Commercial,Commercial,Closed Won,,True,Canada
006Q8000009HOAP,Readers and expanders,,Uncategorized,Closed Won,"NZD 16,974.76",True,United States
006Q8000009HjgH,WX System Quote,,Uncategorized,Closed Won,,True,United States
006Q8000009Hjy2,TP Reader Expander,,Uncategorized,Closed Lost,NZD 605.82,False,United States
006Q8000009HmMP,Grafton Park,,Uncategorized,Proposal,,False,Canada
006Q8000009Hofx,Cause Collective,,Uncategorized,Closed Won,"NZD 1,970.27",True,New Zealand
006Q8000009HyDy,ISO cards 21_03_24,,Uncategorized,Closed Won,NZD 52.05,True,Australia
006Q8000009JbDF,Supply Inovonics EN1235S,,Uncategorized,Closed Won,,True,Asia Pacific
006Q8000009KRQJ,Room Controllers - Order 3,Multi Family,Multi Family,Closed Won,"NZD 396,511.63",True,Canada
006Q8000009KV45,Aperio Quote,,Uncategorized,Closed Lost,,False,United States
006Q8000009KXU6,Room Controllers - Order 2,,Uncategorized,Closed Won,"NZD 396,511.63",True,Canada
006Q8000009KXYv,Room Controllers - Order 1,,Uncategorized,Closed Won,"NZD 396,511.63",True,Canada
006Q8000009KcGr,33 Erie,,Uncategorized,Closed Lost,"NZD 19,725.60",False,Canada
006Q8000009KcaD,PCA Kingsburg - HCI - Retrofit,Commercial,Commercial,Closed Lost,"NZD 25,232.37",False,United States
006Q8000009KfLB,Town of Oakville,Government,Government,Closed Lost,"NZD 870,907.92",False,Canada
006Q8000009KihI,3.21.24,,Uncategorized,Closed Won,"NZD 6,689.12",True,United States
006Q8000009KixO,Milo Office - WX System,Commercial,Commercial,Closed Lost,"NZD 15,020.79",False,Canada
006Q8000009Km4v,Apex 2.21.23,,Uncategorized,Closed Won,"NZD 3,861.88",True,United States
006Q8000009Km9l,Bosch - Additional Door,Commercial,Commercial,Closed Won,"NZD 1,948.31",True,EMEA
006Q8000009L68T,Cornerstone_Auto Gates_Andrew,,Uncategorized,Closed Lost,"NZD 3,635.65",False,New Zealand
006Q8000009L8bh,Forma Toronto - Salto,Multi Family,Multi Family,Closed Lost,"NZD 78,539.83",False,Canada
006Q8000009LASD,Kruger Mill Project,Heavy Industry,Heavy Industry,Closed Lost,"NZD 33,526.99",False,Canada
006Q8000009LoeI,Additional GX License for BAT Office Hallmark Project,Commercial,Commercial,Closed Won,"NZD 2,613.48",True,Asia Pacific
006Q8000009NiIJ,Tenancy Portal,Multi Family,Multi Family,Closed Lost,NZD 583.67,False,Canada
006Q8000009Nmze,APCU Covington GX Server License,,Uncategorized,Closed Lost,"NZD 2,166.49",False,United States
006Q8000009NukH,Test Quote,,Uncategorized,Closed Lost,NZD 0.00,False,United States
006Q8000009Nxev,Kuehne Nagel Milton,,Uncategorized,Closed Lost,"NZD 19,975.68",False,Canada
006Q8000009Nyb0,SIP Account,,Uncategorized,Closed Lost,NZD 1.47,False,United States
006Q8000009O1CH,"The Conrad - Providence, Ri",Residential,Residential,Closed Lost,"NZD 7,324.38",False,United States
006Q8000009O2mf,Test 1,,Uncategorized,Closed Won,,True,United States
006Q8000009OPbD,Mobile Creds & KLCS,,Uncategorized,Closed Lost,NZD 319.59,False,United States
006Q8000009OQDv,600 17th Street | Suite 2300S - Steptoe & Johnson,,Uncategorized,Closed Won,"NZD 3,062.12",True,United States
006Q8000009OQLz,Lock Pricing/Updater Readers,,Uncategorized,Closed Lost,"NZD 3,380.46",False,United States
006Q8000009OR3X,SCRAM,,Uncategorized,Closed Won,"NZD 11,497.75",True,United States
006Q8000009OScH,Marjorie Mason Center (CAB-RS485),,Uncategorized,Closed Lost,"NZD 6,389.47",False,United States
006Q8000009OXSH,SIP,,Uncategorized,Closed Won,NZD 198.53,True,United States
006Q8000009Spbu,Harrisdale Early Learning Replacement Expander,,Uncategorized,Closed Lost,NZD 424.86,False,Australia
006Q8000009Tri5,WX Quote 25_03_24,,Uncategorized,Closed Won,"NZD 2,223.63",True,Australia
006Q8000009Upsi,Index Tower,Commercial,Commercial,Closed Lost,"NZD 98,154.82",False,EMEA
006Q8000009VgU4,Sami,Commercial,Commercial,Closed Lost,,False,Canada
006Q8000009VnqU,Job 8694,,Uncategorized,Closed Won,"NZD 9,497.77",True,Canada
006Q8000009VzwV,2121 Lakeshore,,Uncategorized,Closed Lost,"NZD 4,105.24",False,Canada
006Q8000009W9mA,Eastern State Hospital (Keycard batch 2),Healthcare,Healthcare,Closed Won,"NZD 4,691.18",True,United States
006Q8000009WXdC,WX Starter Kit - 3 Door System,,Uncategorized,Closed Won,"NZD 2,162.51",True,Canada
006Q8000009WYPb,3.25.24,,Uncategorized,Closed Won,"NZD 5,451.91",True,United States
006Q8000009Whfl,U of Waterloo,Education,Education,Closed Lost,"NZD 51,277.91",False,Canada
006Q8000009XNaA,Chris Quote 26_03_24,,Uncategorized,Closed Lost,"NZD 2,781.11",False,Australia
006Q8000009XWYd,Protégé GX Expansion project,,Uncategorized,Closed Won,"NZD 4,786.09",True,Australia
006Q8000009Xg6X,Supply Only New AFx Express System for Building Project,,Uncategorized,Closed Lost,NZD 268.81,False,Asia Pacific
006Q8000009XrIN,SOAP Web Service Software Development Kit,,Uncategorized,Closed Lost,"NZD 4,732.78",False,Australia
006Q8000009Xtzq,Project Tender for MOE SCHOOLS (PHASE 1) in Singapore,Education,Education,Proposal,,False,Asia Pacific
006Q8000009ZIXx,Data Link - WX - 6D,,Uncategorized,Closed Won,"NZD 4,638.31",True,United States
006Q8000009ZLE7,Demo Mobile App,Training,Training,Closed Lost,NZD 0.00,False,United States
006Q8000009ZLh7,Imperial - Multifamily Opportunity,Multi Family,Multi Family,Closed Lost,"NZD 822,931.62",False,United States
006Q8000009ZQaL,4DR WX - 2 cans,Commercial,Commercial,Closed Won,"NZD 5,549.47",True,United States
006Q8000009ZSVh,Marjorie Mason Center (Main),,Uncategorized,Closed Lost,"NZD 22,853.51",False,United States
006Q8000009ZTA1,Test Training,Training,Training,Closed Lost,"NZD 1,438.94",False,United States
006Q8000009ZVwb,GX Training,Training,Training,Closed Lost,"NZD 7,147.06",False,United States
006Q8000009ZXNJ,LCC- Loc 1,,Uncategorized,Closed Lost,"NZD 6,211.80",False,Canada
006Q8000009ZXf3,GX Certification,Other,Other,Closed Won,"NZD 6,116.58",True,Canada
006Q8000009ZXwn,Oak Hills Community,Commercial,Commercial,Closed Lost,"NZD 5,004.12",False,Canada
006Q8000009ZXyQ,4 Mobile Creds,,Uncategorized,Closed Won,NZD 27.53,True,United States
006Q8000009ZYT3,U of W - IPIC,Education,Education,Closed Won,"NZD 1,954.40",True,Canada
006Q8000009ZYXt,LCC- Loc 2,,Uncategorized,Closed Lost,"NZD 7,618.01",False,Canada
006Q8000009ZYpe,LCC- Loc 4,,Uncategorized,Closed Lost,"NZD 7,618.01",False,Canada
006Q8000009ZYzJ,LCC- Loc 3,,Uncategorized,Closed Lost,"NZD 14,881.09",False,Canada
006Q8000009ZaoE,Luther Car Wash,,Uncategorized,Closed Won,"NZD 1,504.90",True,United States
006Q8000009ZiLx,Town of Oakville,Government,Government,Closed Lost,"NZD 883,895.29",False,Canada
006Q8000009ZqUn,: Dufferin Creek Security Solution - Durham Region,Government,Government,Closed Won,"NZD 4,841.57",True,Canada
006Q8000009ZrST,Arbutus - PCI Project,Multi Family,Multi Family,Closed Won,"NZD 78,342.79",True,Canada
006Q8000009ZuTZ,Amica,,Uncategorized,Closed Lost,,False,Canada
006Q8000009aC0f,Garage Remote Kit,,Uncategorized,Closed Lost,NZD 990.96,False,Australia
006Q8000009ac83,RSS Comms_5 Door Access_Richard,Residential,Residential,Closed Lost,"NZD 3,860.89",False,New Zealand
006Q8000009b1w1,CofG RFT 2324 05 - Civic Centre,,Uncategorized,Closed Lost,"NZD 42,893.51",False,Australia
006Q8000009b7Wr,GX Training June 24,Training,Training,Closed Won,"NZD 2,198.97",True,Australia
006Q8000009bCGL,WX Upgrade,,Uncategorized,Closed Lost,"NZD 9,136.89",False,Australia
006Q8000009bXJL,GX Training/Demo Kit,Training,Training,Closed Won,"NZD 2,610.59",True,Australia
006Q8000009cOox,ICT Parts,,Uncategorized,Closed Won,"NZD 5,012.62",True,Canada
006Q8000009cRtF,Tanu - Unknown Project 00002,Multi Family,Multi Family,Closed Lost,"NZD 87,293.82",False,Canada
006Q8000009cXfJ,Supply Inovonics Equip for BMGF Project,,Uncategorized,Closed Won,"NZD 1,422.55",True,Asia Pacific
006Q8000009cZ2o,Farmers Credit Union 50 Door License,Banking & Finance,Banking & Finance,Closed Lost,"NZD 1,238.63",False,United States
006Q8000009cZIw,South Tower,Multi Family,Multi Family,Closed Won,,True,Canada
006Q8000009cZKX,National Bank Of Kuwait Software Upgrade,Banking & Finance,Banking & Finance,Closed Won,"NZD 12,146.30",True,EMEA
006Q8000009cZvf,Hope Flower new fob quote,,Uncategorized,Closed Won,"NZD 3,272.06",True,United States
006Q8000009cazl,Reader and Expander,,Uncategorized,Closed Lost,"NZD 2,379.18",False,United States
006Q8000009cbFt,10 x TSL-EXTRA-RR-HL - Chubb Stock,,Uncategorized,Closed Won,"NZD 4,669.40",True,EMEA
006Q8000009cenF,Sertec - Software,,Uncategorized,Closed Won,"NZD 2,422.51",True,EMEA
006Q8000009civh,Chislom House,Residential,Residential,Closed Lost,"NZD 9,669.43",False,Canada
006Q8000009cjtN,Town of Essex Add-On,Government,Government,Closed Won,"NZD 12,983.91",True,Canada
006Q8000009cngr,Cypress Creek- UHS,,Uncategorized,Closed Won,"NZD 67,026.03",True,United States
006Q8000009cp4L,Test,,Uncategorized,Closed Lost,,False,United States
006Q8000009d7UH,Ellis Don - Mock Condo,,Residential - Multi-Family,Closed Lost,"NZD 35,826.66",False,Canada
006Q8000009d8Gf,Aura Condos - WX Project,Multi Family,Multi Family,Closed Won,"NZD 6,451.67",True,Canada
006Q8000009d9UT,U of W - GX Test License,Education,Education,Closed Won,"NZD 7,776.54",True,Canada
006Q8000009dA0m,PSM Partners,,Uncategorized,Closed Won,NZD 516.18,True,United States
006Q8000009dBBJ,Highlands- UHS,,Uncategorized,Closed Won,"NZD 82,649.41",True,United States
006Q8000009dC8z,Quail Run- UHS,Healthcare,Healthcare,Closed Lost,"NZD 141,502.94",False,United States
006Q8000009dCk5,PRT-ZX16-DIN,,Uncategorized,Closed Won,NZD 567.35,True,United States
006Q8000009dCsY,Quote WX System - 28Mar2024,,Uncategorized,Closed Lost,"NZD 24,215.18",False,Australia
006Q8000009dFWf,SmartDS_Blitz_sites_Takeover_28Mar2024,,Uncategorized,Closed Lost,"NZD 15,657.90",False,Australia
006Q8000009dHIO,Berwick Mits 28_03_24,,Uncategorized,Closed Lost,"NZD 2,562.25",False,Australia
006Q8000009dKA2,WX for Testing,,Uncategorized,Closed Won,NZD 753.85,True,Australia
006Q8000009dO10,Hereford Commercial Building,Commercial,Commercial,Closed Lost,"NZD 23,309.92",False,New Zealand
006Q8000009dOF6,Flight centre Chch office doors,Commercial,Commercial,Closed Lost,"NZD 3,000.00",False,New Zealand
006Q8000009e29C,ArmorIP 28_03_24,,Uncategorized,Closed Lost,NZD 832.60,False,Australia
006Q8000009eVaz,20 Story Tower,Commercial,Commercial,Closed Lost,"NZD 41,634.81",False,EMEA
006Q8000009fiSv,East Of England Additions,,Uncategorized,Closed Won,"NZD 4,166.10",True,EMEA
006Q8000009fori,Mobile Credentials,,Uncategorized,Closed Won,NZD 100.37,True,United States
006Q8000009g45G,GX Training,Other,Other,Closed Lost,"NZD 7,147.06",False,United States
006Q8000009g5cP,Durham College,Education,Education,Closed Lost,"NZD 411,046.51",False,Canada
006Q8000009g5m5,3/28 New Project,Commercial,Commercial,Closed Lost,"NZD 5,723.65",False,United States
006Q8000009g8dW,Particle Measuring System - Niwot HW,Heavy Industry,Heavy Industry,Procurement,"NZD 33,449.82",False,United States
006Q8000009g9Uj,U of W - Full Tender,,Uncategorized,Closed Lost,"NZD 1,237,323.93",False,Canada
006Q8000009gAlm,BSMC Project,,Uncategorized,Closed Lost,,False,United States
006Q8000009gRHy,BSMC Project,,Uncategorized,Closed Lost,"NZD 45,198.47",False,United States
006Q8000009gRjN,PO TEG-18296,,Uncategorized,Closed Won,"NZD 9,267.56",True,United States
006Q8000009gRpp,PO TEG-18261/NorthernTurfMgmt,,Uncategorized,Closed Won,"NZD 6,573.78",True,United States
006Q8000009gRwH,Tags,,Uncategorized,Closed Won,NZD 0.00,True,United States
006Q8000009gS17,PO TEG-18289/NFCU-EagleLake,,Uncategorized,Closed Won,"NZD 6,573.71",True,United States
006Q8000009gS9B,High-rise,Multi Family,Multi Family,Working,"NZD 67,852.46",False,United States
006Q8000009gWG2,PO 3041 NB City Yard,Commercial,Commercial,Closed Won,"NZD 2,094.26",True,United States
006Q8000009goXv,PO  1007103,,Uncategorized,Closed Won,"NZD 25,785.18",True,United States
006Q8000009gob7,3/29 quote for Cheryl,,Uncategorized,Closed Won,"NZD 8,728.94",True,United States
006Q8000009j8Qr,3.28.24,,Uncategorized,Closed Won,"NZD 8,728.94",True,United States
006Q8000009j9bR,Armor IP Quote,,Uncategorized,Closed Lost,"NZD 3,676.47",False,United States
006Q8000009jAHN,Cellular Module,,Uncategorized,Closed Lost,"NZD 3,676.47",False,United States
006Q8000009jBdG,2Dr Project,Commercial,Commercial,Closed Lost,"NZD 3,191.47",False,United States
006Q8000009jEo1,ICT Office Training Kit,Training,Training,Closed Won,"NZD 1,543.63",True,United States
006Q8000009jFx0,4G Cell Modem,,Uncategorized,Closed Won,NZD 436.60,True,United States
006Q8000009jGGL,Whitridge elevator add-on,Commercial,Commercial,Closed Won,"NZD 1,429.84",True,United States
006Q8000009nFgf,Jawan School - Qatar,Education,Education,Closed Lost,"NZD 168,369.73",False,EMEA
006Q8000009oUQk,NDIS WX system 01_04_24,,Uncategorized,Closed Won,"NZD 1,932.39",True,Australia
006Q8000009qTol,Brian Orser Arena - WX,Commercial,Entertainment - Sports & Recreation,Closed Lost,"NZD 7,980.22",False,Canada
006Q8000009qYBh,REM4 & RCVR,,Uncategorized,Closed Won,,True,United States
006Q8000009qb1V,Brian Orser Arena - GX,Commercial,Entertainment - Sports & Recreation,Closed Lost,"NZD 12,450.02",False,Canada
006Q8000009qwab,Hatle 4-1-24,,Uncategorized,Closed Lost,NZD 854.34,False,United States
006Q8000009qxMz,OHI quote,Education,Education,Closed Lost,"NZD 7,093.68",False,United States
006Q8000009rCFZ,SOAP service for integration partner 02_04_24,,Uncategorized,Closed Lost,"NZD 6,853.82",False,Australia
006Q8000009rLp7,3 Door 5 PIR Site,,Uncategorized,Closed Won,"NZD 4,282.74",True,Australia
006Q8000009sG93,Secta_WX Single Door_Wayne,Commercial,Commercial,Closed Lost,NZD 753.86,False,New Zealand
006Q8000009t0VG,X for Mine site Gate,,Uncategorized,Closed Lost,NZD 21.32,False,Australia
006Q8000009t1BB,Mifare Credentials,,Uncategorized,Closed Won,NZD 336.79,True,Australia
006Q8000009t2vF,Gate Control for Mine site,,Uncategorized,Closed Lost,"NZD 3,854.86",False,Australia
006Q8000009tIgg,tsl Julio,Commercial,Commercial,Decision,NZD 520.90,False,Canada
006Q8000009tJhZ,Seaton Paramedics Vipond SF,,Uncategorized,Closed Won,,True,Canada
006Q8000009tTx3,South Tower Locks,Multi Family,Multi Family,Closed Won,,True,Canada
006Q8000009tVUD,SECURE SYSTEMS 4.24..24,,Uncategorized,Closed Won,"NZD 1,805.29",True,United States
006Q8000009tWrh,GX Pre-Wire Kit/Card Readers Quotes 4.2,,Uncategorized,Closed Lost,"NZD 11,721.47",False,United States
006Q8000009tYIP,Sertec - Hardware,,Uncategorized,Closed Won,"NZD 7,774.55",True,EMEA
006Q8000009tYgb,HS2 - Software,Commercial,Commercial,Closed Won,"NZD 7,207.86",True,EMEA
006Q8000009tZ6P,HS2 - Hardware,Commercial,Commercial,Closed Won,"NZD 34,157.00",True,EMEA
006Q8000009tZCr,13th and Wads,,Uncategorized,Closed Won,"NZD 19,936.51",True,United States
006Q8000009tZT0,Sparbrook Community Health Centre,Healthcare,Healthcare,Closed Lost,"NZD 72,062.24",False,EMEA
006Q8000009tZZR,Sparkshill Primary Care - Hardware,Healthcare,Healthcare,Closed Lost,"NZD 50,030.91",False,EMEA
006Q8000009taqT,Demo equipment NFR,Training,Training,Closed Won,"NZD 2,148.24",True,United States
006Q8000009th2L,2600 South Lewis Way,,Uncategorized,Closed Won,"NZD 1,664.82",True,United States
006Q8000009tzYj,Tags / Standard 4.2.24,,Uncategorized,Closed Won,NZD 723.53,True,United States
006Q8000009tzti,GX Training,Training,Training,Closed Won,"NZD 7,147.06",True,United States
006Q8000009u2Er,Waverly,,Uncategorized,Closed Won,"NZD 26,712.88",True,United States
006Q8000009u4QL,Solas_Alarm 1 Door_Eoin,,Uncategorized,Closed Lost,"NZD 1,869.82",False,New Zealand
006Q8000009u8If,3 door Site - V2,,Uncategorized,Closed Won,"NZD 4,446.93",True,Australia
006Q8000009u96f,Armstrong Wellington_Keypad Reader_Jim,,Uncategorized,Closed Won,NZD 392.08,True,New Zealand
006Q8000009uowF,CofG RFT 2324 05 - Library,,Government - Public Facilities,Closed Lost,"NZD 6,971.15",False,Australia
006Q8000009upVk,138 Ferrars St Montague Square,Commercial,Commercial,Closed Lost,"NZD 50,257.98",False,Australia
006Q8000009usJv,CofG RFT 2324 05 - QEII Community Centre,,Uncategorized,Closed Lost,"NZD 4,195.05",False,Australia
006Q8000009uvHq,CofG RFT 2324 05 - Aqua Arena,,Entertainment - Sports & Recreation,Closed Lost,"NZD 12,793.91",False,Australia
006Q8000009uxOQ,CofG RFT 2324 05 - Meru Waste,,Uncategorized,Closed Lost,"NZD 3,232.53",False,Australia
006Q8000009uyIs,CofG RFT 2324 05 - Queens Park Theatre,,Entertainment,Closed Lost,"NZD 3,539.89",False,Australia
006Q8000009uz21,CofG RFT 2324 05 - Multi Purpose Centre,Multi Family,Multi Family,Closed Lost,"NZD 18,935.63",False,Australia
006Q8000009uz6r,CofG RFT 2324 05 - Art Gallery,,Uncategorized,Closed Lost,"NZD 3,516.74",False,Australia
006Q8000009uzJl,CofG RFT 2324 05 - Animal Management,,Uncategorized,Closed Lost,"NZD 8,923.85",False,Australia
006Q8000009uzOb,CofG RFT 2324 05 - City Depot,,Uncategorized,Closed Lost,"NZD 2,999.87",False,Australia
006Q8000009uzRp,CofG RFT 2324 05 - Mullewa District Office,Commercial,Commercial,Closed Lost,"NZD 3,889.54",False,Australia
006Q8000009uzq1,CofG RFT 2324 05 - P3 Gallery Park Toilet,,Uncategorized,Closed Lost,"NZD 3,555.54",False,Australia
006Q8000009uzy5,CofG RFT 2324 05 - P3 Foreshore Toilet,,Uncategorized,Closed Lost,"NZD 3,555.54",False,Australia
006Q8000009wZJZ,Evelyn Lofts,,Uncategorized,Closed Lost,"NZD 41,136.47",False,United States
006Q8000009wflZ,PO 3046 - i2,Commercial,Commercial,Closed Won,"NZD 2,352.94",True,United States
006Q8000009wfyT,6D WX Kit,,Uncategorized,Closed Won,"NZD 7,151.12",True,United States
006Q8000009wg6X,8D WK Kit w/ Extra expander,,Uncategorized,Closed Won,"NZD 9,098.65",True,United States
006Q8000009wgGD,PO# 200277,,Uncategorized,Closed Won,"NZD 1,192.41",True,United States
006Q8000009wh7R,PO 6105353,,Uncategorized,Closed Won,NZD 819.53,True,United States
006Q8000009wnzF,Trove Enclosure Layout (price 2),,Uncategorized,Closed Won,"NZD 17,089.41",True,United States
006Q8000009wuwJ,GX Training,Training,Training,Closed Lost,"NZD 6,617.65",False,United States
006Q8000009wypq,PO: 18306/NSP-GuilfordLibrary,Education,Education,Closed Won,NZD 906.62,True,United States
006Q8000009x87f,SAL - Lock,,Uncategorized,Closed Won,NZD 0.00,True,United States
006Q8000009xA1N,Lamar School District,Education,Education,Closed Lost,"NZD 65,033.53",False,United States
006Q8000009xAcT,CBH Carbondale,Residential,Residential,Proposal,"NZD 23,507.50",False,United States
006Q8000009xCnx,Retirement Village Gates,Residential,Residential,Closed Lost,"NZD 20,497.44",False,New Zealand
006Q8000009xDnF,7951 E. Maplewood Ave.,,Uncategorized,Closed Won,"NZD 1,406.82",True,United States
006Q8000009xDwv,1600 Stout Tenant Suite,,Uncategorized,Closed Won,"NZD 1,406.82",True,United States
006Q8000009xKdV,DESFire Credentials,,Uncategorized,Closed Lost,"NZD 87,647.06",False,United States
006Q8000009xSMY,Westmont Aged Care  04_04_2024,Healthcare,Healthcare,Closed Lost,"NZD 48,445.80",False,Australia
006Q8000009xSPh,Patriot Park BOM,Multi Family,Multi Family,Proposal,"NZD 56,290.59",False,United States
006Q8000009xV10,GX Training Course 28/05/24,Training,Training,Closed Won,"NZD 1,221.65",True,Australia
006Q8000009xo0P,AlphaNZ_Raro_Aidan,Commercial,Commercial,Closed Lost,"NZD 9,513.73",False,New Zealand
006Q8000009xoel,CofG RFT 2324 05 - Depot SALTO Upgrade,,Uncategorized,Closed Lost,"NZD 36,519.23",False,Australia
006Q8000009yB0E,Replacement Readers,,Uncategorized,Closed Won,NZD 830.79,True,Australia
006Q8000009ziyE,Max Technologies,,Uncategorized,Closed Lost,"NZD 33,219.13",False,United States
006Q8000009zkAP,Amit One Minnesota Security,,Uncategorized,Closed Lost,NZD 147.06,False,United States
006Q8000009zkLh,Config App,,Uncategorized,Closed Lost,NZD 11.47,False,United States
006Q8000009zkoj,Project for Multifamily,Multi Family,Multi Family,Proposal,"NZD 42,599.27",False,United States
006Q8000009zmiT,Michael - 2024-04-04,Multi Family,Multi Family,Closed Lost,"NZD 57,543.58",False,Canada
006Q8000009zr73,Demo Lock,Training,Training,Closed Lost,NZD 705.88,False,United States
006Q8000009zrjl,Demo lock,Residential,Residential,Closed Won,NZD 0.00,True,United States
006Q800000A0Ab7,spare parts,,Uncategorized,Closed Won,"NZD 5,104.41",True,United States
006Q800000A0FCb,AFX Replacement - Software & Credentials,Commercial,Commercial,Closed Lost,"NZD 5,805.17",False,EMEA
006Q800000A0Fvl,AFX Replacement - Hardware,Commercial,Commercial,Closed Lost,"NZD 22,591.23",False,EMEA
006Q800000A0G8g,ICT Wireless Lock - Samples / Flat Black,Multi Family,Multi Family,Closed Won,,True,Canada
006Q800000A0GAI,5 Door WX system,,Uncategorized,Closed Lost,"NZD 5,159.48",False,Australia
006Q800000A0Mu1,WX Training Kit,Training,Training,Closed Lost,"NZD 2,900.66",False,Australia
006Q800000A0NlF,BT Group_Small WX Op_Chris,,Retail,Closed Lost,"NZD 3,014.71",False,New Zealand
006Q800000A18XG,Protege GX Bookable POC,,Uncategorized,Closed Lost,,False,Australia
006Q800000A2UnS,Sad Rejonowy Katowice Wschod (new building),Commercial,Commercial,Closed Lost,"NZD 91,723.43",False,EMEA
006Q800000A2q81,U of W - 9 Readers,Education,Education,Closed Lost,"NZD 6,046.26",False,Canada
006Q800000A2qb3,TSL EXTRA Shield,,Uncategorized,Closed Won,,True,Canada
006Q800000A2tKR,Park Engle - Building E (base),Residential,Residential,Proposal,"NZD 64,547.03",False,United States
006Q800000A2ydR,PO 3061,,Uncategorized,Closed Won,NZD 426.47,True,United States
006Q800000A2zrF,PRX-ISO-MF Proposal,Multi Family,Multi Family,Closed Won,"NZD 2,433.14",True,Canada
006Q800000A30iT,Cloud X,,Uncategorized,Closed Lost,,False,Canada
006Q800000A31jO,SFM HOA Cloud Quote,,Uncategorized,Closed Won,"NZD 2,649.00",True,United States
006Q800000A38Pt,RF-REM4-433-HID26 - 400 Units,,Uncategorized,Closed Won,"NZD 20,541.57",True,Canada
006Q800000A3Nn7,Luther Mazda - Smart Pro - Sallis Glass Strikes,,Uncategorized,Closed Won,"NZD 5,232.71",True,United States
006Q800000A7NWo,Chubb Single Mag Door,,Uncategorized,Closed Won,"NZD 1,438.17",True,New Zealand
006Q800000A7bgL,Conbrio_Training_Glenn,Training,Training,Closed Won,"NZD 1,044.51",True,New Zealand
006Q800000A7eXl,IQ_Remotes_ Reck,,Uncategorized,Closed Won,"NZD 2,735.61",True,New Zealand
006Q800000A8CmF,WX Quote 08_04_24,,Uncategorized,Closed Lost,"NZD 2,900.66",False,Australia
006Q800000A9xUX,Quotation for RFQ - ICT - PJ24/0159,,Uncategorized,Closed Won,"NZD 3,299.72",True,Asia Pacific
006Q800000A9ys1,New AFx Enterprise System Project in Singapore (8-Apr-2024),Commercial,Commercial,Closed Won,,True,Asia Pacific
006Q800000AAAeg,14D w/Multiclass,Multi Family,Multi Family,Closed Lost,"NZD 14,965.59",False,United States
006Q800000AAMMT,National Bank Of Kuwait Hardware,Banking & Finance,Banking & Finance,Closed Won,"NZD 19,542.27",True,EMEA
006Q800000AAQOU,Queens College - Cambridge- Non-iSales Parts,Education,Education,Closed Won,"NZD 9,446.48",True,EMEA
006Q800000AAQjR,Luther Salto Licenses,,Uncategorized,Closed Won,NZD 835.68,True,United States
006Q800000AAQuk,4.8.24,,Uncategorized,Closed Won,"NZD 1,002.88",True,United States
006Q800000AARAr,4.8.24,,Uncategorized,Closed Won,"NZD 1,296.88",True,United States
006Q800000AARFi,Georgian College,Education,Education,Closed Lost,"NZD 422,289.56",False,Canada
006Q800000AARSb,Queens College - Cambridge- iSales Parts,Education,Education,Closed Won,"NZD 17,997.80",True,EMEA
006Q800000AARkL,Denver West Encore Quote,,Uncategorized,Closed Lost,"NZD 3,076.81",False,United States
006Q800000AAUaA,The Bridge,,Uncategorized,Closed Lost,"NZD 15,413.29",False,United States
006Q800000AAUwj,Howes 4-8-24,,Uncategorized,Closed Won,"NZD 1,587.71",True,United States
006Q800000AAfCF,Salt & Meadow - Building B - Phase 2 (Second Order),,Uncategorized,Closed Won,"NZD 3,848.39",True,Canada
006Q800000AAqNl,Marsico Capital Management,,Uncategorized,Closed Won,NZD 351.84,True,United States
006Q800000AAsJ8,175 Eagle Street,,Uncategorized,Closed Lost,"NZD 59,610.95",False,Australia
006Q800000AAtYX,Alutiiq,,Uncategorized,Closed Won,"NZD 11,516.91",True,United States
006Q800000AAvth,Winnebago CUSD #323,Education,Education,Closed Lost,"NZD 49,135.59",False,United States
006Q800000AAwra,Blue Eagle_5 Door WX_Sam,,Uncategorized,Closed Lost,"NZD 6,337.46",False,New Zealand
006Q800000AAyml,Northern BC Rec Centre - WX System,Commercial,Commercial,Proposal,"NZD 37,791.80",False,Canada
006Q800000ADIKj,Keypad Reader Combo,,Uncategorized,Closed Lost,NZD 595.55,False,Australia
006Q800000ADJa9,Prixcar - Forrestdale,,Uncategorized,Closed Won,"NZD 11,531.01",True,Australia
006Q800000ADVMn,GX Training,Commercial,Commercial,Closed Lost,"NZD 7,147.06",False,United States
006Q800000ADcGD,Oxford Community,,Uncategorized,Proposal,,False,Canada
006Q800000ADxkV,4/9,,Uncategorized,Closed Won,"NZD 9,487.59",True,United States
006Q800000AE20z,4.9 Quote 2,,Uncategorized,Closed Won,"NZD 4,006.06",True,United States
006Q800000AE2nO,Modem,,Uncategorized,Closed Won,NZD 468.74,True,United States
006Q800000AE3mf,Bravida - Quadrum C - D,Commercial,Commercial,Closed Lost,"NZD 62,357.81",False,EMEA
006Q800000AE5dC,Major Security WX Mantrap,,Uncategorized,Closed Won,"NZD 5,263.05",True,New Zealand
006Q800000AEcPU,Total Sec_WX 2 Door_Gavin,,Uncategorized,Closed Lost,"NZD 1,832.17",False,New Zealand
006Q800000AErDB,PRX-XVRC 10_04_2024,Healthcare,Healthcare,Closed Lost,"NZD 6,191.40",False,Australia
006Q800000AEsVp,Module Quote,,Uncategorized,Closed Lost,"NZD 1,673.38",False,New Zealand
006Q800000AEuMY,GX Level 1 Facilitated Training 10_04_24,Training,Training,Closed Won,"NZD 1,221.65",True,Australia
006Q800000AF2Oj,GX Level 1 Facilitated Training 10_04_24,Training,Training,Closed Won,"NZD 1,710.31",True,Australia
006Q800000AF8yn,Kris Quote 10_04_24,,Uncategorized,Closed Lost,"NZD 5,496.85",False,Australia
006Q800000AFw7Z,"Tender for M23-122E - Area 2A, Discovery Bay (ACS)",Residential,Residential,Proposal,,False,Asia Pacific
006Q800000AG0Pi,"Furniture Factory, Miedzychod",Commercial,Industrial - Manufacturing,Closed Won,"NZD 11,457.70",True,EMEA
006Q800000AG15f,WSD Bydgoszcz,,Uncategorized,Closed Won,"NZD 10,563.95",True,EMEA
006Q800000AG8Or,"BALTIC TOWERS, Ostrow Island, Gdansk",,Uncategorized,Closed Lost,"NZD 143,284.24",False,EMEA
006Q800000AGWPZ,Seaton LTC,Healthcare,Healthcare,Closed Lost,"NZD 105,466.30",False,Canada
006Q800000AGYuP,Church of Holy Wisdom,Religious,Religious,Closed Won,"NZD 4,741.02",True,Canada
006Q800000AGaUn,Marlstone - Chubb - Ray Gilmore - 2024-04-10,,Uncategorized,Closed Lost,,False,Canada
006Q800000AGakv,Marlstone - Chubb - Ray Gilmore - 2024-04-10 - Rev# 2,Commercial,Commercial,Closed Won,NZD 602.84,True,Canada
006Q800000AGwyL,yashar 26TSL,Commercial,Commercial,Closed Lost,"NZD 6,354.73",False,Canada
006Q800000AGzwD,Hardy Village,,Uncategorized,Closed Won,NZD 408.82,True,United States
006Q800000AH0vX,Cards x200,,Uncategorized,Closed Won,"NZD 1,635.29",True,United States
006Q800000AH9E1,ICT Stock Order Email 9Apr2024,,Uncategorized,Closed Lost,"NZD 8,543.47",False,Australia
006Q800000AHC0b,GX Level 1 Facilitated Training 11_04_24,Training,Training,Closed Won,"NZD 1,099.49",True,Australia
006Q800000AHHGQ,KP reader quote,,Uncategorized,Closed Won,"NZD 6,467.65",True,United States
006Q800000AHuMb,Wodonga TAFE Lawrence St 11_04_24,,Uncategorized,Closed Won,"NZD 6,430.92",True,Australia
006Q800000AJEW9,Investcorp  Time & Attendance Reporting,,Uncategorized,Closed Won,"NZD 1,995.62",True,EMEA
006Q800000AJFQc,Site Code 123,,Uncategorized,Closed Won,"NZD 1,261.76",True,United States
006Q800000AJK3i,Site Code 20728,,Uncategorized,Closed Won,"NZD 2,345.59",True,United States
006Q800000AJMlR,Site Code 20704,,Uncategorized,Closed Won,"NZD 4,691.18",True,United States
006Q800000AJONT,Kit for stock,,Uncategorized,Closed Won,"NZD 1,406.82",True,United States
006Q800000AJQyj,5207 Dundas,Multi Family,Multi Family,Closed Lost,"NZD 106,929.01",False,Canada
006Q800000AJSVt,4.11,,Uncategorized,Closed Won,"NZD 4,626.71",True,United States
006Q800000AJYI8,Mitchell Bucholtz Home WX System 12April 24,Residential,Residential,Closed Won,NZD 666.54,True,Australia
006Q800000AJZIr,Almac - GH-24-P057,,Uncategorized,Closed Won,"NZD 10,336.36",True,EMEA
006Q800000AJwiU,Crestmark,,Uncategorized,Closed Won,"NZD 22,657.27",True,Canada
006Q800000AKOek,Intertek,Commercial,Commercial,Closed Lost,"NZD 7,998.40",False,Australia
006Q800000AMNmb,Islington Council - Additional Client License,Government,Government,Closed Won,NZD 817.79,True,EMEA
006Q800000AN3Io,WX Kit,,Uncategorized,Closed Won,NZD 977.60,True,Canada
006Q800000AQQPJ,Penguin Pharmacy Protege X 15_04_24,Healthcare,Healthcare,Closed Won,"NZD 5,820.05",True,Australia
006Q800000AQV8r,Penrith MACC,,Uncategorized,Closed Won,"NZD 13,517.52",True,Australia
006Q800000ARIXl,Ulysses Trinity Beach Gates HW,,Uncategorized,Closed Lost,"NZD 2,841.01",False,Australia
006Q800000ARIaz,Ulysses Trinity Beach Gates X,,Uncategorized,Closed Lost,NZD 21.32,False,Australia
006Q800000ARKHp,WX System Single Door 15_04_2024,,Uncategorized,Closed Won,"NZD 2,117.78",True,Australia
006Q800000ARO6v,Cornerstone_BT Readers and Creds_Andrew,,Uncategorized,Closed Lost,"NZD 2,033.90",False,New Zealand
006Q800000AROrk,WX System Bricks & Mortar 15_04_2024,,Uncategorized,Closed Won,"NZD 5,015.90",True,Australia
006Q800000ARcoD,Scotch College Residence,Residential,Residential,Closed Won,"NZD 2,203.93",True,Australia
006Q800000AST7l,T&A System Upgrade Project for HK International Airport (30 Sites),Transportation,Transportation,Closed Lost,"NZD 6,909.43",False,Asia Pacific
006Q800000ASmOv,CTRL & KLCS,,Uncategorized,Closed Won,NZD 188.07,True,United States
006Q800000ASmwp,6 Building Apartment 24DR complex - X,Residential,Residential,Closed Lost,"NZD 15,836.65",False,United States
006Q800000ASnRS,Vermont Gas,Commercial,Commercial,Closed Lost,"NZD 26,595.71",False,United States
006Q800000ASoyb,Attleboro Medical Facility,Healthcare,Healthcare,Closed Lost,"NZD 39,583.24",False,United States
006Q800000ASqPK,PO#240282,,Uncategorized,Closed Won,"NZD 1,093.04",True,United States
006Q800000ASr5G,Fairfax Fire Department,Commercial,Commercial,Closed Won,"NZD 4,350.35",True,United States
006Q800000ASrus,GX Client Lic,,Uncategorized,Closed Won,NZD 730.99,True,United States
006Q800000ASuRJ,PO 240275,,Uncategorized,Closed Won,"NZD 2,849.10",True,United States
006Q800000ASuvy,Endocare - Budapest,Healthcare,Healthcare,Closed Won,"NZD 4,190.23",True,EMEA
006Q800000ASwMf,Vandal Resistant 125,,Uncategorized,Closed Won,NZD 694.24,True,United States
006Q800000ASwkr,MÜPA - Budapest,,Uncategorized,Closed Won,"NZD 42,046.11",True,EMEA
006Q800000ASwuX,HVG - Budapest,,Uncategorized,Closed Won,"NZD 7,379.73",True,EMEA
006Q800000ASxXF,SSence NYC,Retail,Retail,Closed Lost,"NZD 2,651.18",False,United States
006Q800000ASxfJ,4.10.24 Reader quote,,Uncategorized,Closed Won,NZD 694.24,True,United States
006Q800000ASyTJ,Pearl Access Control,Residential,Residential,Closed Lost,"NZD 53,475.85",False,United States
006Q800000ASyzZ,2x tsec and 25 mcr,,Uncategorized,Closed Won,"NZD 2,168.47",True,United States
006Q800000AT1fh,Desfire cards for Campbell,,Uncategorized,Closed Won,"NZD 2,000.00",True,United States
006Q800000AT2wm,Demo updater Reader,Training,Training,Closed Won,NZD 445.76,True,United States
006Q800000AT5bF,Duncon GC 2,Commercial,Commercial,Closed Lost,"NZD 154,608.97",False,United States
006Q800000ATEoF,Region of Waterloo - Parkade,,Uncategorized,Closed Won,,True,Canada
006Q800000ATO1B,Willow Brook,Multi Family,Multi Family,Closed Lost,"NZD 48,203.82",False,United States
006Q800000ATP0U,Elmwood,,Uncategorized,Closed Won,"NZD 29,873.12",True,United States
006Q800000ATP8Y,KBI BioPharma Expansion,Healthcare,Healthcare,Closed Lost,"NZD 22,284.41",False,United States
006Q800000ATPi1,"Dealer PO 9376A / Oxford FCU, Norway, Maine",Banking & Finance,Banking & Finance,Closed Won,"NZD 5,214.71",True,United States
006Q800000ATS3B,13.56,,Uncategorized,Closed Won,NZD 165.81,True,United States
006Q800000ATSRN,San Carlos Hospital - End Solutions 4.15,Healthcare,Healthcare,Closed Lost,"NZD 125,674.28",False,United States
006Q800000ATSZR,10 Readers April,,Uncategorized,Closed Won,"NZD 4,888.53",True,United States
006Q800000ATq3t,GX Training 21st May 2024 16_04_24,Training,Training,Closed Won,"NZD 1,099.49",True,Australia
006Q800000AUEML,Readers and Power Supplies,,Uncategorized,Closed Won,NZD 997.20,True,Australia
006Q800000AUVTe,Perth Fertility Clinic,Healthcare,Healthcare,Closed Lost,"NZD 22,058.44",False,Australia
006Q800000AUYBN,Perth Fertility Clinic II,Healthcare,Healthcare,Closed Lost,"NZD 17,091.27",False,Australia
006Q800000AUob9,Fertility Clinic Perth,Healthcare,Healthcare,Closed Lost,"NZD 15,113.27",False,Australia
006Q800000AVMkr,Fertility Clinic Perth,Healthcare,Healthcare,Closed Lost,"NZD 21,361.16",False,Australia
006Q800000AVpRv,WX - 6D,Commercial,Commercial,Closed Lost,"NZD 6,057.22",False,Canada
006Q800000AVqpN,"Centralne Biuro Zwalczania Cyberprzestepczosci, Bialystok",,Uncategorized,Closed Lost,"NZD 98,136.30",False,EMEA
006Q800000AVrK2,Atrium Office Building,Commercial,Commercial - Office,Closed Lost,"NZD 38,423.74",False,EMEA
006Q800000AVtDl,"Yves Saint Laurent, Warszawa",Retail,Retail,Closed Lost,"NZD 7,063.48",False,EMEA
006Q800000AVtdZ,Sage Apartments,Multi Family,Multi Family,Closed Lost,"NZD 242,349.53",False,United States
006Q800000AVya1,Blue Centar Office Building Phase 1,Commercial,Commercial - Office,Closed Won,"NZD 34,697.22",True,EMEA
006Q800000AW3rR,13th and Wadsworth,,Uncategorized,Closed Lost,"NZD 20,028.18",False,United States
006Q800000AW4fR,Large and XL wristbands UHS,,Uncategorized,Closed Won,"NZD 1,147.06",True,United States
006Q800000AW4ty,batterypark entryphone,,Uncategorized,Closed Won,,True,Canada
006Q800000AWWob,Clamshell Cards,,Uncategorized,Closed Won,NZD 327.57,True,United States
006Q800000AWnUT,WX Web Solution,,Uncategorized,Closed Lost,"NZD 2,967.44",False,Australia
006Q800000AY8NB,Project F-312C 19_04_2024,Commercial,Commercial,Closed Lost,"NZD 16,438.94",False,Australia
006Q800000AY8VF,Project F-546B 19_04_2024,Commercial,Commercial,Closed Lost,"NZD 13,977.46",False,Australia
006Q800000AY8YT,Project F-101W 19_04_2024,Commercial,Commercial,Closed Lost,"NZD 30,063.30",False,Australia
006Q800000AY8ev,Project F-91K 19_04_2024,Commercial,Commercial,Closed Lost,"NZD 10,932.48",False,Australia
006Q800000AYTHx,GX Training - May 24,Training,Training,Closed Won,"NZD 1,099.49",True,Australia
006Q800000AYqxi,Cummer Ave United Church,Religious,Religious,Closed Lost,"NZD 9,057.81",False,Canada
006Q800000AYsoD,Roache 4-17-24,,Uncategorized,Closed Won,"NZD 1,599.88",True,United States
006Q800000AYwF7,PO 6631,,Uncategorized,Closed Won,"NZD 3,689.85",True,United States
006Q800000AYxO6,Hill Crest- UHS,,Uncategorized,Closed Won,"NZD 35,969.41",True,United States
006Q800000AZ1wL,GX Demo Software for Exam,Training,Training,Closed Lost,"NZD 2,888.65",False,United States
006Q800000AZ2Qz,$0 Credential,,Uncategorized,Closed Won,NZD 4.01,True,United States
006Q800000AZ3en,NFR Mobile Credentials,,Uncategorized,Closed Won,NZD 40.15,True,United States
006Q800000AZ7wv,prx-mcr,,Uncategorized,Closed Won,NZD 147.06,True,United States
006Q800000AZ8Y1,150tags,,Uncategorized,Closed Won,"NZD 1,523.72",True,Canada
006Q800000AZ8hh,Vandal Resistant,,Uncategorized,Closed Won,NZD 147.06,True,United States
006Q800000AZAjV,Kyle,,Uncategorized,Closed Lost,"NZD 1,865.85",False,Canada
006Q800000AZBIz,Jesus College - Cambridge Uni,Education,Education,Closed Won,"NZD 20,264.91",True,EMEA
006Q800000AZVw2,Rainbow Rider Bus,,Uncategorized,Closed Won,"NZD 28,015.29",True,United States
006Q800000AZVxh,Embark Credentials,,Uncategorized,Closed Won,,True,Australia
006Q800000AZZOX,Bacnet License,,Uncategorized,Closed Won,NZD 0.00,True,United States
006Q800000AZZWb,Woodland Park School District,Education,Education,Closed Won,"NZD 31,523.43",True,United States
006Q800000AZdTl,Integrity Industries_Small Intrusion_Nathan,,Retail,Closed Lost,"NZD 2,914.91",False,New Zealand
006Q800000AZf49,ProtegeGX Enterprise Security Management Server Software,,Uncategorized,Closed Won,"NZD 10,652.65",True,United States
006Q800000AaGq6,PO 7101406,,Uncategorized,Closed Won,"NZD 4,827.71",True,United States
006Q800000AaoBp,WX Training Kit 18_04_24,Training,Training,Closed Lost,"NZD 2,900.66",False,Australia
006Q800000Ac2Pd,Summa America,,Uncategorized,Closed Won,"NZD 5,884.59",True,United States
006Q800000AcTJO,GX Demo Kit,Training,Training,Closed Won,"NZD 2,884.58",True,United States
006Q800000AcVY5,Reader Quote,,Uncategorized,Closed Won,"NZD 19,822.50",True,United States
006Q800000AcVg9,Lake Nona Kelson,,Uncategorized,Closed Lost,"NZD 214,100.82",False,United States
006Q800000AcVwH,mifare cards (50),,Uncategorized,Closed Won,NZD 408.82,True,United States
006Q800000AcXMz,Le Ber Pointe St-Charles,Commercial,Commercial,Closed Lost,"NZD 22,374.15",False,Canada
006Q800000AcYFp,Osakis Schools,Education,Education,Closed Won,"NZD 84,192.79",True,United States
006Q800000AcZdL,The Edison,,Uncategorized,Closed Lost,"NZD 1,014,494.15",False,United States
006Q800000AcbLl,Edge,,Uncategorized,Closed Won,"NZD 4,222.71",True,United States
006Q800000AcbX3,Caboolture PCYC,,Uncategorized,Closed Lost,,False,Australia
006Q800000AcbiL,4/18 mdu project,Residential,Residential,Closed Lost,"NZD 53,840.47",False,United States
006Q800000Acc8A,I2 Systems - Watertown,Commercial,Commercial,Closed Won,"NZD 6,704.71",True,United States
006Q800000AccRV,Protege WX - Two Door Kit,Multi Family,Multi Family,Closed Won,NZD 977.60,True,Canada
006Q800000Acfyr,Aperio 19_04_24,,Uncategorized,Closed Lost,"NZD 3,230.78",False,Australia
006Q800000Acm7V,Sherin & Lodgen,Commercial,Commercial,Closed Lost,"NZD 11,645.47",False,United States
006Q800000AdPC8,Nathan 19 April 2024,,Uncategorized,Closed Won,"NZD 4,714.80",True,Australia
006Q800000AdPyU,Total Sec_WX Storage Fac_Gavin,Commercial,Commercial,Closed Lost,"NZD 3,815.27",False,New Zealand
006Q800000AdVz3,GX Demo Kit,Training,Training,Closed Lost,"NZD 2,900.66",False,Australia
006Q800000AdbEs,ProtegeGX Software Upgrade from V3 to V4 for Oasdais Service Apartment (SSN: MKL6JDWLSMRY23MJXB2UXL23H),Commercial,Residential - Multi-Family,Closed Won,,True,Asia Pacific
006Q800000Adicv,Yarra's Edge Towers 19_04_24,,Uncategorized,Closed Won,"NZD 10,885.71",True,Australia
006Q800000AeDX4,Fertility Clinic Perth - Level 1,Healthcare,Healthcare,Closed Lost,"NZD 9,995.33",False,Australia
006Q800000AeYbV,Fertility Clinic Perth - Gnd,Healthcare,Healthcare,Closed Lost,"NZD 3,979.53",False,Australia
006Q800000Af1lZ,Le Ber Pointe St-Charles,Commercial,Commercial,Closed Won,"NZD 20,386.67",True,Canada
006Q800000Af9JK,PA Apartment Complex,Residential,Residential,Closed Lost,"NZD 110,795.74",False,United States
006Q800000Af9mL,Michael - 2024-04-19,Multi Family,Multi Family,Closed Lost,"NZD 355,549.90",False,Canada
006Q800000AfATv,Atlantic Realty Hawthorne - Rear-Mount Mortise LATCH retrofit,Multi Family,Multi Family,Working,"NZD 157,760.16",False,United States
006Q800000AfCHB,Township of Springwater,Government,Government,Closed Lost,"NZD 57,932.79",False,Canada
006Q800000AfE2r,Atlantic Realty - Xchange CLUTCH Deadbolts,Multi Family,Multi Family,Working,"NZD 243,540.00",False,United States
006Q800000AfEPS,Dze L K'ant Affordable Housing Project,Multi Family,Multi Family,Closed Lost,"NZD 45,381.82",False,Canada
006Q800000AfWe5,4.19.24,,Uncategorized,Closed Won,"NZD 1,066.59",True,United States
006Q800000AfXK1,4.19.24,,Uncategorized,Closed Lost,"NZD 2,451.53",False,United States
006Q800000AfY3C,Hodges Glen Kernan,,Uncategorized,Closed Lost,"NZD 205,294.41",False,United States
006Q800000AgGvR,Summit Family Dentistry,Healthcare,Healthcare,Closed Lost,"NZD 6,153.35",False,United States
006Q800000AinqT,ICT ProtegeGX Installer (Level 1) Certified Technical Training Course,Training,Training,Closed Won,"NZD 7,168.69",True,Asia Pacific
006Q800000AjXmr,FCC_HOLD Blind Low Vision_Tony,Commercial,Commercial,Closed Won,"NZD 21,533.23",True,New Zealand
006Q800000Ak9KJ,Card Supply  PRX-ISO-MAG-HID26 22_04_24,,Uncategorized,Closed Won,"NZD 7,800.00",True,Australia
006Q800000AkavZ,4Amp PSU 22_04_24,,Uncategorized,Closed Lost,"NZD 1,082.81",False,Australia
006Q800000Alltn,CHKD 1st Floor Med Room,,Uncategorized,Closed Won,NZD 399.97,True,United States
006Q800000Alsbt,prx-clam x50,,Uncategorized,Closed Won,NZD 282.35,True,United States
006Q800000Alutp,PRT-GX-VIM price 4.22,,Uncategorized,Closed Won,"NZD 2,857.90",True,United States
006Q800000Alwlx,Demo WX kit,Training,Training,Closed Lost,"NZD 1,406.82",False,United States
006Q800000AlzTh,The Croft Farmington,,Uncategorized,Closed Lost,,False,United States
006Q800000Alzgb,The Croft Farmington - 5 Spring,,Uncategorized,Closed Lost,"NZD 6,768.24",False,United States
006Q800000Am3nT,424 Madison Bldg,,Uncategorized,Closed Lost,,False,United States
006Q800000AmIhf,Wireless Locks - Construction Cards,,Uncategorized,Closed Won,NZD 768.84,True,Canada
006Q800000AmJM0,Platte Valley School District,Education,Education,Closed Lost,NZD 147.06,False,United States
006Q800000AmJc5,424 Madison Bldg,,Uncategorized,Closed Lost,,False,United States
006Q800000AmJfJ,424 Madison Ave Bldg,Commercial,Commercial,Closed Lost,"NZD 27,322.25",False,United States
006Q800000AmJoz,PRX-TSEC-EXTRA-KP-BT-B,,Uncategorized,Closed Won,"NZD 1,768.90",True,United States
006Q800000AmKBZ,Waverly,,Uncategorized,Closed Won,NZD 944.12,True,United States
006Q800000AmKJd,ME Yachts,,Uncategorized,Closed Won,"NZD 4,267.24",True,United States
006Q800000AmLqn,Platte Valley SD,Education,Education,Discovery,"NZD 116,792.26",False,United States
006Q800000AmPJK,GX Training Kit,Training,Training,Closed Lost,"NZD 2,900.66",False,Australia
006Q800000AmPXq,NL QLD,,Uncategorized,Closed Lost,"NZD 6,325.61",False,Australia
006Q800000AmQP3,GX Training,Training,Training,Closed Won,"NZD 1,221.65",True,Australia
006Q800000AmQos,GX Training,Training,Training,Closed Won,"NZD 1,221.65",True,Australia
006Q800000AnW93,Claytons Apartments Mindarie,Multi Family,Multi Family,Closed Lost,"NZD 24,668.88",False,Australia
006Q800000AnbLe,Fobs- Gallagher Bassett,,Uncategorized,Closed Won,"NZD 1,347.16",True,Australia
006Q800000AorPx,Algoma University,Education,Education,Closed Lost,"NZD 93,770.06",False,Canada
006Q800000AotLJ,Anvil Secure,,Uncategorized,Closed Lost,"NZD 2,581.06",False,United States
006Q800000AovLV,WX - 3D/55Z,,Uncategorized,Closed Lost,"NZD 5,037.88",False,Canada
006Q800000AoxQX,MCW Office,Commercial,Commercial,Closed Lost,"NZD 6,538.17",False,Canada
006Q800000Aoy6T,12D GX Solution,,Uncategorized,Closed Lost,"NZD 26,947.59",False,United States
006Q800000Aozov,Holy Spirit,Religious,Religious,Closed Lost,"NZD 6,554.46",False,Canada
006Q800000Ap0Mn,Toll Brothers MH Denver - The Hiller Companies - New Construction,Multi Family,Multi Family,Closed Lost,"NZD 186,477.92",False,United States
006Q800000ApQFe,FItLyfe,,Uncategorized,Closed Lost,"NZD 1,055.12",False,United States
006Q800000ApTTf,Moola Crt Cheltenham 24_4_24,,Uncategorized,Closed Won,"NZD 7,520.12",True,Australia
006Q800000ApVGv,Tim's 7 reader quote,Commercial,Commercial,Closed Lost,"NZD 9,045.88",False,United States
006Q800000ApXyf,Trak Security_Sylvia Park_Roy,Commercial,Commercial,Closed Lost,"NZD 176,705.94",False,New Zealand
006Q800000Aprqv,GX Training Kit,Training,Training,Closed Lost,"NZD 2,900.66",False,Australia
006Q800000AqUlp,Quote Request 24/4/24,,Uncategorized,Closed Won,"NZD 13,857.27",True,Australia
006Q800000AqVTN,GX Update,,Uncategorized,Closed Lost,"NZD 1,749.25",False,Australia
006Q800000Aqbdg,Mitsubishi L16 480 Queen Street,,Uncategorized,Closed Won,"NZD 3,804.57",True,Australia
006Q800000Aqbto,LBW Fitout 480 Queen Street,,Uncategorized,Closed Lost,"NZD 6,482.17",False,Australia
006Q800000AqjrQ,Project - India,,Uncategorized,Closed Lost,"NZD 73,529.41",False,EMEA
006Q800000ArNwo,Demo / Training Kits,Training,Training,Closed Won,"NZD 8,198.41",True,EMEA
006Q800000ArcEH,Union Electric Gateshead - iSales Hardware,Heavy Industry,Heavy Industry,Closed Lost,"NZD 11,475.56",False,EMEA
006Q800000Ark0X,Union Electric Gateshead - Software,Heavy Industry,Heavy Industry,Closed Lost,"NZD 6,216.13",False,EMEA
006Q800000ArosA,1 Union Wharf,Commercial,Commercial,Closed Lost,"NZD 8,637.88",False,United States
006Q800000Arsu9,Buehler Moving Companies,,Uncategorized,Closed Lost,"NZD 13,906.85",False,United States
006Q800000ArxNa,Morgan County East Point Quote,,Uncategorized,Closed Won,"NZD 7,371.53",True,United States
006Q800000ArxsD,"Chute Help, Inc. Warehouse",Commercial,Industrial - Logistics,Closed Won,"NZD 5,808.04",True,United States
006Q800000AryQ5,Palos School District #118,Education,Education,Closed Lost,"NZD 12,395.78",False,United States
006Q800000As23t,Toll Brother - Angeline - Hiller Group - New Construction,,Uncategorized,Working,"NZD 421,139.26",False,United States
006Q800000AsAZJ,FitLyfe Office Space,Commercial,Commercial,Closed Lost,"NZD 1,055.12",False,United States
006Q800000AsGOd,171 THE JULIAN,,Uncategorized,Closed Won,"NZD 1,359.93",True,United States
006Q800000AsJmI,Lighthouse Readers- April,Residential,Residential,Closed Won,NZD 384.56,True,United States
006Q800000AsMgv,OLS 711 N Main St. Glassboro NJ,Commercial,Commercial,Closed Won,"NZD 5,642.31",True,United States
006Q800000AsMtp,Stamm 4-24-24,,Uncategorized,Closed Won,"NZD 1,765.72",True,United States
006Q800000AsPjd,Briggs 4-24-24,,Uncategorized,Closed Won,"NZD 1,959.71",True,United States
006Q800000AsQUP,Motorized Deadbolt Pricing,Other,Other,Closed Lost,NZD 843.02,False,Canada
006Q800000AuaT3,PO 3104,,Uncategorized,Closed Won,NZD 426.47,True,United States
006Q800000Auhu9,PO 3105 - 119 Building,,Uncategorized,Closed Won,"NZD 5,255.59",True,United States
006Q800000Aui5R,PO 3107 - 121 Building,,Uncategorized,Closed Won,"NZD 3,338.38",True,United States
006Q800000AuiLZ,Unlimit Group - 10 Sites,,Uncategorized,Closed Won,"NZD 8,423.07",True,EMEA
006Q800000AuiVF,PO 6105622,,Uncategorized,Closed Won,"NZD 6,637.37",True,United States
006Q800000Auiv3,Norwegian Broadcaster - NRK - 800 Doors - TCV,Government,Government,Closed Lost,"NZD 144,073.53",False,EMEA
006Q800000AuocH,Quotation for ICT Equipment - ISD/PG/PO/2405-1774,,Uncategorized,Closed Won,NZD 932.98,True,Asia Pacific
006Q800000AupoU,Drive In Gate WX Controller- Escanvido,,Uncategorized,Closed Won,"NZD 1,098.00",True,United States
006Q800000AuqKk,Newcastle University - Mobile Credential & Readers,Education,Education,Closed Lost,"NZD 9,640.22",False,EMEA
006Q800000Autth,TEVA Pharma,Healthcare,Healthcare,Closed Won,"NZD 3,814.56",True,EMEA
006Q800000AuujJ,Demo Kit,Training,Training,Closed Won,"NZD 1,443.00",True,United States
006Q800000Auy8b,Site Code,,Uncategorized,Closed Won,NZD 368.82,True,United States
006Q800000Av07C,Sureline_Encoding_Luke,Commercial,Commercial,Closed Lost,"NZD 2,418.84",False,New Zealand
006Q800000AvI0r,tsl replacement,,Uncategorized,Closed Won,NZD 285.88,True,Canada
006Q800000AvJ09,Heron Access Control Project,Multi Family,Multi Family,Closed Lost,"NZD 47,309.38",False,Canada
006Q800000AvKM2,424 Madison Ave - HL Elevator,Residential,Residential,Closed Lost,"NZD 33,195.09",False,United States
006Q800000AvQut,reader quote,,Uncategorized,Closed Won,NZD 167.35,True,United States
006Q800000AvR0v,The Cooper,Multi Family,Multi Family,Closed Won,"NZD 13,235.29",True,United States
006Q800000AxiqU,Trove HDW & Parts,Commercial,Commercial,Closed Lost,"NZD 15,049.19",False,United States
006Q800000AxplW,Intercom Entry Station 17'',Multi Family,Multi Family,Closed Won,"NZD 17,555.17",True,Canada
006Q800000AxqZW,Straeto BS Software,,Uncategorized,Closed Lost,"NZD 7,566.80",False,EMEA
006Q800000Axs53,CCCA Wristbands,,Uncategorized,Closed Lost,,False,United States
006Q800000Axs9t,April Readers,,Uncategorized,Closed Won,"NZD 6,338.29",True,United States
006Q800000AxsBV,CCCA Wristbands,Healthcare,Healthcare,Closed Lost,NZD 100.94,False,United States
006Q800000AxsWU,Protege X 9dr & 1 Area,Commercial,Commercial,Closed Lost,NZD 138.54,False,United States
006Q800000AxxBB,Florence,,Uncategorized,Closed Lost,NZD 415.91,False,United States
006Q800000AxxhS,Cell option,Commercial,Commercial,Closed Won,"NZD 7,546.51",True,United States
006Q800000Ay093,Evelyn Lofts,Multi Family,Multi Family,Proposal,"NZD 60,047.81",False,United States
006Q800000Ay0Qn,Panic Button,,Uncategorized,Closed Won,NZD 770.29,True,United States
006Q800000AyIlt,GX Training -,Training,Training,Closed Won,"NZD 1,463.24",True,United States
006Q800000AyJV3,Siteimprove,,Uncategorized,Closed Won,"NZD 11,321.91",True,United States
006Q800000AyMhR,Antenna 4/26,,Uncategorized,Closed Won,NZD 281.12,True,United States
006Q800000B2cVu,Lawrence & Hanson Redbank 30_4_24,Banking & Finance,Banking & Finance,Closed Won,"NZD 22,858.14",True,Australia
006Q800000B2fTl,Girgarre Solar Farm 30_4_24,,Uncategorized,Closed Won,"NZD 11,986.46",True,Australia
006Q800000B2rmk,Workshop Upgrade/Demo,Commercial,Retail,Closed Lost,"NZD 2,754.16",False,Australia
006Q800000B3Hqo,GX Training and Partner Kit,Training,Training,Closed Lost,"NZD 7,773.03",False,Australia
006Q800000B3Ii1,GX Training and Demo/Training Kit,Training,Training,Closed Won,"NZD 5,343.96",True,Australia
006Q800000B3gfX,Mifare Key Tags,,Uncategorized,Closed Won,"NZD 1,085.29",True,United States
006Q800000B3m8D,Metro 4.29.24,,Uncategorized,Closed Won,"NZD 17,705.29",True,United States
006Q800000B3n97,Paradox Replacement,,Uncategorized,Closed Won,"NZD 7,440.23",True,Canada
006Q800000B3nHC,PO: TEG-17856/MMHS,,Uncategorized,Closed Won,"NZD 6,861.06",True,United States
006Q800000B3o0M,Genesis of Ann Arbor- Key Tags and Cards,,Uncategorized,Closed Lost,NZD 495.22,False,United States
006Q800000B3oV0,Willow Brook Add,Multi Family,Multi Family,Closed Lost,"NZD 12,471.53",False,United States
006Q800000B3ojV,GRE Software Add,,Uncategorized,Closed Won,"NZD 21,980.82",True,United States
006Q800000B3pFl,PO: TEG-18238/Borderview,,Uncategorized,Closed Won,"NZD 6,735.28",True,United States
006Q800000B3qgT,Power Drive,,Uncategorized,Closed Lost,"NZD 31,022.47",False,United States
006Q800000B3sta,Elite quote 4.29.24,,Uncategorized,Closed Won,"NZD 10,227.04",True,United States
006Q800000B4BJV,MTCC1377 YF 04292024,Multi Family,Multi Family,Closed Lost,"NZD 22,742.38",False,Canada
006Q800000B4Drc,LTE connection,,Uncategorized,Closed Won,NZD 63.37,True,United States
006Q800000B4EAx,GRE Credentials,,Uncategorized,Closed Won,"NZD 50,338.94",True,United States
006Q800000B4EIz,Power supply,,Uncategorized,Closed Won,,True,United States
006Q800000B4Iw5,WX Kit,,Uncategorized,Closed Won,"NZD 1,055.12",True,United States
006Q800000B4JQk,Mortise,,Uncategorized,Closed Lost,"NZD 1,078.26",False,United States
006Q800000B4R9l,Smart Living_WX Bedroom_Peter,,Uncategorized,Closed Lost,NZD 688.71,False,New Zealand
006Q800000B4Vq5,PB Tech_Credentials_Max,,Uncategorized,Closed Won,"NZD 1,317.24",True,New Zealand
006Q800000B4v9e,Secta_Hamilton Street_Wayne,,Uncategorized,Closed Lost,"NZD 2,938.55",False,New Zealand
006Q800000B5ANP,Armor IP Licence,,Uncategorized,Closed Won,NZD 925.12,True,Australia
006Q800000B5Egl,GX Training Kit,Training,Training,Closed Lost,"NZD 5,801.32",False,Australia
006Q800000B5Un7,GX Training,Training,Training,Closed Lost,"NZD 1,099.49",False,Australia
006Q800000B5b8f,GX Training,Training,Training,Closed Lost,"NZD 1,099.49",False,Australia
006Q800000B5qaj,Presidential Secretariat and Special Forces Office in IKN,Residential,Residential,Closed Won,"NZD 143,005.12",True,Asia Pacific
006Q800000B6hol,28279/28403,,Uncategorized,Closed Won,"NZD 1,161.88",True,United States
006Q800000B6nqv,Mifare Keytags,,Uncategorized,Closed Lost,NZD 180.88,False,United States
006Q800000B6oi9,Bravas- ICT speced project,Commercial,Commercial,Closed Lost,,False,United States
006Q800000B6q2P,Ecumen - Gloria Day,Multi Family,Multi Family,Closed Lost,"NZD 126,815.60",False,United States
006Q800000B7Aif,PO: 1000,,Uncategorized,Closed Won,"NZD 13,977.28",True,United States
006Q800000B7IwL,Parts Quote - RF-REM2-433 - Maricel Dela Cruz,Other,Other,Closed Won,"NZD 2,829.30",True,Canada
006Q800000B7MAL,WX Expansion,,Uncategorized,Closed Lost,"NZD 1,619.07",False,Australia
006Q800000B7P1x,NT Science Lab,,Uncategorized,Closed Won,"NZD 29,513.65",True,Australia
006Q800000B7Xgr,ICT Remote Pricing for Civium,,Uncategorized,Closed Lost,,False,Australia
006Q800000B7qRm,Cards and Tags,,Uncategorized,Closed Won,NZD 803.13,True,Australia
006Q800000B807m,Urban Security_Wireless Lock_Kirstin,,Uncategorized,Closed Lost,"NZD 2,153.29",False,New Zealand
006Q800000B91xp,Prixcar Licencing,,Uncategorized,Closed Lost,NZD 110.11,False,Australia
006Q800000B9KHJ,"Sherin and Lodgen 14th Floor project in Boston, MA",,Uncategorized,Closed Lost,"NZD 22,167.94",False,United States
006Q800000B9LIF,WX - 10D/13R/3KP/32Z,Commercial,Commercial,Closed Won,"NZD 9,115.91",True,Canada
006Q800000B9La1,1305 Old Tale Road,,Uncategorized,Closed Won,NZD 486.39,True,United States
006Q800000B9Nez,5.1.24,,Uncategorized,Closed Won,NZD 135.66,True,United States
006Q800000B9O6S,Avalon - The Cooper,Multi Family,Multi Family,Decision,"NZD 58,539.25",False,United States
006Q800000B9OWD,Lighthouse TCC,Residential,Residential,Closed Won,NZD 735.29,True,United States
006Q800000B9QL8,MCCP,,Uncategorized,Closed Won,"NZD 7,663.12",True,United States
006Q800000B9Tvi,Tenancy Portal,,Uncategorized,Closed Won,NZD 919.92,True,Canada
006Q800000B9WYb,511 Rochester Ave - Verex Migration,Multi Family,Multi Family,Closed Lost,"NZD 30,952.08",False,Canada
006Q800000B9Wn7,GX Certification,Commercial,Commercial,Closed Lost,"NZD 6,414.95",False,Canada
006Q800000B9YnJ,2001 Thickson Rd,,Uncategorized,Closed Lost,"NZD 3,050.84",False,Canada
006Q800000B9ruo,GX Training,Training,Training,Closed Lost,NZD 735.29,False,United States
006Q800000B9rwP,Bridor NJ GX add-on Project,Commercial,Commercial,Closed Won,"NZD 7,352.94",True,United States
006Q800000B9uHZ,Dayspring Christian Academy,,Education - K-12,Closed Lost,"NZD 32,394.88",False,United States
006Q800000B9vC1,PO 5 New Montrose,Residential,Residential,Closed Won,NZD 962.29,True,United States
006Q800000B9wXu,East Village Qualicum - Base Building ProtegeWX,Multi Family,Multi Family,Closed Won,"NZD 17,859.18",True,Canada
006Q800000BA1ED,Armstrong Tauranga_WX retrofit_Alroy,,Uncategorized,Closed Lost,"NZD 3,193.82",False,New Zealand
006Q800000BCBfh,"Columbia, MD",,Uncategorized,Closed Won,"NZD 98,738.24",True,United States
006Q800000BCGFa,10 Door WX,,Uncategorized,Closed Won,"NZD 11,938.82",True,United States
006Q800000BCIfZ,IO84 Module - May 2024,Education,Education,Closed Won,NZD 417.60,True,Canada
006Q800000BCMBK,GM Readers and Credentials,,Uncategorized,Closed Won,"NZD 53,151.35",True,United States
006Q800000BCdxK,ICT Stock 5.2.24,,Uncategorized,Closed Won,"NZD 12,835.74",True,United States
006Q800000BCehh,525 Jackson,,Uncategorized,Closed Won,"NZD 5,222.65",True,United States
006Q800000BCfDx,K&M Nationwide Install,Commercial,Commercial,Decision,"NZD 277,293.10",False,United States
006Q800000BCfFZ,Mears2,,Uncategorized,Closed Won,"NZD 1,044.19",True,United States
006Q800000BCh9J,GX Training,Training,Training,Closed Won,"NZD 7,147.06",True,United States
006Q800000BCho3,North Country - Mpls,,Uncategorized,Closed Won,"NZD 2,233.76",True,United States
006Q800000BChyv,Durham Region,Government,Government,Closed Lost,"NZD 392,961.66",False,Canada
006Q800000BClCw,Aperio Pricing 03/05/24,,Uncategorized,Closed Lost,"NZD 6,290.72",False,Australia
006Q800000BCnOP,Dakota Protein,,Uncategorized,Closed Won,"NZD 5,879.25",True,United States
006Q800000BCpwT,Executive on the Park,Multi Family,Multi Family,Closed Lost,"NZD 16,896.23",False,Canada
006Q800000BCzz3,Training,Training,Training,Closed Won,"NZD 4,020.89",True,Australia
006Q800000BDCpp,Infinity Apts 3_5_24,Residential,Residential,Closed Lost,"NZD 2,535.18",False,Australia
006Q800000BDG74,Marina Project,,Uncategorized,Closed Lost,,False,Australia
006Q800000BDG8f,Training Kit,Training,Training,Closed Lost,"NZD 3,157.89",False,Australia
006Q800000BDGJx,Small Project 2,,Retail,Closed Lost,,False,Australia
006Q800000BDGTd,Aperio Padlock pricing 03/05/24,,Uncategorized,Closed Lost,"NZD 7,047.70",False,Australia
006Q800000BDttD,ICT ProtegeGX Training Kit and Tech Training Course (Web Based) (YEM),Commercial,Commercial,Closed Lost,"NZD 3,048.02",False,Asia Pacific
006Q800000BE39O,GX Certification,Multi Family,Multi Family,Closed Won,"NZD 6,116.58",True,Canada
006Q800000BE8iZ,WX - 19D,,Uncategorized,Closed Lost,"NZD 16,144.95",False,Canada
006Q800000BE8tp,Condo - WX,Residential,Residential,Closed Lost,"NZD 5,975.31",False,Canada
006Q800000BE9DB,Condo - GX,Multi Family,Multi Family,Closed Lost,"NZD 33,877.71",False,Canada
006Q800000BE9hp,Entry Station,Multi Family,Multi Family,Closed Lost,"NZD 8,582.45",False,Canada
006Q800000BEGD3,CHKD OP CAC,,Uncategorized,Closed Won,"NZD 1,599.88",True,United States
006Q800000BEGpl,Green County Schools 5-3-24,Education,Education,Closed Won,"NZD 2,384.82",True,United States
006Q800000BEHc9,GX Training,Training,Training,Closed Won,"NZD 4,048.50",True,Canada
006Q800000BEKVC,Region of Durham,Government,Government,Closed Lost,"NZD 376,578.50",False,Canada
006Q800000BEKgU,Town of North Dansville,Commercial,Commercial,Closed Won,"NZD 1,892.06",True,United States
006Q800000BEMDd,DESFire Cards and Fobs,,Uncategorized,Closed Won,"NZD 4,010.29",True,United States
006Q800000BEMK5,Rio School District,Education,Education,Closed Lost,"NZD 91,764.12",False,United States
006Q800000BEMTl,SEARHC,,Uncategorized,Closed Lost,NZD 735.29,False,United States
006Q800000BEMdR,HUSD (16 schools),Education,Education,Closed Lost,"NZD 197,997.94",False,United States
006Q800000BEMjt,University of Oregon,Education,Education,Closed Lost,"NZD 14,705.88",False,United States
006Q800000BEN6T,PO 9779,,Uncategorized,Closed Won,"NZD 11,927.47",True,United States
006Q800000BEh1z,North Country - Bemidji,,Uncategorized,Closed Won,"NZD 1,192.41",True,United States
006Q800000BEh8P,lock pricing in acoma,,Uncategorized,Closed Lost,"NZD 40,658.82",False,United States
006Q800000BEhDH,regular fobs,,Uncategorized,Closed Lost,"NZD 1,469.12",False,United States
006Q800000BEj0Y,WX - 2-12D,,Uncategorized,Closed Won,"NZD 3,285.59",True,Canada
006Q800000BHvgI,ICT ProtegeGX Training Kit and Tech Training Course (Web Based) (YEM),Commercial,Commercial,Closed Lost,"NZD 3,048.02",False,Asia Pacific
006Q800000BHx6z,Milk Factory in Indonesia,Heavy Industry,Heavy Industry,Proposal,"NZD 5,553.19",False,Asia Pacific
006Q800000BHxdF,ICT ProtegeGX Training Kit and Tech Training Course (Web Based) (YEM),Commercial,Commercial,Closed Lost,"NZD 3,048.02",False,Asia Pacific
006Q800000BI1ye,Kiwi Security_TSEC Tags_Goutham,,Uncategorized,Closed Won,NZD 639.98,True,New Zealand
006Q800000BIUe2,PRX-TSEC-STD-B 06-05-24,,Uncategorized,Closed Won,NZD 744.06,True,Australia
006Q800000BIikE,32-36 York St - Quote,,Uncategorized,Closed Won,"NZD 22,764.15",True,Australia
006Q800000BIuDV,Schneider,Other,Other,Proposal,"NZD 60,281.32",False,OEM
006Q800000BJ6WP,GX Level 1 Facilitated Training 06_05_24,Training,Training,Closed Lost,"NZD 2,443.31",False,Australia
006Q800000BJ8Es,Toll Chemical Qld 06_05_24,,Uncategorized,Closed Won,"NZD 7,490.77",True,Australia
006Q800000BJNlm,Fertility Clinic Perth,Healthcare,Healthcare,Closed Lost,"NZD 30,226.55",False,Australia
006Q800000BK4Ap,PSM Partners,,Uncategorized,Closed Won,NZD 463.24,True,United States
006Q800000BK55H,Town of Oakville,Government,Government,Closed Lost,"NZD 868,741.44",False,Canada
006Q800000BK6xO,3 Door Add-on,,Uncategorized,Closed Won,"NZD 1,341.84",True,United States
006Q800000BK78f,Madison Mosque,Religious,Religious,Proposal,"NZD 42,950.82",False,United States
006Q800000BKGDZ,Sandifer- Terrero,,Uncategorized,Closed Won,"NZD 1,176.47",True,United States
006Q800000BKYGx,SourceIT- Expander DV,,Uncategorized,Closed Lost,"NZD 1,524.84",False,United States
006Q800000BKiTV,Request for Quotation - ICT Butterfly MX alternative,,Uncategorized,Closed Lost,"NZD 7,277.82",False,United States
006Q800000BKjCL,Hardwood Manor,Multi Family,Multi Family,Closed Lost,"NZD 18,015.18",False,Canada
006Q800000BKtOd,Royal Oak,Heavy Industry,Heavy Industry,Closed Lost,"NZD 116,210.42",False,Canada
006Q800000BL6s6,4A PSU and 8A PSU 07-05-24,,Uncategorized,Closed Lost,"NZD 1,391.11",False,Australia
006Q800000BLKAH,DFFH WV 07_05_24,,Uncategorized,Closed Won,"NZD 3,487.66",True,Australia
006Q800000BLRQJ,Optic Security_Tory Hotel_Mike,Commercial,Hospitality - Hotels,Closed Lost,"NZD 17,531.53",False,New Zealand
006Q800000BLjBt,Optic Security_Bay Point_Mike,Residential,Residential,Closed Lost,"NZD 4,382.41",False,New Zealand
006Q800000BLrfi,Multi-Building WX Upgrade,Multi Family,Multi Family,Closed Won,"NZD 17,135.27",True,Australia
006Q800000BN1pv,Kemp & Lauritzen - National Museum - TCV,Education,Education,Closed Lost,"NZD 22,777.78",False,EMEA
006Q800000BN27e,Unlimit Group - Shell - 475 Gas Stations - TCV,Retail,Retail,Closed Lost,"NZD 531,481.48",False,EMEA
006Q800000BN4Ft,G4S - Movianto - TCV,Transportation,Transportation,Closed Lost,"NZD 22,222.22",False,EMEA
006Q800000BN6RN,50 x PRX-TAG-MF-B,,Uncategorized,Closed Won,NZD 310.00,True,EMEA
006Q800000BNEgf,ICT Cloud Based Video Intercom Solution (ICT Tenancy Portal) for The Gio Riverside Project in Vietnam (YEM),Residential,Residential,Closed Lost,,False,Asia Pacific
006Q800000BNH6f,2000 x PRX-ISO-DF-EV3-2K,Commercial,Commercial,Closed Lost,"NZD 23,720.00",False,EMEA
006Q800000BNO9m,Luther Credentials,,Uncategorized,Closed Won,"NZD 4,263.15",True,United States
006Q800000BNlnu,PO 200283,,Uncategorized,Closed Won,"NZD 4,163.65",True,United States
006Q800000BNncn,Tenancy Portal Pricing,,Uncategorized,Closed Lost,"NZD 7,265.47",False,United States
006Q800000BNoYt,RF-REM2-433,,Uncategorized,Closed Lost,"NZD 7,534.06",False,United States
006Q800000BNqXS,D & V Investments 08_05_24,Banking & Finance,Banking & Finance,Closed Lost,"NZD 27,109.13",False,Australia
006Q800000BNqkM,Onsite GX tech training Pleasanton,Training,Training,Closed Lost,"NZD 11,705.88",False,United States
006Q800000BNsRC,2 x PRX-TSEC-EXTRA-KP-B,Commercial,Commercial,Closed Won,"NZD 1,052.34",True,EMEA
006Q800000BNsxj,PO 5 New Montrose,,Uncategorized,Closed Won,"NZD 1,084.76",True,United States
006Q800000BNuMX,"LTE router, LTE service, Sim card",,Uncategorized,Closed Won,NZD 402.74,True,United States
006Q800000BNwhi,PO 42A Broadway,,Uncategorized,Closed Won,"NZD 3,084.88",True,United States
006Q800000BOHKj,Red Wolf_WX 3Door_Riaan,,Uncategorized,Closed Won,"NZD 2,346.72",True,New Zealand
006Q800000BONmj,Optic_Training_Ruby,Training,Training,Closed Won,"NZD 4,178.05",True,New Zealand
006Q800000BOolM,PO JN214391 08_05_24,,Uncategorized,Closed Won,"NZD 2,126.84",True,Australia
006Q800000BOp36,WX Training Kit 08_05_24,Training,Training,Closed Lost,"NZD 2,900.66",False,Australia
006Q800000BOpUU,Additional Readers 08_05_24,,Uncategorized,Closed Won,"NZD 17,646.30",True,Australia
006Q800000BOtmb,System Expansion,,Uncategorized,Closed Won,"NZD 1,214.92",True,Australia
006Q800000BOzyU,Blitz replacement credentials,,Uncategorized,Closed Lost,NZD 346.13,False,Australia
006Q800000BPuNH,NL QLD Take 2,,Uncategorized,Closed Won,"NZD 7,149.36",True,Australia
006Q800000BQCnB,CR Mining Take 2,Heavy Industry,Heavy Industry,Closed Won,"NZD 7,741.24",True,Australia
006Q800000BQKkl,Mapletree X,,Uncategorized,Closed Lost,NZD 998.84,False,Australia
006Q800000BQQdF,"PO3136 - BRT DiMarco PTP, LLC - Brainerd Place",Residential,Residential,Closed Won,"NZD 14,876.47",True,United States
006Q800000BQVQ2,Overlook fobs,,Uncategorized,Closed Won,,True,United States
006Q800000BQVjO,PO 240344,Commercial,Commercial,Closed Won,"NZD 1,870.97",True,United States
006Q800000BQXGY,Suprema Pricing,,Uncategorized,Closed Lost,"NZD 1,316.78",False,EMEA
006Q800000BQXV3,Crosstown - Entryphone and Intercoms,Multi Family,Multi Family,Closed Lost,"NZD 14,911.76",False,Canada
006Q800000BQXhy,Two Building WX,,Uncategorized,Closed Lost,,False,United States
006Q800000BQXhz,Two Building WX,,Uncategorized,Closed Lost,"NZD 20,231.47",False,United States
006Q800000BQaJF,NFR Office Expansion,Commercial,Commercial,Closed Won,"NZD 4,354.76",True,United States
006Q800000BQdaT,2 Door Kit,,Uncategorized,Closed Won,"NZD 2,859.41",True,United States
006Q800000BQdgw,Mustering,,Uncategorized,Closed Lost,"NZD 7,356.71",False,United States
006Q800000BQdqb,Summit Family Dentistry,Healthcare,Healthcare,Closed Lost,"NZD 13,993.76",False,United States
006Q800000BQeMr,600 17th Street | Suite 2610S,,Uncategorized,Closed Won,"NZD 1,406.82",True,United States
006Q800000BQfIw,Demo License,Training,Training,Closed Won,"NZD 4,078.90",True,United States
006Q800000BQwR4,2 door kit,Commercial,Commercial,Closed Won,"NZD 1,587.71",True,United States
006Q800000BQyv3,WX Demo Kit,Training,Training,Closed Lost,"NZD 2,884.58",False,United States
006Q800000BR0aH,Terrero - 4 door WX/ Readers and cards,,Uncategorized,Closed Won,"NZD 2,454.13",True,United States
006Q800000BR357,Golden Oaks- Controllers/Expanders/PS,,Uncategorized,Closed Won,"NZD 27,955.06",True,United States
006Q800000BR9nF,"Integrated Health and Housing - Ontario St, Prince George, BC",Multi Family,Multi Family,Proposal,"NZD 64,465.16",False,Canada
006Q800000BRA9p,PO-00347 Protege WX Equipment,,Uncategorized,Closed Won,"NZD 11,225.01",True,Australia
006Q800000BRbzh,WX 2 Door,,Uncategorized,Closed Won,"NZD 1,594.59",True,United States
006Q800000BS2mw,Reader Comparison - Phill,,Uncategorized,Closed Lost,,False,Australia
006Q800000BS6SL,Embark Reader upgrade,,Uncategorized,Closed Won,"NZD 4,874.18",True,Australia
006Q800000BSb1W,Peterhouse College Cambridge AFX Upgrade,Residential,Residential,Closed Won,"NZD 11,740.49",True,EMEA
006Q800000BTNcR,799 - Sheppard - Six99 Condos,Multi Family,Multi Family,Decision,"NZD 156,873.51",False,Canada
006Q800000BTeq9,GX Training,Commercial,Commercial,Closed Lost,"NZD 7,147.06",False,United States
006Q800000BTeuz,Levelland Readers,,Uncategorized,Closed Won,"NZD 2,423.29",True,United States
006Q800000BTfB7,Port St. Lucie Branch Library,Commercial,Government - Public Facilities,Closed Lost,"NZD 7,469.47",False,United States
006Q800000BTfr3,Levelland Phase Two,,Uncategorized,Closed Won,"NZD 67,652.47",True,United States
006Q800000BTg7C,GX Training,Training,Training,Closed Won,"NZD 7,147.06",True,United States
006Q800000BTgjt,Norco Valley Square Clubhouse,Commercial,Commercial,Closed Lost,"NZD 33,944.66",False,United States
006Q800000BTmAz,AMICA - Whitby - 27 RM WL,Healthcare,Healthcare,Closed Lost,"NZD 17,038.91",False,Canada
006Q800000BTmpM,GX Training,Training,Training,Closed Lost,"NZD 7,147.06",False,United States
006Q800000BTngX,Lick Wilmerding High School,Education,Education,Closed Lost,"NZD 23,902.68",False,United States
006Q800000BTngY,Pueblo Electric Company,Commercial,Commercial,Closed Won,"NZD 1,862.06",True,United States
006Q800000BTpbu,cards,,Uncategorized,Closed Won,"NZD 1,023.53",True,United States
006Q800000BU7P7,Bravas- ICT speced project,,Uncategorized,Closed Lost,,False,United States
006Q800000BUBVx,Teller CO (5 more buildings),Government,Government,Closed Won,"NZD 12,516.71",True,United States
006Q800000BUCi9,Philly GX Training - 2 techs,Training,Training,Closed Won,"NZD 2,926.47",True,United States
006Q800000BUDMT,5 Mobile Creds,,Uncategorized,Closed Won,NZD 34.41,True,United States
006Q800000BUHI2,ASGL_Readers_Shiu,,Uncategorized,Closed Lost,"NZD 20,061.56",False,New Zealand
006Q800000BUSrl,Training,Training,Training,Closed Lost,"NZD 8,994.68",False,Australia
006Q800000BV8Ft,ICT Protege New Site - Cambridge,Commercial,Commercial,Closed Lost,"NZD 5,697.28",False,New Zealand
006Q800000BVFMJ,PO37570 13_05_24,,Uncategorized,Closed Won,"NZD 3,182.41",True,Australia
006Q800000BVJUg,PO37579 13_05_24,,Uncategorized,Closed Won,"NZD 3,182.41",True,Australia
006Q800000BVK2X,PO37670 13_05_24,,Uncategorized,Closed Lost,"NZD 5,060.19",False,Australia
006Q800000BVKgu,PO37671 13_05_24,,Uncategorized,Closed Won,"NZD 2,800.03",True,Australia
006Q800000BVM2j,ICT ProtegeWX System for RFQ - PT Habitus Concept in Indonesia (YEM),,Uncategorized,Closed Won,,True,Asia Pacific
006Q800000BVQMU,PO37626 13_05_24,,Uncategorized,Closed Won,"NZD 2,556.56",True,Australia
006Q800000BVSJR,PO37616 13_05_24,,Uncategorized,Closed Won,"NZD 3,385.44",True,Australia
006Q800000BVST8,PO37555 13_05_24,,Uncategorized,Closed Won,"NZD 3,182.41",True,Australia
006Q800000BVSmT,PO37617 13_05_24,,Uncategorized,Closed Won,"NZD 3,182.41",True,Australia
006Q800000BVT5p,PO37618 13_05_24,,Uncategorized,Closed Won,"NZD 3,772.31",True,Australia
006Q800000BVTdh,PO37560 13_05_24,,Uncategorized,Closed Won,"NZD 3,182.41",True,Australia
006Q800000BVToz,PO37575 13_05_24,,Uncategorized,Closed Won,"NZD 3,182.41",True,Australia
006Q800000BVTyf,PO37623 13_05_24,,Uncategorized,Closed Won,"NZD 5,442.57",True,Australia
006Q800000BWmft,GX Training,Training,Training,Closed Lost,"NZD 7,147.06",False,United States
006Q800000BWrPR,2 building WX system 5/9,Residential,Residential,Closed Lost,"NZD 5,256.53",False,United States
006Q800000BWsAD,6D GX 12vlt,,Uncategorized,Closed Won,"NZD 3,837.65",True,United States
006Q800000BWuIT,West 42nd - Suite Entry Doors,Multi Family,Multi Family,Closed Won,"NZD 325,973.67",True,Canada
006Q800000BWvHl,PO 1838,,Uncategorized,Closed Won,"NZD 5,145.00",True,United States
006Q800000BX1ob,Philly GX Training - 2 techs (2),Training,Training,Closed Won,"NZD 2,926.47",True,United States
006Q800000BXGcM,Durham Region SF 05102024,,Uncategorized,Closed Won,"NZD 46,209.30",True,Canada
006Q800000BXLiT,West Lake Condos,Residential,Residential,Closed Won,"NZD 4,719.35",True,United States
006Q800000BXMzX,Town of Cicero - Credentials,Government,Government,Closed Won,"NZD 7,147.06",True,United States
006Q800000BXNdp,PRX 5-9-24,,Uncategorized,Closed Won,"NZD 1,179.26",True,United States
006Q800000BXO3f,Murray SD Badge Printer,,Uncategorized,Closed Won,"NZD 1,103.40",True,United States
006Q800000BXQzt,BH -Properties,,Uncategorized,Closed Won,"NZD 2,084.29",True,United States
006Q800000BaxKz,RFQ ICT for Harum Energy - PT Panca Pastika Mandiri (PPM) in Indonesia (YEM),Critical Infrastructure,Critical Infrastructure,Closed Lost,"NZD 3,543.23",False,Asia Pacific
006Q800000Bb3Gl,Keyscan Replacement - 8D,,Uncategorized,Closed Won,"NZD 4,327.19",True,Canada
006Q800000Bb74D,Region of Durham,Government,Government,Closed Lost,"NZD 392,961.66",False,Canada
006Q800000BbWSP,Technology Booth_Remotes_Ben,,Uncategorized,Closed Won,NZD 719.57,True,New Zealand
006Q800000BbZ25,Royal Brisbane Golf Club,Other,Other,Closed Won,"NZD 14,528.41",True,Australia
006Q800000BbaxR,Aotea Wellington_Southern Cross_Dan,,Uncategorized,Closed Lost,"NZD 72,727.18",False,New Zealand
006Q800000BbhJT,Protégé GX SOAP & KeySecure Licenses,Critical Infrastructure,Critical Infrastructure,Closed Lost,"NZD 18,782.16",False,Australia
006Q800000Bbxdt,Key Fobs 13/05/24,,Uncategorized,Closed Won,NZD 534.81,True,Australia
006Q800000BdenF,Tender - Quote Request 332,,Uncategorized,Closed Lost,"NZD 2,551.79",False,Australia
006Q800000BdkEL,8 x TSL-EXTRA-RR-HL - GH-24-240,,Uncategorized,Closed Won,"NZD 3,735.52",True,EMEA
006Q800000BeKsx,Nuvo Piemonte Community Association,,Uncategorized,Closed Lost,"NZD 4,996.19",False,United States
006Q800000BeLDu,DSC intrusion takeover,,Uncategorized,Closed Lost,"NZD 1,821.58",False,Canada
006Q800000BeM9x,Hills at Lake Eden,,Uncategorized,Closed Lost,"NZD 10,918.06",False,United States
006Q800000BeQog,200 FOB quote,,Uncategorized,Closed Won,"NZD 1,085.29",True,United States
006Q800000BefR8,AFX enterprise Door Licenses,,Uncategorized,Closed Won,"NZD 1,852.99",True,Canada
006Q800000BelOW,Bravas- ICT speced project,Commercial,Commercial,Closed Lost,"NZD 42,641.47",False,United States
006Q800000BepBx,Mosino 1 Project Hollywood,,Uncategorized,Proposal,,False,United States
006Q800000BeseU,Aged Care Single Door Access,Healthcare,Healthcare,Closed Lost,"NZD 1,971.54",False,Australia
006Q800000BetfN,Lenel Takeover - Aquilina Condo,Multi Family,Multi Family,Closed Won,"NZD 24,343.23",True,Canada
006Q800000BewLV,Region of Durham,Government,Government,Closed Lost,"NZD 392,961.66",False,Canada
006Q800000Bf013,GX Level 1 Facilitated Training 14_04_24,Training,Training,Closed Won,"NZD 1,099.49",True,Australia
006Q800000BfIsJ,Toyota TECOM Upgrade 14_05_24,Commercial,Commercial,Closed Lost,"NZD 20,150.69",False,Australia
006Q800000BffvK,Chubb_WX Op_Stephen,Commercial,Commercial,Closed Lost,"NZD 2,242.11",False,New Zealand
006Q800000Bfunt,WX System,,Uncategorized,Closed Lost,"NZD 1,765.60",False,Australia
006Q800000Bfy1t,ICT Access Control for Bien Phuc inquiry - Danang Airport project in Vietnam (YEM),Aviation,Aviation,Closed Lost,"NZD 131,321.19",False,Asia Pacific
006Q800000BhKoL,55 Shelters WNY,Residential,Residential,Closed Lost,"NZD 92,372.77",False,United States
006Q800000BhLR3,CSE Headquarters,,Uncategorized,Closed Lost,,False,United States
006Q800000BhLsT,CSE Headquarters - 4 Door Kit,Commercial,Commercial,Closed Lost,"NZD 4,301.76",False,United States
006Q800000BhOIV,MCW Group,Commercial,Commercial,Closed Won,"NZD 6,985.65",True,Canada
006Q800000BhtuA,10 doors funeral home,Commercial,Commercial,Closed Lost,"NZD 16,828.82",False,United States
006Q800000BhzjS,One Mobile Credit,Banking & Finance,Banking & Finance,Closed Lost,NZD 5.16,False,United States
006Q800000Bi1Bz,GX Training for David Villegas 5/21-23,Training,Training,Closed Won,"NZD 2,926.47",True,United States
006Q800000Bi1YL,Copper River School District,Education,Education,Closed Lost,"NZD 44,119.41",False,United States
006Q800000Bi1mv,Swink SD,,Uncategorized,Closed Won,"NZD 2,242.94",True,United States
006Q800000Bi2nl,Job 68081 Stg 2 20_06_24,,Uncategorized,Closed Won,"NZD 37,845.80",True,Australia
006Q800000Bi33u,GX Training,Training,Training,Closed Won,"NZD 2,926.47",True,United States
006Q800000Bi4cf,J's GX,,Uncategorized,Closed Won,"NZD 1,463.24",True,United States
006Q800000Bi7FZ,Millbrook App Phase 2,Multi Family,Multi Family,Closed Lost,,False,Canada
006Q800000Bijvy,Epping Aquatic Centre - COP Tender - KeyWatcher License for GX - David Lee H3C Plus,,Uncategorized,Closed Lost,"NZD 12,074.25",False,Australia
006Q800000Bj6Nt,For IKN BIN Flats and  Brastagi Supermarket Projects in Indonesia,,Uncategorized,Closed Won,"NZD 22,530.90",True,Asia Pacific
006Q800000BjRc2,ICT tSec Reader Demo Units for Thien Hat in Vuetnam (YEM),Training,Training,Closed Lost,NZD 494.28,False,Asia Pacific
006Q800000BkAVv,PO 1401,,Uncategorized,Closed Won,"NZD 1,115.29",True,United States
006Q800000BkFZ6,PRT-SMGT-DB-UNLOCK Quote,,Uncategorized,Closed Won,"NZD 1,074.28",True,United States
006Q800000BkGUr,2 x TSL-EXTRA-RR-HL - GH-24-P201,,Uncategorized,Closed Won,NZD 933.88,True,EMEA
006Q800000BkLSw,VSC - Key Tags & Controller,,Uncategorized,Closed Won,"NZD 2,794.59",True,United States
006Q800000BkP9x,Queens College - Cambridge Uni - non-iSales items,Education,Education,Closed Won,NZD 438.63,True,EMEA
006Q800000BkWxp,Crystal Ridge,Multi Family,Multi Family,Closed Lost,"NZD 252,328.06",False,United States
006Q800000BkYmj,Terminal City Club,Commercial,Critical Infrastructure - Transportation,Closed Lost,"NZD 88,427.29",False,Canada
006Q800000BkwsI,Crutcher- 50 cards,,Uncategorized,Closed Won,,True,United States
006Q800000Bkx0L,PO 240354,,Uncategorized,Closed Won,"NZD 1,749.81",True,United States
006Q800000BkxjW,Evonik Vault Project,,Uncategorized,Closed Lost,"NZD 4,828.09",False,United States
006Q800000Bkz29,Hub Boulder - Multi family,Multi Family,Multi Family,Closed Won,,True,United States
006Q800000Bl2ck,5 Door WX system,,Uncategorized,Closed Lost,"NZD 5,159.48",False,Australia
006Q800000Bl4ov,Managed Site Code,,Uncategorized,Closed Lost,NZD 165.97,False,United States
006Q800000Bl7BD,Mode Design SE upgrade,,Uncategorized,Closed Lost,"NZD 11,303.24",False,Australia
006Q800000Bl9L0,Corporate House Waterfront,Commercial,Commercial - Office,Closed Won,"NZD 4,832.21",True,Australia
006Q800000BlDt7,Corporate House Garden City office Park Gates,Residential,Residential,Closed Won,"NZD 6,275.40",True,Australia
006Q800000BlNkP,ICT Access Control System for Hasil Survey Pemasangan Gate in Indonesia (YEM),Commercial,Commercial,Closed Lost,,False,Asia Pacific
006Q800000BloEP,ICT GX System for Gate Access Control with Cloud Based Intercom Solution for The Crown Cluster Residential in Indonesia,Residential,Residential,Closed Lost,,False,Asia Pacific
006Q800000BlqMe,Greene Sec_WX Opportunity_Gavin,Commercial,Commercial,Closed Won,"NZD 11,075.55",True,New Zealand
006Q800000Blqw7,Corporate House Gasworks,Commercial,Commercial - Office,Closed Won,"NZD 3,119.70",True,Australia
006Q800000BmGP8,Demo / Training Kits,Commercial,Commercial,Closed Lost,"NZD 2,228.73",False,EMEA
006Q800000BmIqj,Sohar CSO,Heavy Industry,Heavy Industry,Closed Lost,"NZD 39,638.57",False,EMEA
006Q800000BmXRZ,Demo / Training Kits,Commercial,Commercial,Closed Lost,"NZD 4,011.71",False,EMEA
006Q800000Bmtzx,AFx Enterprise Software Demo License,Training,Training,Closed Won,,True,Asia Pacific
006Q800000BmyRl,NOVITA Salisbury,,Uncategorized,Closed Won,"NZD 3,455.85",True,Australia
006Q800000Bn1ZJ,KLCS Keypads - Scotch,,Uncategorized,Closed Lost,NZD 609.09,False,Australia
006Q800000Bn3pe,ICT ProtegeGX Training/Demo Kit and Tech Training Course (Web Based) for PPM in Indonesia (YEM),Commercial,Commercial,Closed Lost,"NZD 9,363.23",False,Asia Pacific
006Q800000Bn4Yo,ICT ProtegeGX Training/Demo Kit and Tech Training Course (Web Based) for Magna Network in Indonesia (YEM),Commercial,Commercial,Closed Won,,True,Asia Pacific
006Q800000Bn5pp,ICT ProtegeGX Training/Demo Kit and Tech Training Course (Web Based) for DVI in Indonesia (YEM),Commercial,Commercial,Closed Lost,,False,Asia Pacific
006Q800000BnQJB,Price Verification for pending order,Commercial,Commercial,Closed Won,"NZD 11,065.06",True,United States
006Q800000BnW8T,4 doors 4 controllers,Retail,Retail,Closed Lost,"NZD 8,271.32",False,United States
006Q800000BnaSD,Project Maple,,Uncategorized,Closed Won,"NZD 25,026.37",True,Canada
006Q800000Bnb9m,JN Chubb TSL,,Uncategorized,Closed Won,NZD 637.05,True,Canada
006Q800000BncNb,Hub Boulder,,Uncategorized,Proposal,"NZD 67,934.71",False,United States
006Q800000BneAr,Long BT - 18 Unit MF Site - New Construction,,Uncategorized,Decision,"NZD 67,370.79",False,United States
006Q800000Bnenb,Merrill House Apartments,Multi Family,Multi Family,Closed Lost,"NZD 92,397.21",False,United States
006Q800000BnfoT,CCS Mobile Creds,,Uncategorized,Closed Won,NZD 13.76,True,United States
006Q800000BnghK,PO 2088 Standard,,Uncategorized,Closed Won,"NZD 9,491.65",True,United States
006Q800000BnoGg,GX Certification Training,Training,Training,Closed Lost,"NZD 1,463.24",False,United States
006Q800000Bo0eP,PO 2088,,Uncategorized,Closed Won,"NZD 6,411.35",True,United States
006Q800000Bo17T,Vipond/Chubb CO location,Commercial,Commercial,Closed Lost,"NZD 6,544.41",False,Canada
006Q800000Bo1lm,Alekus - 3 door system,,Uncategorized,Closed Lost,"NZD 4,301.76",False,United States
006Q800000Bo3lx,Hope Children's Home,Education,Education,Closed Lost,"NZD 17,472.18",False,United States
006Q800000Bo4bZ,Greene Sec_Training Kit_Gavin,Other,Other,Closed Won,"NZD 1,326.47",True,New Zealand
006Q800000Bo7b3,Doorkeeper,,Uncategorized,Closed Lost,"NZD 42,731.68",False,United States
006Q800000BoAaX,Maple Villa HWWI SS05162024,Commercial,Commercial,Closed Won,"NZD 249,960.14",True,Canada
006Q800000BoSCW,Site OLG,,Uncategorized,Closed Lost,"NZD 7,047.26",False,Australia
006Q800000Bonoo,Motorola_Vandal Back Plate_Brent,Government,Government,Closed Won,"NZD 5,579.87",True,New Zealand
006Q800000Booo5,Site OLG - Protege X,,Uncategorized,Closed Lost,NZD 27.43,False,Australia
006Q800000BopVd,Supply Only AFx Express Controller for China Project,,Uncategorized,Closed Won,NZD 649.06,True,Asia Pacific
006Q800000Bov4o,Caroline Springs Central 17_05_24,Residential,Residential,Closed Lost,"NZD 15,316.46",False,Australia
006Q800000Bp969,8 Door WX,,Uncategorized,Closed Won,"NZD 3,780.90",True,Australia
006Q800000Bq2Z0,Islington Council - Additional Door Licenses,Government,Government,Closed Won,"NZD 2,115.20",True,EMEA
006Q800000BqXeH,May Driscoll Add on,,Uncategorized,Closed Won,"NZD 74,280.09",True,United States
006Q800000BqYIc,Demo Kit,Training,Training,Closed Won,"NZD 2,884.58",True,United States
006Q800000BqaFZ,Din upgrade 5-16-24,Commercial,Commercial,Closed Lost,"NZD 2,812.59",False,United States
006Q800000Bqfoj,ev3cards MJ 05172024,,Uncategorized,Closed Won,NZD 9.71,True,Canada
006Q800000BqxC9,Keytags | Wyatt at Northers Lights,,Uncategorized,Closed Won,NZD 361.76,True,United States
006Q800000Br3si,office/training facility,Training,Training,Closed Won,"NZD 51,570.59",True,United States
006Q800000Br5Xt,Client Lic.,,Uncategorized,Closed Won,"NZD 22,335.66",True,United States
006Q800000Br95G,Tags MF,,Uncategorized,Closed Won,NZD 723.53,True,United States
006Q800000Br9bV,Doorkeeper Salto X ICT,Multi Family,Multi Family,Proposal,"NZD 58,312.06",False,United States
006Q800000BvAab,Be Alarmed_WX controllers_Gavin,,Uncategorized,Closed Won,"NZD 1,310.94",True,New Zealand
006Q800000BvKuw,Armadale Remotes & Fobs 20_05_24,,Uncategorized,Closed Won,"NZD 10,525.76",True,Australia
006Q800000BvoL7,Small Project - May,,Retail,Closed Won,"NZD 2,807.36",True,Australia
006Q800000Bvpyj,Freight Terminal Access Tags,,Critical Infrastructure - Transportation,Closed Won,"NZD 1,496.84",True,Australia
006Q800000Bw3iL,Site OLG - Protege X 2,,Uncategorized,Closed Won,NZD 39.65,True,Australia
006Q800000Bwgrl,GX Site Flip,Commercial,Commercial,Closed Lost,"NZD 16,878.66",False,Australia
006Q800000Bx52A,Mobile Credentials,,Uncategorized,Closed Lost,"NZD 2,101.74",False,Australia
006Q800000BxGC5,Special Metal Wiggin - Licenses,Other,Other,Closed Lost,"NZD 5,381.14",False,EMEA
006Q800000BxHg1,Special Metal Wiggin - Hardware,Other,Other,Closed Lost,"NZD 2,007.29",False,EMEA
006Q800000BxhnN,Waverly - Keytags,Multi Family,Multi Family,Closed Lost,"NZD 22,617.65",False,United States
006Q800000BxqIn,LSP Enclosure 14-24,,Uncategorized,Closed Won,"NZD 4,062.65",True,United States
006Q800000BxrEs,Protege X Project,,Uncategorized,Closed Won,"NZD 2,887.72",True,United States
006Q800000BxsMD,Philly GX Training,Training,Training,Closed Won,"NZD 1,463.24",True,United States
006Q800000BxsNp,Eagle Rock - Vista Point Apartments,Multi Family,Multi Family,Closed Lost,"NZD 183,723.18",False,United States
006Q800000BxscL,Eagle Rock Apartments at Freehold,Residential,Residential,Closed Lost,"NZD 190,117.06",False,United States
006Q800000ByGrZ,Bayview garden center,,Uncategorized,Closed Won,"NZD 3,650.15",True,United States
006Q800000ByUuX,Aperio Pricing 21_05_24,,Uncategorized,Closed Lost,"NZD 325,461.49",False,Australia
006Q800000Bz9jC,Diggers X Quote 21_05_24,,Uncategorized,Closed Won,"NZD 1,948.54",True,Australia
006Q800000BzD74,4A PSU,,Uncategorized,Closed Won,"NZD 1,082.81",True,Australia
006Q800000C0cG5,IDN Application,Training,Training,Closed Lost,"NZD 23,790.67",False,Australia
006Q800000C0ePx,ICT ProtegeGX Training/Demo Kit and Tech Training Course (Web Based) for IDLINKS in Vietnam (YEM),Commercial,Commercial,Closed Lost,"NZD 2,374.54",False,Asia Pacific
006Q800000C0lo1,Greystone,Multi Family,Multi Family,Closed Lost,"NZD 231,218.35",False,Canada
006Q800000C0mSL,Coastal Harbor- UHS,,Uncategorized,Closed Won,"NZD 34,636.91",True,United States
006Q800000C0nJZ,10 door wx/gx,Commercial,Commercial,Closed Lost,"NZD 9,982.50",False,United States
006Q800000C0p3d,Rivendell- UHS,,Uncategorized,Closed Won,"NZD 39,331.32",True,United States
006Q800000C0pbV,Eurofins,,Uncategorized,Closed Won,"NZD 20,790.93",True,United States
006Q800000C0qXZ,Hill Crest- UHS - Mini Readers,,Uncategorized,Closed Won,"NZD 2,448.53",True,United States
006Q800000C0rBt,5 EXTRA-BT-B,,Uncategorized,Closed Won,"NZD 2,412.13",True,United States
006Q800000C0rbh,Sandifer - Terrero - 2,,Uncategorized,Closed Lost,"NZD 2,681.18",False,United States
006Q800000C0t8t,GX Training,Training,Training,Closed Lost,"NZD 1,463.24",False,United States
006Q800000C0x7d,Ovida Westwood Amenity,,Uncategorized,Closed Won,"NZD 1,200.74",True,United States
006Q800000C10Os,Protege Certification,Training,Training,Closed Lost,"NZD 2,926.47",False,United States
006Q800000C11MX,6 Door Altronix,,Uncategorized,Closed Lost,"NZD 1,470.59",False,United States
006Q800000C12s6,3 tSec Standard Readers,,Uncategorized,Closed Won,"NZD 2,053.24",True,United States
006Q800000C1IFK,Marceline R-V Schools,Education,Education,Closed Lost,"NZD 16,468.41",False,United States
006Q800000C1LJe,The Croft Farmington - 5 Spring,,Uncategorized,Closed Won,"NZD 4,060.94",True,United States
006Q800000C1RP3,Benedictine Living Community - Regina,,Uncategorized,Closed Won,"NZD 28,422.94",True,United States
006Q800000C1Vdx,GX Training Course 28/05/24,Training,Training,Closed Lost,"NZD 4,886.61",False,Australia
006Q800000C2LCj,GX Level 1 Facilitated Training 25_05_24,Training,Training,Closed Won,"NZD 2,198.97",True,Australia
006Q800000C2MFF,Epping Aquatic Centre - COP Tender - KeyWatcher or KeySecure License for GX,Critical Infrastructure,Critical Infrastructure,Closed Lost,"NZD 33,167.99",False,Australia
006Q800000C2NBK,George Town Council Add Licenses,Government,Government,Closed Won,"NZD 1,654.00",True,Australia
006Q800000C2OXC,ICT Access Control System for BNPB Data Centre in Indonesia by Johnson Controls (YEM),Critical Infrastructure,Critical Infrastructure,Closed Lost,"NZD 10,173.55",False,Asia Pacific
006Q800000C2Qp7,SOAP Web Service Software Development Kit,,Uncategorized,Closed Won,"NZD 4,732.78",True,Australia
006Q800000C2c8j,Job 6078 22_05_24,Commercial,Commercial,Closed Won,"NZD 4,999.50",True,Australia
006Q800000C2dpZ,Villa - Seedis - Kuwait,Residential,Residential,Closed Lost,"NZD 3,247.60",False,EMEA
006Q800000C2fxp,WX Controller,,Uncategorized,Closed Lost,NZD 829.77,False,Australia
006Q800000C2ora,CTRL-DIN 5-21-24,,Uncategorized,Closed Lost,"NZD 9,936.76",False,United States
006Q800000C3Qzx,Quotation for RFQ: PJ-SU24-031,,Uncategorized,Closed Won,NZD 362.37,True,Asia Pacific
006Q800000C3YZJ,Thu University,Education,Education,Closed Won,"NZD 1,018.86",True,EMEA
006Q800000C3bLt,Tender for Central 3A Project in Hong Kong,,Uncategorized,Proposal,"NZD 85,101.56",False,Asia Pacific
006Q800000C3iyU,Waverly - Keytags DesFire EV2,Multi Family,Multi Family,Closed Lost,"NZD 17,082.35",False,United States
006Q800000C3p2J,6200 Kennway NFR 05222024,,Uncategorized,Closed Lost,,False,Canada
006Q800000C3qJJ,GX Server License,,Uncategorized,Closed Won,"NZD 2,407.21",True,United States
006Q800000C3r8w,Reader replacement,,Uncategorized,Closed Lost,"NZD 2,170.59",False,United States
006Q800000C3s0B,Protege Certification,Training,Training,Closed Lost,NZD 735.29,False,United States
006Q800000C3s8D,CSE Headquarters - 4 Door Kit,Commercial,Commercial,Closed Lost,NZD 0.00,False,United States
006Q800000C3s9q,Protege Certification,Training,Training,Closed Lost,NZD 147.06,False,United States
006Q800000C3szR,Minerals Technology - Key Tags,,Uncategorized,Closed Won,NZD 180.88,True,United States
006Q800000C3tFZ,CCS - Mobile Creds,,Uncategorized,Closed Lost,,False,United States
006Q800000C3tM1,205 Bagot Phase 1 Base Building/Elevator,Multi Family,Multi Family,Closed Lost,"NZD 16,360.27",False,Canada
006Q800000C3tXK,PRX-TSEC 5-22-24,,Uncategorized,Closed Won,NZD 253.06,True,United States
006Q800000C3vak,NFR Headoffice Kennway  05222024,Commercial,Commercial,Closed Won,"NZD 1,668.87",True,Canada
006Q800000C3w3l,205 Bagot Phase 2 Entry Station,Multi Family,Multi Family,Closed Lost,"NZD 9,887.30",False,Canada
006Q800000C3w8b,205 Bagot Phase 3 Wireless locks,Multi Family,Multi Family,Closed Lost,"NZD 20,058.14",False,Canada
006Q800000C3yDd,Islamic Center - Boulder,,Uncategorized,Closed Lost,"NZD 11,505.71",False,United States
006Q800000C3ybp,encoder,,Uncategorized,Closed Won,NZD 642.94,True,United States
006Q800000C3zjC,Alekus - 3 door system,Commercial,Commercial,Closed Won,"NZD 2,365.97",True,United States
006Q800000C40yc,WX Project - Amir Bahrami,Multi Family,Multi Family,Closed Won,"NZD 5,725.94",True,Canada
006Q800000C419t,GX Certification,Government,Government,Closed Lost,"NZD 6,116.58",False,Canada
006Q800000C4IkD,Demo Kit,Training,Training,Closed Lost,"NZD 2,884.58",False,United States
006Q800000C4KhB,Single Door Controller (PRT-CTRL-DIN-1D),Education,Education,Closed Won,NZD 570.32,True,Canada
006Q800000C4XjF,Epping Leisure Centre,Government,Government,Closed Lost,"NZD 22,426.05",False,Australia
006Q800000C4akN,Uniting Care Bowden Apartments,Multi Family,Multi Family,Closed Lost,"NZD 31,788.80",False,Australia
006Q800000C4bBv,GX Training Course 28/05/24_2,Training,Training,Closed Won,"NZD 2,443.31",True,Australia
006Q800000C5mTK,Quotation for PO NO . PO24/00042,,Uncategorized,Closed Won,NZD 689.05,True,Asia Pacific
006Q800000C5pUP,Quotation for PO NO . PO24/00043,,Uncategorized,Closed Won,NZD 436.47,True,Asia Pacific
006Q800000C67sj,ICT ProtegeGX Training/Demo Kit and Tech Training Course (Web Based) for Thien Hat in Vietnam (YEM),Commercial,Commercial,Closed Lost,"NZD 2,374.54",False,Asia Pacific
006Q800000C6QFR,ICT ProtegeGX Training/Demo Kit and Tech Training Course (Web Based) for INTES in Vietnam (YEM),Commercial,Commercial,Closed Lost,"NZD 2,374.54",False,Asia Pacific
006Q800000C6uv4,42A Broadway,Commercial,Commercial,Closed Won,NZD 502.94,True,United States
006Q800000C74hV,door license ab 05232024,,Uncategorized,Closed Won,NZD 996.88,True,Canada
006Q800000C74rB,Norbec - Intercom,,Uncategorized,Closed Lost,"NZD 12,552.49",False,Canada
006Q800000C76ub,Elm Lane,,Uncategorized,Closed Lost,"NZD 11,849.03",False,United States
006Q800000C7B34,CCH Renewal Village,,Uncategorized,Closed Won,"NZD 13,419.68",True,United States
006Q800000C7B6H,53 readers durham 05232024 RS,,Uncategorized,Closed Won,,True,Canada
006Q800000C7BZK,Updated GX Training,Training,Training,Closed Lost,"NZD 2,926.47",False,United States
006Q800000C7GM6,Home Office (Other half of A+ Security order),Commercial,Commercial,Closed Won,"NZD 5,764.24",True,United States
006Q800000C7H3d,Demo,Training,Training,Closed Won,NZD 0.00,True,United States
006Q800000C7HOd,Sazent,,Uncategorized,Closed Won,"NZD 5,919.88",True,United States
006Q800000C7HQD,GX Demo Server,Training,Training,Closed Won,NZD 0.00,True,United States
006Q800000C7HQF,QUOTE FOR MORGAN COUNTY,,Uncategorized,Closed Won,"NZD 1,255.90",True,United States
006Q800000C7apS,Frost Access Expansion,,Uncategorized,Closed Won,,True,United States
006Q800000C7c9k,LTE Connection,,Uncategorized,Closed Lost,NZD 22.06,False,United States
006Q800000C7cMd,West Ag RFC,,Uncategorized,Closed Won,"NZD 3,665.74",True,United States
006Q800000C7dlh,tsl reader uow,,Uncategorized,Closed Lost,,False,Canada
006Q800000C7ecv,WX Expansion 24_05_24,Healthcare,Healthcare,Closed Lost,"NZD 29,090.61",False,Australia
006Q800000C7ejN,BrinDay Technologies (Two Schools),Education,Education,Closed Lost,"NZD 22,427.60",False,United States
006Q800000C7lcn,Door expander and reader 24_05_24,Other,Other,Closed Won,NZD 625.90,True,Australia
006Q800000C7p0g,Readers for Showroom NFR,,Uncategorized,Closed Won,NZD 685.79,True,Australia
006Q800000C8ZjT,Sector 7_Medical Centre_Andrew,Healthcare,Healthcare,Closed Lost,"NZD 4,485.22",False,New Zealand
006Q800000C8aNb,ICT GX Controller for Panorama Nha Trang Project in Vietnam,,Uncategorized,Closed Won,NZD 689.05,True,Asia Pacific
006Q800000C8hQf,ICT ProtegeWX Training/Demo Kit and Tech Training Course (Web Based) for PT. HABITUS CONCEPT in Indonesia (YEM),Training,Training,Closed Won,"NZD 2,374.54",True,Asia Pacific
006Q800000C8zQp,ICT ProtegeGX Access Control System for IOM Ho Chi Minh Sub-office in Vietnam,Commercial,Commercial,Closed Lost,"NZD 9,938.06",False,Asia Pacific
006Q800000CA17B,Montgomery County Coalition,Commercial,Commercial,Closed Won,"NZD 5,946.03",True,United States
006Q800000CAFGd,Three Rivers- UHS,Healthcare,Healthcare,Closed Won,"NZD 109,079.71",True,United States
006Q800000CAGEH,GX Demo Console,Training,Training,Closed Lost,"NZD 2,718.13",False,EMEA
006Q800000CAGiv,GX Certification,Commercial,Commercial,Closed Won,"NZD 7,772.56",True,Canada
006Q800000CAHru,St. Simons- UHS,,Uncategorized,Closed Won,"NZD 51,226.47",True,United States
006Q800000CAJVa,Del Amo- UHS,Healthcare,Healthcare,Closed Lost,"NZD 108,203.82",False,United States
006Q800000CAJgo,Abor-Fuller- UHS,Healthcare,Healthcare,Closed Won,"NZD 57,699.12",True,United States
006Q800000CAJk2,MNR2,,Uncategorized,Closed Won,NZD 952.94,True,United States
006Q800000CAK6b,Ewing Town Center - E2,Residential,Residential,Decision,"NZD 12,462.35",False,United States
006Q800000CALST,Emerald Coast- UHS,,Uncategorized,Closed Won,"NZD 42,690.59",True,United States
006Q800000CALSU,Pembrook- UHS,Healthcare,Healthcare,Closed Lost,"NZD 66,062.21",False,United States
006Q800000CALSV,Copper Hills- UHS,,Uncategorized,Closed Won,"NZD 71,809.26",True,United States
006Q800000CALc9,PIW- UHS,,Uncategorized,Closed Won,"NZD 90,420.44",True,United States
006Q800000CALgz,Foundations- UHS,,Uncategorized,Closed Won,"NZD 73,382.79",True,United States
006Q800000CALh0,Hampton- UHS,Healthcare,Healthcare,Closed Won,"NZD 85,810.00",True,United States
006Q800000CAMmk,School Quote,Education,Education,Closed Lost,"NZD 117,454.94",False,United States
006Q800000CEr5Z,GCT Transfer,,Uncategorized,Closed Won,"NZD 2,536.36",True,Australia
006Q800000CFG7C,Ulysses Trinity Beach Gates X,,Uncategorized,Closed Lost,NZD 21.32,False,Australia
006Q800000CFY8w,Ulysses Trinity Beach Gates HW,,Uncategorized,Closed Lost,"NZD 2,841.01",False,Australia
006Q800000CFYAY,LBW Fitout 480 Queen Street,,Uncategorized,Closed Won,"NZD 7,583.75",True,Australia
006Q800000CFaVi,Evotek_WX Opportunity_Mark,,Uncategorized,Closed Lost,"NZD 1,324.23",False,New Zealand
006Q800000CFlJ3,Readers,,Uncategorized,Closed Won,"NZD 1,356.98",True,Australia
006Q800000CFwzF,Site 505,,Uncategorized,Closed Won,"NZD 1,037.89",True,Australia
006Q800000CHI1e,NRT,Commercial,Commercial,Closed Lost,"NZD 14,655.56",False,Canada
006Q800000CHQaH,WX - 4D,,Uncategorized,Closed Lost,"NZD 2,076.60",False,Canada
006Q800000CHSPB,Encoding,,Uncategorized,Closed Lost,,False,Canada
006Q800000CHWSn,Sir William Mulock SS,,Uncategorized,Closed Lost,"NZD 11,245.16",False,Canada
006Q800000CI02f,startertoenterprise JZ 05272024,,Uncategorized,Closed Won,,True,Canada
006Q800000CI21F,GX Update,,Uncategorized,Closed Lost,"NZD 1,749.25",False,Australia
006Q800000CIkLd,Level 27 Waterfront Place,,Uncategorized,Closed Lost,"NZD 1,759.46",False,Australia
006Q800000CInMj,Nelson Bays_Genetec Opp_Darren,,Uncategorized,Closed Won,"NZD 2,721.80",True,New Zealand
006Q800000CIqxL,MOCO FOODS,Commercial,Commercial,Closed Won,"NZD 18,235.46",True,Australia
006Q800000CIymn,MDU Constance Street,Commercial,Commercial,Closed Lost,"NZD 333,567.71",False,Australia
006Q800000CJ0dO,GX Level 1 Training Course 28_05_24,Training,Training,Closed Won,"NZD 3,420.63",True,Australia
006Q800000CJmy6,CHANEL New Distribution Centre in Malaysia (SECOM (MY) Sdn Bhd (YEM),Commercial,Commercial,Closed Lost,"NZD 80,137.98",False,Asia Pacific
006Q800000CKFop,Campion Center,Healthcare,Healthcare,Closed Won,"NZD 8,720.65",True,United States
006Q800000CKGEc,Northants - 2x PRT-GX-DOR-1,,Uncategorized,Closed Won,NZD 198.02,True,EMEA
006Q800000CKHqc,WX Stock,,Uncategorized,Closed Won,"NZD 3,252.00",True,United States
006Q800000CKMBx,2 x PRT-ZX16-DIN - GH-24-P245,,Uncategorized,Closed Won,NZD 822.96,True,EMEA
006Q800000CKPHt,PO 240388 - Manchester Public Schools,Education,Education,Closed Won,"NZD 18,086.10",True,United States
006Q800000CKQvW,"Tex Tech Industries - N. Monmouth, ME",Commercial,Commercial,Closed Lost,"NZD 63,956.12",False,United States
006Q800000CKSEN,SACFD Quotes,Residential,Residential,Closed Won,NZD 277.31,True,United States
006Q800000CKWZW,1057 Atlantic Avenue,,Uncategorized,Closed Lost,"NZD 700,488.21",False,United States
006Q800000CKYLC,Quote 5/28,,Uncategorized,Closed Won,"NZD 2,353.06",True,United States
006Q800000CKYWT,Mifare Key Tags,,Uncategorized,Closed Won,"NZD 1,085.29",True,United States
006Q800000CKYuh,Sack Wern Houses,Residential,Residential,Discovery,"NZD 659,110.30",False,United States
006Q800000CKZSX,Rialto West,,Uncategorized,Discovery,"NZD 258,104.83",False,United States
006Q800000CKbfe,First and Main apartments access control,Multi Family,Multi Family,Proposal,"NZD 15,733.23",False,United States
006Q800000CKcF7,First and Main apartments access control,Multi Family,Multi Family,Closed Lost,"NZD 28,690.00",False,United States
006Q800000CKef8,GX Server 3 license,,Uncategorized,Closed Won,"NZD 10,652.65",True,United States
006Q800000CKtXi,1 Tsec reader,,Uncategorized,Closed Won,NZD 410.65,True,United States
006Q800000CKwaQ,Durham Region Large Tender,Government,Government,Closed Won,"NZD 5,083.95",True,Canada
006Q800000CKxRd,12 door wx,,Uncategorized,Closed Won,"NZD 6,657.06",True,United States
006Q800000CL3Yo,Symal X Cutover 29_05_24,Commercial,Commercial,Closed Lost,"NZD 11,367.94",False,Australia
006Q800000CLMQ1,Demo Kit PSU,Training,Training,Closed Won,NZD 487.26,True,Australia
006Q800000CLxqz,Charleville Project,,Uncategorized,Closed Won,"NZD 1,030.95",True,Australia
006Q800000CM4Y5,Demo / Training Kits,Commercial,Commercial,Closed Lost,"NZD 4,888.82",False,EMEA
006Q800000CNMSL,Chubb Centre Of Excellence Demo Equipment,Training,Training,Closed Won,"NZD 3,081.12",True,EMEA
006Q800000CNO2k,Core Investments - 2 add Doors,,Uncategorized,Closed Won,NZD 967.19,True,United States
006Q800000CNU1j,Region of Durham,Government,Government,Closed Lost,"NZD 392,374.37",False,Canada
006Q800000CNUWL,TEG-18364,,Uncategorized,Closed Won,"NZD 1,172.35",True,United States
006Q800000CNUkr,Core Investments - 2 add Doors,,Uncategorized,Closed Lost,NZD 0.00,False,United States
006Q800000CNX2o,Waterloo Parkade,Government,Government,Closed Lost,"NZD 12,088.32",False,Canada
006Q800000CNYOf,424 Madison - Elevator,Commercial,Commercial,Closed Lost,"NZD 20,713.94",False,United States
006Q800000CNaez,Town of Milton,Government,Government,Closed Won,"NZD 38,562.42",True,Canada
006Q800000CNbrB,Salt & Meadows - 50 PRX-TAG-MF-B,Multi Family,Multi Family,Closed Won,NZD 349.42,True,Canada
006Q800000CNvza,reader back plates vipond TSL,,Uncategorized,Closed Won,NZD 118.61,True,Canada
006Q800000CNxH0,Single Door,,Uncategorized,Closed Won,"NZD 1,882.46",True,United States
006Q800000CNxH1,Blue Eagle_3 Door WX_Sam,Commercial,Commercial,Closed Lost,"NZD 4,395.10",False,New Zealand
006Q800000CNzAM,GX w/393 Locks,Multi Family,Multi Family,Proposal,"NZD 340,287.49",False,Canada
006Q800000COzGN,Additional Doors 30_05_24,,Uncategorized,Closed Lost,"NZD 2,809.88",False,Australia
006Q800000CP8TJ,Grand Blue City Hotel,Commercial,Hospitality - Hotels,Closed Lost,"NZD 9,686.18",False,EMEA
006Q800000CQ3Eg,"ALVO Medical, Smigiel",Healthcare,Healthcare,Closed Won,"NZD 6,865.34",True,EMEA
006Q800000CQEV3,"MZA, Warszawa",Commercial,Commercial,Closed Lost,"NZD 74,275.41",False,EMEA
006Q800000CQOxR,Townplace Suite(Muska),,Uncategorized,Closed Lost,"NZD 1,470.59",False,United States
006Q800000CQRAX,Encoding Credits,Banking & Finance,Banking & Finance,Closed Won,,True,United States
006Q800000CQRdZ,Protege Certification,Training,Training,Closed Lost,"NZD 8,779.41",False,United States
006Q800000CQUl7,Muska - Townplace Suite,,Uncategorized,Closed Lost,"NZD 7,219.32",False,United States
006Q800000CQWjh,PO 22285,,Uncategorized,Closed Won,"NZD 4,626.71",True,United States
006Q800000CQYC1,Zelf Self Storage Proposal,Commercial,Commercial,Closed Lost,"NZD 88,295.91",False,EMEA
006Q800000CQaiU,Woodland Park - Summit,Education,Education,Closed Won,"NZD 5,906.38",True,United States
006Q800000CQcKT,Chubb Burnaby- readers,Commercial,Commercial,Closed Lost,"NZD 1,009.83",False,Canada
006Q800000CQeB0,Woodland Park - Columbine,Education,Education,Closed Won,"NZD 6,546.84",True,United States
006Q800000CQeHR,psu4,,Uncategorized,Closed Won,NZD 726.18,True,United States
006Q800000CQgkf,Woodland Park - High School,Education,Education,Closed Won,"NZD 13,273.28",True,United States
006Q800000CQhGv,Woodland Park - Gateway,Education,Education,Closed Won,"NZD 5,175.93",True,United States
006Q800000CQieP,GX Server License,,Uncategorized,Closed Won,"NZD 2,888.65",True,United States
006Q800000CR117,Accolade Entry Stations,,Uncategorized,Closed Won,"NZD 16,272.74",True,Canada
006Q800000CR1Qw,Commercial-Residentiel Quebec WL,Residential,Residential,Closed Lost,"NZD 302,931.10",False,Canada
006Q800000CR2bV,Botti Const. - 2DR X,Commercial,Commercial,Closed Won,"NZD 1,329.29",True,United States
006Q800000CR2rd,Sobeys CFC4 Vancouver project - Intrusion option1,Retail,Retail,Closed Won,"NZD 5,306.44",True,Canada
006Q800000CR37l,quote 5/30,Commercial,Commercial,Closed Lost,"NZD 4,181.65",False,United States
006Q800000CR39N,Sobeys CFC4 Vancouver project - Intrusion option 2,Retail,Retail,Closed Won,"NZD 3,542.83",True,Canada
006Q800000CR65d,HTS_Single Tenancy WX_Glen,,Uncategorized,Closed Won,"NZD 1,708.20",True,New Zealand
006Q800000CRYRh,Traveloka Office in Vietnam,Commercial,Commercial,Closed Lost,"NZD 2,460.59",False,Asia Pacific
006Q800000CRmXt,WX Training,Training,Training,Closed Lost,"NZD 5,801.32",False,Australia
006Q800000CSg8h,Perth Childrens Hospice,Healthcare,Healthcare,Closed Lost,"NZD 77,505.32",False,Australia
006Q800000CTC2J,Peterhouse College Software Upgrade,Residential,Residential,Closed Won,"NZD 4,322.98",True,EMEA
006Q800000CTgpl,Lake Tahoe Unified School District-,Education,Education,Closed Lost,"NZD 14,705.88",False,United States
006Q800000CTkrl,Falcon Fire,,Uncategorized,Closed Won,"NZD 1,944.26",True,United States
006Q800000CTm7C,Mifare Fobs,,Uncategorized,Closed Lost,NZD 0.01,False,United States
006Q800000CTmAP,McKinney Request,,Uncategorized,Closed Lost,NZD 0.01,False,United States
006Q800000CTmbp,2 door X kit,Commercial,Commercial,Closed Lost,"NZD 1,450.93",False,United States
006Q800000CU9mv,Blank Tags,,Uncategorized,Closed Lost,NZD 147.06,False,United States
006Q800000CUCzK,600 17th Street | Suite 1400S - Catamount Energy Partners,,Uncategorized,Closed Won,"NZD 2,581.06",True,United States
006Q800000CUHR7,quote 5-31tsl,,Uncategorized,Closed Lost,"NZD 8,865.00",False,United States
006Q800000CY4v7,"Coordinating Ministry, Special Forces and Police Flats IKN Projects in Indonesia",Government,Government,Closed Won,"NZD 151,585.95",True,Asia Pacific
006Q800000CYk9a,GX Traing/Demo Kit,Training,Training,Closed Lost,"NZD 2,900.66",False,Australia
006Q800000CYkSv,GX Certified Training,Training,Training,Closed Lost,"NZD 2,443.31",False,Australia
006Q800000CYkaz,GX System Software Licencing,,Uncategorized,Closed Lost,"NZD 1,649.32",False,Australia
006Q800000CYlFN,WX Training,Training,Training,Closed Lost,"NZD 5,801.32",False,Australia
006Q800000CYntp,Aylen Residence 03_06_24,Residential,Residential,Closed Won,"NZD 2,215.53",True,Australia
006Q800000CYu2Y,Protege GX Training Kit 03/06/24,Training,Training,Closed Lost,"NZD 2,900.66",False,Australia
006Q800000CaEAP,ICT ProtegeGX Training/Demo Kit and Tech Training Course (Web Based) for D-Ron in Taiwan,Training,Training,Closed Lost,"NZD 3,371.91",False,Asia Pacific
006Q800000CaPoz,TSL Sample Pricing,Commercial,Commercial,Closed Lost,NZD 624.58,False,EMEA
006Q800000CaQUv,70 Canuck,Multi Family,Multi Family,Closed Lost,"NZD 4,601.99",False,Canada
006Q800000CaRsQ,2889I,,Uncategorized,Closed Won,,True,United States
006Q800000CaUiD,Cedar Crest Hospital,Healthcare,Healthcare,Closed Won,"NZD 6,872.65",True,United States
006Q800000CaXJV,WX controller,,Uncategorized,Closed Won,"NZD 1,537.65",True,United States
006Q800000Caau6,Trillium Woods,Commercial,Commercial,Closed Lost,"NZD 9,239.60",False,Canada
006Q800000Cab8b,Holiday Inn Base Building,Commercial,Hospitality - Hotels,Closed Lost,"NZD 10,376.68",False,Canada
006Q800000CavVV,GM Spring Hill Proposal,Commercial,Commercial,Closed Lost,"NZD 4,736.82",False,United States
006Q800000Cavtu,Franklin Street PS,Education,Education,Closed Won,"NZD 9,551.69",True,Canada
006Q800000CavyX,Skydev Grove St,Multi Family,Multi Family,Closed Lost,"NZD 430,956.97",False,Canada
006Q800000CawGH,Adrienne Clarkson,Education,Education,Closed Lost,"NZD 9,676.59",False,Canada
006Q800000CawHt,Arvon Apartments - Hurley Dev - 174 Units,Multi Family,Multi Family,Proposal,"NZD 146,597.65",False,United States
006Q800000Cax13,Poplar Bank,Banking & Finance,Banking & Finance,Closed Lost,"NZD 11,507.91",False,Canada
006Q800000Cb1cY,Driscoll Add on Jun 24,,Uncategorized,Closed Won,"NZD 14,929.75",True,United States
006Q800000Cb5bJ,200 x PRX-TAG,,Uncategorized,Closed Won,"NZD 1,496.84",True,Australia
006Q800000Cb7gM,Woolooware bay config cards,,Uncategorized,Closed Won,NZD 151.60,True,Australia
006Q800000Cb9qE,IQ_Reece Napier_Ryan,,Uncategorized,Closed Lost,"NZD 1,910.63",False,New Zealand
006Q800000CbC9s,Toll API Request 04_06_24,Commercial,Commercial,Closed Won,"NZD 4,417.26",True,Australia
006Q800000CcIt3,Suprema,,Uncategorized,Closed Lost,"NZD 6,126.86",False,EMEA
006Q800000Cccv0,10 x WX Kit - Stocking Orders - 1,Commercial,Commercial,Closed Lost,"NZD 30,093.52",False,EMEA
006Q800000CdKxd,FW Consult - Borg Eiendom - v2 - Phase 2,Government,Government,Closed Won,"NZD 3,429.68",True,EMEA
006Q800000CdLIc,Mount Sinai MCR,,Uncategorized,Closed Won,NZD 287.97,True,Canada
006Q800000CdRCj,TSL readers,Commercial,Commercial,Closed Lost,NZD 298.76,False,Canada
006Q800000CdZmz,WX Training unit and Voucher,Training,Training,Closed Won,"NZD 2,718.13",True,EMEA
006Q800000CddPB,RD Industries Cloud Monitoring,,Uncategorized,Closed Won,"NZD 1,034.38",True,United States
006Q800000Cdept,Bus Terminal,Transportation,Transportation,Closed Lost,"NZD 8,834.47",False,United States
006Q800000CdilR,Encoder & TSL,,Uncategorized,Closed Won,"NZD 1,025.07",True,Canada
006Q800000CdkYk,Pacific Reach - Eau Claire,Commercial,Commercial,Closed Lost,"NZD 9,047.93",False,Canada
006Q800000Ce189,sch ad400,,Uncategorized,Closed Lost,,False,Canada
006Q800000Ce4Z3,Mohave Cannabis,,Uncategorized,Closed Lost,"NZD 19,956.71",False,United States
006Q800000Ce9Yj,Guardian  Summer 24 orders,,Uncategorized,Closed Won,"NZD 23,303.65",True,United States
006Q800000CeVPb,Stand Alone Gate,,Uncategorized,Closed Lost,"NZD 7,592.65",False,United States
006Q800000CeqCI,Aotea BOP_IMF Robotics_Peter,Commercial,Commercial,Closed Lost,"NZD 6,000.00",False,New Zealand
006Q800000CexaL,Protégé Readers Replacements Readers,,Uncategorized,Closed Won,"NZD 18,261.83",True,Australia
006Q800000Cf0lK,Biometric Reader,,Uncategorized,Closed Won,"NZD 2,814.95",True,Australia
006Q800000CfdrK,Construction yard,,Uncategorized,Closed Lost,"NZD 6,795.54",False,Australia
006Q800000CffoJ,JN#33231 - Terrace Road,,Uncategorized,Closed Lost,"NZD 19,489.43",False,Australia
006Q800000CgQTq,UOC Social Anthropology - Specials,,Uncategorized,Closed Won,"NZD 2,133.68",True,EMEA
006Q800000CgSXF,UOC Social Anthropology - iSales Hardware,Education,Education,Closed Won,"NZD 1,725.07",True,EMEA
006Q800000CgWB3,GX Training Kit + Voucher,Training,Training,Closed Won,"NZD 2,718.13",True,EMEA
006Q800000CgWUP,WX Kit a la carte,,Uncategorized,Closed Won,"NZD 3,837.53",True,United States
006Q800000CgdxJ,Beach Palace - Qatar,Commercial,Commercial,Closed Lost,"NZD 11,734.03",False,EMEA
006Q800000CghL0,WX - 6D,Commercial,Commercial,Closed Lost,"NZD 3,544.67",False,Canada
006Q800000CghmP,Mortise Sample Quote,Multi Family,Multi Family,Closed Lost,"NZD 875,538.12",False,United States
006Q800000CghuT,CSV French School,Education,Education,Closed Lost,"NZD 6,789.91",False,Canada
006Q800000CglOb,Prox tags,,Uncategorized,Closed Won,NZD 150.00,True,United States
006Q800000CgltF,Protege Certification,Training,Training,Closed Lost,NZD 735.29,False,United States
006Q800000Ch4B7,Dailey 6-5-23,,Uncategorized,Closed Lost,"NZD 8,823.53",False,United States
006Q800000Ch4hN,Peterhouse College AFX Upgrade - iSales Hardware,Residential,Residential,Closed Won,"NZD 20,857.69",True,EMEA
006Q800000Ch4mE,Weld County Cards,,Uncategorized,Closed Won,"NZD 5,798.78",True,United States
006Q800000Ch5Wz,CTI - Paradox Upgrade,Commercial,Commercial,Closed Won,"NZD 2,713.99",True,Canada
006Q800000Ch66T,px8 RossDoan,,Uncategorized,Closed Won,"NZD 1,618.05",True,Canada
006Q800000Ch6o1,Wings Over the Rockies,,Uncategorized,Closed Lost,"NZD 18,143.21",False,United States
006Q800000Ch8zV,Training,Training,Training,Proposal,"NZD 2,750.00",False,New Zealand
006Q800000ChBUM,GX Training,Training,Training,Closed Won,"NZD 2,198.97",True,Australia
006Q800000ChCQQ,175 Eagle Street,Commercial,Commercial,Closed Lost,"NZD 59,610.95",False,Australia
006Q800000CiDIn,Mortice Lock Pricing,,Uncategorized,Closed Lost,,False,Australia
006Q800000CiHHZ,Montello PS 06_06_24,Education,Education,Closed Lost,"NZD 11,371.00",False,Australia
006Q800000CjZh3,ICT ProtegeGX Training/Demo Kit and Tech Training Course (Web Based) for LM Tronics in Philippines (YEM),Commercial,Commercial,Closed Lost,,False,Asia Pacific
006Q800000CjbO5,Protege Certification,Training,Training,Closed Lost,NZD 735.29,False,United States
006Q800000Cjd37,3 test readers,Commercial,Commercial,Closed Won,NZD 0.00,True,United States
006Q800000Cjg0z,Protege Certification,Training,Training,Closed Lost,NZD 735.29,False,United States
006Q800000Cjg5p,Protege Certification,Training,Training,Closed Lost,NZD 735.29,False,United States
006Q800000CjhUy,Princeton ISD,,Uncategorized,Closed Lost,"NZD 19,244.56",False,United States
006Q800000CjhZm,Desfire,,Uncategorized,Closed Lost,"NZD 1,044.12",False,United States
006Q800000CjhgD,PO Items,,Uncategorized,Closed Won,NZD 468.53,True,United States
006Q800000CjjbZ,town of Calmar v2,Government,Government,Closed Lost,"NZD 4,158.65",False,Canada
006Q800000CjllR,Photo ID License,,Uncategorized,Closed Won,"NZD 1,003.09",True,United States
006Q800000CjlyL,Photo ID License,,Uncategorized,Closed Won,"NZD 1,203.71",True,United States
006Q800000Cjm82,Frederick 6-6-24,,Uncategorized,Closed Won,"NZD 3,834.26",True,United States
006Q800000Cjm84,Garaj Mahal,Retail,Retail,Closed Won,"NZD 10,092.58",True,United States
006Q800000CjnDo,4G Modem,,Uncategorized,Closed Won,NZD 8.44,True,United States
006Q800000CjsF3,Toronto College Dental,Education,Education,Closed Lost,"NZD 19,680.68",False,Canada
006Q800000CkCfB,JimTraux Wallplate readers v2,,Uncategorized,Closed Won,NZD 427.86,True,Canada
006Q800000CkD9p,Ewing Town Center Building E2 Deadbolts,Multi Family,Multi Family,Closed Lost,"NZD 48,742.94",False,United States
006Q800000CkFoL,Demo System,Training,Training,Closed Lost,"NZD 4,930.24",False,United States
006Q800000CkNVl,PRX-TAG-MF-B,,Uncategorized,Closed Won,NZD 361.76,True,United States
006Q800000CkTjG,Iconic Men,Commercial,Commercial,Closed Lost,"NZD 2,413.91",False,Canada
006Q800000CkeTz,WX extension,Commercial,Commercial,Closed Lost,"NZD 1,349.30",False,Australia
006Q800000CkiYf,Extra Keypad Readers 07_06_24,,Uncategorized,Closed Won,"NZD 4,533.21",True,Australia
006Q800000ClJDD,Metalor iSales Hardware,Commercial,Commercial,Closed Won,"NZD 42,262.49",True,EMEA
006Q800000ClY0v,Quote Ref 786063 Metalor 2 - Software & Suprema USB Reader,Commercial,Commercial,Closed Won,"NZD 24,059.25",True,EMEA
006Q800000Cljvf,Scotch Spares,,Uncategorized,Closed Lost,"NZD 2,434.81",False,Australia
006Q800000CmFid,2 x PRX-TSEC-EXTRA-DF-BT-B,,Uncategorized,Closed Won,NZD 679.24,True,EMEA
006Q800000CmSxZ,UOC D031 Archaeology Building - Non iSales,Education,Education,Closed Won,"NZD 3,027.48",True,EMEA
006Q800000CmUkr,UOC D031 Archaeology Building - iSales Items,Education,Education,Closed Won,"NZD 2,241.20",True,EMEA
006Q800000CmdmY,Beau Soleil,Multi Family,Multi Family,Closed Lost,"NZD 67,484.05",False,Canada
006Q800000CmeVi,First Baptist Church,Religious,Religious,Closed Won,"NZD 2,940.71",True,United States
006Q800000CmeXJ,End Solution Communication,Other,Other,Closed Lost,"NZD 26,822.25",False,United States
006Q800000CmiXi,PO 95692,,Uncategorized,Closed Won,"NZD 3,128.68",True,United States
006Q800000CmlSL,6 Door WX,,Uncategorized,Closed Won,"NZD 3,338.38",True,United States
006Q800000Cmldd,PO 95693,,Uncategorized,Closed Won,"NZD 5,014.85",True,United States
006Q800000Cmlwz,Community Services Credentials,,Uncategorized,Closed Won,,True,United States
006Q800000CmmwH,Tampa Torah Academy,,Education - K-12,Closed Lost,"NZD 10,292.47",False,United States
006Q800000Cmnab,End Solutions 6/7,Healthcare,Healthcare,Closed Lost,"NZD 26,822.25",False,United States
006Q800000Cmntx,Cornelia CR Add on,,Uncategorized,Closed Lost,NZD 0.00,False,United States
006Q800000Cmpvl,Evergy,Commercial,Commercial,Closed Lost,"NZD 10,328.29",False,United States
006Q800000CnALt,Citrus & Highland - HCI Irvine - 144 Units MF - New Construction,Multi Family,Multi Family,Closed Lost,"NZD 200,114.47",False,United States
006Q800000CnBBV,West-MEC,,Uncategorized,Closed Lost,NZD 0.00,False,United States
006Q800000CnBhl,400 Beach- Deadbolts,,Uncategorized,Closed Lost,"NZD 262,202.56",False,United States
006Q800000CnHC6,100 FOB quote,,Uncategorized,Closed Lost,NZD 397.06,False,United States
006Q800000CnNCg,200 FOB quote,,Uncategorized,Closed Lost,NZD 794.12,False,United States
006Q800000CohpH,Pyramid Rehab,,Uncategorized,Closed Won,"NZD 34,670.15",True,United States
006Q800000Colxj,LCNB Bank  18,Banking & Finance,Banking & Finance,Closed Won,"NZD 16,454.85",True,United States
006Q800000Con0E,fobs,,Uncategorized,Closed Won,"NZD 2,713.24",True,United States
006Q800000ConjN,LCNB 19,,Uncategorized,Closed Won,"NZD 19,624.12",True,United States
006Q800000ConoD,LCNB 20,,Uncategorized,Closed Won,"NZD 15,297.79",True,United States
006Q800000Coo2j,1257,,Uncategorized,Closed Won,"NZD 5,351.82",True,United States
006Q800000Coo7a,TSL STD RR HL,,Uncategorized,Closed Won,"NZD 2,476.47",True,United States
006Q800000Coo9B,Columbia MD,,Uncategorized,Closed Won,"NZD 4,264.71",True,United States
006Q800000CooHF,SRVR,,Uncategorized,Closed Won,"NZD 2,888.65",True,United States
006Q800000CooNh,WX 10D,,Uncategorized,Closed Won,"NZD 7,786.18",True,United States
006Q800000CooVl,WX 2D,,Uncategorized,Closed Won,"NZD 2,194.56",True,United States
006Q800000Cooab,Add Ons 4D,,Uncategorized,Closed Won,"NZD 4,038.82",True,United States
006Q800000CoofR,WX 8D,,Uncategorized,Closed Won,"NZD 5,779.71",True,United States
006Q800000CtYBp,Brownsville Preparatory Institute,,Uncategorized,Closed Lost,"NZD 14,705.88",False,United States
006Q800000CtYbd,Curated Events,Commercial,Commercial,Closed Lost,"NZD 7,352.94",False,United States
006Q800000CtYtO,Belleview Christian Academy,,Education - K-12,Closed Lost,"NZD 14,705.88",False,United States
006Q800000CtZcX,Berean Academy,Multi Family,Multi Family,Closed Lost,"NZD 14,705.88",False,United States
006Q800000CtZkb,Quotation for RFQ: MV24-017,,Uncategorized,Closed Won,NZD 35.29,True,Asia Pacific
006Q800000CtcP8,WX Construction,Commercial,Commercial,Closed Won,"NZD 3,768.35",True,United States
006Q800000CtiRJ,WX Kit w/ 2 door expander 6-10-24,Commercial,Commercial,Closed Lost,"NZD 7,339.24",False,United States
006Q800000CtxOl,South Pier Tempe - Data Link - 724 Units - New Construction,Multi Family,Multi Family,Closed Lost,"NZD 514,705.88",False,United States
006Q800000Cu10v,VolkerChubb Readers,Commercial,Commercial,Closed Lost,NZD 671.12,False,Canada
006Q800000Cu1XB,Colosseum III,,Uncategorized,Closed Lost,"NZD 34,179.35",False,United States
006Q800000Cu2bJ,AH30,,Uncategorized,Closed Lost,"NZD 1,029.41",False,United States
006Q800000Cu3An,1K PRX-ISO-MAG-MF-11505,Education,Education,Closed Won,"NZD 7,117.65",True,United States
006Q800000Cu3nV,Bourn Uptown - Phase 1 - Data Link - 157 Units - New Construction,Multi Family,Multi Family,Closed Lost,"NZD 126,915.53",False,United States
006Q800000Cu4A5,Library Cred,,Government - Public Facilities,Closed Won,"NZD 2,423.97",True,United States
006Q800000Cu4DJ,Union West Apts - Hiller Companies - 305 Units - Retrofit,Multi Family,Multi Family,Proposal,"NZD 184,767.75",False,United States
006Q800000Cu4Mz,Craig Wilcox,,Uncategorized,Closed Won,"NZD 4,192.76",True,United States
006Q800000Cu59N,Pyott Empire,,Uncategorized,Closed Won,"NZD 1,381.94",True,United States
006Q800000Cu7r7,Las Vegas - Clark County Library District,Education,Education,Closed Lost,"NZD 213,136.41",False,United States
006Q800000Cu9hd,GX Controller,,Uncategorized,Closed Won,"NZD 1,024.72",True,Australia
006Q800000CuKMx,Expander replacement,,Uncategorized,Closed Won,NZD 397.06,True,United States
006Q800000CuZFV,Adams Elec_Kopu Wharf_Brad,Transportation,Transportation,Closed Won,"NZD 2,450.87",True,New Zealand
006Q800000Cuhpl,Showroom NFR II,,Uncategorized,Closed Won,"NZD 1,986.00",True,Australia
006Q800000CujjW,Site OLG Final,,Uncategorized,Closed Won,"NZD 7,638.51",True,Australia
006Q800000CunaD,Rigid Sec_WX Multi-Door Op_Gav,Commercial,Commercial,Closed Lost,"NZD 11,015.22",False,New Zealand
006Q800000CutHT,C.O.P Tender,,Uncategorized,Closed Lost,"NZD 2,000.43",False,Australia
006Q800000CutXZ,Site Katz,,Uncategorized,Closed Won,"NZD 2,230.02",True,Australia
006Q800000Cutu9,Katz - Protege X,,Uncategorized,Closed Won,NZD 21.32,True,Australia
006Q800000Cw4KT,ICT Idemia Integration development,,Uncategorized,Closed Won,NZD 0.00,True,EMEA
006Q800000CwMxJ,Ayr Hospital - AFX Migration - 2000 x DESFire Credentials,Healthcare,Healthcare,Closed Lost,"NZD 25,782.61",False,EMEA
006Q800000CwNDT,William Armstrong v2,Commercial,Commercial,Closed Lost,,False,Canada
006Q800000CwUmn,Crosshouse Hospital - AFX Migration - Controller Hardware,Healthcare,Healthcare,Closed Lost,"NZD 12,933.49",False,EMEA
006Q800000CwVAz,Crosshouse Hospital - AFX Migration - Licenses,Healthcare,Healthcare,Closed Lost,"NZD 6,377.93",False,EMEA
006Q800000CwWTd,Crosshouse Hospital - AFX Migration - Expander Replacement Hardware,Healthcare,Healthcare,Closed Lost,"NZD 72,935.52",False,EMEA
006Q800000CwWoc,Crosshouse Hospital - AFX Migration - Reader Replacement Hardware,Healthcare,Healthcare,Closed Lost,"NZD 27,257.85",False,EMEA
006Q800000CwX1W,Paloma Gardens Phase 1,,Uncategorized,Closed Won,"NZD 32,611.76",True,United States
006Q800000CwbBZ,Tanis Brush Add-On,,Uncategorized,Closed Won,"NZD 2,179.72",True,United States
006Q800000CwbQ5,Keytags,,Uncategorized,Closed Lost,NZD 135.66,False,United States
006Q800000CwcAr,Church Cards,Religious,Religious,Closed Won,NZD 397.06,True,United States
006Q800000CwcFi,Protege Certification,Training,Training,Closed Lost,NZD 735.29,False,United States
006Q800000CwcM9,SMB TSL MJ,Commercial,Commercial,Closed Lost,,False,Canada
006Q800000CwdEz,Prox Keyfobs,,Uncategorized,Closed Won,NZD 550.00,True,United States
006Q800000Cwe4b,City of Roswell - new SC,,Uncategorized,Closed Won,NZD 727.94,True,United States
006Q800000CwfyL,Site Code and Card,,Uncategorized,Closed Won,NZD 392.06,True,United States
006Q800000Cx0bN,Episcopal High School Gate Reader,Education,Education,Closed Lost,NZD 447.28,False,United States
006Q800000Cx0t7,Avon Venture Sports,,Uncategorized,Closed Lost,"NZD 9,809.12",False,United States
006Q800000Cx7cr,Urban Security_60 Alarm Op_Seb,,Uncategorized,Closed Won,"NZD 11,500.00",True,New Zealand
006Q800000Cxvhi,380 Bay St 12_06_24,,Uncategorized,Closed Won,"NZD 7,580.13",True,Australia
006Q800000Cy29h,Job 55684 12_06_24,,Uncategorized,Closed Won,"NZD 5,538.70",True,Australia
006Q800000CyYmH,State Audit Bureau North Building - Kuwait,Government,Government,Closed Lost,"NZD 324,026.39",False,EMEA
006Q800000CzF01,Cambridge Uni Config Card & RS485 to USB Converter,,Uncategorized,Closed Won,,True,EMEA
006Q800000CzJIA,PO 95774,,Uncategorized,Closed Won,NZD 602.94,True,United States
006Q800000CzOOI,Iconic,,Uncategorized,Closed Won,,True,Canada
006Q800000CzP7R,Wabash Internal System,,Uncategorized,Closed Won,"NZD 20,283.88",True,United States
006Q800000CzSbZ,Suprema - GX,Commercial,Commercial,Closed Lost,"NZD 15,585.78",False,Canada
006Q800000CzWKD,Candies Creek Academy,,Education - K-12,Closed Lost,"NZD 14,705.88",False,United States
006Q800000CzYkD,Suprema - WX,Commercial,Commercial,Closed Lost,,False,Canada
006Q800000Cza2s,Topline Financial Credit Union,Banking & Finance,Banking & Finance,Closed Won,"NZD 7,879.85",True,United States
006Q800000CzsxR,612853,,Uncategorized,Closed Won,NZD 485.07,True,United States
006Q800000CzuET,Motorized Deadbolt and TSL Reader,Multi Family,Multi Family,Closed Lost,NZD 593.68,False,United States
006Q800000Czvwv,KW N-2,,Uncategorized,Closed Won,"NZD 22,302.35",True,United States
006Q800000CzweT,Citadel Outlets,,Uncategorized,Closed Lost,"NZD 14,639.12",False,United States
006Q800000Czx5t,Hill Crest Cards- UHS,,Uncategorized,Closed Won,"NZD 2,132.35",True,United States
006Q800000CzytB,RS485 cables,,Uncategorized,Closed Won,NZD 248.82,True,United States
006Q800000CzzZ8,June Take Off,,Uncategorized,Closed Lost,"NZD 3,913.14",False,Australia
006Q800000D0H7q,Protege X Pricing,,Uncategorized,Closed Lost,NZD 33.54,False,Australia
006Q800000D0h5W,Apartment Intercom,Multi Family,Multi Family,Closed Lost,"NZD 24,252.01",False,Australia
006Q800000D0sNW,ICT ProtegeGX Intrusion Detection System for Duty Free Shops in Taiwan,Commercial,Retail,Closed Lost,"NZD 9,354.00",False,Asia Pacific
006Q800000D12Q5,Supply Only for AFx Enterprise System for Project in Singapore,,Uncategorized,Closed Won,"NZD 2,717.45",True,Asia Pacific
006Q800000D14Op,Wx Quote 13 July 2024,,Uncategorized,Closed Lost,"NZD 2,945.74",False,Australia
006Q800000D15cT,GX Expansion,,Uncategorized,Closed Won,"NZD 2,227.69",True,Australia
006Q800000D1Cin,NFR Reader,,Uncategorized,Closed Won,NZD 243.41,True,Australia
006Q800000D1x9p,New AFx Enterprise System for Lukoil Project in Singapore,Heavy Industry,Heavy Industry,Closed Won,"NZD 1,676.43",True,Asia Pacific
006Q800000D1ykD,TPT Viettel TT01 IDC Project Technology in Vietnam by Global Electrical Technology Corp (GLT) (YEM),Commercial,Commercial,Proposal,"NZD 129,332.65",False,Asia Pacific
006Q800000D2717,ICT ProtegeGX Training/Demo Kit and Tech Training Course (Web Based) for One Source in Philippines (YEM),Training,Training,Closed Won,"NZD 3,047.80",True,Asia Pacific
006Q800000D28wT,ICT ProtegeGX Training/Demo Kit and Tech Training Course (Web Based) for HITEC Intl Corp in Philippines (YEM),Training,Training,Closed Lost,,False,Asia Pacific
006Q800000D2DzN,Bedford House,Commercial,Commercial,Closed Won,"NZD 34,073.31",True,EMEA
006Q800000D2Iar,Museum Amsterdam,Commercial,Entertainment - Cultural,Closed Lost,,False,EMEA
006Q800000D2QJu,CAMBRIDGE AMBULANCE STATION ADDENSBROOK HOSPITAL - 1 x PRX-TSEC-STD-DF-KP-B,Healthcare,Healthcare,Closed Won,,True,EMEA
006Q800000D2Qji,LCNB 22,,Uncategorized,Closed Won,"NZD 19,207.21",True,United States
006Q800000D2RXi,Schlage Integration,Multi Family,Multi Family,Closed Lost,"NZD 90,154.94",False,United States
006Q800000D2Rj0,GX 3 4door,,Uncategorized,Closed Won,"NZD 17,003.65",True,United States
006Q800000D2S3x,Half Din,,Uncategorized,Closed Won,NZD 900.00,True,United States
006Q800000D2S8n,extra,,Uncategorized,Closed Won,"NZD 1,483.24",True,United States
006Q800000D2SWz,EV3,,Uncategorized,Closed Won,"NZD 2,088.24",True,United States
006Q800000D2SaE,DRISCOLL CHILDRENS HOSPITAL REHAB AIRLINE ROAD 301,Healthcare,Healthcare,Closed Won,"NZD 9,111.07",True,United States
006Q800000D2TEY,Multi-Family Elevator,Multi Family,Multi Family,Closed Lost,"NZD 2,941.18",False,United States
006Q800000D2TPp,DRISCOLL CHILDRENS HOSPITAL REHAB AIRLINE ROAD 303,Healthcare,Healthcare,Closed Won,"NZD 9,111.07",True,United States
006Q800000D2TT3,DCH RGV EDINBURG PARKING LOT,Healthcare,Healthcare,Closed Won,"NZD 9,111.07",True,United States
006Q800000D2W9B,Park Ave Health Center,Healthcare,Healthcare,Closed Lost,"NZD 9,920.65",False,United States
006Q800000D2nRl,MF Elevator,Commercial,Commercial,Closed Lost,"NZD 12,570.49",False,United States
006Q800000D2npx,SkyView Academy,Education,Education,Closed Lost,"NZD 6,776.07",False,United States
006Q800000D2oR3,7 Door Austin Project,Commercial,Commercial,Closed Won,"NZD 9,393.71",True,United States
006Q800000D2s3F,ASGL_Souther Cross Cards_Steve,Healthcare,Healthcare,Closed Lost,"NZD 10,315.00",False,New Zealand
006Q800000D4uwz,Supply ICT ProtegeGX Access Control System for Construction of Multi-purpose Building in Philippines (Onesource) (YEM),Multi Family,Multi Family,Closed Won,"NZD 95,612.79",True,Asia Pacific
006Q800000D5MEv,PS-DEV,,Uncategorized,Closed Won,NZD 412.94,True,United States
006Q800000D5TWX,HCBC Access,,Uncategorized,Closed Won,NZD 361.18,True,United States
006Q800000D5TgD,Auraria Ballfields - Hiller Companies - New Construction,,Uncategorized,Proposal,"NZD 26,597.78",False,United States
006Q800000D5U2n,SC Battery Plant Phase 1,Heavy Industry,Heavy Industry,Closed Lost,"NZD 288,533.91",False,United States
006Q800000D5UkL,Patriot Park - Eagle Eye Comm - 295 Units New Construction,Multi Family,Multi Family,Closed Lost,"NZD 361,753.82",False,United States
006Q800000D5Wm9,ARLO Apartment Credentials,Multi Family,Multi Family,Closed Won,"NZD 2,680.15",True,United States
006Q800000D79tV,Sapura Access Control Upgrading at SAPURA @ MINES (SECOM (MY) Sdn Bhd (YEM),Commercial,Commercial,Closed Lost,"NZD 73,087.44",False,Asia Pacific
006Q800000D7mtH,4A PSUs,,Uncategorized,Closed Won,"NZD 1,461.79",True,Australia
006Q800000D9TGD,Lake Street WX,Multi Family,Multi Family,Closed Lost,"NZD 7,693.23",False,Australia
006Q800000D9X25,Quote 17/06/24,,Uncategorized,Closed Lost,"NZD 9,103.93",False,Australia
006Q800000D9tVf,Walkinshaw 17_06_24,Commercial,Commercial,Closed Won,"NZD 56,834.62",True,Australia
006Q800000D9xkX,TSEC Readers x 10,,Uncategorized,Closed Won,"NZD 2,943.09",True,Australia
006Q800000DAIx3,17th July 2024,,Uncategorized,Closed Won,NZD 885.20,True,Australia
006Q800000DAMZS,NT Labs,,Uncategorized,Closed Lost,"NZD 36,974.65",False,Australia
006Q800000DAVr3,Pakenham 17_06_24,,Uncategorized,Closed Won,"NZD 1,433.14",True,Australia
006Q800000DBzzx,Islington Council - 10 Door License,Government,Government,Closed Won,NZD 489.90,True,EMEA
006Q800000DC1VV,BUD6 Budapest stages TBC,Commercial,Commercial,Closed Lost,,False,EMEA
006Q800000DC52s,Fowler Packing,Commercial,Commercial,Closed Won,"NZD 10,973.68",True,United States
006Q800000DC7aw,4523446404,,Uncategorized,Closed Won,"NZD 4,169.71",True,United States
006Q800000DC88o,JHoward - Menkes - 4800 Yonge St. - Entryphone and Floor Selection,Multi Family,Multi Family,Closed Lost,"NZD 58,991.05",False,Canada
006Q800000DC8C1,Discs,,Uncategorized,Closed Won,NZD 176.47,True,United States
006Q800000DC8K8,Leonard 6/17,,Uncategorized,Closed Lost,"NZD 1,470.59",False,United States
006Q800000DC8ry,Brighton Active Living,Multi Family,Multi Family,Closed Won,"NZD 67,485.22",True,Canada
006Q800000DCAQj,Prime Alert 6.17.14,,Uncategorized,Closed Won,"NZD 2,711.34",True,United States
006Q800000DCBMp,Zane State add Ons,,Uncategorized,Closed Won,"NZD 1,958.82",True,United States
006Q800000DCBRe,PDQ Multifamily Opp Lead,Multi Family,Multi Family,Working,"NZD 58,823.53",False,United States
006Q800000DCCKU,PRT-KLC&DIN-6-17-24,Commercial,Commercial,Closed Lost,"NZD 2,167.41",False,United States
006Q800000DCCac,Rivers City Transit - WX,Transportation,Transportation,Closed Won,"NZD 28,170.71",True,United States
006Q800000DCJSS,Compañía Nacional de Fuerza y Luz S.A. Readers,Government,Government,Closed Lost,"NZD 82,544.12",False,United States
006Q800000DCSM1,Snowhill Software Licenses,,Uncategorized,Closed Won,"NZD 58,126.08",True,EMEA
006Q800000DCVQM,Offsite GX Training,Training,Training,Closed Won,"NZD 9,558.82",True,United States
006Q800000DCVwc,York University - C5/C6,Education,Education,Closed Lost,"NZD 462,667.40",False,Canada
006Q800000DCY1d,X   2D,Commercial,Commercial,Closed Won,"NZD 1,922.94",True,United States
006Q800000DCYBJ,hrdm2,,Uncategorized,Closed Won,NZD 555.34,True,United States
006Q800000DCmhQ,30 Makerstone Street,,Uncategorized,Closed Lost,"NZD 65,513.83",False,Australia
006Q800000DCx03,GX Expansion,,Uncategorized,Closed Lost,"NZD 2,511.98",False,Australia
006Q800000DD5oq,Leagues Club Cairns,Retail,Retail,Closed Lost,"NZD 20,360.38",False,Australia
006Q800000DDEQf,Inner Range Comparison,,Uncategorized,Closed Lost,"NZD 3,341.78",False,Australia
006Q800000DDOoD,Fertility Clinic Perth,Healthcare,Healthcare,Closed Lost,"NZD 14,900.52",False,Australia
006Q800000DDXLG,Jason Training - Dummy Opp,Training,Training,Closed Lost,"NZD 39,995.34",False,Australia
006Q800000DDujG,Replacement Keypad Reader,,Uncategorized,Closed Won,NZD 447.34,True,Australia
006Q800000DDvp1,Jason Training - ABC Res Opps,Training,Training,Closed Lost,NZD 0.00,False,Australia
006Q800000DE729,"Comarch, Krakow",Commercial,Commercial,Closed Lost,"NZD 105,635.91",False,EMEA
006Q800000DEC0I,Corporate House FREEWAY STAGE 1 GATES,Commercial,Commercial - Office,Closed Won,"NZD 1,391.43",True,Australia
006Q800000DEgT3,Supply only Access Cards for Ngau Tam Mei Project,,Uncategorized,Closed Won,"NZD 4,530.88",True,Asia Pacific
006Q800000DEzFR,New AFx Enterprise System for DSO-Block 6 Project in Singapore (18-Jun-2024),Commercial,Commercial,Closed Won,"NZD 23,560.96",True,Asia Pacific
006Q800000DF0wI,Sertec - Desktop Encoder,,Uncategorized,Closed Won,NZD 609.49,True,EMEA
006Q800000DF6yT,UOC Anthropology - Additional Reader,,Uncategorized,Closed Won,"NZD 2,193.15",True,EMEA
006Q800000DF8p1,Northrop Grumman (Classified),Government,Government,Proposal,"NZD 990,790.00",False,United States
006Q800000DFAM9,Newport quote,Healthcare,Healthcare,Closed Lost,"NZD 3,860.05",False,United States
006Q800000DFBjd,License Add,,Uncategorized,Closed Won,NZD 882.35,True,United States
006Q800000DFCpN,Borden Co ISD,Education,Education,Closed Won,"NZD 13,331.91",True,United States
006Q800000DFM3y,Sesco DC,,Uncategorized,Closed Won,"NZD 2,399.03",True,United States
006Q800000DFWbB,4 Controllers GX,,Uncategorized,Closed Won,"NZD 3,974.71",True,United States
006Q800000DFXdi,extra kp bt,,Uncategorized,Closed Won,"NZD 3,045.00",True,United States
006Q800000DFY8L,Weld Briggsdale Qutoe,,Uncategorized,Closed Won,"NZD 2,151.79",True,United States
006Q800000DFZAr,Firelands CU Anna,,Uncategorized,Closed Won,"NZD 5,067.47",True,United States
006Q800000DFZXR,June Cards for Levelland,,Uncategorized,Closed Won,NZD 511.76,True,United States
006Q800000DFZfV,Firelands CU Jackson Center,,Uncategorized,Closed Won,"NZD 4,932.24",True,United States
006Q800000DFaIE,MCR,,Uncategorized,Closed Won,"NZD 2,322.79",True,United States
006Q800000DFd3B,Salto PPD,,Uncategorized,Closed Won,"NZD 1,222.06",True,United States
006Q800000DFyKX,WX controller w/ dialer,,Uncategorized,Closed Won,NZD 919.31,True,United States
006Q800000DG8gU,GX Expansion,,Uncategorized,Closed Lost,"NZD 1,467.32",False,Australia
006Q800000DGFV4,Yeshivah,Education,Education,Closed Won,"NZD 144,774.96",True,Australia
006Q800000DGKRV,Single Door Access & Security,Commercial,Commercial,Closed Lost,"NZD 4,643.54",False,New Zealand
006Q800000DGWxJ,Melvista Aged Care,Residential,Residential,Closed Lost,"NZD 96,810.94",False,Australia
006Q800000DHPtl,PMS Roma,Other,Other,Closed Won,"NZD 20,342.35",True,EMEA
006Q800000DHdjq,Sertec Tags - 100 x PRX-TAG-DF-EV3-2K-B,,Uncategorized,Closed Won,"NZD 1,820.00",True,EMEA
006Q800000DHhp3,Sertec Additional Tags - 300 x PRX-TAG-DF-EV3-2K-B,,Uncategorized,Closed Lost,"NZD 5,460.00",False,EMEA
006Q800000DHtdJ,Eastern State Hospital - 6.19.24,Healthcare,Healthcare,Closed Won,NZD 874.18,True,United States
006Q800000DHzkL,Strake Jesuit Loyola,Education,Education,Closed Lost,"NZD 23,553.24",False,United States
006Q800000DI06v,Pickering Centre,Retail,Retail,Closed Lost,"NZD 15,825.52",False,Canada
006Q800000DI5GH,ETC Opp.,Residential,Residential,Closed Lost,"NZD 29,738.29",False,United States
006Q800000DIcCL,Corporate House FREEWAY STAGE 2 GATES,Commercial,Commercial - Office,Closed Won,"NZD 1,391.43",True,Australia
006Q800000DIg69,Corporate House FREEWAY BLDG9/10 BASEMENT,Commercial,Commercial - Office,Closed Won,"NZD 3,569.05",True,Australia
006Q800000DIhJx,Corporate House FREEWAY BLDG 1,Commercial,Commercial - Office,Closed Won,"NZD 5,281.55",True,Australia
006Q800000DIqDx,Corporate House FREEWAY BLDG 2,Commercial,Commercial - Office,Closed Won,"NZD 1,849.40",True,Australia
006Q800000DItMj,Corporate House FREEWAY BLDG 3,Commercial,Commercial - Office,Closed Won,"NZD 8,181.91",True,Australia
006Q800000DJ4mn,ICT Cloud Based Intercom Solution for Land House Project in Indonesia (PT. RAS Otomasi Indonesia) (YEM),Residential,Residential,Closed Lost,"NZD 13,488.82",False,Asia Pacific
006Q800000DJ9D0,Corporate House FREEWAY BLDG 7,Commercial,Commercial - Office,Closed Won,"NZD 1,849.40",True,Australia
006Q800000DJFdO,Job 68081 Stg 1 15_05_24,,Uncategorized,Closed Won,"NZD 25,557.93",True,Australia
006Q800000DJMi8,Readers and Cards,,Uncategorized,Closed Won,NZD 939.27,True,Australia
006Q800000DJUas,Cedars of Edina - GX,Multi Family,Multi Family,Closed Won,"NZD 40,256.34",True,United States
006Q800000DKae9,Supply Only PRX-CLAM-ICT,Education,Education,Closed Lost,NZD 912.57,False,Asia Pacific
006Q800000DKleP,Kyiv aviation plant,Heavy Industry,Heavy Industry,Closed Lost,"NZD 99,882.68",False,EMEA
006Q800000DKmnN,OSCE new office,Commercial,Commercial,Closed Won,"NZD 38,987.31",True,EMEA
006Q800000DKnTJ,Uman Correctional Facility,Government,Government,Proposal,"NZD 6,601.34",False,EMEA
006Q800000DKngD,Baykar Makina Facility,Commercial,Commercial,Closed Lost,"NZD 14,972.42",False,EMEA
006Q800000DKxin,NDA replacement expander,,Uncategorized,Closed Won,NZD 605.82,True,United States
006Q800000DKyYP,Allied Credit,Banking & Finance,Banking & Finance,Closed Won,"NZD 1,632.97",True,Australia
006Q800000DL2Ab,WX - 1D/16Z,,Uncategorized,Closed Won,"NZD 1,928.75",True,Canada
006Q800000DLBNa,Protege Certification,Training,Training,Closed Lost,NZD 735.29,False,United States
006Q800000DLCOU,Prism adds,,Uncategorized,Closed Won,"NZD 2,315.29",True,United States
006Q800000DLW0b,PO # 1522,,Uncategorized,Closed Won,"NZD 1,470.59",True,United States
006Q800000DLXKr,Rostie Group New office 207 queens quay west,Commercial,Commercial,Closed Lost,,False,Canada
006Q800000DLbmf,St Thomas -Verex to GX,Government,Government,Closed Won,"NZD 40,192.12",True,Canada
006Q800000DLnEL,Additional Cards for the Y School,Education,Education,Closed Won,NZD 60.95,True,Australia
006Q800000DLwW9,Mt Maria Salta,,Uncategorized,Closed Lost,"NZD 1,049.04",False,Australia
006Q800000DNHYX,Project Tender - Northern Campus Library and Documentation Building at National Palace Museum in Taiwan,Government,Government,Closed Lost,"NZD 54,111.73",False,Asia Pacific
006Q800000DOAQ9,6.18.24,,Uncategorized,Closed Won,NZD 498.53,True,United States
006Q800000DOAun,6.20,,Uncategorized,Closed Won,NZD 222.71,True,United States
006Q800000DOBCX,Arroyo Village Cards,,Uncategorized,Closed Won,NZD 383.82,True,United States
006Q800000DOCGh,UF Health Jacksonville Hospital,Healthcare,Healthcare,Closed Lost,"NZD 147,058.82",False,United States
006Q800000DOCdG,Kingsett,Multi Family,Multi Family,Closed Lost,"NZD 284,424.50",False,Canada
006Q800000DODnq,Fayette Academy,Education,Education,Closed Lost,"NZD 14,705.88",False,United States
006Q800000DOEK5,Center Academy Cape Coral Location,Commercial,Education - K-12,Closed Lost,"NZD 14,705.88",False,United States
006Q800000DOGYn,Baptist Church 6 Door X option,Religious,Religious,Closed Won,"NZD 5,312.65",True,United States
006Q800000DOGde,WP - Columbine,,Uncategorized,Closed Lost,"NZD 25,615.59",False,United States
006Q800000DOH0F,City Of Winnipeg JZ 06212024,Government,Government,Closed Lost,"NZD 792,701.03",False,Canada
006Q800000DOHgE,Boys and Girls Club- Lee County,Government,Government,Closed Lost,"NZD 7,766.65",False,United States
006Q800000DOHt4,The Ashborough Apts,,Uncategorized,Closed Won,"NZD 3,022.06",True,United States
006Q800000DOIFe,WP - High School,Education,Education,Closed Lost,"NZD 51,276.24",False,United States
006Q800000DOIfR,WP - Summit,,Uncategorized,Closed Lost,"NZD 21,867.65",False,United States
006Q800000DOItx,WP - Gateway,,Uncategorized,Closed Lost,"NZD 22,318.71",False,United States
006Q800000DOJur,SRCommcontrollerpkg6-21-24,Commercial,Commercial,Closed Lost,"NZD 6,952.94",False,United States
006Q800000DOKVy,X - 2D 24Z,Commercial,Commercial,Closed Lost,"NZD 1,825.94",False,Canada
006Q800000DOcO1,URGENT - Weld County Door Licenses,,Uncategorized,Closed Won,"NZD 1,013.43",True,United States
006Q800000DOfKI,Cohesion SDK,Commercial,Commercial,Closed Lost,"NZD 9,287.24",False,United States
006Q800000DOl9Z,Pistoia Project,Commercial,Commercial,Closed Won,"NZD 151,792.26",True,United States
006Q800000DSRUC,Storage facility separation with GX 24_06_24,,Uncategorized,Closed Won,"NZD 2,535.18",True,Australia
006Q800000DTAED,Access System- 460 Lonsdale St 24_06_24,Commercial,Commercial,Closed Lost,"NZD 72,996.21",False,Australia
006Q800000DTK3t,Crysalis (Oil & Gas) Project in Indonesia,Heavy Industry,Heavy Industry,Proposal,"NZD 9,039.40",False,Asia Pacific
006Q800000DTLHh,PRX-TSEC-EXTRA-KP-BLACK,,Uncategorized,Closed Lost,NZD 498.47,False,Australia
006Q800000DTM8x,Eclipse - For Eclipse office use 24_06_24,Commercial,Commercial,Closed Won,NZD 439.89,True,Australia
006Q800000DTMnF,Red Wolf_GX Update_Riaan,Commercial,Commercial,Closed Lost,"NZD 7,278.22",False,New Zealand
006Q800000DTTX0,Controller kit (WX),,Uncategorized,Closed Lost,"NZD 1,282.10",False,Australia
006Q800000DTVgr,4/8 Lock Kit,,Uncategorized,Closed Lost,"NZD 1,251.45",False,Australia
006Q800000DTfl3,Armor IP renewal,,Uncategorized,Closed Won,NZD 925.12,True,Australia
006Q800000DUl21,stocking order for upcoming small projects,,Retail,Closed Won,"NZD 67,006.85",True,EMEA
006Q800000DUrIm,DesFire Cards - Goodland,,Uncategorized,Closed Won,NZD 234.93,True,United States
006Q800000DUs1t,Maru Project in Thailand,Commercial,Commercial,Proposal,"NZD 2,887.15",False,Asia Pacific
006Q800000DUvKj,HID cards & WX IP controller,,Uncategorized,Closed Won,"NZD 3,272.82",True,United States
006Q800000DV04I,Protege Certification,Training,Training,Closed Lost,"NZD 4,389.71",False,United States
006Q800000DV2yv,SC Battery Plant Phase 1 MSRP,,Industrial - Manufacturing,Closed Lost,"NZD 282,352.94",False,United States
006Q800000DV3Wo,Protege Certification | Onsite,Training,Training,Closed Won,"NZD 9,558.82",True,United States
006Q800000DV4uH,Demo Kit and Training,Training,Training,Closed Won,"NZD 6,296.21",True,EMEA
006Q800000DV6RR,Ewing Town Center - E56,Multi Family,Multi Family,Working,"NZD 19,364.65",False,United States
006Q800000DV6o2,CrossTown Walk/Overview at Crosstown Walk,Multi Family,Multi Family,Working,"NZD 30,418.75",False,United States
006Q800000DV97Z,Ashley Thomas Quote -6/24/24,,Uncategorized,Closed Lost,"NZD 2,118.18",False,United States
006Q800000DV9HF,Chubb Financial server,Banking & Finance,Banking & Finance,Closed Won,NZD 718.91,True,Canada
006Q800000DV9SX,4 door kit Blair Collet,,Uncategorized,Closed Won,"NZD 2,283.70",True,Canada
006Q800000DVAgN,Crown Heights,Residential,Residential,Closed Lost,"NZD 82,834.38",False,United States
006Q800000DVB69,PO 24929,,Uncategorized,Closed Won,NZD 916.12,True,United States
006Q800000DVBMH,Ventana,Multi Family,Multi Family,Decision,"NZD 34,817.81",False,United States
006Q800000DVCew,11181 Yonge St,Commercial,Commercial,Closed Won,NZD 977.60,True,Canada
006Q800000DVVXt,Sertec - 300 x PRX-TAG-MF-B,,Uncategorized,Closed Won,"NZD 1,860.00",True,EMEA
006Q800000DVVck,Goddard House,Healthcare,Healthcare,Closed Lost,"NZD 14,338.94",False,United States
006Q800000DVVzJ,Ascent Apartments - Avalon Communication - 240 Units - New Construction,Multi Family,Multi Family,Proposal,"NZD 36,412.91",False,United States
006Q800000DVWP7,Tessa Shallowford,Multi Family,Multi Family,Closed Lost,"NZD 150,120.88",False,United States
006Q800000DVWYn,"28 W Pender Street, Vancouver - Protege GX",Multi Family,Multi Family,Closed Lost,"NZD 43,216.98",False,Canada
006Q800000DVWgs,Tessa Cross Ridge,Multi Family,Multi Family,Closed Lost,"NZD 153,912.00",False,United States
006Q800000DVWqw,TEG-18397,,Uncategorized,Closed Won,"NZD 1,172.35",True,United States
006Q800000DVXEj,Tessa Covington,,Uncategorized,Closed Lost,"NZD 234,346.94",False,United States
006Q800000DVXTF,Tessa Jodeco,,Uncategorized,Closed Lost,"NZD 97,306.94",False,United States
006Q800000DVYIr,PO 3292,,Uncategorized,Closed Won,NZD 323.53,True,United States
006Q800000DVZQD,PRX ISO cards,,Uncategorized,Closed Won,NZD 95.96,True,United States
006Q800000DVbTd,Q9664 Precinct 25_06_24,Commercial,Commercial,Closed Lost,"NZD 8,678.56",False,Australia
006Q800000DVt5Z,Pomus,,Uncategorized,Closed Won,"NZD 3,091.59",True,United States
006Q800000DWLkz,ICT Quote - SBA Fobs 25_06_24,,Uncategorized,Closed Won,"NZD 2,871.97",True,Australia
006Q800000DWNGl,Controller kit (GX),,Uncategorized,Closed Lost,"NZD 1,477.05",False,Australia
006Q800000DWP3q,Upgrade Site 2,Other,Other,Closed Lost,"NZD 53,829.58",False,Australia
006Q800000DWPn0,Upgrade Site 1,Other,Other,Closed Lost,"NZD 21,490.80",False,Australia
006Q800000DWQMT,Controller kit (WX 1D),,Uncategorized,Closed Lost,NZD 984.71,False,Australia
006Q800000DWQvy,Reader Expander Kit,,Uncategorized,Closed Lost,NZD 941.09,False,Australia
006Q800000DWUl3,New AFx Enterprise System for Project in Macau,Commercial,Commercial,Proposal,"NZD 4,491.91",False,Asia Pacific
006Q800000DWXcT,Controller Kit (GX 1D),,Uncategorized,Closed Lost,"NZD 1,174.20",False,Australia
006Q800000DXQid,PDO - Manazil,Government,Government,Closed Lost,"NZD 57,536.94",False,EMEA
006Q800000DXYjN,Extra Site Tags,,Uncategorized,Closed Lost,NZD 101.04,False,Australia
006Q800000DXq0L,ICT Access Control System for Maersk  Cainta Warehouse in Manila Philippines (LM Tronics) (YEM),Residential,Residential,Closed Lost,"NZD 38,356.34",False,Asia Pacific
006Q800000DXvmP,Camera Licencing for Scotch College,Education,Education,Closed Lost,"NZD 2,144.87",False,Australia
006Q800000DY04a,WXKitallegion6-24-24,,Uncategorized,Closed Lost,"NZD 7,832.65",False,United States
006Q800000DY5lm,SOAP API & Training Kit,Training,Training,Closed Won,"NZD 9,338.95",True,EMEA
006Q800000DY7pB,GX Server - DEMO,Training,Training,Closed Won,NZD 0.00,True,United States
006Q800000DY8y9,Mifare Prox card,,Uncategorized,Closed Lost,NZD 959.56,False,United States
006Q800000DYC0r,Keyscan Upgrade to Protege GX,Multi Family,Multi Family,Closed Won,"NZD 17,922.44",True,Canada
006Q800000DYFV0,Protégé X pricing example,,Uncategorized,Closed Lost,"NZD 6,888.71",False,United States
006Q800000DYGfZ,F&MBankarenacards,Banking & Finance,Banking & Finance,Closed Won,NZD 255.88,True,United States
006Q800000DYUsF,Dunkin 200 locs (Brivo Buster),Retail,Retail,Closed Lost,"NZD 376,326.47",False,United States
006Q800000DYc1n,ENMMC Emergency Door,,Uncategorized,Closed Lost,"NZD 1,176.47",False,United States
006Q800000DYcrO,Arts in Action - Elementary School,Education,Education,Closed Lost,"NZD 12,403.38",False,United States
006Q800000DYdvV,Echo New Building,,Uncategorized,Closed Won,"NZD 5,443.94",True,United States
006Q800000DYeOY,Arts in Action - Middle School,Education,Education,Closed Lost,"NZD 5,415.29",False,United States
006Q800000DYegH,Arts in Action - New School/Office,Education,Education,Closed Lost,"NZD 4,629.56",False,United States
006Q800000DYzJJ,GX 8DR DVA - Granite Street,,Uncategorized,Closed Lost,"NZD 13,443.62",False,United States
006Q800000DYzMY,30 Makerston Street,,Uncategorized,Closed Lost,"NZD 63,854.96",False,Australia
006Q800000DZoSO,100 Skyring,Commercial,Commercial,Closed Lost,"NZD 11,706.04",False,Australia
006Q800000Da3cc,International Tower,Commercial,Commercial,Closed Won,"NZD 59,166.43",True,EMEA
006Q800000DanNh,Training Kit Options,Training,Training,Closed Won,"NZD 2,900.66",True,Australia
006Q800000DasnB,PDO - Manazil - 2,Government,Government,Closed Lost,"NZD 57,536.94",False,EMEA
006Q800000Db4gH,Contrator Village,Commercial,Commercial,Closed Lost,"NZD 10,395.78",False,Canada
006Q800000Db5Kc,220306-PO-20,,Uncategorized,Closed Won,NZD 184.09,True,United States
006Q800000DbACD,Opp 6/26/24,,Uncategorized,Closed Lost,"NZD 2,052.53",False,United States
006Q800000DbBwI,WX - 9D,Commercial,Commercial,Closed Lost,"NZD 6,082.73",False,Canada
006Q800000DbC4L,LovelySkin,,Uncategorized,Closed Won,"NZD 15,851.47",True,United States
006Q800000DbD5G,IG TN06262024,Commercial,Commercial,Closed Won,"NZD 6,705.52",True,Canada
006Q800000DbEnh,test inventory,,Uncategorized,Closed Won,,True,Canada
006Q800000DbcoP,Vendome and Brightwater,,Uncategorized,Closed Won,"NZD 2,875.63",True,Canada
006Q800000Dbgws,reader quoute,,Uncategorized,Closed Won,"NZD 3,880.59",True,United States
006Q800000DbzHx,ADASS 27_06_24,,Uncategorized,Closed Won,"NZD 27,705.27",True,Australia
006Q800000DcYh7,Orbit Fab,,Uncategorized,Closed Won,NZD 469.85,True,United States
006Q800000De51V,Workshop Upgrade,Commercial,Retail,Closed Lost,"NZD 2,786.38",False,Australia
006Q800000De7JR,Aboriginal Facility WX,Commercial,Commercial,Closed Lost,"NZD 14,437.99",False,Australia
006Q800000De9Zs,Entry Station,Commercial,Commercial,Closed Lost,"NZD 9,303.63",False,Canada
006Q800000DeIbR,Toronto Zoo,Commercial,Commercial,Closed Lost,,False,Canada
006Q800000DeK0X,Protege Certification,Training,Training,Closed Lost,"NZD 2,205.88",False,United States
006Q800000DeLW5,Mifare Cards,,Uncategorized,Closed Lost,NZD 294.12,False,United States
006Q800000DeLj1,CHKD Kempsville B,,Uncategorized,Closed Won,"NZD 1,199.91",True,United States
006Q800000DeQfR,The Ashborough Apts,,Uncategorized,Closed Won,"NZD 3,022.06",True,United States
006Q800000DeRLN,MAV5,,Uncategorized,Closed Won,"NZD 3,321.88",True,United States
006Q800000DedWF,1 Lincoln - Lobby 1st Floor,Commercial,Commercial,Proposal,"NZD 11,721.47",False,United States
006Q800000DelQX,1 Lincoln - Fitness 1st & Basement,Commercial,Entertainment - Sports & Recreation,Closed Won,"NZD 17,742.84",True,United States
006Q800000Demo1,GX - 81D/275WL,Multi Family,Multi Family,Closed Lost,"NZD 303,819.50",False,Canada
006Q800000DerCc,CMHA Worcester,Residential,Residential,Closed Won,"NZD 4,696.06",True,United States
006Q800000DerPW,City Gate Tenancy Portal,,Uncategorized,Closed Won,"NZD 1,118.12",True,United States
006Q800000DerSj,PO 7101753,,Uncategorized,Closed Won,"NZD 5,886.94",True,United States
006Q800000DeyOB,WX Demo Equipment 28_06_24,Training,Training,Closed Won,"NZD 1,901.87",True,Australia
006Q800000Df4uc,Documentation,,Uncategorized,Closed Lost,"NZD 2,894.74",False,Australia
006Q800000DfgWs,140 Creek Street License Upgrade,,Uncategorized,Closed Won,"NZD 2,500.52",True,Australia
006Q800000DfkVr,Prixcar Tabletop,,Uncategorized,Closed Won,"NZD 8,221.42",True,Australia
006Q800000Dh2NF,Deltek Philippines,Commercial,Commercial,Closed Lost,"NZD 7,640.25",False,Asia Pacific
006Q800000DhHd0,Millennium House Belfast - Landlord and speed gate access control,Commercial,Commercial,Closed Lost,"NZD 18,201.40",False,EMEA
006Q800000DhNgE,ICT ProtegeWX Training/Demo Kit and Tech Training Course (Web Based) for PT. Bhineka Ciria Artana in Indonesia (YEM),Training,Training,Closed Won,,True,Asia Pacific
006Q800000DhO4d,PROPEL IVO Partial III,,Uncategorized,Closed Won,"NZD 2,912.59",True,United States
006Q800000DhT2U,WX 8D,,Uncategorized,Closed Won,"NZD 12,009.25",True,United States
006Q800000DhUhh,PO TEG-18400,,Uncategorized,Closed Won,NZD 768.82,True,United States
006Q800000DhUjK,GX Option,Commercial,Commercial,Closed Lost,"NZD 3,400.88",False,United States
006Q800000DhW8Q,WX 12DVL,,Uncategorized,Closed Won,"NZD 7,920.44",True,United States
006Q800000DhWd3,Famers Merchant CU // Sydney,,Uncategorized,Closed Won,"NZD 8,363.14",True,United States
006Q800000DhX7h,Access Control Cards (125khz),,Uncategorized,Closed Won,NZD 688.24,True,United States
006Q800000DhXMD,PROPEL IVO Partial,,Uncategorized,Closed Won,"NZD 4,761.32",True,United States
006Q800000DhXcL,PROPEL IVO Partial II,,Uncategorized,Closed Won,"NZD 2,941.18",True,United States
006Q800000DhXu5,PROPEL IVO Partial IIII,,Uncategorized,Closed Won,"NZD 6,750.12",True,United States
006Q800000DhYjh,Cellular Cross Over 9 Bank Branches,Banking & Finance,Banking & Finance,Closed Won,"NZD 3,647.91",True,United States
006Q800000DhZFx,WX Option,Commercial,Commercial,Closed Won,NZD 835.74,True,United States
006Q800000Dhye9,DBHDS SWVMHI (Keycard order 2),,Uncategorized,Closed Won,NZD 938.24,True,United States
006Q800000Di18z,The Livelle - HCI Irvine - 420 Units - New Construction,Multi Family,Multi Family,Closed Lost,"NZD 303,811.81",False,United States
006Q800000DlAMD,KEW_Office_30_06_24,Commercial,Commercial,Closed Lost,"NZD 5,011.16",False,Australia
006Q800000DlpCW,Chubb_WX 1 Door_Stephen,,Uncategorized,Closed Lost,"NZD 1,757.30",False,New Zealand
006Q800000Dlxd3,Parramatta Rd,Multi Family,Multi Family,Closed Lost,"NZD 4,180.33",False,Australia
006Q800000DmHAM,Project Readers bulk 01_07_24,Commercial,Commercial,Closed Won,"NZD 30,335.97",True,Australia
006Q800000Dmfnl,Coles - 800 Toorak Road,Commercial,Commercial,Closed Lost,"NZD 3,946.96",False,Australia
006Q800000DnIm0,WX 12-Door Kit,,Uncategorized,Closed Lost,"NZD 12,654.38",False,Australia
006Q800000DnZzy,WX 4-Door Kit,Commercial,Commercial,Closed Lost,"NZD 2,713.69",False,Australia
006Q800000Dnd8n,WX 8-Door Kit,,Uncategorized,Closed Lost,"NZD 4,762.28",False,Australia
006Q800000DndQX,WX 16-Door Kit,,Uncategorized,Closed Lost,"NZD 8,481.16",False,Australia
006Q800000DoQO1,PDO - Manazil - 3,Government,Government,Closed Lost,"NZD 57,536.94",False,EMEA
006Q800000DoQSr,PDO - Manazil - 4,Government,Government,Closed Lost,"NZD 57,536.94",False,EMEA
006Q800000DoWDJ,Mad Main LLC - 25 Key Tags,,Uncategorized,Closed Won,NZD 180.88,True,United States
006Q800000DoWq2,"Hillview Med. in Lincoln Park, NJ.",Healthcare,Healthcare,Closed Lost,"NZD 12,597.71",False,United States
006Q800000DoftJ,July Cards for Levelland,,Uncategorized,Closed Won,"NZD 4,861.76",True,United States
006Q800000DogFt,Site Code and Encryption card,,Uncategorized,Closed Lost,NZD 220.59,False,United States
006Q800000DohK1,NY State Police Hangar,Government,Government,Closed Lost,"NZD 24,170.52",False,United States
006Q800000DoiWE,PO 22359,Commercial,Commercial,Closed Won,"NZD 4,005.88",True,United States
006Q800000DojVW,Walker Landing Update Point Reader,,Uncategorized,Closed Won,NZD 772.06,True,United States
006Q800000DojnG,PO ICT63048,Commercial,Commercial,Closed Won,NZD 82.59,True,United States
006Q800000Dojor,ICT6303132,Commercial,Commercial,Closed Won,"NZD 5,971.76",True,United States
006Q800000Dokcr,"""X"" Swap Over",,Uncategorized,Closed Won,NZD 827.60,True,United States
006Q800000DolAj,Cogent Cards,,Uncategorized,Closed Won,NZD 191.91,True,United States
006Q800000DolvV,Westminster Apartments,Multi Family,Multi Family,Working,"NZD 13,092.58",False,United States
006Q800000DonxK,Mobile SDK,,Uncategorized,Closed Won,"NZD 4,643.62",True,United States
006Q800000Dp7L8,WX Kit 1 - 2 doors - 02_07_24,,Uncategorized,Closed Lost,"NZD 1,540.91",False,Australia
006Q800000Dp7zG,PO 3294,,Uncategorized,Closed Won,"NZD 3,115.44",True,United States
006Q800000DpBQO,IDB,,Uncategorized,Closed Won,"NZD 1,228.78",True,Australia
006Q800000DpCJA,WX Kits 4 - 4 Doors KP - 02_07_24,,Uncategorized,Closed Lost,"NZD 2,205.13",False,Australia
006Q800000DpFC2,WX Kit 2 - 2 doors KP - 02_07_24,,Uncategorized,Closed Lost,"NZD 1,743.94",False,Australia
006Q800000DpG85,WX Kit 3 - 4 doors - 02_07_24,,Uncategorized,Closed Lost,"NZD 2,002.10",False,Australia
006Q800000DpXYj,Inland Rail Tender,Transportation,Transportation,Closed Lost,"NZD 34,597.94",False,Australia
006Q800000Dq6JZ,Warrawong Health Care,Healthcare,Healthcare,Closed Lost,"NZD 43,252.60",False,Australia
006Q800000DqvM6,Replacement NanoProx,,Uncategorized,Closed Lost,NZD 250.99,False,Australia
006Q800000DqxVy,Sample 8-Door WX Kit,,Uncategorized,Closed Lost,"NZD 4,762.28",False,Australia
006Q800000DrIde,DHA Townsville Project,,Uncategorized,Closed Won,"NZD 19,073.99",True,Australia
006Q800000DrlFp,GX Demo unit and training voucher,Training,Training,Closed Won,"NZD 2,228.73",True,EMEA
006Q800000DrnXl,PRXtag&Iso7-2-24,,Uncategorized,Closed Won,NZD 311.03,True,United States
006Q800000Drotd,The Clark Project,Multi Family,Multi Family,Closed Lost,"NZD 66,188.34",False,Canada
006Q800000Drq5p,SYB,,Uncategorized,Closed Won,NZD 982.06,True,United States
006Q800000Drslz,WellSky Expansion,,Uncategorized,Closed Won,"NZD 7,298.47",True,United States
006Q800000DrtdD,Revenue,,Uncategorized,Closed Won,"NZD 3,421.97",True,United States
006Q800000Druar,Psyclarity,Healthcare,Healthcare,Closed Won,NZD 255.88,True,United States
006Q800000DrwBG,SRVR,,Uncategorized,Closed Won,"NZD 2,888.65",True,United States
006Q800000DsIF0,Alves Apartments - HCI Irvine - Retrofit,Multi Family,Multi Family,Closed Lost,"NZD 21,446.47",False,United States
006Q800000DsKWx,Nextro_Eden Park PSU_Genetec,,Uncategorized,Closed Lost,"NZD 35,645.63",False,New Zealand
006Q800000DsMbx,PO 1007554,,Uncategorized,Closed Won,"NZD 2,332.87",True,United States
006Q800000DsQE9,Blackhawk_Reader Pricing_Tina,Commercial,Commercial,Closed Lost,"NZD 56,915.50",False,New Zealand
006Q800000Dsgvd,HindmarshShire GX 03_07_2024,,Uncategorized,Closed Won,"NZD 2,652.35",True,Australia
006Q800000DsgxS,Toll Hive Project 03_07_24,Commercial,Commercial,Closed Won,"NZD 27,696.63",True,Australia
006Q800000DtIuT,DHA Townsville,,Uncategorized,Closed Lost,"NZD 35,424.09",False,Australia
006Q800000DtMdI,Melvista - SALTO,Healthcare,Healthcare,Closed Lost,"NZD 41,441.43",False,Australia
006Q800000DtUSb,Protege GX Upgrade/Integration,Commercial,Commercial,Closed Lost,"NZD 20,379.21",False,Australia
006Q800000DtVba,WX Quote July,,Uncategorized,Closed Lost,"NZD 6,732.93",False,Australia
006Q800000DtlTS,ICT ProtegeGX Training/Demo Kit and Tech Training Course (Web Based) for Tewet Philippines Inc. in Philippines (YEM),Commercial,Commercial,Closed Lost,"NZD 2,374.54",False,Asia Pacific
006Q800000DtmuB,ICT ProtegeGX Training/Demo Kit and Tech Training Course (Web Based) for AuroraTech Corporation in Philippines (YEM),Commercial,Commercial,Closed Lost,"NZD 2,374.54",False,Asia Pacific
006Q800000DuMOA,Meadow Brook QLD Health Base Build,Healthcare,Healthcare,Closed Won,"NZD 4,983.51",True,Australia
006Q800000DucBB,Corporate House Gateway,Commercial,Commercial - Office,Closed Won,"NZD 5,259.44",True,Australia
006Q800000DudC5,Corporate House Varsity Lakes,Residential,Residential,Closed Won,"NZD 7,201.98",True,Australia
006Q800000DuhMC,"Sad Rejonowy, Swidnica",Training,Training,Closed Lost,"NZD 136,415.97",False,EMEA
006Q800000DuhpC,Durham - UV Building/Admin Building,Government,Government,Closed Lost,"NZD 7,859.61",False,Canada
006Q800000DujcW,PO 22364,Residential,Residential,Closed Won,"NZD 6,614.47",True,United States
006Q800000DumnF,"Comarch, Krakow - part 2",Commercial,Commercial,Closed Lost,"NZD 114,776.70",False,EMEA
006Q800000DupWb,Marshall Investments,,Uncategorized,Closed Won,"NZD 1,778.44",True,United States
006Q800000Duqm1,Chapel Hill Tennis Club,Residential,Residential,Closed Lost,"NZD 2,065.94",False,United States
006Q800000DusMQ,Car Dealership,,Uncategorized,Closed Won,"NZD 12,247.76",True,United States
006Q800000DuwWT,PO 3325,,Uncategorized,Closed Won,NZD 213.24,True,United States
006Q800000DuwZh,PO 6107298,,Uncategorized,Closed Won,"NZD 3,949.15",True,United States
006Q800000DuweX,PO 3326,,Uncategorized,Closed Won,NZD 426.47,True,United States
006Q800000Dux7Z,Westerra Parker,,Uncategorized,Closed Lost,"NZD 1,493.68",False,United States
006Q800000DuyRp,Training Kit,Government,Government,Closed Lost,"NZD 2,884.58",False,United States
006Q800000DuyZu,WX - 4D w/Entry,Commercial,Commercial,Closed Won,"NZD 11,289.85",True,Canada
006Q800000Duz2v,Software and Locks,Commercial,Commercial,Closed Lost,"NZD 5,067.35",False,United States
006Q800000Duzff,MDB - Skaife,,Uncategorized,Closed Lost,NZD 352.94,False,United States
006Q800000Dv0gY,MDB - Skaife,,Uncategorized,Closed Lost,NZD 352.94,False,United States
006Q800000Dv1eD,Intermountain- UHS,Healthcare,Healthcare,Closed Won,"NZD 147,456.76",True,United States
006Q800000Dv2VS,50/52 Forest Manor,Multi Family,Multi Family,Closed Lost,"NZD 19,407.25",False,Canada
006Q800000Dv6af,Cedars of Edina,Multi Family,Multi Family,Closed Lost,"NZD 43,201.59",False,United States
006Q800000DvKAc,Levis Project,Commercial,Commercial,Closed Lost,"NZD 10,397.93",False,Canada
006Q800000DvPYT,Automann - ATL,Commercial,Commercial,Closed Lost,"NZD 42,990.35",False,United States
006Q800000DvmLO,Marina Parade,Commercial,Commercial,Closed Lost,"NZD 15,004.84",False,Australia
006Q800000DwPGH,Kiwi Sec_B&T controllers_Nik,Commercial,Commercial,Closed Won,"NZD 24,818.81",True,New Zealand
006Q800000DwPTC,Aperio License - Sliding Door,,Uncategorized,Closed Lost,NZD 138.26,False,Australia
006Q800000DwRDG,Mt Maria College,Education,Education,Closed Lost,"NZD 78,947.37",False,Australia
006Q800000DwWuT,AirBNB 40 Apartments,Multi Family,Multi Family,Closed Lost,"NZD 26,315.79",False,Australia
006Q800000DwX5y,Optic Security_WX Warehouse_Bartho,Commercial,Industrial - Logistics,Closed Lost,"NZD 4,732.24",False,New Zealand
006Q800000Dwih7,Meryll Avenue,Multi Family,Multi Family,Closed Lost,"NZD 10,166.32",False,Australia
006Q800000DwjWj,GCOP additional Readers,,Uncategorized,Closed Won,NZD 736.77,True,Australia
006Q800000DzARC,Mercury Electronics_WX 4 Door_Manvinder,Commercial,Commercial,Closed Lost,"NZD 4,195.86",False,New Zealand
006Q800000Dzbj7,Q9796 - Geotechnicoal,Commercial,Commercial,Closed Lost,"NZD 4,141.98",False,Australia
006Q800000DzwfV,Corporate house Milton,Commercial,Commercial - Office,Closed Won,"NZD 4,832.21",True,Australia
006Q800000DzyHV,COPORATE HOUSE PYMBLE,Commercial,Commercial,Closed Lost,"NZD 9,171.68",False,Australia
006Q800000Dzysb,COPORATE HOUSE JULIET ST,Commercial,Commercial,Closed Won,"NZD 19,231.29",True,Australia
006Q800000Dzzjp,COPORATE HOUSE 87 IPSWICH RD,Commercial,Commercial,Closed Won,"NZD 7,807.87",True,Australia
006Q800000E07cZ,Corporate House BROOKWATER GATES,Commercial,Commercial - Office,Closed Lost,NZD 942.08,False,Australia
006Q800000E0IrL,Corporate House BLDG 23 GCOP BASE BUILD,Commercial,Commercial - Office,Closed Lost,"NZD 4,832.21",False,Australia
006Q800000E0J7V,Corporate House FREEWAY BLDG 10,Commercial,Commercial - Office,Closed Lost,"NZD 8,807.21",False,Australia
006Q800000E0KY9,Corporate House TECH PARK GATES FRONT,Commercial,Commercial - Office,Closed Lost,"NZD 1,439.83",False,Australia
006Q800000E0LUD,Corporate House TECH PARK GATES BACK,Commercial,Commercial - Office,Closed Lost,"NZD 1,439.83",False,Australia
006Q800000E0MlF,Corporate House PYMBLE BASE BUILD,Commercial,Commercial - Office,Closed Lost,"NZD 13,611.79",False,Australia
006Q800000E0Nar,Corporate House FREEWAY BLDG 9,Commercial,Commercial - Office,Closed Won,"NZD 6,422.36",True,Australia
006Q800000E0PMY,Corporate House BLDG 23 QLD HEALTH GROUND FLOOR,Healthcare,Healthcare,Closed Lost,"NZD 8,722.33",False,Australia
006Q800000E0PUb,Corporate House BLDG 19 GCOP QLD HEALTH,Healthcare,Healthcare,Closed Lost,"NZD 14,774.31",False,Australia
006Q800000E0dsX,Corporate house PODIUM GARAGE GCOP,Commercial,Commercial - Office,Closed Lost,"NZD 2,787.87",False,Australia
006Q800000E0eYT,Corporate House RED HILL,Commercial,Commercial - Office,Closed Won,"NZD 2,287.36",True,Australia
006Q800000E0yCD,Pointer Ltd - Demo Kit & Training,Commercial,Commercial,Closed Won,"NZD 7,487.76",True,EMEA
006Q800000E0yTy,Project Tender for Govt Port in Singapore,Government,Government,Closed Lost,,False,Asia Pacific
006Q800000E147x,ICT ProtegeGX Training/Demo Kit and Tech Training Course (Web Based) for Zip Security Service Pte Ltd,Commercial,Commercial,Closed Lost,"NZD 7,922.37",False,Asia Pacific
006Q800000E1Aq5,Bosch Time & Attendance,Commercial,Commercial,Closed Won,"NZD 1,995.62",True,EMEA
006Q800000E1D6Q,PO 29 Mason Circle,,Uncategorized,Closed Won,NZD 629.65,True,United States
006Q800000E1J8d,PO 22366,Education,Education,Closed Won,"NZD 1,769.12",True,United States
006Q800000E1lo1,Prohibition Herb Credentials,,Uncategorized,Closed Won,NZD 287.87,True,United States
006Q800000E1tC5,Eliza - ICT Protege GX & Salto WL,Multi Family,Multi Family,Closed Lost,"NZD 18,870.58",False,Canada
006Q800000E4HVG,Tiga Commercial 07_07_24,Commercial,Commercial,Closed Won,"NZD 13,603.44",True,Australia
006Q800000E5axF,Dentons 08_07_24,Commercial,Commercial,Closed Won,"NZD 3,397.87",True,Australia
006Q800000E5cFt,30 Makerston Street Keysafe HLI,,Uncategorized,Closed Lost,"NZD 12,074.25",False,Australia
006Q800000E5o7h,TSL reader Office Use 08_07_24,Commercial,Commercial,Closed Won,NZD 504.96,True,Australia
006Q800000E5pmb,Compton WX upgrade LL Lift,,Uncategorized,Closed Won,"NZD 1,682.28",True,Australia
006Q800000E5pxw,PO38433,,Uncategorized,Closed Won,"NZD 5,263.22",True,Australia
006Q800000E5wzN,Parts for Office use - NFR -,Other,Other,Closed Lost,"NZD 2,918.76",False,Australia
006Q800000E5x95,Smart Living_WX Upgrade_Pete,,Uncategorized,Closed Won,"NZD 1,030.09",True,New Zealand
006Q800000E5y0J,PO33629,,Uncategorized,Closed Won,"NZD 3,894.15",True,Australia
006Q800000E606x,Honeywell_Prison Readers_Chris,,Government - Corrections,Closed Lost,NZD 497.42,False,New Zealand
006Q800000E64k1,Chubb_Verex_Tawhid,Commercial,Commercial,Closed Lost,"NZD 10,915.59",False,New Zealand
006Q800000E65Ze,Electronic Interiors_WX Medical Lab_Peter,Healthcare,Healthcare,Closed Won,"NZD 9,290.21",True,New Zealand
006Q800000E6RlS,Securitas Stocking Order - July 24,,Uncategorized,Closed Won,"NZD 36,894.22",True,EMEA
006Q800000E6SG7,Securitas Stocking Order - Q2 2024,,Uncategorized,Closed Won,"NZD 64,719.16",True,EMEA
006Q800000E6VIn,City IT Cabinet Project - Phase 2,Government,Government,Closed Lost,"NZD 93,823.66",False,EMEA
006Q800000E6VaX,Stocking Order Feb 2024,,Uncategorized,Closed Won,"NZD 32,750.62",True,EMEA
006Q800000E6WLJ,City IT Cabinet Project,,Uncategorized,Closed Won,"NZD 85,545.11",True,EMEA
006Q800000E6aDd,Door addition,,Uncategorized,Closed Won,"NZD 2,898.73",True,Australia
006Q800000E7ZnN,Perth Mosque,Religious,Religious,Closed Lost,"NZD 72,748.07",False,Australia
006Q800000E7x9l,EV2- Cards - Vision Abu Dhabi,,Uncategorized,Closed Lost,"NZD 35,457.35",False,EMEA
006Q800000E8Elh,ICT quote 7/7/24,,Uncategorized,Closed Lost,"NZD 1,587.71",False,United States
006Q800000E8FRf,PO 3333,,Uncategorized,Closed Won,"NZD 3,926.47",True,United States
006Q800000E8FoD,Denver_GX_Training_8/13,Training,Training,Closed Lost,"NZD 1,463.24",False,United States
006Q800000E8GHF,Cornwall Council Door Licenses,Government,Government,Closed Won,"NZD 1,135.40",True,EMEA
006Q800000E8HI9,Cornwall Council - 1 x PRT-GX-ELV-HLI-OT,Government,Government,Closed Lost,"NZD 13,112.27",False,EMEA
006Q800000E8OzZ,Andrew Babcock - P&A,,Uncategorized,Closed Lost,"NZD 2,306.91",False,United States
006Q800000E8Qmr,PO 200300,,Uncategorized,Closed Won,"NZD 1,406.82",True,United States
006Q800000E8jj3,Big Cat Apartments,Multi Family,Multi Family,Closed Lost,"NZD 193,961.29",False,United States
006Q800000E8jnt,Westerra Parker,,Uncategorized,Closed Won,"NZD 1,576.91",True,United States
006Q800000E8k2P,Cogent Cards,,Uncategorized,Closed Won,NZD 95.96,True,United States
006Q800000E8lT7,Bonnell Aluminum,,Uncategorized,Closed Won,"NZD 1,279.41",True,United States
006Q800000E8lkr,PB Tech_Door Modules_Max,,Uncategorized,Closed Won,"NZD 1,120.49",True,New Zealand
006Q800000E8mDz,Up Spec_Doctors Napier X_Bryce,Healthcare,Healthcare,Closed Lost,NZD 21.95,False,New Zealand
006Q800000E8mU1,Swell Security_Small Project_Ian,,Retail,Closed Lost,"NZD 3,422.52",False,New Zealand
006Q800000E8sT0,MET School,Education,Education,Closed Lost,"NZD 68,886.82",False,Australia
006Q800000E8wA1,MET School Protege X,Education,Education,Closed Lost,NZD 485.18,False,Australia
006Q800000E9BPD,400 Beach- Mortise,Multi Family,Multi Family,Closed Lost,"NZD 473,889.00",False,United States
006Q800000E9LDG,ICT site certification for SX,Commercial,Commercial,In Process,"NZD 7,632.35",False,OEM
006Q800000E9Y8r,WX IP 1 door,,Uncategorized,Closed Lost,NZD 923.79,False,Australia
006Q800000E9iud,MET School GX,Education,Education,Closed Lost,"NZD 74,995.07",False,Australia
006Q800000E9s4N,Project Tender - Construction Of Operational Building In BALIKPAPAN in Indonesia - PT. Panca Pastika Mandiri (YEM),Commercial,Commercial,Closed Lost,"NZD 5,197.48",False,Asia Pacific
006Q800000EABuz,Adam Mickiewicz University in Poznan,Education,Education,Closed Won,"NZD 12,607.38",True,EMEA
006Q800000EAthW,ICT ProtegeGX Training/Demo Kit and Tech Training Course (Web Based) for The Sentinel Automation and Security Inc.,Commercial,Commercial,Closed Lost,,False,Asia Pacific
006Q800000EBDjR,GN Group - PRX-ISO-DF-EV3-2K-LF,,Uncategorized,Closed Lost,"NZD 2,476.00",False,EMEA
006Q800000EBFbb,Bisha Residences,Residential,Residential,Closed Won,"NZD 23,338.82",True,Canada
006Q800000EBIso,Ellicott add-on - 936 Delaware,Commercial,Commercial,Closed Won,"NZD 2,494.59",True,United States
006Q800000EBLNe,CAB-RS485,,Uncategorized,Closed Lost,NZD 650.78,False,United States
006Q800000EBN2s,CHDK Columbus -VB,,Uncategorized,Closed Won,"NZD 3,599.74",True,United States
006Q800000EBQju,Kopperl ISD 2 door add on,,Uncategorized,Closed Won,"NZD 5,229.26",True,United States
006Q800000EBQyQ,Hubbert ISD 2 door Add on,,Uncategorized,Closed Won,NZD 936.03,True,United States
006Q800000EBSCE,Bryan/College Station Clinics,Healthcare,Healthcare,Closed Lost,"NZD 18,732.79",False,United States
006Q800000EBTEj,Grimes County 15 Door Addon,Government,Government,Closed Won,"NZD 16,663.53",True,United States
006Q800000EBq01,PO 29 Mason Circle,,Uncategorized,Closed Won,"NZD 1,808.82",True,United States
006Q800000EBqhb,HCBC,,Uncategorized,Closed Won,"NZD 2,534.85",True,United States
006Q800000EBx38,Vocational School 10_07_24,Education,Education,Closed Lost,"NZD 6,303.19",False,Australia
006Q800000EBxZN,ClarityITScontroller,,Uncategorized,Closed Lost,"NZD 5,763.31",False,United States
006Q800000ECDz7,276 Edward Street Reader replacement,,Uncategorized,Closed Won,"NZD 8,300.61",True,Australia
006Q800000ECt0f,400 Collin St 10_07_24,Commercial,Commercial,Closed Lost,"NZD 17,033.19",False,Australia
006Q800000EDrmQ,Wellard East Primary,Education,Education,Closed Lost,"NZD 24,748.15",False,Australia
006Q800000EE4A9,Quotation for PRX-ISO-ICT,,Uncategorized,Closed Won,,True,Asia Pacific
006Q800000EEPrJ,Senecapolicestationreaders,,Uncategorized,Closed Won,"NZD 2,056.76",True,United States
006Q800000EETYL,GX Server Lic. & Camera Lic.,,Uncategorized,Closed Lost,"NZD 3,127.65",False,United States
006Q800000EEU7p,Desktop Encoders,,Uncategorized,Closed Won,"NZD 1,543.06",True,United States
006Q800000EEV8n,AHS-1,,Uncategorized,Closed Won,"NZD 19,339.41",True,United States
006Q800000EEYhh,Demo Kit,Training,Training,Closed Won,"NZD 2,433.59",True,United States
006Q800000EEZAj,WX Controller,,Uncategorized,Closed Won,"NZD 1,925.47",True,United States
006Q800000EEZXK,IPB Nashville Tower project,Commercial,Commercial,Closed Lost,"NZD 725,806.45",False,United States
006Q800000EEa5C,Demo System,Training,Training,Closed Lost,"NZD 7,159.12",False,United States
006Q800000EEx1l,HOA community,Multi Family,Multi Family,Closed Lost,"NZD 6,450.35",False,United States
006Q800000EExJW,PRX-TAG-MF,Residential,Residential,Closed Won,NZD 180.88,True,United States
006Q800000EExOR,Chubb_WX Options_Phil,,Uncategorized,Closed Lost,,False,New Zealand
006Q800000EExo9,WX 2 Door,,Uncategorized,Closed Won,"NZD 1,662.71",True,United States
006Q800000EEyYw,DF Credentials,,Uncategorized,Closed Won,"NZD 3,300.00",True,United States
006Q800000EFuGM,WX 1 Door Kit,,Uncategorized,Closed Won,"NZD 1,597.67",True,Australia
006Q800000EGCoL,Emergency repair Hardware,,Uncategorized,Closed Won,"NZD 1,566.13",True,Australia
006Q800000EGnpV,British Embassy,Government,Government,Closed Won,"NZD 28,763.94",True,EMEA
006Q800000EGonC,DEKA Developments HQ building,Commercial,Commercial,Closed Lost,"NZD 19,226.10",False,EMEA
006Q800000EGuZG,The Ellinikon  Poseidonos Underpass,Government,Government,Closed Lost,"NZD 24,089.85",False,EMEA
006Q800000EH5OD,Interunity Management Corporation - reader replacement,Commercial,Commercial,Closed Lost,"NZD 3,792.81",False,EMEA
006Q800000EH76g,Black Sea Trade & Development Bank,Banking & Finance,Banking & Finance,Closed Lost,"NZD 20,616.91",False,EMEA
006Q800000EH8An,Interunity Management Corporation  Axis system replacement,Commercial,Commercial,Closed Lost,"NZD 20,524.09",False,EMEA
006Q800000EHAcP,The European Union Agency for Cybersecurity (ENISA),Government,Government,Closed Won,"NZD 46,481.80",True,EMEA
006Q800000EHC6L,METLEN,Heavy Industry,Heavy Industry,Closed Won,"NZD 21,092.62",True,EMEA
006Q800000EHChR,EFA Group,,Uncategorized,Closed Lost,"NZD 24,034.37",False,EMEA
006Q800000EHQsW,Byblos Burgandy Mall,Commercial,Retail,Closed Lost,"NZD 31,360.80",False,EMEA
006Q800000EHcbu,MNSC MN Service Center,,Uncategorized,Closed Won,"NZD 9,134.21",True,United States
006Q800000EHePB,PO TEG-18240,,Uncategorized,Closed Won,"NZD 9,731.31",True,United States
006Q800000EHfUv,2D,Commercial,Commercial,Closed Lost,"NZD 2,206.59",False,United States
006Q800000EHmhh,ICT ProtegeGX Training/Demo Kit and Tech Training Course (Web Based) for Vintech Viet Nam Investment JSC (YEM),Commercial,Commercial,Closed Won,"NZD 2,374.54",True,Asia Pacific
006Q800000EHotB,Diane Cannon - P&A,Commercial,Commercial,Closed Lost,"NZD 9,134.21",False,United States
006Q800000EHqjh,22306-PO-20,,Uncategorized,Closed Won,NZD 488.85,True,United States
006Q800000EHtb8,Pressblock Intercom&Deabolt,Multi Family,Multi Family,Closed Won,"NZD 78,683.14",True,Canada
006Q800000EHuNV,PO 22385,,Uncategorized,Closed Won,"NZD 6,480.59",True,United States
006Q800000EIDjV,Truro Phase 1,Multi Family,Multi Family,Closed Won,"NZD 75,523.94",True,Canada
006Q800000EIEu5,Mifare Key Fobs - Curran Group,,Uncategorized,Closed Won,NZD 180.88,True,United States
006Q800000EIMA7,FCC_Blind Low Vision_Jenny,,Uncategorized,Closed Won,"NZD 11,438.13",True,New Zealand
006Q800000EIMzh,Aotea Waikato_Kart Club_James,Commercial,Commercial,Closed Lost,"NZD 2,334.39",False,New Zealand
006Q800000EIOob,AHS-1 *example,,Uncategorized,Closed Lost,"NZD 23,245.76",False,United States
006Q800000EIRt6,Security Concepts_Aperio Lock_Tim,Residential,Residential,Closed Lost,"NZD 1,290.76",False,New Zealand
006Q800000EJQGU,PBCOM Tower at Ayala Avenue Makati City in Philippines,Residential,Residential,Closed Lost,"NZD 14,049.03",False,Asia Pacific
006Q800000EJU3x,Office Demo WX 12_07_24,Residential,Residential,Closed Lost,NZD 829.77,False,Australia
006Q800000EKmja,Great West Life - #1,Commercial,Commercial,Closed Lost,"NZD 34,569.97",False,Canada
006Q800000EKsvR,Great West Life - #2,Commercial,Commercial,Closed Lost,"NZD 28,761.34",False,Canada
006Q800000EKtwM,St-Pierre,Multi Family,Multi Family,Closed Lost,"NZD 9,983.63",False,Canada
006Q800000EKucH,Market Station Service,,Uncategorized,Closed Won,NZD 821.29,True,United States
006Q800000EL2Rn,hrdm,,Uncategorized,Closed Won,NZD 588.24,True,United States
006Q800000EL4dF,Protege GX Level 1 - Partner Training Certification,Other,Other,Closed Won,"NZD 6,414.95",True,Canada
006Q800000EL5av,Protege GX Training/Presentation Kit & WX Controller,Other,Other,Proposal,"NZD 3,788.55",False,Canada
006Q800000EL5uH,Wristbank Credential,Banking & Finance,Banking & Finance,Closed Won,NZD 477.94,True,United States
006Q800000EL6Gr,MED,,Uncategorized,Closed Won,"NZD 2,501.85",True,United States
006Q800000EL6VN,MF-B,,Uncategorized,Closed Won,"NZD 3,014.71",True,United States
006Q800000ELRbT,RDG,,Uncategorized,Closed Won,NZD 605.82,True,United States
006Q800000ELVdR,Wireless Cartridge Mortise Lock - Demo Unit,Other,Other,Closed Lost,"NZD 1,507.09",False,Canada
006Q800000ELVvB,Client license,,Uncategorized,Closed Won,"NZD 1,559.09",True,United States
006Q800000EP920,PO38494 15_07_24,,Uncategorized,Closed Won,"NZD 16,927.20",True,Australia
006Q800000EPEfd,Protege GX 5 doors 15_07_24,Commercial,Commercial,Closed Lost,"NZD 4,330.35",False,Australia
006Q800000EPRBR,66 Eagle Street Lift HLI,Commercial,Commercial,Closed Won,"NZD 14,302.22",True,Australia
006Q800000EPdan,Extra Card Reader,,Uncategorized,Closed Won,NZD 448.63,True,Australia
006Q800000EPpC9,GX Training Cert 15_07_24,Training,Training,Closed Lost,,False,Australia
006Q800000EQQhy,Islington Council - 1 x PRT-GX-DOR-10,Government,Government,Closed Won,NZD 489.90,True,EMEA
006Q800000EQemX,Bunzl - Time & Attendance Readers,Commercial,Commercial,Closed Lost,NZD 511.78,False,EMEA
006Q800000EQgzg,U of W - 1/2 DIN,Government,Government,Closed Lost,"NZD 2,106.88",False,Canada
006Q800000EQhyw,WX - 7D w/Biometrics,Commercial,Commercial,Closed Lost,"NZD 9,532.84",False,Canada
006Q800000EQjmE,Fitzwilliam Museum - Cambridge Uni - Specials,Education,Education,Closed Won,"NZD 4,058.09",True,EMEA
006Q800000EQm2Z,Fitzwilliam Museum - Cambridge Uni - Hardware,,Entertainment - Cultural,Closed Won,"NZD 1,707.85",True,EMEA
006Q800000EQmYo,Demo/ Testing Equipment,Multi Family,Multi Family,Closed Lost,NZD 0.00,False,United States
006Q800000EQpZt,WX - Verex,Commercial,Commercial,Closed Lost,"NZD 1,632.10",False,Canada
006Q800000EQs9a,GX Certification,Commercial,Commercial,Closed Won,"NZD 6,116.58",True,Canada
006Q800000EQsaz,KW Reader Replacements,,Uncategorized,Closed Won,"NZD 10,122.35",True,United States
006Q800000EQw0H,1401 Church - Tolleson Inc - New Construction - IPB Properties - 326 Units,Multi Family,Multi Family,Proposal,"NZD 629,938.57",False,United States
006Q800000ERInB,University Lock/Metro Fire,Education,Education,Closed Won,"NZD 3,676.47",True,United States
006Q800000ERLJd,Reader quote,,Uncategorized,Closed Won,"NZD 1,767.71",True,United States
006Q800000ERP9M,Parra Council 16_07_24,Government,Government,Closed Lost,NZD 857.55,False,Australia
006Q800000ERRk4,Remotes for Job 58705,,Uncategorized,Closed Won,"NZD 6,194.95",True,Australia
006Q800000ERVu5,United Power TS35 Add,,Uncategorized,Closed Won,"NZD 1,193.82",True,United States
006Q800000ERnZG,JN16839 16_07_24,Multi Family,Multi Family,Closed Lost,"NZD 3,123.89",False,Australia
006Q800000ES57y,GX Training Cert 16_07_24,Other,Other,Closed Lost,"NZD 4,122.31",False,Australia
006Q800000ESDOr,GX Training Cert 16_07_24,Other,Other,Closed Won,"NZD 1,221.65",True,Australia
006Q800000ESMqL,SA Storage Solutions,Commercial,Commercial,Closed Lost,"NZD 22,369.36",False,Australia
006Q800000ESMqM,Rhenus Additional 200 x PRX-ISO-DF-EV3-2K,,Uncategorized,Closed Won,"NZD 2,372.00",True,EMEA
006Q800000ESNck,DHA database Migration,Government,Government,Closed Lost,"NZD 7,894.74",False,Australia
006Q800000ESO7N,Aquaterro 16_07_24,,Uncategorized,Closed Won,"NZD 3,909.90",True,Australia
006Q800000ESrUN,Urban Sec_HOLD Quote_Seb,Residential,Residential,Closed Won,"NZD 6,475.79",True,New Zealand
006Q800000ETDmb,IQ_APD Warehouse_Ryan,Commercial,Industrial - Logistics,Closed Lost,"NZD 8,820.27",False,New Zealand
006Q800000ETdKW,PO 22393,Commercial,Commercial,Closed Won,"NZD 2,605.59",True,United States
006Q800000ETgn0,School project,Education,Education,Closed Won,"NZD 7,487.12",True,United States
006Q800000ETiX3,PO: Chiller Doors,Commercial,Commercial,Closed Won,"NZD 1,211.65",True,United States
006Q800000ETjPu,High End Beach project,Residential,Residential,Working,"NZD 22,058.82",False,United States
006Q800000ETsjJ,7.16.24,Commercial,Commercial,Closed Won,"NZD 5,131.41",True,United States
006Q800000ETwjh,Toy Barn - Data Link - 92 Units - New Construction,Commercial,Commercial,Closed Lost,"NZD 179,496.49",False,United States
006Q800000ETxKp,USB encoders,,Uncategorized,Closed Won,"NZD 2,571.76",True,United States
006Q800000ETzJO,Eurofins 3,,Uncategorized,Closed Won,"NZD 9,546.00",True,United States
006Q800000EUMsh,Cedar Springs- UHS,Healthcare,Healthcare,Closed Lost,"NZD 79,171.91",False,United States
006Q800000EUN8n,Sojourn battery connector,,Uncategorized,Closed Lost,NZD 147.06,False,United States
006Q800000EUNLh,Bethel Christian Academy,Education,Education,Closed Lost,"NZD 10,387.76",False,United States
006Q800000EUNS9,Morning Star Senior Living,Multi Family,Multi Family,Closed Lost,"NZD 73,529.41",False,United States
006Q800000EUNgf,La Amistad- Maitland,Healthcare,Healthcare,Closed Lost,"NZD 74,461.47",False,United States
006Q800000EVKXa,Islington Council - Additional iSales Hardware,Government,Government,Closed Won,"NZD 4,296.21",True,EMEA
006Q800000EWJFZ,stock order Jul24 (ROX),,Uncategorized,Closed Won,"NZD 3,918.05",True,EMEA
006Q800000EWMtN,ICT ProtegeGX Access Control System for Spasi Building Project (PT Quadran and PT Assaka) (YEM),Commercial,Commercial,Closed Lost,"NZD 27,711.83",False,Asia Pacific
006Q800000EWSCQ,Coordinating Ministry 3 in IKN in Indonesia,Government,Government,Closed Won,"NZD 50,243.55",True,Asia Pacific
006Q800000EWTEv,Vice President Office in IKN in Indonesia,Government,Government,Closed Won,"NZD 116,242.02",True,Asia Pacific
006Q800000EWU7l,Rudells Jewellers - Software and Credentials,Retail,Retail,Closed Lost,"NZD 5,704.51",False,EMEA
006Q800000EWZAf,GX certification for Partner,Training,Training,Closed Won,"NZD 2,415.23",True,EMEA
006Q800000EWpk6,The Mills Mobile Credentials,Multi Family,Multi Family,Closed Won,NZD 19.20,True,Canada
006Q800000EWsbV,Richmond Yards Mobile Credentials,Multi Family,Multi Family,Closed Won,NZD 19.20,True,Canada
006Q800000EWtED,Securitas Stocking Order - August 24,,Uncategorized,Closed Won,"NZD 4,996.82",True,EMEA
006Q800000EWtyz,Securitas Stocking Order - September 24,Commercial,Commercial,Closed Won,"NZD 4,447.54",True,EMEA
006Q800000EWw8s,Ohio Valley Bank,Banking & Finance,Banking & Finance,Closed Won,"NZD 74,858.82",True,United States
006Q800000EWx8B,Kipling Group Islington,Commercial,Commercial,Closed Lost,"NZD 24,511.90",False,Canada
006Q800000EWzl3,Tolleson Demo,Residential,Residential,Closed Lost,"NZD 1,920.56",False,United States
006Q800000EWzwL,PO TEG-18416,,Uncategorized,Closed Won,"NZD 1,573.24",True,United States
006Q800000EX0XS,Grow Town,Commercial,Commercial,Closed Lost,,False,Canada
006Q800000EX2sb,gray,,Uncategorized,Closed Won,"NZD 3,246.35",True,United States
006Q800000EX4Cr,Harbour Hills Construction Management,Multi Family,Multi Family,Closed Lost,,False,Canada
006Q800000EXObN,4A_Power_Suppy,,Uncategorized,Closed Won,NZD 726.18,True,United States
006Q800000EXyyD,Lumi Collection Apartments Reader Upgrade,Multi Family,Multi Family,Closed Lost,NZD 1.18,False,Australia
006Q800000EXziz,Infinity Towers Apartments,Multi Family,Multi Family,Closed Lost,NZD 1.18,False,Australia
006Q800000EYAjf,Reader Frames,,Uncategorized,Closed Won,"NZD 3,655.12",True,Australia
006Q800000EYNgT,Smart Living_GX Salto_Pete,Commercial,Commercial,Closed Lost,,False,New Zealand
006Q800000EYUZt,PCYC,,Uncategorized,Closed Lost,"NZD 68,421.05",False,Australia
006Q800000EYZ0a,TrainingKit,Other,Other,Closed Won,"NZD 3,157.89",True,Australia
006Q800000EYZbD,TrainingKit GX,Training,Training,Closed Won,"NZD 2,610.59",True,Australia
006Q800000EZv3O,Bosch Rexworth Group - Scotland,Commercial,Commercial,Closed Lost,"NZD 23,490.52",False,EMEA
006Q800000Ea0UU,PO 22410,Commercial,Commercial,Closed Won,"NZD 2,605.59",True,United States
006Q800000Ea3VZ,PO TEG-18417,,Uncategorized,Closed Won,"NZD 1,147.06",True,United States
006Q800000Ea7PV,South Harbour,,Uncategorized,Closed Won,"NZD 2,605.59",True,United States
006Q800000Ea82D,PO TEG-18420,,Uncategorized,Closed Won,NZD 286.76,True,United States
006Q800000Ea8AN,Frandsen Bank,Banking & Finance,Banking & Finance,Closed Lost,"NZD 15,143.53",False,United States
006Q800000Ea8Td,Palmetto Expansion- UHS,,Uncategorized,Closed Won,"NZD 2,900.29",True,United States
006Q800000Ea9nt,1dr GX - Reef,Commercial,Commercial,Closed Won,"NZD 2,169.91",True,United States
006Q800000EaAlZ,Dallas International School,Education,Education,Closed Lost,"NZD 14,705.88",False,United States
006Q800000EaBZZ,Frontier Power July 2024,Government,Government,Closed Lost,"NZD 13,618.53",False,Canada
006Q800000EaTgA,KUA- FY 2025 Pricing,Commercial,Commercial,Closed Won,"NZD 64,670.44",True,United States
006Q800000EaTkz,Lantower Cypress Creek,Multi Family,Multi Family,Working,"NZD 25,863.20",False,United States
006Q800000EaTzV,800 Brazos,Commercial,Commercial,Closed Lost,"NZD 20,538.97",False,United States
006Q800000EaU2j,REM,,Uncategorized,Closed Won,"NZD 1,345.72",True,United States
006Q800000EaUCP,Frontier Power July 2024 GX,Government,Government,Closed Lost,"NZD 17,991.17",False,Canada
006Q800000EaUM7,Windsor Island,Multi Family,Multi Family,Closed Lost,"NZD 8,078.82",False,United States
006Q800000EaUqj,Woodward Academy,Education,Education,Closed Won,"NZD 5,117.65",True,United States
006Q800000EaVTR,Sihle Insurance,Commercial,Commercial,Closed Lost,"NZD 1,190.15",False,United States
006Q800000EaWUL,WX 2D,,Uncategorized,Closed Won,"NZD 1,470.59",True,United States
006Q800000EaXNB,extra,,Uncategorized,Closed Won,NZD 561.62,True,United States
006Q800000Eafar,Greene County revision,,Uncategorized,Closed Won,"NZD 72,022.06",True,United States
006Q800000Ealy1,Apartment,Multi Family,Multi Family,Closed Lost,"NZD 8,218.76",False,Australia
006Q800000Eam2r,PO 68310,,Uncategorized,Closed Won,"NZD 3,205.90",True,Australia
006Q800000Eav7l,WX Training Kit,Commercial,Commercial,Closed Lost,"NZD 2,900.66",False,Australia
006Q800000Ebjap,SCT Logistics,Commercial,Industrial - Logistics,Closed Lost,"NZD 4,208.11",False,Australia
006Q800000EccvR,Reveloop RCM,Banking & Finance,Banking & Finance,Closed Lost,"NZD 17,647.06",False,EMEA
006Q800000Ed4oV,Angola Community,,Uncategorized,Closed Won,"NZD 6,009.12",True,United States
006Q800000Ed846,NFR Test Reader,,Uncategorized,Closed Lost,NZD 367.65,False,United States
006Q800000EdBZq,St Mary Denton,,Uncategorized,Closed Won,"NZD 9,613.53",True,United States
006Q800000EdCqr,Stockyard Bank adds,Banking & Finance,Banking & Finance,Closed Won,"NZD 1,938.24",True,United States
006Q800000EdCxJ,CW,,Uncategorized,Closed Won,"NZD 1,938.24",True,United States
006Q800000EdD0Y,Particle Measuring Systems - Boulder Office,Heavy Industry,Heavy Industry,Closed Won,"NZD 40,022.74",True,United States
006Q800000EdDVB,Din controller,,Uncategorized,Closed Lost,"NZD 2,941.18",False,United States
006Q800000EdEZJ,7.19.24,,Uncategorized,Closed Won,NZD 548.24,True,United States
006Q800000EdEcX,July Stock Order,,Uncategorized,Closed Won,"NZD 2,327.47",True,United States
006Q800000EdEr3,teansformer,,Uncategorized,Closed Won,NZD 88.24,True,United States
006Q800000EdFSA,PEC Covington GA,Commercial,Commercial,Closed Won,"NZD 18,035.82",True,United States
006Q800000EdFVN,Valor on the Fax - SALLIS LOCK Quote,,Uncategorized,Closed Won,NZD 286.76,True,United States
006Q800000EdGfx,DU Site,Multi Family,Multi Family,Proposal,"NZD 13,935.48",False,United States
006Q800000EdHgr,Access control migration,Multi Family,Multi Family,Closed Lost,"NZD 22,058.82",False,United States
006Q800000EdOws,KFCU 8990,,Uncategorized,Closed Won,"NZD 2,625.59",True,United States
006Q800000EdZic,Newago County Sheriff Dept & Public Works,Government,Government,Decision,"NZD 221,283.87",False,United States
006Q800000Edcwb,MiFare Fobs,,Uncategorized,Closed Won,NZD 180.88,True,United States
006Q800000EddMP,KFCU 8993,,Uncategorized,Closed Won,"NZD 2,625.59",True,United States
006Q800000EiUK5,"ICT ProtegeGX Training/Demo Kit and Tech Training Course (Web Based) for CommExpress (Thailand) Co., Ltd. (YEM)",Commercial,Commercial,Closed Lost,"NZD 8,016.71",False,Asia Pacific
006Q800000Ejs2d,Charlotte 25 story high rise,Commercial,Commercial,Closed Lost,"NZD 102,941.18",False,United States
006Q800000EjtOV,GX Certification,Commercial,Commercial,Closed Won,"NZD 6,116.58",True,Canada
006Q800000Eju1B,JaneCards,Commercial,Commercial,Closed Lost,,False,Canada
006Q800000EjuUD,Massey Tower 240704,Multi Family,Multi Family,Closed Lost,"NZD 42,103.80",False,Canada
006Q800000Ejx5V,PO 7101858,,Uncategorized,Closed Won,"NZD 2,221.35",True,United States
006Q800000Ejzld,Wireless Quote,Commercial,Commercial,Closed Lost,"NZD 2,094.00",False,United States
006Q800000Ek3HN,Queen City Add on,Education,Education,Closed Lost,"NZD 19,464.53",False,United States
006Q800000EkOwv,Train Muesum,,Uncategorized,Closed Lost,"NZD 11,701.47",False,United States
006Q800000EkP8D,Train Museum,Commercial,Entertainment - Cultural,Closed Lost,"NZD 5,265.66",False,United States
006Q800000EkPUn,Tags,,Uncategorized,Closed Won,NZD 0.00,True,United States
006Q800000EkR0a,Cansec Replacement,Commercial,Commercial,Closed Lost,"NZD 11,414.49",False,Canada
006Q800000EkR1x,50-60,Commercial,Commercial,Closed Lost,"NZD 10,109.50",False,Canada
006Q800000EkR6n,RISD Parkview,Education,Education,Closed Won,NZD 150.74,True,United States
006Q800000EmyY5,Finning - Verex,Commercial,Commercial,Closed Lost,,False,Canada
006Q800000En11J,PO 2267,,Uncategorized,Closed Won,"NZD 1,110.68",True,United States
006Q800000En48s,three door system,Commercial,Commercial,Closed Lost,"NZD 2,941.18",False,United States
006Q800000En6Vd,Bevis Morgan Verex Upgrade - Software & Credentials,Banking & Finance,Banking & Finance,Closed Won,"NZD 5,300.64",True,EMEA
006Q800000EnApN,Site Code 292,,Uncategorized,Closed Won,NZD 752.85,True,United States
006Q800000EnaqH,Salt & Meadow - Phase 2 - VOIP & Credentials,,Uncategorized,Closed Won,,True,Canada
006Q800000Enb3B,7.23 quote - Chicago,,Uncategorized,Closed Won,"NZD 1,211.65",True,United States
006Q800000EnlDp,SSG_Single Door_Nick,Commercial,Commercial,Closed Lost,"NZD 1,123.55",False,New Zealand
006Q800000Enmmb,ADASS Aperio 24_07_24,Education,Education,Closed Won,"NZD 12,084.48",True,Australia
006Q800000EnmwH,Phoenix Taps Bayswater,Commercial,Commercial,Closed Lost,"NZD 1,720.85",False,Australia
006Q800000EoeP1,Lovisa Leeds Access Control,Retail,Retail,Closed Won,"NZD 6,155.37",True,EMEA
006Q800000Eph9K,Demo Mobile Credentials,Training,Training,Closed Won,NZD 55.00,True,EMEA
006Q800000Epze5,Demo / Training Kits,Commercial,Commercial,Closed Won,"NZD 2,005.86",True,EMEA
006Q800000Eq6XW,Retrofit x 2 Extra BT Black,,Uncategorized,Closed Won,"NZD 1,066.59",True,United States
006Q800000Eq8W6,PO 2482,Retail,Retail,Closed Won,"NZD 20,319.53",True,United States
006Q800000EqBgs,SDK,Multi Family,Multi Family,Closed Lost,"NZD 19,170.93",False,Canada
006Q800000EqCRe,Ontario Health at Home,Government,Government,Closed Lost,"NZD 13,582.80",False,Canada
006Q800000EqCrU,WX - 4D/2KP,Commercial,Commercial,Closed Won,"NZD 2,876.75",True,Canada
006Q800000EqD5y,WX controller,Commercial,Commercial,Closed Won,"NZD 1,002.88",True,United States
006Q800000EqDac,Driscoll Harlingen,,Uncategorized,Closed Won,"NZD 9,111.07",True,United States
006Q800000EqEIA,Downing Street Apts,Commercial,Commercial,Closed Lost,"NZD 37,022.16",False,United States
006Q800000EqH37,PO 3385,Commercial,Commercial,Closed Won,"NZD 8,567.65",True,United States
006Q800000EqIlZ,Promenade Circle - RBH Spec,Multi Family,Multi Family,Closed Lost,"NZD 181,632.90",False,Canada
006Q800000EqItd,Dricsoll PICU/PACU,,Uncategorized,Closed Won,"NZD 3,280.88",True,United States
006Q800000EqbY5,BISHOFF,Commercial,Commercial,Closed Lost,"NZD 75,126.45",False,United States
006Q800000EqbbJ,Hiramproject,Commercial,Commercial,Closed Lost,"NZD 42,990.35",False,United States
006Q800000EqcAo,Door Lic & Monitoring,Retail,Retail,Closed Won,"NZD 5,104.68",True,United States
006Q800000EqcCQ,Keyscan Replacement - WX,,Uncategorized,Closed Won,"NZD 11,416.63",True,Canada
006Q800000EqcXW,PRT-PSU-DIN-2A,,Uncategorized,Closed Won,NZD 866.82,True,United States
006Q800000EqhpK,Camera Licenses,Commercial,Commercial,Closed Lost,"NZD 1,764.71",False,United States
006Q800000EqjJE,Green Base AZ,Commercial,Commercial,Closed Lost,"NZD 4,578.75",False,United States
006Q800000EqsKV,Majestic Quay RDM,,Uncategorized,Closed Won,"NZD 1,204.62",True,Australia
006Q800000Eqsil,wx replacement,,Uncategorized,Closed Won,NZD 829.77,True,Australia
006Q800000EqwhN,Stock Order July,,Uncategorized,Closed Lost,"NZD 45,806.79",False,Australia
006Q800000Eqx65,Data Pacific_GX 57 Doors_Ian,Commercial,Commercial,Closed Won,"NZD 35,881.07",True,New Zealand
006Q800000Er9Uv,DHA TSV Keywatcher add on,Government,Government,Closed Lost,"NZD 13,415.83",False,Australia
006Q800000ErAcI,Sol & Dawn Credentials,,Uncategorized,Closed Lost,NZD 350.27,False,Australia
006Q800000ErB0T,RFQ for ICT System at SSO New office in Singapore,Government,Government,Closed Lost,"NZD 6,576.73",False,Asia Pacific
006Q800000ErRgM,Yeshivah Mobile Credential,,Uncategorized,Closed Won,"NZD 2,001.77",True,Australia
006Q800000ErciD,Niche_Expansion_Daniel,Commercial,Commercial,Closed Won,"NZD 3,409.23",True,New Zealand
006Q800000EsMDB,Gym Automation,Commercial,Entertainment - Sports & Recreation,Closed Lost,"NZD 3,050.86",False,Australia
006Q800000EsgIL,NFR WX Kit,,Uncategorized,Closed Won,"NZD 1,055.36",True,Australia
006Q800000Esxsf,Hotel conversion with existing Salto,Residential,Residential,Closed Lost,"NZD 36,764.71",False,United States
006Q800000EsxuH,Demo / Training Kits,Training,Training,Closed Won,"NZD 2,005.86",True,EMEA
006Q800000Et94D,Bevis Morgan Verex Upgrade - iSales Hardware,Banking & Finance,Banking & Finance,Closed Won,"NZD 12,141.28",True,EMEA
006Q800000EtEjr,200 MF-Tags,Commercial,Commercial,Closed Won,"NZD 1,447.06",True,United States
006Q800000EtHUo,EN-DIN-11,,Uncategorized,Closed Lost,NZD 147.18,False,United States
006Q800000EtHeT,PRX-TSEC-MINI-DF-BT-B,,Uncategorized,Closed Won,"NZD 1,762.94",True,United States
006Q800000EtJBe,10 Door Project,Residential,Residential,Closed Lost,"NZD 8,845.24",False,United States
006Q800000EtJTN,MCR,,Uncategorized,Closed Won,NZD 114.71,True,United States
006Q800000EtK2r,Replacement Spindle,,Uncategorized,Closed Won,NZD 167.01,True,United States
006Q800000EtMkb,PRT-WX-DIN,,Uncategorized,Closed Lost,NZD 752.16,False,United States
006Q800000EtN5Z,IVO,,Uncategorized,Closed Won,"NZD 2,140.94",True,United States
006Q800000EttTd,Bendigo Shepperton Mildura X,,Uncategorized,Closed Won,"NZD 1,305.41",True,Australia
006Q800000EtyRv,NTT Jakarta 2 Annex Data Center (JKT2A) in Indonesia,,Critical Infrastructure - Data Centers,Closed Lost,"NZD 129,032.26",False,Asia Pacific
006Q800000EudQ2,SecuriSure_Rolleston College_Shane,Commercial,Education - Higher Education,Closed Lost,"NZD 27,887.36",False,New Zealand
006Q800000Ev2eX,RFQ Access Control Office Batu Kajang in Kalimantan - (PT. Pilar Cakra Mas) (YEM in Indonesia),Commercial,Commercial,Closed Lost,"NZD 19,636.60",False,Asia Pacific
006Q800000Ev6a5,Infinity Towers - Replacement Readers,Multi Family,Multi Family,Closed Lost,"NZD 19,837.63",False,Australia
006Q800000EwEAb,Algerian Embassy - Abu Dhabi,,Uncategorized,Closed Won,"NZD 1,208.31",True,EMEA
006Q800000EwObN,Central Ceilings - 1DR GX,Commercial,Commercial,Closed Won,"NZD 1,764.71",True,United States
006Q800000EwOwL,Akron,,Uncategorized,Closed Won,"NZD 4,654.16",True,United States
006Q800000EwPag,PO 3399,Residential,Residential,Closed Won,"NZD 1,088.82",True,United States
006Q800000EwPkL,Saint Francis House Duress Expansion,Religious,Religious,Closed Lost,"NZD 5,347.59",False,United States
006Q800000EwRpO,PO Kingsway Aacademy,,Education - K-12,Closed Won,"NZD 1,222.59",True,United States
006Q800000EwS5W,PO TEG-18430,,Uncategorized,Closed Won,"NZD 2,061.18",True,United States
006Q800000EwT82,Radiant Surrey,Commercial,Commercial,Closed Won,"NZD 14,068.89",True,Canada
006Q800000EwTuP,Chillicothe ISD,Government,Government,Closed Won,"NZD 24,193.32",True,United States
006Q800000F0UTi,Security Concepts_WX Apartments_Jason,Multi Family,Multi Family,Closed Won,"NZD 14,453.64",True,New Zealand
006Q800000F0emc,ICT ProtegeWX Intrusion Detection System for AGRIBANK in Vietnam,Banking & Finance,Banking & Finance,Closed Lost,"NZD 1,534.24",False,Asia Pacific
006Q800000F0goE,DHA TSV Spares,Government,Government,Closed Won,"NZD 3,446.42",True,Australia
006Q800000F0hyu,TSEC Reader,,Uncategorized,Closed Lost,NZD 368.38,False,Australia
006Q800000F1Vh3,30 Makerson St,Commercial,Commercial,Closed Won,"NZD 14,370.97",True,Australia
006Q800000F1r1d,Fernwood API,Retail,Retail,Closed Lost,"NZD 10,517.29",False,Australia
006Q800000F2XDo,Securitas Stocking Order - November 24,Commercial,Commercial,Closed Won,"NZD 48,782.18",True,EMEA
006Q800000F2ZM1,Up Spec_WX Warehouse_Bryce,Heavy Industry,Heavy Industry,Closed Won,"NZD 5,778.67",True,New Zealand
006Q800000F2fxh,Securitas Stocking Order - October 24,Commercial,Commercial,Closed Won,"NZD 93,728.79",True,EMEA
006Q800000F34jB,"Military unit, warehouse building, Warsaw-Targówek",Government,Government,Closed Won,"NZD 109,723.09",True,EMEA
006Q800000F3DZZ,U of W - Inovonics,Education,Education,Closed Lost,"NZD 2,835.60",False,Canada
006Q800000F3GE6,7/29,,Uncategorized,Closed Won,NZD 602.94,True,United States
006Q800000F3H25,Reagan County CTE,Education,Education,Closed Won,"NZD 11,358.93",True,United States
006Q800000F3Hzl,Credentials,,Uncategorized,Closed Lost,NZD 231.62,False,United States
006Q800000F3KET,Fobs for Levelland July,,Uncategorized,Closed Won,"NZD 1,205.88",True,United States
006Q800000F3h7p,Midland Memorial Hospital,Healthcare,Healthcare,Closed Won,"NZD 79,943.56",True,United States
006Q800000F3hEH,Demo Equipment,Commercial,Commercial,Decision,"NZD 5,742.00",False,United States
006Q800000F3jG9,Nexus Labs - Stok Development 45 Unit - Low Income Housing,Multi Family,Multi Family,Closed Lost,"NZD 28,377.00",False,United States
006Q800000F3pyV,PO-243095,,Uncategorized,Closed Won,"NZD 3,545.29",True,United States
006Q800000F3rVN,Replacement RDM2,,Uncategorized,Closed Won,NZD 488.76,True,Australia
006Q800000F3uuj,Westerra Parker,Banking & Finance,Banking & Finance,Closed Won,"NZD 8,771.21",True,United States
006Q800000F3wQE,7.29,,Uncategorized,Closed Won,"NZD 5,737.79",True,United States
006Q800000F43TJ,Sector 7_Storage Gate_Andrew,Commercial,Commercial,Closed Won,"NZD 2,585.86",True,New Zealand
006Q800000F44nZ,3 WX Controllers- SOS,,Uncategorized,Closed Won,"NZD 2,757.93",True,United States
006Q800000F4BNi,Makati Life Nursecall and ACS in Philippines,Healthcare,Healthcare,Closed Lost,,False,Asia Pacific
006Q800000F4FB7,PO38737 30_07_24,,Uncategorized,Closed Won,"NZD 18,003.24",True,Australia
006Q800000F4H4r,HTS_Door Controller_Glen,,Uncategorized,Closed Lost,NZD 937.97,False,New Zealand
006Q800000F4ZEg,Motorola_Vandal Gasket_Brent,,Uncategorized,Closed Won,"NZD 1,413.72",True,New Zealand
006Q800000F4kLQ,Tiga Commercial - Additional,Commercial,Commercial,Closed Won,"NZD 1,287.33",True,Australia
006Q800000F4mqE,Nextro_Items_Marco,,Uncategorized,Closed Lost,NZD 948.51,False,New Zealand
006Q800000F4oC5,Nextro_Cable_Marco,,Uncategorized,Closed Won,NZD 309.55,True,New Zealand
006Q800000F579t,Office Demo WX 30_07_24,Training,Training,Closed Won,"NZD 3,502.36",True,Australia
006Q800000F5NeU,OETC - Oman,Commercial,Commercial,Closed Lost,"NZD 1,648.77",False,EMEA
006Q800000F5zJx,WX Single Door Controllers,,Uncategorized,Closed Lost,NZD 532.38,False,Australia
006Q800000F5zVF,Wireless 433MHz Receiever and Remotes,,Uncategorized,Closed Lost,NZD 378.51,False,Australia
006Q800000F6HYb,Morningstar Test Reader,,Uncategorized,Closed Won,"NZD 1,252.59",True,United States
006Q800000F6Ikp,York - Elders Mills PS,Education,Education,Closed Won,"NZD 8,929.31",True,Canada
006Q800000F6Jov,TSEC EXTRA,,Uncategorized,Closed Won,"NZD 2,647.19",True,United States
006Q800000F6KY6,York - Discovery PS,Education,Education,Closed Won,"NZD 8,142.80",True,Canada
006Q800000F6LAn,OPG Oshawa,Government,Government,Closed Lost,"NZD 108,152.89",False,Canada
006Q800000F6LE1,93-75-90 - 3WX,Multi Family,Multi Family,Closed Lost,"NZD 56,729.30",False,Canada
006Q800000F6Oi9,Edinburg Radiology,Healthcare,Healthcare,Closed Won,"NZD 12,739.94",True,United States
006Q800000F6PeD,BruceSmith RDM2 mini,Commercial,Commercial,Closed Lost,"NZD 33,008.15",False,Canada
006Q800000F6SIj,Leeward Renewable Energy (Houston Ofc),,Uncategorized,Closed Won,"NZD 4,019.85",True,United States
006Q800000F6SNZ,First Baptist Cleburne,,Uncategorized,Closed Lost,"NZD 1,804.49",False,United States
006Q800000F6SPB,Frisco First,Religious,Religious,Closed Lost,"NZD 22,578.79",False,United States
006Q800000F6SSP,Highland Baptist Student Building,Religious,Religious,Closed Lost,"NZD 3,426.99",False,United States
006Q800000F6T58,York - 330 Fossil Hill,Education,Education,Closed Won,"NZD 7,372.31",True,Canada
006Q800000F6Tec,Radio Arts Building,Commercial,Commercial,Closed Lost,"NZD 87,644.72",False,Canada
006Q800000F6Tuj,York - 331 Julliard,Education,Education,Closed Won,"NZD 7,372.31",True,Canada
006Q800000F6UE5,U of W - Armour IP,Education,Education,Closed Won,"NZD 1,008.73",True,Canada
006Q800000F6miu,Mifare ISO 7-30-24,,Uncategorized,Closed Won,NZD 511.76,True,United States
006Q800000F6xKv,XChange at Secaucus Iso Prox (1000),Residential,Residential,Closed Lost,"NZD 6,882.35",False,United States
006Q800000F769h,Strathfield Lift Control,Multi Family,Multi Family,Closed Lost,"NZD 2,249.90",False,Australia
006Q800000F788N,Halston Apartments,Multi Family,Multi Family,Closed Won,NZD 1.18,True,Australia
006Q800000F7PDx,Sentinel Apartments - DB Password Reset,Multi Family,Multi Family,Closed Lost,"NZD 1,578.95",False,Australia
006Q800000F7PU5,Gorman Atlanta,Multi Family,Multi Family,Closed Lost,NZD 541.59,False,United States
006Q800000F7foz,Parkside Apts 31_07_24,Multi Family,Multi Family,Closed Won,"NZD 6,757.59",True,Australia
006Q800000F7iQH,GX training Cert 31_07_24,Other,Other,Closed Lost,"NZD 4,122.31",False,Australia
006Q800000F8qSF,5 Airports - Egypt,Aviation,Aviation,Closed Lost,"NZD 161,290.32",False,EMEA
006Q800000F8wXe,Cambridge Uni - Fitzwilliam Museum Readers - 3,,Entertainment - Cultural,Closed Won,"NZD 4,565.50",True,EMEA
006Q800000F8zId,Cambridge Uni - Fitzwilliam Museum Readers - 1,,Entertainment - Cultural,Closed Won,"NZD 4,565.50",True,EMEA
006Q800000F94er,Cambridge Uni - Fitzwilliam Museum Readers - 2,,Entertainment - Cultural,Closed Won,"NZD 4,565.50",True,EMEA
006Q800000F99Zj,Cambridge Uni - Fitzwilliam Museum Readers - 5,Education,Education,Closed Won,"NZD 8,830.12",True,EMEA
006Q800000F9AM5,Cambridge Uni - Fitzwilliam Museum Readers - 4,Education,Education,Closed Won,"NZD 13,432.10",True,EMEA
006Q800000F9Ap7,Cambridge Uni - Geography Readers,Government,Government,Closed Won,"NZD 4,754.68",True,EMEA
006Q800000F9FK9,Park House 31_07_24,Residential,Residential,Closed Lost,"NZD 45,463.36",False,Australia
006Q800000F9OnF,STID,Commercial,Commercial,Closed Lost,"NZD 11,004.26",False,EMEA
006Q800000F9P1m,7.31.24 Steve Quote,,Uncategorized,Closed Lost,NZD 147.06,False,United States
006Q800000F9TWo,Health Center,Healthcare,Healthcare,Closed Lost,"NZD 1,987.35",False,United States
006Q800000F9Tji,SE Controller,,Uncategorized,Closed Lost,NZD 0.00,False,United States
006Q800000F9WRR,YRDSB- Discovery ps,Education,Education,Closed Lost,"NZD 8,984.45",False,Canada
006Q800000F9WjB,4 Door WX Kit,,Uncategorized,Closed Lost,"NZD 2,364.12",False,United States
006Q800000F9X0v,YRDSB- Elder Mills PS,Education,Education,Closed Lost,"NZD 9,986.84",False,Canada
006Q800000F9X5m,Hometown Management - Boulder HOA,Residential,Residential,Proposal,"NZD 6,527.44",False,United States
006Q800000F9XiU,YRDSB- Fossil Hill PS,Education,Education,Closed Lost,"NZD 9,986.84",False,Canada
006Q800000F9Y3S,YRDSB- Roy h Crosby PS,Education,Education,Closed Lost,"NZD 9,902.47",False,Canada
006Q800000F9Z17,YRDSB- Julliard PS,Education,Education,Closed Lost,"NZD 8,165.03",False,Canada
006Q800000F9yML,Whitehorse Rd 01_08_24,Multi Family,Multi Family,Closed Won,"NZD 26,733.29",True,Australia
006Q800000FA1qE,Elizabeth St 01_08_24,Multi Family,Multi Family,Closed Lost,"NZD 12,486.63",False,Australia
006Q800000FA593,Sandy Hill 01_08_24,Multi Family,Multi Family,Closed Lost,"NZD 116,998.02",False,Australia
006Q800000FACda,Proximity Tags,,Uncategorized,Closed Won,NZD 300.79,True,Australia
006Q800000FAQBt,Sweeten Creek BH Center,Gaming,Gaming,Closed Won,NZD 367.41,True,United States
006Q800000FATHp,Office Use Aperio,Commercial,Commercial,Closed Won,"NZD 1,690.78",True,Australia
006Q800000FB7aD,Smart Living_Inovonics_Pete,Commercial,Commercial,Closed Won,"NZD 2,022.77",True,New Zealand
006Q800000FBFxZ,ASGL_Inovonics_Jono,Commercial,Commercial,Closed Lost,"NZD 1,929.34",False,New Zealand
006Q800000FBigD,Protege WX Alarm,Commercial,Commercial,Closed Lost,"NZD 2,210.04",False,Australia
006Q800000FC0oP,ICT 433MHZ Receiver,,Uncategorized,Closed Lost,NZD 340.66,False,Australia
006Q800000FCcAY,GN Group - iSales Hardware,Commercial,Commercial,Closed Won,"NZD 4,006.20",True,EMEA
006Q800000FCcDl,GN Group -  Credentials,Commercial,Commercial,Closed Lost,NZD 620.00,False,EMEA
006Q800000FCevV,50 Door License - All State,Government,Government,Closed Lost,"NZD 1,013.43",False,United States
006Q800000FCgPR,Personal Touch Home Care Readers,Residential,Residential,Closed Won,NZD 799.94,True,United States
006Q800000FCi7u,20 @ RF-REM2-433-HID26 (Atlantic One92),Residential,Residential,Closed Won,"NZD 1,429.41",True,United States
006Q800000FCkG9,AMAG - 6 Doors - WX,Commercial,Commercial,Closed Lost,"NZD 3,176.78",False,Canada
006Q800000FDAXB,Milton Landing - MF Tags,,Uncategorized,Closed Won,NZD 361.76,True,United States
006Q800000FDMEz,BMG ArmourIP,,Uncategorized,Closed Won,"NZD 1,070.35",True,New Zealand
006Q800000FDP9d,HTS_Dual Tags_Glen,,Uncategorized,Closed Won,,True,New Zealand
006Q800000FDYMk,ACMD 02_08_24,Healthcare,Healthcare,Closed Won,"NZD 180,353.03",True,Australia
006Q800000FDb5x,New Shop Albury 02_08_24,Commercial,Retail,Closed Won,"NZD 6,653.22",True,Australia
006Q800000FDkkN,Turnstile Access Control for PT. ANAKING INTI ANUGRAH in Indonesia (PT Pilar Cakra Mas) (YEM),Commercial,Commercial,Closed Lost,"NZD 2,064.25",False,Asia Pacific
006Q800000FDyow,MNR2 Network Repeater,,Uncategorized,Closed Won,NZD 391.02,True,Australia
006Q800000FE5sO,Central Coast Grammar School,Education,Education,Closed Won,"NZD 2,063.42",True,Australia
006Q800000FEJlL,TMR lost stock replacement,Critical Infrastructure,Critical Infrastructure,Closed Lost,"NZD 3,262.01",False,Australia
006Q800000FFmLS,Portland Public Library,Education,Education,Discovery,"NZD 7,352.94",False,United States
006Q800000FFoBy,Skowhegan Project,Commercial,Commercial,Discovery,"NZD 7,352.94",False,United States
006Q800000FFr6b,WX - 2D,Commercial,Commercial,Closed Lost,NZD 977.60,False,Canada
006Q800000FFwiz,Quote - Corey,Commercial,Commercial,Closed Won,"NZD 1,372.65",True,United States
006Q800000FFxVN,GX Training,Multi Family,Multi Family,Closed Lost,NZD 735.29,False,United States
006Q800000FFxtZ,Furley BOM,,Uncategorized,Closed Won,"NZD 36,807.50",True,United States
006Q800000FFyJN,Mifare Tags,,Uncategorized,Closed Won,NZD 147.06,True,United States
006Q800000FGEjV,American Bear Logistics,Commercial,Industrial - Logistics,Closed Lost,"NZD 10,565.34",False,United States
006Q800000FGLfl,Eidos,,Uncategorized,Closed Lost,"NZD 7,603.06",False,United States
006Q800000FIYYs,Labcon,Commercial,Commercial,Closed Lost,"NZD 16,671.18",False,United States
006Q800000FIcZG,Bell Partners,Multi Family,Multi Family,Closed Lost,"NZD 4,814.41",False,United States
006Q800000FIccT,G3 Enterprises,Commercial,Commercial,Closed Lost,"NZD 41,397.35",False,United States
006Q800000FJxgg,Onguard_GX Panic_James,Healthcare,Healthcare,Closed Lost,"NZD 3,252.17",False,New Zealand
006Q800000FK5ir,Parramatta,Commercial,Commercial,Closed Lost,"NZD 2,901.44",False,Australia
006Q800000FKFqH,L9 100 St Georges Tce - REV2,Commercial,Commercial,Closed Lost,"NZD 3,854.72",False,Australia
006Q800000FKKy1,GX Lvl 1 Training 05_08_24,Multi Family,Multi Family,Closed Won,"NZD 1,221.65",True,Australia
006Q800000FKLNp,GX Lvl 1 Training 05_08_24,Training,Training,Closed Won,"NZD 1,221.65",True,Australia
006Q800000FKScp,Armstrong Tauranga_Challenger Refit_Alroy,Commercial,Commercial,Closed Lost,"NZD 5,117.34",False,New Zealand
006Q800000FKT21,Recentech_Aperio_Mehrdad,Commercial,Commercial,Closed Won,"NZD 2,685.75",True,New Zealand
006Q800000FKpgs,GX Lvl 1 Training 05_08_24,Training,Training,Closed Won,"NZD 1,099.49",True,Australia
006Q800000FLCC1,Nathan - Alarm kit,,Uncategorized,Closed Won,"NZD 1,791.14",True,Australia
006Q800000FM4Ir,"Eskulap, Pozna?",Education,Education,Closed Lost,"NZD 82,478.96",False,EMEA
006Q800000FM6HS,Marassi Views,Residential,Residential,Closed Lost,"NZD 50,704.19",False,EMEA
006Q800000FM6Vz,Sportowa Centrum  extension ( next floor),Commercial,Commercial,Closed Won,"NZD 9,168.76",True,EMEA
006Q800000FM8RJ,"PJ7, Warsaw",Commercial,Commercial,Closed Won,"NZD 3,760.99",True,EMEA
006Q800000FM9on,"Security Seals office, Warsaw",Commercial,Commercial,Closed Lost,"NZD 9,249.29",False,EMEA
006Q800000FMWWr,Generali Insurance Company,,Uncategorized,Closed Won,"NZD 40,798.69",True,EMEA
006Q800000FMXeD,Causeway Exchange Access Upgrade,Government,Government,Closed Lost,"NZD 16,397.13",False,EMEA
006Q800000FMZsv,8DR GX Kit - Parts & Pieces,,Uncategorized,Closed Won,"NZD 4,003.84",True,United States
006Q800000FMcqn,PO UNH-8-5,Education,Education,Closed Won,"NZD 14,235.29",True,United States
006Q800000FMeW3,Lakehouse,Residential,Residential,Closed Lost,"NZD 298,947.74",False,United States
006Q800000FMfqH,Wristbands Shreveport- UHS,,Uncategorized,Closed Won,"NZD 1,720.59",True,United States
006Q800000FMgrB,Tags 8/5,Commercial,Commercial,Closed Won,NZD 600.00,True,United States
006Q800000FMhX7,ACC-485,,Uncategorized,Closed Lost,NZD 172.72,False,United States
006Q800000FMiJW,Price Error Opp,,Uncategorized,Closed Lost,"NZD 13,069.19",False,United States
006Q800000FMjNe,3 Door X,Commercial,Commercial,Closed Won,NZD 44.86,True,United States
006Q800000FN1u1,Underdog - Atlantic - The Grove at Watsessing,Residential,Residential,Closed Won,"NZD 2,309.65",True,United States
006Q800000FN3uD,1401 Church - Mortise,Multi Family,Multi Family,Closed Lost,"NZD 1,358.51",False,United States
006Q800000FN6Ie,QSI PO 2024-9544 special dialer on board,,Uncategorized,Closed Won,"NZD 47,100.15",True,United States
006Q800000FNAfb,WX 7 Doors 06_08_24,Commercial,Commercial,Closed Lost,"NZD 4,612.19",False,Australia
006Q800000FNByD,WFCF,Retail,Retail,Closed Won,"NZD 1,093.04",True,United States
006Q800000FNC33,Furley Elementary School,Education,Education,Closed Won,"NZD 36,807.50",True,United States
006Q800000FNCfl,Aotea Akl_Wireless Doors_Phillip,Residential,Residential,Closed Won,"NZD 5,132.67",True,New Zealand
006Q800000FOhft,Aldersgate Upgrade to WX,Residential,Residential,Closed Lost,"NZD 13,409.77",False,Australia
006Q800000FPXEg,56th and Tower - The Hiller Companies - New Construction - 360 Units,,Uncategorized,Proposal,"NZD 187,807.37",False,United States
006Q800000FPXWP,Samuel Taylor Access Upgrade - Specials,Commercial,Commercial,Closed Lost,"NZD 2,305.48",False,EMEA
006Q800000FPciz,St. Mary's GX Lic.,,Uncategorized,Closed Won,"NZD 2,407.21",True,United States
006Q800000FPcmD,Motorized Deadbolt Installation - TSL & MDB Pricing,Other,Other,Closed Lost,"NZD 1,639.34",False,Canada
006Q800000FPcpR,Campbell ISD,Education,Education,Closed Won,"NZD 3,753.68",True,United States
006Q800000FPfiU,PRX-TAG-LF Credentials,Commercial,Commercial,Closed Won,NZD 301.45,True,Canada
006Q800000FPjsY,Demo - TSL & Encoder,Multi Family,Multi Family,Closed Won,"NZD 1,301.34",True,Canada
006Q800000FPzUJ,Camera Licenses - Avigilon Integration,Commercial,Commercial,Closed Won,"NZD 1,680.90",True,Canada
006Q800000FQ9tS,WX - 3D w/Alarm,Commercial,Commercial,Closed Won,"NZD 2,184.68",True,Canada
006Q800000FQYIL,Single Door Controller,,Uncategorized,Closed Lost,"NZD 1,009.11",False,Australia
006Q800000FQZO6,Wireless 433MHz Receiever and Remotes,Commercial,Commercial,Closed Lost,NZD 757.02,False,Australia
006Q800000FQeSc,Supply only PRT-RDM2-DIN-485,,Uncategorized,Closed Won,NZD 266.62,True,Asia Pacific
006Q800000FQpcY,New AFx Enterprise System (Hardware) for ALLIANCE LAUNDRY SYSTEMS in Singapore,Commercial,Commercial,Closed Won,"NZD 4,807.71",True,Asia Pacific
006Q800000FQsiT,2 door pack,,Uncategorized,Closed Won,"NZD 4,111.55",True,Australia
006Q800000FRGss,Latrobe Tower 07_08_24,Multi Family,Multi Family,Closed Lost,"NZD 10,442.48",False,Australia
006Q800000FRUSp,Data Center - Egypt,Commercial,Critical Infrastructure - Data Centers,Closed Lost,"NZD 2,102.30",False,EMEA
006Q800000FS86r,Bosch Rexworth Group - Scotland - Specials,Commercial,Commercial,Closed Lost,"NZD 17,448.03",False,EMEA
006Q800000FSD3J,Quotation for GX Controller and tSec Readers,Commercial,Commercial,Closed Won,,True,Asia Pacific
006Q800000FSYPV,Fifield,Multi Family,Multi Family,Closed Lost,"NZD 992,357.65",False,United States
006Q800000FSaSv,NHS Property Services - Server License,,Uncategorized,Closed Won,"NZD 2,422.51",True,EMEA
006Q800000FSk7J,Protege Certification,Training,Training,Closed Lost,"NZD 1,470.59",False,United States
006Q800000FSriH,8.7,Residential,Residential,Closed Won,NZD 485.07,True,United States
006Q800000FT42n,GX_Training_September_10th,Healthcare,Healthcare,Closed Lost,"NZD 2,926.47",False,United States
006Q800000FT47e,18 Tretti Way,Multi Family,Multi Family,Closed Lost,,False,Canada
006Q800000FT64b,Methuen Village 8dr Wireless,Healthcare,Healthcare,Proposal,"NZD 25,611.68",False,United States
006Q800000FT75V,PO 78200DSD,,Uncategorized,Closed Won,"NZD 38,543.56",True,United States
006Q800000FT7rt,Gorman - Sweet Auburn,Multi Family,Multi Family,Proposal,"NZD 46,412.90",False,United States
006Q800000FT86P,Gorman - Residences at Chosewood,Multi Family,Multi Family,Proposal,"NZD 45,561.29",False,United States
006Q800000FT8Hh,Westside Commons,Multi Family,Multi Family,Closed Lost,"NZD 30,328.94",False,United States
006Q800000FT8WD,Milagro on Oracle,Multi Family,Multi Family,Closed Lost,"NZD 37,422.00",False,United States
006Q800000FT8ZU,Couchman Alarms_WX Upgrade_Geoff,Commercial,Commercial,Closed Won,"NZD 1,215.11",True,New Zealand
006Q800000FT8ha,Terrero- 4dr WX kit,Commercial,Commercial,Closed Lost,"NZD 4,301.76",False,United States
006Q800000FTFuH,11 E Walton,Multi Family,Multi Family,Closed Lost,"NZD 4,417.59",False,United States
006Q800000FTGvB,Fresno office tech training,Training,Training,Closed Won,"NZD 9,558.82",True,United States
006Q800000FTIAb,Montreux Project,Multi Family,Multi Family,Closed Lost,"NZD 11,305.21",False,Canada
006Q800000FTsxF,Sandringham Club,Gaming,Gaming,Closed Lost,"NZD 16,330.74",False,Australia
006Q800000FUBrq,Office use NFR - Bluetooth Reader,Other,Other,Closed Lost,NZD 363.77,False,Australia
006Q800000FUE6j,Hanwha Camera x 22,Commercial,Commercial,Closed Lost,NZD 857.55,False,Australia
006Q800000FVZfD,SenecaPDcards,,Uncategorized,Closed Won,NZD 127.94,True,United States
006Q800000FVlus,377 Wynona Ave,,Uncategorized,Closed Won,"NZD 37,977.97",True,Canada
006Q800000FVmyz,Babcock LTC,Healthcare,Healthcare,Closed Lost,"NZD 63,889.42",False,Canada
006Q800000FVnGj,2 Door Controller & (100 fobs),,Uncategorized,Closed Won,"NZD 2,130.35",True,United States
006Q800000FVnqD,Regis Access Control,Education,Education,Closed Won,"NZD 6,090.88",True,United States
006Q800000FWB2v,North Creek Residences - SSS - Base Building Access Control - Retrofit,Multi Family,Multi Family,Proposal,"NZD 30,937.06",False,United States
006Q800000FWBBU,BAL City Schools - 1,Education,Education,Closed Lost,"NZD 36,807.50",False,United States
006Q800000FWBJ3,Fox Station - Hiller Companies - MF Access Control,Multi Family,Multi Family,Proposal,"NZD 90,447.49",False,United States
006Q800000FWBsX,Fore Hawes Crossing,Multi Family,Multi Family,Closed Lost,"NZD 5,100.00",False,United States
006Q800000FWI1C,Parkline Place,Commercial,Commercial,Closed Won,"NZD 46,265.34",True,Australia
006Q800000FWOmc,Protege GX Partner Training Pack,Other,Other,Proposal,"NZD 6,414.95",False,Canada
006Q800000FWTZJ,Osmond Apartments - System 1,Multi Family,Multi Family,Closed Lost,"NZD 12,814.41",False,Australia
006Q800000FWTmD,Osmond Apartments - System 2,Multi Family,Multi Family,Closed Lost,"NZD 14,842.14",False,Australia
006Q800000FX4vR,Vertex_GX Upgrade_Thomas,Commercial,Commercial,Closed Lost,"NZD 3,719.10",False,New Zealand
006Q800000FYaOc,8.9.24 reader quote,Healthcare,Healthcare,Closed Lost,NZD 694.24,False,United States
006Q800000FYbCc,PO 6108072,,Uncategorized,Closed Won,"NZD 5,070.71",True,United States
006Q800000FYclN,PO 3331,,Uncategorized,Closed Won,"NZD 1,907.31",True,United States
006Q800000FYcqD,TEG-18440,,Uncategorized,Closed Won,"NZD 1,210.15",True,United States
006Q800000FYctR,PO 2271,,Uncategorized,Closed Won,"NZD 1,045.28",True,United States
006Q800000FYcyI,15 Oblats,Multi Family,Multi Family,Proposal,"NZD 387,411.80",False,Canada
006Q800000FYkHY,SACFD,Commercial,Commercial,Closed Won,NZD 454.37,True,United States
006Q800000FYnNS,Hermosa North Fort Myers,Commercial,Commercial,Closed Lost,"NZD 9,613.06",False,United States
006Q800000FZ3yT,WX - Gate,Commercial,Commercial,Closed Lost,NZD 977.60,False,Canada
006Q800000FZ7u2,WX to GX- Bacardi,,Uncategorized,Closed Won,"NZD 5,252.01",True,United States
006Q800000FZAOs,RDM2,,Uncategorized,Closed Lost,NZD 147.06,False,United States
006Q800000FZEAk,Epsilon Systems- Bryan Dairy Road,Commercial,Commercial,Closed Lost,"NZD 5,463.97",False,United States
006Q800000FZFbR,SS 15 Mortise Opp,Commercial,Commercial,Closed Lost,"NZD 27,357.22",False,United States
006Q800000FcozF,School Salto,Education,Education,Closed Lost,"NZD 12,675.48",False,Australia
006Q800000Fctyx,UBT - Time and Attendance,,Uncategorized,Closed Won,"NZD 2,169.18",True,Australia
006Q800000Fd05z,Preserve on 51st,Multi Family,Multi Family,Working,"NZD 9,102.77",False,United States
006Q800000Fd0Qw,GX Lvl 1 Training 12_08_24,Training,Training,Closed Won,"NZD 1,221.65",True,Australia
006Q800000Fd12G,Synchrotron Upgrades 12_08_24,Government,Government,Closed Lost,"NZD 126,645.96",False,Australia
006Q800000FdDJM,GX Training Cert 12_08_24,Other,Other,Closed Won,"NZD 5,343.96",True,Australia
006Q800000Fdvtp,ICT Access Control System for FRABELLE  MANUFACTURING in Philippines - Onesource (YEM),Heavy Industry,Heavy Industry,Closed Lost,"NZD 11,785.37",False,Asia Pacific
006Q800000FeDZ0,ICT Intrusion Detection System for Maersk Cainta Warehouse in Manila Philippines (LM Tronics) (YEM),Heavy Industry,Heavy Industry,Closed Lost,"NZD 4,852.54",False,Asia Pacific
006Q800000FeI41,LHV Bank - Reader Replacement,Banking & Finance,Banking & Finance,Closed Lost,"NZD 23,488.07",False,EMEA
006Q800000FeIon,186 Pull cords,Healthcare,Healthcare,Closed Lost,"NZD 7,574.71",False,United States
006Q800000FeKgw,Longbow Readers,,Uncategorized,Closed Won,"NZD 6,883.82",True,United States
006Q800000FeMFj,Rolex,Retail,Retail,Closed Lost,"NZD 79,658.90",False,Canada
006Q800000Fejyf,Region of Waterloo - Parkade,Government,Government,Closed Won,"NZD 10,841.51",True,Canada
006Q800000FepET,Bonnell Kits,,Uncategorized,Closed Won,"NZD 7,358.47",True,United States
006Q800000FfIpy,Black Keypad,,Uncategorized,Closed Lost,NZD 225.59,False,Australia
006Q800000FfPMn,GX Training Kit,Training,Training,Closed Won,"NZD 2,900.66",True,Australia
006Q800000FfPUr,ArmorIP Subscription,Other,Other,Closed Won,"NZD 1,850.23",True,Australia
006Q800000Ffc8j,NFR Home Upgrade,Residential,Residential,Closed Won,"NZD 1,251.32",True,Australia
006Q800000FfuiM,GX Training Kit,Training,Training,Closed Won,"NZD 2,900.66",True,Australia
006Q800000FfveP,GX Expansion,Commercial,Commercial,Closed Lost,"NZD 3,424.88",False,Australia
006Q800000FgTt0,Town of  Milton - 2D/12Z/1KP - GX,Government,Government,Closed Won,"NZD 5,385.45",True,Canada
006Q800000FgYXh,RFQ Oasis Project in Indonesia - PT Pilar Cakra Mas (YEM),Commercial,Commercial,Closed Lost,,False,Asia Pacific
006Q800000FgYvt,Toufayan Bakery,Heavy Industry,Heavy Industry,Closed Lost,"NZD 7,352.94",False,United States
006Q800000FgZ7B,Windsor Palms,Multi Family,Multi Family,Closed Lost,"NZD 6,120.00",False,United States
006Q800000FgeBh,August Readers,,Uncategorized,Closed Won,"NZD 2,938.24",True,United States
006Q800000Fh2Z1,ICT GX training,Other,Other,Closed Won,"NZD 2,443.31",True,Australia
006Q800000Fh4ZC,Avian Apartments,Multi Family,Multi Family,Closed Won,"NZD 32,792.47",True,United States
006Q800000Fh50b,Oakridge Centre - Building 7 - Black Circular Reader Covers,Multi Family,Multi Family,Closed Won,"NZD 4,107.83",True,Canada
006Q800000Fh5Ot,INNOVA Apartment Complex - North & South (East & West) Towers - ProtegeGX,Multi Family,Multi Family,Closed Lost,"NZD 164,944.26",False,Canada
006Q800000FhESS,JN17159 14_08_24,Multi Family,Multi Family,Closed Lost,"NZD 2,260.64",False,Australia
006Q800000FhFHh,PO38965 14_08_24,,Uncategorized,Closed Won,"NZD 18,676.22",True,Australia
006Q800000FhKcM,Visitor management system,Multi Family,Multi Family,Closed Lost,"NZD 3,676.47",False,United States
006Q800000FhMnp,Replacement KLCS Keypad,Commercial,Commercial,Closed Lost,NZD 451.18,False,Australia
006Q800000FhPFR,Eagle Rock - Woodbury,Multi Family,Multi Family,Closed Lost,"NZD 216,635.29",False,United States
006Q800000Fhekj,Home WX,Residential,Residential,Closed Won,"NZD 6,103.92",True,Australia
006Q800000Fhfgo,16dllc.com,Commercial,Commercial,Closed Won,"NZD 7,352.94",True,United States
006Q800000Fie9D,Itella logistics HUB - TCV,Transportation,Transportation,Closed Won,"NZD 31,990.78",True,EMEA
006Q800000FifQE,One Time ENTR Price,Multi Family,Multi Family,Closed Won,"NZD 9,303.63",True,Canada
006Q800000Figm5,Swedbank Head Office - Estonia,Banking & Finance,Banking & Finance,Closed Won,"NZD 196,906.94",True,EMEA
006Q800000FijSM,TEG-18446,,Uncategorized,Closed Won,NZD 993.38,True,United States
006Q800000FinKY,20 reader quote,,Uncategorized,Closed Won,"NZD 9,777.06",True,United States
006Q800000FipcT,Q2 Forecasting,Other,Other,Closed Won,"NZD 18,165.18",True,United States
006Q800000FisVV,Tuscany Plaza,Commercial,Retail,Decision,"NZD 36,627.53",False,United States
006Q800000FisYj,Fob quote,,Uncategorized,Closed Won,NZD 77.21,True,United States
006Q800000FitOL,GS1,Commercial,Commercial,Closed Lost,"NZD 15,038.95",False,Canada
006Q800000FiuKP,LONG Office Salto,Retail,Retail,Closed Won,NZD 258.09,True,United States
006Q800000FjIpm,INNOVA - Childcare Center,Healthcare,Healthcare,Closed Lost,"NZD 4,790.47",False,Canada
006Q800000FjJcE,FCC_Eden Park_Greg,Commercial,Commercial,Closed Won,"NZD 13,828.73",True,New Zealand
006Q800000FjTS5,Armstrong Tauranga_7 Door WX_Alroy,Commercial,Commercial,Closed Lost,"NZD 5,229.60",False,New Zealand
006Q800000FjW4j,ArmorIP License,,Uncategorized,Closed Won,"NZD 1,295.16",True,Australia
006Q800000FkB1R,System Upgrade - Revised,Commercial,Commercial,Closed Lost,"NZD 9,716.39",False,Australia
006Q800000FktP4,WX System,,Uncategorized,Closed Won,"NZD 1,980.86",True,Australia
006Q800000Fl58T,Pot Processing Plant,,Industrial - Manufacturing,Closed Won,"NZD 3,996.87",True,Canada
006Q800000Fl5lB,HRDM Quote,,Uncategorized,Closed Won,"NZD 1,211.65",True,United States
006Q800000Fl67n,Office Kit,Commercial,Commercial,Closed Won,"NZD 9,336.91",True,United States
006Q800000Fl6Xa,160 Fobs,Commercial,Commercial,Closed Won,NZD 361.76,True,United States
006Q800000Fl7n2,BRSC,Gaming,Gaming,Closed Lost,"NZD 4,400.17",False,Australia
006Q800000FlA06,PTW - Edmonton,Commercial,Commercial,Closed Lost,"NZD 6,836.08",False,Canada
006Q800000FlUGX,8A PSU,,Uncategorized,Closed Won,"NZD 1,115.29",True,United States
006Q800000FlcMC,SOAP SDK for PCYC,Other,Other,Closed Lost,"NZD 8,334.77",False,Australia
006Q800000Flpsy,4 amp PS,,Uncategorized,Closed Won,NZD 487.26,True,Australia
006Q800000Fm5b3,1D WX CTRL,,Uncategorized,Closed Won,NZD 532.38,True,Australia
006Q800000FmNco,X for High rise building with 2 towers,Multi Family,Multi Family,Closed Lost,NZD 720.00,False,Australia
006Q800000FmQh7,GX Training,Training,Training,Closed Won,"NZD 1,099.49",True,Australia
006Q800000FnP1R,DriftPile Health Centre,Healthcare,Healthcare,Closed Lost,"NZD 11,877.95",False,Canada
006Q800000FnPuH,PSU Replacement,,Uncategorized,Closed Won,NZD 578.62,True,EMEA
006Q800000FnQLi,Intercom for SHOHO from GMS (HUGO),Multi Family,Multi Family,Closed Won,"NZD 9,201.45",True,Canada
006Q800000FnQjt,BSC Boston,Commercial,Commercial,Closed Lost,"NZD 5,346.97",False,United States
006Q800000FnRG9,BSC Worcester,Commercial,Commercial,Proposal,"NZD 3,229.35",False,United States
006Q800000FnRT3,Canadian Tire,Retail,Retail,Closed Lost,"NZD 4,181.01",False,Canada
006Q800000FnUNh,X Site,Commercial,Commercial,Closed Won,NZD 39.71,True,United States
006Q800000FnXIL,PO 527 Grand,Commercial,Commercial,Closed Won,"NZD 11,775.18",True,United States
006Q800000FnsEn,Roman 8-16-24,,Uncategorized,Closed Won,"NZD 5,780.59",True,United States
006Q800000FqlF7,ICT ProtegeWX Access Control for PT. Inti Indah Office Meruya in Indonesia - Habitus (YEM),Residential,Residential,Closed Lost,"NZD 18,539.40",False,Asia Pacific
006Q800000FrLaL,WX and IO84,,Uncategorized,Closed Won,"NZD 1,259.63",True,Australia
006Q800000FrYSt,Replacement HRDM,,Uncategorized,Closed Won,NZD 439.89,True,Australia
006Q800000FrwGZ,National Storage Security,Commercial,Commercial,Closed Lost,"NZD 4,971.84",False,Australia
006Q800000FrzJF,Western Process Controls,Commercial,Commercial,Closed Lost,"NZD 2,005.79",False,Australia
006Q800000Fs18A,ICT ProtegeGX Training/Demo Kit for Customers and Stratel Office System Upgrade,Commercial,Commercial,Closed Won,"NZD 1,812.21",True,Asia Pacific
006Q800000Fs6ZF,X for Retirement Village,Healthcare,Healthcare,Closed Won,"NZD 1,117.92",True,Australia
006Q800000FsKtz,WX for Higgins Coating,Heavy Industry,Heavy Industry,Closed Lost,"NZD 11,871.04",False,Australia
006Q800000FsMZB,X for Higgins Coating,Heavy Industry,Heavy Industry,Closed Won,NZD 318.95,True,Australia
006Q800000FsvdN,PPP Schools Qatar,Education,Education,Closed Lost,"NZD 55,396.38",False,EMEA
006Q800000FtLWD,Supply Inovonics Equip for Convergint Chengdu,Commercial,Commercial,Closed Won,NZD 702.12,True,Asia Pacific
006Q800000FtqYQ,Queens College Nursery - Cambridge Uni,Education,Education,Closed Won,NZD 976.27,True,EMEA
006Q800000FtsLh,Adam Mickiewicz University in Poznan Phase II.,Education,Education,Closed Won,"NZD 11,249.73",True,EMEA
006Q800000FtyVz,KT200 Replacement,Commercial,Commercial,Closed Lost,"NZD 6,574.71",False,Canada
006Q800000Ftzwp,Delta Bingo Laurel,Gaming,Gaming,Closed Won,"NZD 4,075.54",True,United States
006Q800000Fu2OH,Delta Bingo Wayson,Gaming,Gaming,Closed Won,"NZD 3,593.12",True,United States
006Q800000FuLIr,Larken Associates - Trailside at Forks,Residential,Residential,Proposal,"NZD 354,413.03",False,United States
006Q800000FuOqE,Deniliquin Childcare 20_08_24,Education,Education,Closed Lost,"NZD 1,495.43",False,Australia
006Q800000FuPr8,Demo Alarm Keypad,Training,Training,Closed Lost,NZD 417.94,False,United States
006Q800000FuROI,Tk Elevators Turner St Port MEL,Commercial,Critical Infrastructure - Transportation,Closed Won,"NZD 9,396.54",True,Australia
006Q800000FuVYL,Cloud access system,,Uncategorized,Closed Won,"NZD 3,300.35",True,United States
006Q800000Fucl8,Stock Order 240820,,Uncategorized,Closed Won,"NZD 16,266.12",True,Australia
006Q800000FvLVJ,Jackson Homes Project,Residential,Residential,Closed Lost,"NZD 10,980.36",False,New Zealand
006Q800000Fwl5y,Tags,,Uncategorized,Closed Won,NZD 361.76,True,United States
006Q800000FwlE1,Security Concepts_Aperio_Tim,Residential,Residential,Closed Lost,"NZD 2,271.24",False,New Zealand
006Q800000FwreP,PO 78626DSD,,Uncategorized,Closed Won,"NZD 4,069.85",True,United States
006Q800000FwtEn,SenecaPDcards8-20-24,Government,Government,Closed Won,NZD 361.76,True,United States
006Q800000FwuFi,WX 16 Door al-a-carte,,Uncategorized,Closed Won,"NZD 6,440.69",True,United States
006Q800000FwvN3,DM-160824-Shannex-Inaxsys-BVCL-ICT,Multi Family,Multi Family,Closed Lost,"NZD 21,787.91",False,Canada
006Q800000FwzqU,SEFR-9 MTR 130 bit Wiegand Support - Firmware,,Critical Infrastructure - Transportation,Procurement,"NZD 34,981.62",False,OEM
006Q800000Fx01m,PRT-4G-USB Protege DIN Rail Cellular Modem Configuration Guide,Retail,Retail,Closed Won,NZD 513.66,True,United States
006Q800000Fx0bF,Volvo Parts North America,Commercial,Commercial,Closed Lost,"NZD 12,400.76",False,United States
006Q800000FxIP2,Tenancy Portal Pricing,Multi Family,Multi Family,Closed Won,"NZD 1,621.94",True,United States
006Q800000FxIRi,Shannex Nova Scotia,Healthcare,Healthcare,Closed Lost,"NZD 21,508.40",False,Canada
006Q800000FxJIv,Unique Facility Code,Commercial,Commercial,Closed Lost,NZD 184.41,False,United States
006Q800000FxJqn,Hamptons Condo Association,Residential,Residential,Closed Lost,"NZD 11,029.41",False,United States
006Q800000FxL2z,West Village Tower C,Multi Family,Multi Family,Closed Lost,"NZD 161,149.05",False,Canada
006Q800000FxLML,Bonner,Commercial,Commercial,Closed Won,NZD 188.07,True,United States
006Q800000FxLXe,SEFR-8 Pin + n for duress for ICT modules (Greenfields) - Firmware,Commercial,Commercial,Procurement,"NZD 63,602.94",False,OEM
006Q800000FxNJJ,Fort Worth Water Treatment Plant,Government,Government,Closed Lost,"NZD 6,381.91",False,United States
006Q800000FxiM9,Server,,Uncategorized,Closed Won,"NZD 2,888.65",True,United States
006Q800000FxkFt,Chrysalis,Healthcare,Healthcare,Procurement,"NZD 34,893.40",False,United States
006Q800000FzlEH,Kantech/DSC Takeover - 4D/40Z/2KP/Fire,Commercial,Commercial,Closed Lost,"NZD 5,898.77",False,Canada
006Q800000FzpjJ,Reagan CO Isd Cards,,Uncategorized,Closed Won,"NZD 1,535.29",True,United States
006Q800000FztJu,SAAAC 705 PROGRESS AVE.,Government,Government,Closed Lost,"NZD 2,605.73",False,Canada
006Q800000FzuPd,Justin Baptist mobile credentials,,Uncategorized,Closed Won,NZD 13.76,True,United States
006Q800000G0Dwy,4G Router,,Uncategorized,Closed Won,NZD 364.13,True,United States
006Q800000G0IGf,FRANDSEN FINANCIAL - GX CONTROLLER,Banking & Finance,Banking & Finance,Closed Won,NZD 915.00,True,United States
006Q800000G0IdG,Armor IP,Other,Other,Closed Won,"NZD 5,570.59",True,United States
006Q800000G0caM,Service Stock for Office,Commercial,Commercial,Closed Won,"NZD 2,839.71",True,United States
006Q800000G1B8I,Sml Intrusion 22_08_24,,Uncategorized,Closed Won,"NZD 1,517.79",True,Australia
006Q800000G1MtJ,Knox 22_08_24,Healthcare,Healthcare,Closed Lost,"NZD 41,439.22",False,Australia
006Q800000G2kbp,"Stratham, NH Project - MTI Libertyship",Commercial,Commercial,Proposal,"NZD 12,803.65",False,United States
006Q800000G2nLC,Vipond din blanks RZ 08222024,Commercial,Commercial,Closed Lost,NZD 110.90,False,Canada
006Q800000G2neZ,Wings Museum Phase 2,Aviation,Aviation,Proposal,"NZD 8,347.90",False,United States
006Q800000G2nzi,Beachwood,,Uncategorized,Closed Won,"NZD 6,467.65",True,United States
006Q800000G2odp,Wings Museum Phase 1,Aviation,Aviation,Proposal,"NZD 12,984.88",False,United States
006Q800000G2pgL,Powell,,Uncategorized,Closed Won,NZD 996.31,True,United States
006Q800000G2qxN,BSB Cards,Banking & Finance,Banking & Finance,Closed Won,"NZD 4,926.47",True,United States
006Q800000G2rtS,8/22,Residential,Residential,Closed Won,"NZD 2,942.82",True,United States
006Q800000G2sZQ,200 Cards,,Uncategorized,Closed Won,"NZD 1,261.76",True,United States
006Q800000G2sj5,World Wide Sires,Commercial,Commercial,Closed Lost,"NZD 6,053.34",False,United States
006Q800000G2tIY,Willmemg and Pencco,Residential,Residential,Closed Lost,"NZD 18,697.41",False,United States
006Q800000G2uhf,Banco Santander Mexico,,Uncategorized,Proposal,"NZD 22,058.82",False,United States
006Q800000G2vgv,SIP LINE for SHOHO from GMS,Multi Family,Multi Family,Closed Won,NZD 672.50,True,Canada
006Q800000G2w1t,The Bluffs Multifamily - Forward Communications - New Construction,Multi Family,Multi Family,Proposal,"NZD 10,798.06",False,United States
006Q800000G2xpB,Kaba System Replacement,Commercial,Commercial,Closed Won,"NZD 2,012.65",True,United States
006Q800000G2y3h,Armatech,Commercial,Commercial,Closed Lost,"NZD 35,330.65",False,Canada
006Q800000G3Hr7,Staples Client TD,Retail,Retail,Closed Lost,NZD 808.77,False,Canada
006Q800000G3Jxm,Folino,Commercial,Commercial,Closed Won,"NZD 27,960.74",True,United States
006Q800000G3RAX,WX Project - Six Door Kit,,Uncategorized,Closed Won,"NZD 4,147.64",True,Canada
006Q800000G3SUn,ProtegeWX 8 Door Kit Project,Multi Family,Multi Family,Closed Won,"NZD 4,274.62",True,Canada
006Q800000G3UQ9,Maxtech WX 44DR,Commercial,Commercial,Closed Lost,"NZD 40,496.47",False,United States
006Q800000G4OcQ,Billy Button 3_3_25,Education,Education,Closed Won,"NZD 21,920.59",True,Australia
006Q800000G5pFB,Luis Rostran Output Expander Quote,,Uncategorized,Closed Won,NZD 450.00,True,United States
006Q800000G5qw1,2D,,Uncategorized,Closed Won,"NZD 1,440.88",True,United States
006Q800000G5vCX,August readers,,Uncategorized,Closed Won,"NZD 1,562.94",True,United States
006Q800000G5vUH,Generic Salto Integration,Commercial,Commercial,Closed Lost,"NZD 4,663.85",False,Canada
006Q800000G5wNA,Kuwait Embassy,Government,Government,Closed Lost,"NZD 11,608.66",False,Canada
006Q800000G5xSr,Autoshack,Commercial,Commercial,Closed Lost,"NZD 22,968.21",False,Canada
006Q800000G5xhO,Royal Conservatory of Music,Education,Education,Closed Won,"NZD 2,879.81",True,Canada
006Q800000G5yFF,Bayswater,Multi Family,Multi Family,Proposal,"NZD 53,718.95",False,Canada
006Q800000G60Dq,8 Door kit exchange - original PO# Avian SO60230,Multi Family,Multi Family,Closed Won,"NZD 5,673.00",True,United States
006Q800000G60qX,Kolter Solana Bay,Residential,Residential,Closed Lost,"NZD 61,616.05",False,United States
006Q800000G62E2,WX Project,Commercial,Commercial,Closed Lost,"NZD 5,559.18",False,United States
006Q800000G6HY3,Summer Gate HOA,Multi Family,Multi Family,Closed Won,"NZD 3,545.15",True,United States
006Q800000G6Jd3,565,Residential,Residential,Closed Won,"NZD 14,664.53",True,United States
006Q800000G6Jpx,TSEC,,Uncategorized,Closed Won,NZD 307.99,True,United States
006Q800000G9oAr,Direct Control_Freightways_Jason,Transportation,Transportation,Procurement,"NZD 36,701.87",False,New Zealand
006Q800000GA0aP,Landmark Apartments - Sussex St,Multi Family,Multi Family,Closed Lost,"NZD 16,610.86",False,Australia
006Q800000GA4M5,1 Door WX,Commercial,Commercial,Closed Won,"NZD 1,671.90",True,Australia
006Q800000GAEWk,Sirras SE Upgrade,,Uncategorized,Closed Won,"NZD 1,867.50",True,Australia
006Q800000GCPW5,KBIPharmaICTreader,Healthcare,Healthcare,Closed Won,NZD 200.82,True,United States
006Q800000GCQ5Z,Viop,Residential,Residential,Closed Won,NZD 831.71,True,United States
006Q800000GCQFF,China Lake,Government,Government,Closed Lost,"NZD 3,285.13",False,United States
006Q800000GCRCv,BOLD,Multi Family,Multi Family,Closed Lost,"NZD 15,731.30",False,Canada
006Q800000GCRKz,Terminal City Club Tower,,Critical Infrastructure - Transportation,Closed Won,"NZD 108,530.98",True,Canada
006Q800000GCofl,Office GX,Commercial,Commercial,Closed Won,"NZD 2,888.65",True,United States
006Q800000GCuRp,422 Lakewood Drive - Vancouver,Multi Family,Multi Family,Proposal,"NZD 17,355.45",False,Canada
006Q800000GCuq1,Evotek_Wireless Doors_Louis,Commercial,Commercial,Closed Lost,"NZD 4,155.15",False,New Zealand
006Q800000GD5FK,Toowoomba Council Tender Response,Government,Government,Closed Lost,"NZD 3,152.68",False,Australia
006Q800000GD97V,Macaulay Rd 27_08_24,Residential,Residential,Closed Lost,"NZD 14,519.16",False,Australia
006Q800000GDF3G,Toowoomba-Council-Tender Response,Government,Government,Closed Lost,"NZD 3,502.98",False,Australia
006Q800000GEG3h,Republic Stage 1A/1B Database merge,Multi Family,Multi Family,Closed Lost,"NZD 4,736.84",False,Australia
006Q800000GEQiz,Saudi 7 sites,Commercial,Commercial,Closed Lost,"NZD 161,639.39",False,EMEA
006Q800000GEWJn,Entry / Exit 14,Commercial,Commercial,Closed Lost,"NZD 6,500.03",False,EMEA
006Q800000GF8or,Almac - GH-24-P225,Healthcare,Healthcare,Closed Won,"NZD 1,219.00",True,EMEA
006Q800000GFMrp,Circuit Fabricator,Commercial,Commercial,Closed Lost,"NZD 7,352.94",False,United States
006Q800000GFOgk,Seagraves ISD,Education,Education,Closed Won,"NZD 40,966.06",True,United States
006Q800000GFQ93,Room Controllers - Order 4,Multi Family,Multi Family,Closed Lost,"NZD 831,707.32",False,Canada
006Q800000GFQqb,HCI Irvine - Key Fobs 082624,Commercial,Commercial,Closed Won,NZD 661.76,True,United States
006Q800000GFUXd,MDU Opportunity Ottawa - Colonnade project,Multi Family,Multi Family,Closed Lost,"NZD 60,257.26",False,Canada
006Q800000GFo05,Credential Quote 8.27,Commercial,Commercial,Closed Won,NZD 127.94,True,United States
006Q800000GFoUk,Kentucky FCU adds,,Uncategorized,Closed Won,"NZD 3,533.24",True,United States
006Q800000GFp7R,CMG Financial Office,Banking & Finance,Banking & Finance,Closed Won,"NZD 6,541.94",True,United States
006Q800000GFqRi,Pyramid Rehab adds,,Uncategorized,Closed Won,"NZD 4,056.91",True,United States
006Q800000GFuYX,Gallagher Bassett 28_08_24,Commercial,Commercial,Closed Lost,"NZD 21,806.49",False,Australia
006Q800000GFxef,Protege X Pricing - Law Firm,Commercial,Commercial,Closed Lost,NZD 366.31,False,Australia
006Q800000GFyNd,Esquimalt North & South - ProtegeGX Project,Multi Family,Multi Family,Closed Won,"NZD 45,837.31",True,Canada
006Q800000GGOmk,Tully Nursing home,Healthcare,Healthcare,Closed Lost,"NZD 12,458.77",False,Australia
006Q800000GGTCv,240 Queen St - L25 GX,Commercial,Commercial,Closed Lost,NZD 391.48,False,Australia
006Q800000GGUNV,Moco Foods Outputs for Signage,Commercial,Commercial,Closed Lost,"NZD 2,478.96",False,Australia
006Q800000GGj9g,Sparkle Helmore Tenancy,Commercial,Commercial,Closed Lost,"NZD 13,213.65",False,Australia
006Q800000GGn3Z,Indala Migration Reader,Commercial,Commercial,Closed Won,"NZD 2,730.59",True,Australia
006Q800000GH78j,Carlisle,Commercial,Commercial,Closed Lost,NZD 934.38,False,Australia
006Q800000GIG0I,Quotation for AFx Enterprise System Equipment,Commercial,Commercial,Closed Won,"NZD 10,651.11",True,Asia Pacific
006Q800000GIGgD,Quotation for AFx Enterprise 2 Door SME Kit,Commercial,Commercial,Closed Won,"NZD 1,409.95",True,Asia Pacific
006Q800000GIRVB,Entry Station,Multi Family,Multi Family,Closed Won,"NZD 18,165.17",True,Canada
006Q800000GITbp,Site Code,Education,Education,Closed Won,NZD 147.06,True,United States
006Q800000GIXCR,Ace Electrical - Salto,Commercial,Commercial,Closed Lost,"NZD 18,489.71",False,United States
006Q800000GIXCX,Credentials,Commercial,Commercial,Closed Won,NZD 300.00,True,United States
006Q800000GIa3p,SPE/MTS,,Uncategorized,Closed Won,"NZD 21,023.82",True,United States
006Q800000GIaJx,NPHA,Residential,Residential,Closed Won,"NZD 36,312.00",True,United States
006Q800000GIb4k,Data Link RFQ Graybar,,Uncategorized,Closed Won,"NZD 1,968.62",True,United States
006Q800000GIlH2,Managed Services,Banking & Finance,Banking & Finance,Working,"NZD 1,238.82",False,United States
006Q800000GIxS2,10 Door system,Commercial,Commercial,Closed Lost,"NZD 10,774.06",False,United States
006Q800000GIzlN,Villas on McQueen,Multi Family,Multi Family,Closed Won,"NZD 44,325.36",True,United States
006Q800000GJ0Cp,Vertu Shops,Multi Family,Multi Family,Closed Won,"NZD 14,729.84",True,Canada
006Q800000GJokg,DA NANG CITY HISTORICAL ARCHIVES CENTER BUILDING Project in Vietnam by 3AHOME  (YEM),Residential,Residential,Closed Lost,"NZD 52,171.95",False,Asia Pacific
006Q800000GJxPm,Daysafe  Training Karratha,Commercial,Commercial,Closed Lost,"NZD 5,396.85",False,Australia
006Q800000GK6Hu,LCD Keypad,Commercial,Commercial,Closed Lost,NZD 233.11,False,Australia
006Q800000GK7wz,Supply Only PRX-DISC-20 for RFQ: PJ-JA24-027,Commercial,Commercial,Closed Won,,True,Asia Pacific
006Q800000GKDSv,Emergency WX,,Uncategorized,Closed Won,NZD 829.77,True,Australia
006Q800000GL5rW,Oasis Project in Indonesia,Commercial,Commercial,Closed Lost,,False,Asia Pacific
006Q800000GLTDt,Peter Pond Mall - WX,Retail,Retail,Closed Lost,"NZD 5,182.48",False,Canada
006Q800000GLUJd,Peter Pond Mall - GX,Retail,Retail,Closed Lost,"NZD 11,192.45",False,Canada
006Q800000GLVcR,Amarok,Commercial,Commercial,Closed Won,"NZD 1,984.56",True,United States
006Q800000GLaFN,Burnsville Luther Salto Order,Transportation,Transportation,Closed Won,"NZD 22,598.53",True,United States
006Q800000GLeqv,PRT-GX-SRVR-ANS-T1,Heavy Industry,Heavy Industry,Closed Lost,"NZD 3,208.76",False,United States
006Q800000GLftN,Wireless Lock Construction Cards,Multi Family,Multi Family,Closed Won,NZD 768.84,True,Canada
006Q800000GLgHa,Arcadia District Condos,Residential,Residential,Closed Lost,"NZD 60,371.05",False,Canada
006Q800000GLyw1,Tempe Apartments - B&W - Retrofit - 150 Units,Multi Family,Multi Family,Closed Won,"NZD 92,028.26",True,United States
006Q800000GM23Z,Luminor Bank,Banking & Finance,Banking & Finance,Closed Won,"NZD 33,496.66",True,EMEA
006Q800000GM2LJ,Neste Petrol Stations - Phase 1,Retail,Retail,Closed Won,"NZD 14,711.06",True,EMEA
006Q800000GM4wc,PO68507 30_08_24,,Uncategorized,Closed Won,"NZD 3,522.76",True,Australia
006Q800000GMMn7,Ashvale Station,Other,Other,Closed Lost,"NZD 31,546.36",False,Australia
006Q800000GN0Xa,AD Pricing Hume IT,Education,Education,Closed Lost,"NZD 8,415.68",False,Australia
006Q800000GN2uM,Neste Petrol Stations - Phase 3,Retail,Retail,Closed Won,"NZD 17,213.16",True,EMEA
006Q800000GN9Xd,ICT ProtegeGX Training/Demo Kit and Tech Training Course (Web Based) for JID SECURITY SOLUTIONS (YEM),Education,Education,Closed Lost,,False,Asia Pacific
006Q800000GNGCX,Neste Petrol Stations - Phase 2,Retail,Retail,Closed Won,"NZD 14,711.06",True,EMEA
006Q800000GNMTs,Cultural Institutions - Access Control,Government,Government,Closed Lost,"NZD 61,919.17",False,Australia
006Q800000GOBsL,Mine access and Intruder,Heavy Industry,Heavy Industry,Closed Lost,"NZD 148,395.62",False,EMEA
006Q800000GOSy1,Social Protection Fund - HQ,Government,Government,Closed Lost,"NZD 169,656.88",False,EMEA
006Q800000GOcz3,Securitas Stocking Order - December 24,Commercial,Commercial,Closed Won,"NZD 79,326.25",True,EMEA
006Q800000GP1XZ,Station Park Intercoms,Multi Family,Multi Family,Closed Lost,"NZD 37,877.13",False,Canada
006Q800000GTsVM,ESSCOR_REQUEST FOR QUOTATIONPJ-DL24-015,Commercial,Commercial,Closed Won,NZD 418.16,True,Asia Pacific
006Q800000GUB6T,Mortlake 02_09_24,Multi Family,Multi Family,Closed Won,"NZD 7,683.90",True,Australia
006Q800000GUi41,New AFx Enterprise System (Hardware) for General Re-Insurance in Singapore,Banking & Finance,Banking & Finance,Closed Won,"NZD 2,253.13",True,Asia Pacific
006Q800000GViJn,Cloud Migration,Critical Infrastructure,Critical Infrastructure,Closed Won,"NZD 6,315.79",True,Australia
006Q800000GWY3m,399 Montague Road West End,Commercial,Commercial,Closed Won,"NZD 77,143.61",True,Australia
006Q800000GWclt,Tighten Factory WX 03.09.24,Other,Other,Closed Lost,"NZD 2,860.97",False,Australia
006Q800000GWorh,Waterpoint Apartments upgrade,Multi Family,Multi Family,Closed Won,"NZD 58,089.26",True,Australia
006Q800000GXw5g,Toll GX Training Kit 03_09_24,Commercial,Commercial,Closed Won,"NZD 2,436.55",True,Australia
006Q800000GYNU1,BSC Boston - ICT X,Commercial,Commercial,Closed Won,"NZD 2,552.82",True,United States
006Q800000GYNoz,WX parts,Commercial,Commercial,Closed Lost,"NZD 1,528.41",False,United States
006Q800000GYTJJ,Lighthouse-,Education,Education,Closed Lost,NZD 383.82,False,United States
006Q800000GYV50,WX Test equipment,Residential,Residential,Closed Lost,"NZD 3,447.94",False,United States
006Q800000GYVg5,FMPA Cane Island,Commercial,Commercial,Closed Lost,"NZD 65,809.71",False,United States
006Q800000GYXI8,GX Training,Other,Other,Closed Won,"NZD 2,926.47",True,United States
006Q800000GYY2s,GX Training,Other,Other,Closed Won,"NZD 2,926.47",True,United States
006Q800000GYYcL,Tags,Commercial,Commercial,Closed Won,NZD 361.76,True,United States
006Q800000GYYvj,Kantech Replacement,Commercial,Commercial,Closed Lost,"NZD 25,912.44",False,Canada
006Q800000GYZ5O,GX Training,Other,Other,Closed Won,"NZD 1,463.24",True,United States
006Q800000GYaiz,TSL Readers,Banking & Finance,Banking & Finance,Closed Lost,"NZD 1,318.04",False,Canada
006Q800000GYbDd,GX Training,Other,Other,Closed Won,"NZD 1,463.24",True,United States
006Q800000GZ0VP,OCR Intercom Replacement,Retail,Retail,Closed Won,"NZD 1,497.57",True,United States
006Q800000GZ49B,Bluetooth readers and Mobile Credentials 04_09_24,Commercial,Commercial,Closed Won,"NZD 1,827.85",True,Australia
006Q800000GZ6pO,Service NSW Rollout,Government,Government,Closed Lost,"NZD 52,631.58",False,Australia
006Q800000GZDXR,Rick's Cabaret,Other,Other,Closed Won,"NZD 1,579.41",True,United States
006Q800000GZEZy,Service NSW Rollout Stage 2,Government,Government,Closed Lost,"NZD 52,631.58",False,Australia
006Q800000GZEfG,Service NSW Rollout Stage 4,Government,Government,Closed Lost,"NZD 52,631.58",False,Australia
006Q800000GZFMM,Service NSW Rollout Stage 3,Government,Government,Closed Lost,"NZD 52,631.58",False,Australia
006Q800000GZHRN,Service NSW Panic Fobs,Government,Government,Closed Lost,"NZD 211,588.84",False,Australia
006Q800000GanM1,Sabah Airport,Aviation,Aviation,Closed Won,"NZD 47,728.15",True,EMEA
006Q800000GbGXd,ProtegeGX Installer (L1) Tech Training Course for Song Nam Group,Commercial,Commercial,Closed Won,,True,Asia Pacific
006Q800000GbHYY,East of England Ambulance Service Stock - PRX-TSEC-STD-DF-KP-B,Healthcare,Healthcare,Closed Won,"NZD 21,177.80",True,EMEA
006Q800000GbLFZ,Farmers Merchants State Bank,Banking & Finance,Banking & Finance,Closed Won,"NZD 8,492.03",True,United States
006Q800000GbRJO,Multifamily Opp,Multi Family,Multi Family,Closed Lost,"NZD 58,823.53",False,United States
006Q800000GbRrF,US Courthouse,Government,Government,Closed Lost,"NZD 12,776.34",False,United States
006Q800000GbS5l,Urban Edge,Multi Family,Multi Family,Closed Lost,"NZD 47,088.65",False,United States
006Q800000Gbmu5,Q55585,Healthcare,Healthcare,Closed Won,"NZD 1,836.68",True,EMEA
006Q800000GbnBp,Legacy Heights,Multi Family,Multi Family,Closed Lost,"NZD 144,415.76",False,United States
006Q800000Gbokb,MDU Opportunity Ottawa - Colonnade project with Mortise,Multi Family,Multi Family,Closed Lost,"NZD 109,077.16",False,Canada
006Q800000GbplW,ProtegeGX Partner Training Pack,Other,Other,Closed Won,"NZD 6,414.95",True,Canada
006Q800000GbtHG,Replacement Telephone Entry Station,Residential,Residential,Closed Lost,"NZD 8,967.38",False,Canada
006Q800000GbvCd,Deniliquin ELC 05_09_24,Education,Education,Closed Lost,"NZD 1,660.15",False,Australia
006Q800000GbvO2,Cobram PS 05_09_24,Education,Education,Closed Won,"NZD 5,866.09",True,Australia
006Q800000GbwWr,Numurkah SES 05_09_24,Government,Government,Closed Lost,"NZD 1,960.17",False,Australia
006Q800000Gc3wY,O'Loughlin Excavation 05_09_24,Commercial,Commercial,Closed Lost,"NZD 2,525.76",False,Australia
006Q800000Ge9Un,Mt Sinai,Healthcare,Healthcare,Proposal,"NZD 12,347.37",False,Canada
006Q800000GeAXJ,site code,Banking & Finance,Banking & Finance,Closed Won,NZD 165.97,True,United States
006Q800000GeBWb,ICT ProtegeGX Training/Demo Kit and Tech Training Course (Web Based) for i3 Technologies Corp (YEM),Commercial,Commercial,Closed Won,"NZD 3,762.51",True,Asia Pacific
006Q800000GeKzi,Student Transit Credentials - Goodland Communications,Education,Education,Closed Won,"NZD 2,349.26",True,United States
006Q800000GePg3,State Bank & Trust Bowling Green,Banking & Finance,Banking & Finance,Closed Won,"NZD 6,829.42",True,United States
006Q800000Gegli,FRANDSEN FINANCIAL - GX CONTROLLER,Banking & Finance,Banking & Finance,Closed Won,NZD 993.68,True,United States
006Q800000Gei7a,State Bank & Trust Lyons,Banking & Finance,Banking & Finance,Closed Won,"NZD 3,981.41",True,United States
006Q800000GeiE3,State Bank & Trust Defiance Main,Banking & Finance,Banking & Finance,Closed Won,"NZD 17,297.05",True,United States
006Q800000Gej6r,State Bank & Trust Archbold Dr,Banking & Finance,Banking & Finance,Closed Won,"NZD 3,701.21",True,United States
006Q800000GejOc,State Bank & Trust Delta,Banking & Finance,Banking & Finance,Closed Won,"NZD 6,337.97",True,United States
006Q800000GejwU,State Bank & Trust Luckey,Banking & Finance,Banking & Finance,Closed Won,"NZD 5,511.18",True,United States
006Q800000Gek2z,State Bank & Trust Lima Main,Banking & Finance,Banking & Finance,Closed Won,"NZD 5,575.31",True,United States
006Q800000GekEF,Brentwood by SHAPE - Tower 6,Multi Family,Multi Family,Decision,"NZD 294,781.35",False,Canada
006Q800000GekPW,State Bank & Trust Findlay Main,Banking & Finance,Banking & Finance,Closed Won,"NZD 9,110.77",True,United States
006Q800000GekUL,State Bank & Trust Dublin,Banking & Finance,Banking & Finance,Closed Won,"NZD 15,533.16",True,United States
006Q800000Gekqv,State Bank & Trust Edon,Banking & Finance,Banking & Finance,Closed Won,"NZD 5,952.15",True,United States
006Q800000GekxX,State Bank & Trust Northtown,Banking & Finance,Banking & Finance,Closed Won,"NZD 6,325.25",True,United States
006Q800000GelNB,San Isabel Expansion,Heavy Industry,Heavy Industry,Decision,"NZD 22,472.71",False,United States
006Q800000Gelda,State Bank & Trust Motor,Banking & Finance,Banking & Finance,Closed Won,"NZD 6,268.65",True,United States
006Q800000GellN,TSGT Card Quote,Heavy Industry,Heavy Industry,Closed Won,"NZD 4,433.82",True,United States
006Q800000Gelmz,State Bank & Trust Gahanna,Banking & Finance,Banking & Finance,Closed Won,"NZD 6,156.89",True,United States
006Q800000Gemfp,Brentwood by SHAPE - Tower 5,Multi Family,Multi Family,Decision,"NZD 219,094.24",False,Canada
006Q800000GenDh,Willmar Public Schools - Client Licenses,Education,Education,Closed Won,"NZD 8,122.06",True,United States
006Q800000GenLl,Automan Hiram,Commercial,Commercial,Closed Won,"NZD 37,624.24",True,United States
006Q800000GennH,State Bank & Trust Downtown Findlay,Banking & Finance,Banking & Finance,Closed Won,NZD 236.23,True,United States
006Q800000GepAl,State Bank & Trust Pioneer,Banking & Finance,Banking & Finance,Closed Won,"NZD 5,075.38",True,United States
006Q800000Geq5W,State Bank & Trust Paulding,Banking & Finance,Banking & Finance,Closed Won,"NZD 4,325.44",True,United States
006Q800000GeslG,State Bank & Trust Montpelier,Banking & Finance,Banking & Finance,Closed Won,"NZD 4,325.44",True,United States
006Q800000Getfi,State Bank & Trust Oakwood,Banking & Finance,Banking & Finance,Closed Won,"NZD 4,555.31",True,United States
006Q800000Getnm,DHA Townsville Door Licenses,Government,Government,Closed Won,NZD 607.17,True,Australia
006Q800000Getr0,State Bank & Trust Sylvania,Banking & Finance,Banking & Finance,Closed Won,"NZD 4,845.52",True,United States
006Q800000GeuNF,AlphaNZ_Alarm 1 Door_Aidan,Retail,Retail,Closed Lost,"NZD 3,570.52",False,New Zealand
006Q800000GeuYX,State Bank & Trust Walbridge,Banking & Finance,Banking & Finance,Closed Won,"NZD 5,081.74",True,United States
006Q800000GewCG,Billy Button,Education,Education,Closed Lost,"NZD 20,502.20",False,Australia
006Q800000GfDWS,Motorola_Vandal Plate FY25_Brent,Other,Other,Closed Lost,NZD 253.22,False,New Zealand
006Q800000GfF8M,Cabinet Locks,Residential,Residential,Closed Lost,NZD 58.14,False,Australia
006Q800000GfVzV,LCNB Tyler,Banking & Finance,Banking & Finance,Closed Lost,"NZD 1,470.59",False,United States
006Q800000GfpS0,GX Lvl 1 Training 06_09_24,Other,Other,Closed Won,"NZD 5,130.94",True,Australia
006Q800000Gg2sE,Apartment Tender - Gavin,Multi Family,Multi Family,Closed Lost,"NZD 18,830.92",False,Australia
006Q800000GhGmf,LunarX Office access and intruder.,Other,Other,Closed Lost,"NZD 24,614.40",False,EMEA
006Q800000GhRjh,MTO Arnprior,Commercial,Commercial,Closed Lost,"NZD 2,474.22",False,Canada
006Q800000GhV90,Altronix Can,Education,Education,Closed Won,"NZD 1,795.10",True,United States
006Q800000GhWwH,Cité Midtown Mortises,Multi Family,Multi Family,Closed Lost,"NZD 88,784.12",False,Canada
006Q800000GhXNj,Pyramid Parsippany,Healthcare,Healthcare,Closed Won,"NZD 1,580.88",True,United States
006Q800000GhYgL,Expansion,Multi Family,Multi Family,Closed Lost,"NZD 15,618.83",False,Canada
006Q800000GhZe2,stivers building,Commercial,Commercial,Closed Won,"NZD 2,195.74",True,United States
006Q800000GhZpJ,SESCO,Commercial,Commercial,Closed Won,"NZD 1,180.32",True,United States
006Q800000GhZpK,2024-11719,Banking & Finance,Banking & Finance,Closed Won,"NZD 3,972.94",True,United States
006Q800000GhaDV,2024-11715,Banking & Finance,Banking & Finance,Closed Won,"NZD 4,508.82",True,United States
006Q800000GhaQP,Yacht Club - Access 14D,Multi Family,Multi Family,Closed Lost,"NZD 27,612.96",False,Canada
006Q800000GhaVF,2024-11717,Banking & Finance,Banking & Finance,Closed Won,"NZD 4,098.68",True,United States
006Q800000GhatR,2024-11713,Banking & Finance,Banking & Finance,Closed Won,"NZD 4,183.68",True,United States
006Q800000GhbJF,(REWORK)POFS-005341-COSS SO61,Heavy Industry,Heavy Industry,Closed Won,"NZD 6,318.26",True,United States
006Q800000GhcFK,41 River,Multi Family,Multi Family,Closed Lost,"NZD 57,303.87",False,Canada
006Q800000GlPZd,WX Apartments  and Lifts - LLI,Multi Family,Multi Family,Closed Won,"NZD 18,080.32",True,Australia
006Q800000Glb9P,Milestone Integration,Government,Government,Closed Lost,"NZD 19,718.63",False,Australia
006Q800000GnVRF,restocking Sep24,Other,Other,Closed Won,"NZD 3,055.56",True,EMEA
006Q800000Gni6k,Addenbrookes Hospital - Hardware,Healthcare,Healthcare,Closed Won,"NZD 4,049.36",True,EMEA
006Q800000GnjIv,Sydney Sussex College - Additional Reader,Education,Education,Closed Won,NZD 339.62,True,EMEA
006Q800000GnjsP,Addenbrookes Hospital - Software,Healthcare,Healthcare,Closed Won,NZD 349.75,True,EMEA
006Q800000Gnp9p,Atria,Multi Family,Multi Family,Closed Lost,"NZD 180,412.77",False,Canada
006Q800000Gnry1,HW 6 w48th St 11th Floor,Commercial,Commercial,Closed Won,"NZD 9,856.18",True,United States
006Q800000Gnti5,9/9 quote for Raine,Commercial,Commercial,Closed Won,"NZD 15,260.65",True,United States
006Q800000GnvK5,Seagraves ISD,Education,Education,Closed Won,"NZD 7,222.76",True,United States
006Q800000Go1Ki,WX 2D for 1 door,Commercial,Commercial,Closed Lost,"NZD 1,624.59",False,United States
006Q800000Go25R,DF Credentials,Other,Other,Closed Won,"NZD 3,132.35",True,United States
006Q800000Go2VF,WX for 6 doors,Commercial,Commercial,Closed Lost,"NZD 5,933.29",False,United States
006Q800000Go2yH,WX 4D for 1 door,Commercial,Commercial,Closed Lost,"NZD 2,798.82",False,United States
006Q800000Go3Xl,Parts Quote - Readers,Multi Family,Multi Family,Closed Won,"NZD 15,731.53",True,Canada
006Q800000GoHZ8,Woodward Academy - Phase 1,Education,Education,Closed Won,"NZD 18,267.88",True,United States
006Q800000GoM2X,Air Base Dorms,Government,Government,Closed Lost,"NZD 443,700.59",False,United States
006Q800000GoMlh,Sugar Bear,Commercial,Commercial,Closed Won,"NZD 8,189.41",True,United States
006Q800000GoMtm,EPCU controllers,Banking & Finance,Banking & Finance,Closed Lost,"NZD 9,936.76",False,United States
006Q800000GoPdK,MFR HQ ESS RENOVATION PROJECT,Government,Government,Working,"NZD 71,457.74",False,United States
006Q800000GoQap,Teller County WX,Government,Government,Closed Won,"NZD 24,721.24",True,United States
006Q800000GoTqQ,SE to GX Upgrade,Commercial,Commercial,Closed Lost,"NZD 3,081.63",False,Australia
006Q800000GpQTu,Test,Commercial,Commercial,Closed Lost,"NZD 3,336.33",False,Australia
006Q800000GqfU8,Irene street Apartments Social housing,Multi Family,Multi Family,Closed Lost,"NZD 12,018.71",False,Australia
006Q800000Gqhqr,Quote for ICT Equipment,Commercial,Commercial,Closed Won,,True,Asia Pacific
006Q800000GqigT,Roosikrantsi 2 Office Building,Commercial,Commercial - Office,Closed Lost,"NZD 75,125.53",False,EMEA
006Q800000Gqimv,Driscoll Photo ID,Healthcare,Healthcare,Closed Lost,"NZD 1,103.40",False,United States
006Q800000Gqj6H,Driscoll Edinburg MOB Suite 402,Healthcare,Healthcare,Closed Won,"NZD 9,111.07",True,United States
006Q800000GqjSr,Driscoll Edinburg MOB Suite 302,Healthcare,Healthcare,Closed Won,"NZD 9,111.07",True,United States
006Q800000GqjmE,Onni Halsted Pointe,Residential,Residential,Closed Lost,"NZD 418,284.39",False,United States
006Q800000GqkDd,PRX-TSEC-STD,Commercial,Commercial,Closed Won,NZD 410.65,True,United States
006Q800000GqkyR,4G,Commercial,Commercial,Closed Won,NZD 436.60,True,United States
006Q800000Gql3F,Denver_GX_Training_10/8,Other,Other,Closed Lost,"NZD 1,463.24",False,United States
006Q800000GqosM,Raglan House,Multi Family,Multi Family,Closed Lost,"NZD 287,635.64",False,Canada
006Q800000GqqkT,KC existing multifamily,Multi Family,Multi Family,Closed Lost,"NZD 7,352.94",False,United States
006Q800000Gqqnh,KC Multifamily new construction,Multi Family,Multi Family,Closed Lost,"NZD 29,411.76",False,United States
006Q800000GqtX3,NSCC-100924-Halifax-Convergint,Commercial,Commercial,Closed Won,"NZD 10,233.15",True,Canada
006Q800000GrEMz,WX Upgrade - RainTech,Commercial,Commercial,Closed Won,"NZD 1,070.28",True,United States
006Q800000GrJxp,Visitor Management,Government,Government,Proposal,"NZD 4,502.38",False,Australia
006Q800000GrKc6,REO Plastics,Heavy Industry,Heavy Industry,Closed Won,NZD 331.62,True,United States
006Q800000GrQj7,39 Griffith Street Apartments,Multi Family,Multi Family,Closed Lost,"NZD 13,509.81",False,Australia
006Q800000GrWrl,24 Door WX,Government,Government,Proposal,"NZD 25,739.12",False,United States
006Q800000Grbug,Reader expander,Other,Other,Closed Won,NZD 488.76,True,Australia
006Q800000Gs1qw,Quote for ESSCOR_REQUEST FOR QUOTATION_GC,Commercial,Commercial,Closed Won,,True,Asia Pacific
006Q800000GsNUf,USB RS 485 Converter,Commercial,Commercial,Closed Won,NZD 219.11,True,Australia
006Q800000GszLS,Gleacher - Readers and Mobile Credentials,Banking & Finance,Banking & Finance,Closed Lost,"NZD 2,829.70",False,EMEA
006Q800000Gt8gT,Gleacher - iSales Hardware,Banking & Finance,Banking & Finance,Closed Lost,"NZD 1,908.17",False,EMEA
006Q800000GtGan,Bandar Al Khairan Hotel,Multi Family,Multi Family,Closed Lost,"NZD 22,162.54",False,EMEA
006Q800000GtQlR,Additional Door License - Islington Council  50 Isledon Road Project,Government,Government,Closed Won,NZD 489.90,True,EMEA
006Q800000GtelC,Oneida,Other,Other,Closed Lost,"NZD 6,532.74",False,Canada
006Q800000GtiC8,MN Adult & Teen Challenge - 50 Door Licenses,Healthcare,Healthcare,Closed Won,"NZD 1,351.24",True,United States
006Q800000GtkDt,18 Kenaston Gardens,Multi Family,Multi Family,Closed Lost,"NZD 44,429.32",False,Canada
006Q800000GtkSP,Output Expanders- Waverly,Multi Family,Multi Family,Closed Won,"NZD 5,400.00",True,United States
006Q800000Gtluj,Westchester TWC93,Multi Family,Multi Family,Working,"NZD 9,882.77",False,United States
006Q800000GtmxF,Professional Services - R&D - CondoPlex Cards and Card Reader Testing,Other,Other,Closed Won,NZD 872.09,True,Canada
006Q800000Gu8w9,Three Rivers - Credentials,Government,Government,Closed Won,"NZD 1,764.71",True,United States
006Q800000GuBNt,Cemplex Group,Retail,Retail,Closed Won,"NZD 2,068.76",True,United States
006Q800000GuJd3,Bulk RDMs,Commercial,Commercial,Closed Won,"NZD 24,375.13",True,Australia
006Q800000GuKR3,MA Macquarie Referb.,Education,Education,Closed Won,"NZD 14,870.84",True,Australia
006Q800000GvTyX,Professional Services,Religious,Religious,Closed Won,"NZD 6,380.00",True,EMEA
006Q800000GwWZP,EEAST Ipswich Hub - Specials,Healthcare,Healthcare,Closed Won,"NZD 1,234.13",True,EMEA
006Q800000GwZlm,EEAST Ipswich Hub - iSales Hardware,Healthcare,Healthcare,Closed Won,"NZD 24,692.79",True,EMEA
006Q800000GwiST,L&B,Commercial,Commercial,Closed Lost,"NZD 1,453.24",False,United States
006Q800000GwlOj,Driscoll Cafeteria,Education,Education,Closed Won,"NZD 5,970.57",True,United States
006Q800000Gwlwc,Securitas Stocking Order - September 24,Commercial,Commercial,Closed Won,"NZD 28,646.26",True,EMEA
006Q800000GwmUT,La Amistad- Winter Park,Healthcare,Healthcare,Closed Lost,"NZD 41,728.24",False,United States
006Q800000Gwmnp,Planet Innovation,Commercial,Commercial,Closed Lost,"NZD 12,663.87",False,United States
006Q800000GwnAQ,USB Encoder- Waverly,Multi Family,Multi Family,Closed Lost,NZD 771.53,False,United States
006Q800000Gwo3G,9.12,Commercial,Commercial,Closed Won,NZD 220.59,True,United States
006Q800000Gwob7,L&B 2,Commercial,Commercial,Closed Lost,"NZD 2,344.71",False,United States
006Q800000Gwpyo,ICT Cell Module,Banking & Finance,Banking & Finance,Closed Won,NZD 427.32,True,United States
006Q800000Gx4Uc,FW Consult - Borg Eiendom - v2 - Order 1,Government,Government,Closed Won,"NZD 2,433.42",True,EMEA
006Q800000Gx4hW,National Bank Of Kuwait Hardware Phase 2,Banking & Finance,Banking & Finance,Closed Won,"NZD 5,927.80",True,EMEA
006Q800000Gx6pn,FW Consult - Borg Eiendom - v2 - Phase 5,Government,Government,Closed Lost,"NZD 4,630.35",False,EMEA
006Q800000GxAmx,FW Consult - Borg Eiendom - v2 - Phase 6,Government,Government,Closed Won,"NZD 4,630.35",True,EMEA
006Q800000GxAyD,FW Consult - Borg Eiendom - v2 - Phase 3,Government,Government,Closed Won,"NZD 1,221.14",True,EMEA
006Q800000GxB4f,FW Consult - Borg Eiendom - v2 - Phase 4,Government,Government,Closed Lost,"NZD 4,839.74",False,EMEA
006Q800000GxBvt,3 door system,Commercial,Commercial,Closed Lost,"NZD 3,183.53",False,United States
006Q800000GxCS9,Seagraves ISD cards,Education,Education,Closed Won,NZD 147.06,True,United States
006Q800000GxIm6,WX Training Kit 13.09.24,Education,Education,Closed Lost,"NZD 2,963.04",False,Australia
006Q800000GxVhj,Nextro_Items_Jan,Commercial,Commercial,Closed Lost,NZD 932.64,False,New Zealand
006Q800000GxgDJ,Nextro_Cable_Jan,Commercial,Commercial,Closed Lost,NZD 309.55,False,New Zealand
006Q800000GxgWg,Melvista Aged Care - REV IV,Residential,Residential,Closed Won,"NZD 36,476.74",True,Australia
006Q800000Gy0qL,Scotch College Controller Expansion,Education,Education,Closed Won,"NZD 2,473.69",True,Australia
006Q800000Gy6JQ,ICT ProtegeGX Training/Demo Kit and Tech Training Course (Web Based) for ControlA in Thailand (YEM),Commercial,Commercial,Closed Lost,"NZD 2,993.80",False,Asia Pacific
006Q800000GyA4x,Focus Surveillance_Tonga_Matt,Government,Government,Closed Lost,"NZD 15,072.25",False,New Zealand
006Q800000GyAmT,Teltrac_New Project_James/Stan,Commercial,Commercial,Closed Lost,"NZD 22,087.66",False,New Zealand
006Q800000GyFm9,Next Group_Intruder_Derek,Commercial,Commercial,Closed Lost,"NZD 1,224.41",False,New Zealand
006Q800000Gzamw,Bardstown Training,Banking & Finance,Banking & Finance,Closed Won,"NZD 4,389.71",True,United States
006Q800000GzgCS,Readers URGENT,Multi Family,Multi Family,Closed Won,"NZD 2,331.84",True,United States
006Q800000GzhTR,WX - 5D,Commercial,Commercial,Closed Lost,"NZD 3,829.87",False,Canada
006Q800000GzjS2,Cards,Healthcare,Healthcare,Closed Won,"NZD 1,492.65",True,United States
006Q800000Gzji9,St. Michaels Apts - Bishop Low Voltage - 62 Units  - New Construction,Multi Family,Multi Family,Closed Lost,"NZD 65,795.32",False,United States
006Q800000GzjyI,"Farmers and Merchant - Troy, MI",Banking & Finance,Banking & Finance,Closed Won,"NZD 8,792.45",True,United States
006Q800000GzlDh,Redford,Commercial,Commercial,Closed Won,"NZD 1,344.44",True,United States
006Q800000Gzm3J,Rudick Key Fobs,Commercial,Commercial,Closed Won,NZD 602.94,True,United States
006Q800000Gzp9F,Mesa Creek Replacements 9.13,Residential,Residential,Closed Won,NZD 0.00,True,United States
006Q800000Gzpvf,Whatcom Meadows Project - Keypads,Multi Family,Multi Family,Closed Won,NZD 631.71,True,Canada
006Q800000GzqV8,Cameron,Commercial,Commercial,Closed Won,"NZD 3,004.54",True,United States
006Q800000Gzqi1,tags and Cards,Commercial,Commercial,Closed Won,"NZD 3,202.94",True,United States
006Q800000Gzr4b,BOM 9.13.24,Commercial,Commercial,Closed Won,"NZD 3,282.06",True,United States
006Q800000Gzs5W,2 PRX-TSEC-STD-KP-BT-W,Residential,Residential,Closed Lost,"NZD 1,293.53",False,United States
006Q800000Gzu0r,Telephone Entry Project,Multi Family,Multi Family,Closed Won,"NZD 16,008.24",True,Canada
006Q800000Gzz77,SOS Communications Stock - Credentials,Other,Other,Closed Won,"NZD 1,679.65",True,Canada
006Q800000GzzoY,Brentwood by SHAPE - Working Sample Lock & Display Stand,Multi Family,Multi Family,Closed Won,NZD 633.04,True,Canada
006Q800000H29IM,TOW - Egypt,Commercial,Commercial,Closed Lost,"NZD 41,791.82",False,EMEA
006Q800000H2B7F,Social Fund - HQ,Government,Government,Closed Lost,NZD 0.00,False,EMEA
006Q800000H2Dsc,ISS_Adhesive Discs_Leon,Commercial,Commercial,Closed Won,NZD 6.43,True,New Zealand
006Q800000H2Pjw,New AFx Enterprise System for MAPS Project in Singapore,Commercial,Commercial,Proposal,"NZD 3,482.47",False,Asia Pacific
006Q800000H2WoQ,Prox tag,Commercial,Commercial,Closed Won,NZD 60.16,True,Australia
006Q800000H2X4X,New site,Commercial,Commercial,Closed Lost,"NZD 6,415.46",False,Australia
006Q800000H2YtS,New site X Bundle,Commercial,Commercial,Closed Lost,"NZD 4,411.34",False,Australia
006Q800000H2aQc,Air Conditioner On/Off Control System for Asia Pacific College in Makati City Philippines - JID Security (YEM),Education,Education,Closed Lost,,False,Asia Pacific
006Q800000H2cVd,Oceanside,Commercial,Commercial,Closed Lost,"NZD 11,384.47",False,United States
006Q800000H2k4z,Aux Fan Control for Two Central Tower in Makati City Philippines - JID Security (YEM),Commercial,Commercial,Closed Lost,"NZD 1,167.85",False,Asia Pacific
006Q800000H2u17,RAC - Single Door Access Only,Commercial,Commercial,Closed Lost,"NZD 3,920.22",False,Australia
006Q800000H2u9B,RAC - 3-Door Access and 18-Zone Alarm,Commercial,Commercial,Closed Lost,"NZD 8,702.63",False,Australia
006Q800000H2uCP,RAC - Head Office Upgrade,Commercial,Commercial,Closed Lost,"NZD 123,431.02",False,Australia
006Q800000H3FvB,Oryx School - Qatar,Education,Education,Closed Lost,"NZD 36,594.46",False,EMEA
006Q800000H3K3e,GN Hearing Ltd - 100 Cards,Healthcare,Healthcare,Closed Won,NZD 434.00,True,EMEA
006Q800000H3NxZ,L&B Tags,Commercial,Commercial,Closed Won,NZD 301.47,True,United States
006Q800000H3PXy,9.16.24 quote fro Raine,Commercial,Commercial,Closed Won,NZD 922.59,True,United States
006Q800000H3PjG,Lifetime Living - End Solution - 322 Units - New Construction,Multi Family,Multi Family,Closed Lost,"NZD 386,132.49",False,United States
006Q800000H3Uix,Training,Banking & Finance,Banking & Finance,Closed Lost,"NZD 1,238.82",False,United States
006Q800000H3WuQ,TJW,Commercial,Commercial,Closed Won,"NZD 4,318.38",True,United States
006Q800000H3aJh,Morehouse College,Education,Education,Closed Lost,"NZD 207,245.16",False,United States
006Q800000H3cJt,643 W 7th Avenue,Multi Family,Multi Family,Closed Won,"NZD 5,661.72",True,Canada
006Q800000H3idt,Three Building WX Project - Building C,Multi Family,Multi Family,Closed Lost,"NZD 30,178.63",False,Canada
006Q800000H3jbV,Replacement Card reader,Commercial,Commercial,Closed Won,NZD 448.63,True,Australia
006Q800000H3k1J,4A PSU,Other,Other,Closed Won,"NZD 1,470,588.24",True,OEM
006Q800000H3llN,Three Building WX Project - Building A,Multi Family,Multi Family,Closed Lost,"NZD 16,312.30",False,Canada
006Q800000H3lmz,Three Building WX Project - Building B,Multi Family,Multi Family,Closed Lost,"NZD 18,169.01",False,Canada
006Q800000H3q6t,WI-335 4A PSU UL Safety Test,Other,Other,Decision,NZD 1.59,False,OEM
006Q800000H3sQH,Penguin Pharmacy Adds 17_09_24,Retail,Retail,Closed Won,"NZD 1,800.62",True,Australia
006Q800000H46TM,Vandal Covers x 100,Government,Government,Closed Lost,"NZD 10,257.16",False,Australia
006Q800000H4Q5N,PB Tech_Cards_Max,Commercial,Commercial,Closed Won,"NZD 1,102.95",True,New Zealand
006Q800000H4S8n,Jacana House,Government,Government,Closed Lost,"NZD 24,071.48",False,Australia
006Q800000H4SYb,RDM - on Old SE,Residential,Residential,Closed Lost,"NZD 1,509.29",False,Australia
006Q800000H4fdt,Supply Only New AFx Enterprise Controllers,Commercial,Commercial,Proposal,,False,Asia Pacific
006Q800000H4ggP,Cas Com,Government,Government,Closed Lost,"NZD 16,346.25",False,Australia
006Q800000H4jWD,WX training kit,Other,Other,Closed Lost,"NZD 2,518.60",False,Australia
006Q800000H5rRj,InterUrban Edge Replacement,Multi Family,Multi Family,Closed Lost,"NZD 36,764.71",False,United States
006Q800000H5vzy,Single & Two Door WX Controllers,Education,Education,Closed Lost,,False,Canada
006Q800000H5x2T,Redford ADDS,Government,Government,Closed Won,"NZD 2,789.82",True,United States
006Q800000H5xnG,CLNT for NBX7G-FV2XT-CD3RT-W4IXW-R155J,Commercial,Commercial,Closed Won,NZD 893.43,True,United States
006Q800000H5zlr,St. Michaels Apts - Bishop Low Voltage - 62 Units - Building 1,Multi Family,Multi Family,Closed Won,"NZD 46,326.14",True,United States
006Q800000H60wR,Protege Test Kit,Commercial,Commercial,Closed Won,"NZD 2,884.58",True,United States
006Q800000H62LW,tsec,Commercial,Commercial,Closed Won,NZD 580.94,True,United States
006Q800000H62Ry,Woodland Park - Door Contacts,Education,Education,Closed Won,"NZD 19,129.10",True,United States
006Q800000H62gT,Desfire EV3,Education,Education,Closed Won,"NZD 3,057.35",True,United States
006Q800000H65Hl,St. Michaels Apts - Bishop Low Voltage - 52 Units - Building 2,Multi Family,Multi Family,Closed Lost,"NZD 51,320.28",False,United States
006Q800000H66NZ,County of Detroit,Government,Government,Closed Lost,"NZD 2,225,820.19",False,United States
006Q800000H66nK,Reunion at Blackwell - Bishop Low Voltage - 122 Units - New Construction,Multi Family,Multi Family,Closed Lost,"NZD 85,648.50",False,United States
006Q800000H67eX,POF,Commercial,Commercial,Closed Won,"NZD 3,849.84",True,United States
006Q800000H68h3,Sept Fobs,Commercial,Commercial,Closed Won,NZD 602.94,True,United States
006Q800000H6EPt,Ferrucci Ranch project,Commercial,Commercial,Closed Lost,NZD 0.00,False,United States
006Q800000H6EXx,DIPL Science Labs 18.09.24,Government,Government,Closed Won,"NZD 1,331.99",True,Australia
006Q800000H6FYr,West 42nd by Marcon - Cartridge Mortise with Sequoia Handle in Flat Black,Multi Family,Multi Family,Closed Won,NZD 801.60,True,Canada
006Q800000H6HR0,Alltech_Access system_Scott,Commercial,Commercial,Closed Lost,"NZD 4,203.13",False,New Zealand
006Q800000H6mbG,ICT tSec Program Cards for Dataran Maybank Malaysia,Banking & Finance,Banking & Finance,Closed Won,NZD 150.35,True,Asia Pacific
006Q800000H75PN,Remote Workers Village,Retail,Retail,Closed Lost,"NZD 8,965.29",False,Australia
006Q800000H7zo9,"Dataset Engineering, Nigeria - Office building",Commercial,Commercial - Office,Closed Lost,"NZD 8,801.69",False,EMEA
006Q800000H8NLp,2221 Y,Multi Family,Multi Family,Closed Lost,"NZD 1,667.22",False,Canada
006Q800000H8OHu,1925 Victoria Park - Base Building,Multi Family,Multi Family,Closed Lost,"NZD 62,679.80",False,Canada
006Q800000H8Ptu,Marinatha Gardens,Multi Family,Multi Family,Closed Lost,"NZD 10,577.95",False,Canada
006Q800000H8QGU,United Power Quote,Heavy Industry,Heavy Industry,Closed Won,"NZD 1,013.43",True,United States
006Q800000H8Ugg,Palmetto Gate Release- UHS,Healthcare,Healthcare,Closed Lost,"NZD 4,447.50",False,United States
006Q800000H8VHl,Credentials for Cubby Beds,Retail,Retail,Closed Won,NZD 397.06,True,United States
006Q800000H8WP7,GX Training,Other,Other,Closed Won,NZD 0.00,True,United States
006Q800000H8aCb,WX - 2B/6D/18Z/6KP,Commercial,Commercial,Closed Lost,"NZD 10,122.46",False,Canada
006Q800000H8asX,Small Quote - Westerra,Banking & Finance,Banking & Finance,Closed Won,NZD 713.82,True,United States
006Q800000H8cO6,Sept Fobs,Commercial,Commercial,Closed Won,NZD 602.94,True,United States
006Q800000H8lKw,"Training - 5 Techs, Sydney",Government,Government,Closed Won,"NZD 5,497.44",True,Australia
006Q800000H8tn7,NFR- Office testing,Other,Other,Closed Lost,"NZD 1,766.68",False,Australia
006Q800000H9SBP,Casson Homes Access Upgrade,Residential,Residential,Closed Lost,"NZD 6,748.41",False,Australia
006Q800000H9TaT,LW Sol_Tags_Les,Commercial,Commercial,Closed Won,NZD 535.88,True,New Zealand
006Q800000H9WQW,8AMP Power Supplies 190924,Government,Government,Closed Won,"NZD 1,699.41",True,Australia
006Q800000H9dy1,Qube Warehouse 6B 19_09_24,Commercial,Industrial - Logistics,Closed Won,"NZD 18,487.50",True,Australia
006Q800000HAtSr,WX - 2D/10Z/1KP,Commercial,Commercial,Closed Lost,,False,Canada
006Q800000HAurx,Elevator Access Control System with Mitsubishi Elevator HLI for Office Building Project - PT Panca Pastika Mandiri (YEM),Commercial,Commercial - Office,Closed Lost,"NZD 22,024.45",False,Asia Pacific
006Q800000HAylt,Protege Certification,Other,Other,Closed Lost,NZD 735.29,False,United States
006Q800000HAynV,reader pricing,Commercial,Commercial,Closed Won,"NZD 1,851.71",True,United States
006Q800000HAztF,Auchan Extension,Retail,Retail,Closed Won,"NZD 9,398.91",True,EMEA
006Q800000HB0e1,Driscoll SOAP API,Healthcare,Healthcare,Closed Lost,"NZD 4,643.62",False,United States
006Q800000HB5Du,Yorkville Condo,Multi Family,Multi Family,Closed Lost,"NZD 32,060.27",False,Canada
006Q800000HB5k9,Hayward Tyler - GX,Commercial,Commercial,Decision,"NZD 23,195.47",False,United States
006Q800000HB8QQ,Marshall Pointe Apartments (Arvada),Multi Family,Multi Family,Discovery,"NZD 40,276.13",False,United States
006Q800000HB9sb,Tags for CB,Other,Other,Closed Won,NZD 397.06,True,United States
006Q800000HBAqH,Church,Religious,Religious,Closed Won,"NZD 6,317.82",True,United States
006Q800000HBEXM,Suprema,Residential,Residential,Closed Lost,"NZD 11,046.08",False,Australia
006Q800000HBFZq,URGENT PO,Retail,Retail,Closed Won,"NZD 2,186.29",True,United States
006Q800000HBN4R,400 Reader Tender,Heavy Industry,Heavy Industry,Closed Lost,"NZD 169,756.63",False,Australia
006Q800000HC949,Part of Bulk buying,Commercial,Commercial,Closed Won,NZD 225.45,True,Australia
006Q800000HCICH,Billy Button,Education,Education,Closed Lost,"NZD 17,843.51",False,Australia
006Q800000HCgsv,"Przasnysz Hospital, senior care unit.",Healthcare,Healthcare,Closed Won,,True,EMEA
006Q800000HDTjz,Dynapower,Commercial,Commercial,Closed Won,"NZD 11,632.06",True,United States
006Q800000HDU4w,Yorkville Condo - In-Suite,Multi Family,Multi Family,Closed Lost,"NZD 13,577.65",False,Canada
006Q800000HDVvR,Pizzagalli - Fobs,Commercial,Commercial,Closed Won,NZD 723.53,True,United States
006Q800000HDVyf,Premier Coach - Cards,Commercial,Commercial,Closed Won,NZD 511.76,True,United States
006Q800000HDW3V,Westlake Apartments - Mobile Creds,Residential,Residential,Closed Won,NZD 172.06,True,United States
006Q800000HDZB3,Cushman and Wakefield,Commercial,Commercial,Closed Won,"NZD 19,700.00",True,United States
006Q800000HDan4,WC CTRL w/Modem on Board,Healthcare,Healthcare,Closed Won,"NZD 1,002.88",True,United States
006Q800000HDbJK,2 Door Austin Project,Commercial,Commercial,Closed Lost,"NZD 3,097.35",False,United States
006Q800000HDcDo,11 Mullion BT,Other,Other,Closed Won,"NZD 4,920.07",True,United States
006Q800000HDcX7,Packaging Corp- Winter Haven- Main Plant,Commercial,Industrial - Manufacturing,Closed Lost,"NZD 25,031.82",False,United States
006Q800000HDcX9,System One,Multi Family,Multi Family,Proposal,,False,Canada
006Q800000HDdhh,Packaging Corp- Winter Haven- Warehouse,Commercial,Industrial - Logistics,Closed Lost,"NZD 13,380.35",False,United States
006Q800000HDeFc,System Two,Multi Family,Multi Family,Proposal,NZD 0.00,False,Canada
006Q800000HDhlJ,system Three,Multi Family,Multi Family,Proposal,,False,Canada
006Q800000HDhyD,System One,Multi Family,Multi Family,Proposal,,False,Canada
006Q800000HDqGj,ICT ProtegeWX Access Control System for Six Storey Building Project - Onesource (YEM),Commercial,Retail,Closed Lost,,False,Asia Pacific
006Q800000HFtwr,Bank Mandiri Upgrade Project in Indonesia,Banking & Finance,Banking & Finance,Closed Won,,True,Asia Pacific
006Q800000HFv2b,Bank Permata - Data Center,Banking & Finance,Banking & Finance,Working,,False,Asia Pacific
006Q800000HH60p,Queens College - Additional Reader,Education,Education,Closed Won,"NZD 1,256.42",True,EMEA
006Q800000HHA4R,Order,Commercial,Commercial,Closed Won,,True,Canada
006Q800000HHAu1,EEAST Bury Hub - Additional Door,Healthcare,Healthcare,Closed Won,NZD 99.01,True,EMEA
006Q800000HHN1e,Vod?anská dr?be - výrobní závod Mirovice,Commercial,Commercial,Closed Won,"NZD 18,663.17",True,EMEA
006Q800000HHN9h,Almac - GH-24-P432,Healthcare,Healthcare,Closed Lost,"NZD 6,150.45",False,EMEA
006Q800000HHNb7,Almac - GH-24-P452,Healthcare,Healthcare,Closed Won,"NZD 11,136.82",True,EMEA
006Q800000HHP0D,Szentkiralyi (Mattoni group),Other,Other,Closed Lost,"NZD 11,764.70",False,EMEA
006Q800000HHQkJ,Gorham swaps,Banking & Finance,Banking & Finance,Closed Lost,"NZD 7,725.88",False,United States
006Q800000HHRmw,September Clamshell Cards,Education,Education,Closed Won,NZD 970.59,True,United States
006Q800000HHWGD,Farm,Other,Other,Closed Won,"NZD 5,364.03",True,Canada
006Q800000HHX5p,Kolter: Alton Osprey,Residential,Residential,Closed Lost,"NZD 172,029.00",False,United States
006Q800000HHXPC,Armor IP,Other,Other,Closed Won,"NZD 3,342.35",True,United States
006Q800000HHXYr,Kolter: Alton Lakewood,Multi Family,Multi Family,Closed Lost,"NZD 232,163.47",False,United States
006Q800000HHZcI,National Bank of Commerce,Banking & Finance,Banking & Finance,Closed Lost,"NZD 66,745.74",False,United States
006Q800000HHfy2,Bundle Pricing - Phill,Education,Education,Closed Lost,"NZD 4,281.47",False,Australia
006Q800000HHhYH,Sierra VFD Card readers,Retail,Retail,Closed Won,NZD 502.06,True,United States
006Q800000HHwll,SEFR-64 TOR Activated + Cancelled Events,Aviation,Aviation,Closed Won,"NZD 20,480.15",True,OEM
006Q800000HINvo,Prox tag and Adh Disc,Healthcare,Healthcare,Closed Won,"NZD 1,709.05",True,Australia
006Q800000HIRPl,Milk Factory 2 Project in Indonesia,Heavy Industry,Heavy Industry,Proposal,"NZD 38,303.79",False,Asia Pacific
006Q800000HISX7,GX Level 1 Facilitated Training,Other,Other,Closed Lost,"NZD 1,099.49",False,Australia
006Q800000HIbXB,77 Racecourse Road Ascot WX System,Commercial,Commercial,Closed Lost,"NZD 13,902.88",False,Australia
006Q800000HJAot,Binghatti Bugatti,Residential,Residential,Closed Lost,"NZD 60,746.80",False,EMEA
006Q800000HJTcP,Office Access Control,Commercial,Commercial,Closed Lost,"NZD 3,522.18",False,Australia
006Q800000HJVj4,GX Certified Training,Residential,Residential,Closed Won,"NZD 3,789.47",True,Australia
006Q800000HJaZ3,Binghatti Mercedes - Kone Hardware,Residential,Residential,Closed Lost,"NZD 112,905.60",False,EMEA
006Q800000HJbjd,Alex Construction - Egypt,Commercial,Commercial,Closed Lost,"NZD 42,557.95",False,EMEA
006Q800000HK2NG,ICT ProtegeGX System for Govt Dept of Science and Technology Project in Philippines - i3 Technologies Corp (YEM),Commercial,Commercial,Proposal,"NZD 24,623.36",False,Asia Pacific
006Q800000HK39d,British American Tobacco Warehouse,Heavy Industry,Heavy Industry,Closed Won,"NZD 4,516.97",True,EMEA
006Q800000HK5GH,Emmetsberg Bank,Banking & Finance,Banking & Finance,Closed Won,"NZD 2,697.09",True,United States
006Q800000HK8HN,Novus office,Commercial,Commercial,Closed Won,"NZD 1,406.82",True,United States
006Q800000HK8PS,Shoreham LTC Chester Mortise,Healthcare,Healthcare,Closed Lost,,False,Canada
006Q800000HK9N7,Planet Innovation add-on,Commercial,Commercial,Closed Won,"NZD 28,636.18",True,United States
006Q800000HK9zp,HS Data Plan,Commercial,Commercial,Closed Won,NZD 20.46,True,United States
006Q800000HKACj,Vandal Resistant Covers,Commercial,Commercial,Closed Won,"NZD 15,447.10",True,United States
006Q800000HKLRV,PO - Hatzolah,Commercial,Commercial,Closed Won,"NZD 3,138.00",True,United States
006Q800000HLEmD,DHA Tennancy,Government,Government,Closed Lost,"NZD 7,227.30",False,Australia
006Q800000HLFiF,DHA GX Licence,Government,Government,Closed Won,"NZD 4,763.46",True,Australia
006Q800000HMF6l,Dundas - Phase 3 - BLDG B,Multi Family,Multi Family,Closed Lost,"NZD 57,685.85",False,Canada
006Q800000HMIm6,APEX - Shoreham LTC Chester Mortise,Healthcare,Healthcare,Closed Lost,"NZD 30,759.40",False,Canada
006Q800000HMUIc,Dundas - Phase 3 - Parking Level,Multi Family,Multi Family,Closed Lost,"NZD 51,664.14",False,Canada
006Q800000HMUnF,Dundas - Phase 3 - BLDG A,Multi Family,Multi Family,Closed Lost,"NZD 67,552.26",False,Canada
006Q800000HMWVh,Energy station pilot,Critical Infrastructure,Critical Infrastructure,Closed Won,"NZD 3,427.19",True,EMEA
006Q800000HMXBd,MOHE - Nats,Government,Government,Closed Won,"NZD 8,938.75",True,EMEA
006Q800000HMZdF,Leicester Railway Station - iSales Hardware,Transportation,Transportation,Closed Lost,"NZD 10,608.02",False,EMEA
006Q800000HMbbp,Office Builidng Opp,Commercial,Commercial,Closed Lost,"NZD 7,581.00",False,United States
006Q800000HMcBJ,protege x,Commercial,Commercial,Closed Lost,NZD 89.71,False,United States
006Q800000HMdQj,200 Elm,Commercial,Commercial,Closed Won,"NZD 5,163.35",True,United States
006Q800000HMg5G,Frederick Douglas School,Education,Education,Proposal,"NZD 50,544.03",False,United States
006Q800000HMhFp,Region 10 High School,Education,Education,Proposal,"NZD 24,193.55",False,United States
006Q800000HMhSj,Gate Keeper Storage,Commercial,Commercial,Closed Lost,"NZD 3,676.47",False,United States
006Q800000HMiNC,Bohdi Commercial,Commercial,Commercial,Closed Lost,"NZD 12,903.23",False,United States
006Q800000HMlOI,Indianapolis MEPs,Commercial,Commercial,Closed Won,"NZD 4,033.09",True,United States
006Q800000HMlw9,2000 S. Colorado Blvd,Commercial,Commercial,Closed Won,"NZD 1,406.82",True,United States
006Q800000HMm4D,"7979 East Tufts Avenue | Suite 1150, 1100 - Norgren, LLC",Commercial,Commercial,Closed Won,"NZD 1,608.71",True,United States
006Q800000HMpJp,Metropolitan,Residential,Residential,Decision,"NZD 12,573.65",False,United States
006Q800000HMqO1,Boutique Hotel C/W Deadbolt,Multi Family,Multi Family,Closed Lost,"NZD 13,262.42",False,Canada
006Q800000HMurP,Boutique Hotel Head End,Multi Family,Multi Family,Closed Lost,"NZD 7,298.19",False,Canada
006Q800000HMyyD,InnerUrban - SIG - Retrofit,Multi Family,Multi Family,Closed Won,"NZD 13,709.89",True,United States
006Q800000HMzUT,Boutique Hotel no Deadbolt,Multi Family,Multi Family,Closed Lost,"NZD 2,278.47",False,Canada
006Q800000HN2XS,Outbound Oakhurst,Commercial,Commercial,Closed Lost,"NZD 7,034.29",False,United States
006Q800000HN9Gv,Readers and cards,Commercial,Commercial,Closed Won,"NZD 1,320.88",True,United States
006Q800000HNMZ8,Aotea Christchurch_NZ Post Upgrade_Nathan,Commercial,Religious,Closed Won,"NZD 26,948.86",True,New Zealand
006Q800000HNlXV,FL Sandringham,Gaming,Gaming,Closed Lost,"NZD 10,061.88",False,Australia
006Q800000HNm5N,BOQ Server Migration Tech Support Azure,Banking & Finance,Banking & Finance,Closed Won,"NZD 1,578.95",True,Australia
006Q800000HNnnp,451 Hampton ST Hampton,Residential,Residential,Closed Won,"NZD 20,963.40",True,Australia
006Q800000HNwzC,Supply Only ICT Mifare Defire EV3 Cards and Config Card for Shangri-la Hotel in Sri Lanka,Commercial,Hospitality - Hotels,Closed Lost,,False,Asia Pacific
006Q800000HNyrJ,Project one,Commercial,Commercial,Closed Lost,"NZD 2,611.16",False,Australia
006Q800000HO1af,Project Two,Commercial,Commercial,Closed Lost,"NZD 1,945.35",False,Australia
006Q800000HO3Cf,Project Three,Commercial,Commercial,Closed Lost,"NZD 2,101.58",False,Australia
006Q800000HOFlh,OSDP Keypad Readers,Commercial,Commercial,Closed Lost,"NZD 2,344.07",False,Australia
006Q800000HP3fI,1 x EN-DIN-11,Government,Government,Closed Won,NZD 225.17,True,EMEA
006Q800000HP5sM,Leicester Railway Station - Licenses & Credentials,Transportation,Transportation,Closed Lost,"NZD 7,102.43",False,EMEA
006Q800000HPATp,Seagrave ISD readers,Education,Education,Closed Won,"NZD 10,675.76",True,United States
006Q800000HPDpt,St Thomas - Add On,Government,Government,Closed Won,"NZD 2,052.54",True,Canada
006Q800000HPEve,Entry Station,Multi Family,Multi Family,Closed Lost,"NZD 27,910.88",False,Canada
006Q800000HPFzl,Block F Multifamily - Hiller - 325 Units - New Construction,Multi Family,Multi Family,Proposal,"NZD 168,129.00",False,United States
006Q800000HPHlR,Hennessy Access Control,Commercial,Commercial,Closed Lost,"NZD 14,312.26",False,United States
006Q800000HPLdl,KUA 17 Controllers for Kit RMA,Heavy Industry,Heavy Industry,Closed Won,"NZD 15,555.00",True,United States
006Q800000HPuLN,Keypad Readers - 200,Heavy Industry,Heavy Industry,Closed Lost,"NZD 141,388.21",False,Australia
006Q800000HQ95t,Replacement 4A PSU,Commercial,Commercial,Closed Lost,"NZD 1,082.81",False,Australia
006Q800000HQO8C,New AFx Enterprise Installer (Level 1) Tech Training/Demo Kit and Tech Training Course,Commercial,Commercial,Closed Won,"NZD 6,458.62",True,Asia Pacific
006Q800000HRfen,GX Certified Training,Commercial,Commercial,Closed Won,"NZD 2,529.53",True,EMEA
006Q800000HRgUQ,Portfolio Access Control,Multi Family,Multi Family,Working,"NZD 588,235.29",False,United States
006Q800000HSCcL,ICT ProtegeGX Training/Demo Kit and Tech Training Course (Web Based) for TTZ Vietnam JSC (YEM),Commercial,Commercial,Closed Lost,"NZD 2,993.29",False,Asia Pacific
006Q800000HSCvh,ICT ProtegeGX Training/Demo Kit and Tech Training Course (Web Based) for Futech Technology JSC (YEM),Commercial,Commercial,Closed Lost,"NZD 2,993.29",False,Asia Pacific
006Q800000HSDBp,ICT ProtegeGX Training/Demo Kit and Tech Training Course (Web Based) for Bao An JSC (YEM),Commercial,Commercial,Closed Lost,,False,Asia Pacific
006Q800000HSJ2j,Tender for Access Control for 18-WSD-21 Uprating of Pui O and Pui O No.2 Raw Water Pumping Station,Government,Government,Closed Lost,,False,Asia Pacific
006Q800000HUNOn,ASGL_Training_Morgan,Other,Other,Closed Won,"NZD 4,642.28",True,New Zealand
006Q800000HUU8X,Aotea_Westpac Autodoors_William,Banking & Finance,Banking & Finance,Closed Won,"NZD 11,028.56",True,New Zealand
006Q800000HV0tC,Polytechnic Cards,Education,Education,Closed Lost,"NZD 4,785.48",False,Australia
006Q800000HWyVY,Merralls Castings - 9 x EN-DIN-11,Commercial,Commercial,Closed Lost,"NZD 1,504.44",False,EMEA
006Q800000HWyVa,WX Controller,Commercial,Commercial,Closed Won,"NZD 1,002.88",True,United States
006Q800000HWzrQ,PO Stock,Commercial,Commercial,Closed Won,"NZD 2,813.65",True,United States
006Q800000HX27j,Professional Restoration,Commercial,Commercial,Closed Won,NZD 881.47,True,United States
006Q800000HX3mv,Saudi Jordan University Hospital,Healthcare,Healthcare,Closed Lost,"NZD 201,993.85",False,EMEA
006Q800000HX5K5,50 x PRX-TAG-DF-EV3-4K-B,Commercial,Commercial,Closed Lost,"NZD 1,032.00",False,EMEA
006Q800000HXF89,WX Upgrade Project,Retail,Retail,Closed Lost,"NZD 2,736.40",False,Canada
006Q800000HXFzn,Samsung SDS,Commercial,Commercial,Closed Lost,"NZD 1,053.39",False,Australia
006Q800000HXp8U,LOB Showroom 1_10_24,Retail,Retail,Closed Lost,"NZD 4,604.22",False,Australia
006Q800000HXpI6,Braybrook X Solution 1_10_24,Commercial,Commercial,Closed Lost,"NZD 2,434.37",False,Australia
006Q800000HXpLJ,GX web based,Commercial,Commercial,Closed Won,"NZD 2,500.52",True,Australia
006Q800000HXsZi,Braybrook WX Solution 1_10_24,Commercial,Commercial,Closed Lost,"NZD 3,442.45",False,Australia
006Q800000HY35L,Drummond Square,Residential,Residential,Closed Lost,"NZD 8,213.24",False,Australia
006Q800000HYSjF,27 Doors,Commercial,Commercial,Closed Lost,"NZD 34,760.66",False,Australia
006Q800000HZESw,High St WX/X Solution 1_10_24,Residential,Residential,Closed Lost,"NZD 1,669.93",False,Australia
006Q800000HZfwB,SBL 172 apartment,Multi Family,Multi Family,Closed Lost,"NZD 89,579.83",False,Canada
006Q800000HZhwL,T32052A,Commercial,Commercial,Closed Won,"NZD 2,948.53",True,United States
006Q800000HZiz7,PRT-RDM2-DIN-485,Commercial,Commercial,Closed Won,NZD 605.82,True,United States
006Q800000HZjeo,Centre jeunesse,Government,Government,Closed Lost,"NZD 4,102.95",False,Canada
006Q800000HZmKv,Protege Certification,Other,Other,Closed Lost,NZD 735.29,False,United States
006Q800000HZmy2,Greene County addition,Government,Government,Closed Won,"NZD 6,956.47",True,United States
006Q800000HZpuR,Data Pacific_Holy Cross_Ashley,Education,Education,Closed Lost,"NZD 1,500.81",False,New Zealand
006Q800000HZtXo,Multipurpose Centre,Other,Other,Closed Won,"NZD 6,824.65",True,Australia
006Q800000HZxZi,Wyndham Mobile credential,Residential,Residential,Closed Won,NZD 700.58,True,Australia
006Q800000HakDp,Almac - GH-24-P057 - 2,Healthcare,Healthcare,Closed Won,"NZD 1,860.65",True,EMEA
006Q800000Hc2F7,HS-pas GX Demo kit & Training Voucher,Other,Other,Closed Won,"NZD 3,172.56",True,EMEA
006Q800000Hc4aI,MSH - 19th Floor,Healthcare,Healthcare,Closed Won,"NZD 8,032.83",True,Canada
006Q800000Hc67S,GLS Logistic,Transportation,Transportation,Closed Lost,"NZD 19,688.91",False,EMEA
006Q800000Hc9lH,Wilson Oncology,Healthcare,Healthcare,Closed Lost,"NZD 3,131.03",False,United States
006Q800000HcAm9,Chiesi Hotel,Residential,Residential,Closed Lost,NZD 1.85,False,EMEA
006Q800000HcDX7,Newcastle Childcare,Commercial,Commercial,Closed Lost,"NZD 2,941.18",False,United States
006Q800000HcFkM,Frigid,Commercial,Commercial,Closed Lost,"NZD 3,661.74",False,Canada
006Q800000HcFvZ,5DR WX Border Building,Government,Government,Closed Won,"NZD 6,853.41",True,United States
006Q800000HcHak,PSU-4A,Residential,Residential,Closed Won,NZD 726.18,True,United States
006Q800000HcK3x,4DR WX Bank,Banking & Finance,Banking & Finance,Closed Won,"NZD 4,713.71",True,United States
006Q800000HcKf3,Tier 3 GX,Commercial,Commercial,Discovery,"NZD 12,783.18",False,United States
006Q800000HcKgh,83789,Commercial,Commercial,Closed Won,"NZD 2,813.65",True,United States
006Q800000HcL3G,6D,Commercial,Commercial,Closed Won,"NZD 6,418.09",True,United States
006Q800000HcNg9,LCNB branch 2024-14211,Banking & Finance,Banking & Finance,Closed Won,"NZD 3,436.76",True,United States
006Q800000HcNpp,PO8177,Commercial,Commercial,Closed Won,"NZD 1,863.53",True,United States
006Q800000HcOAn,West ISD Readers Oct 24,Education,Education,Closed Won,"NZD 4,991.91",True,United States
006Q800000HcPGX,Pizzagalli Door adds,Commercial,Commercial,Closed Won,NZD 580.94,True,United States
006Q800000HcRJx,OV Bank 2024-14237,Banking & Finance,Banking & Finance,Closed Won,"NZD 1,616.91",True,United States
006Q800000HcTaX,NFR- Office Training,Other,Other,Closed Lost,"NZD 2,219.95",False,Australia
006Q800000HcWxy,14143 Denver West Parkway,Commercial,Commercial,Closed Won,"NZD 1,406.82",True,United States
006Q800000HcXZZ,Katherine Town Councils Visitor Information Centre,Government,Government,Closed Won,"NZD 1,295.25",True,Australia
006Q800000HcaFB,Freemanson,Religious,Religious,Closed Lost,"NZD 109,681.62",False,Australia
006Q800000Hcifn,WX Lift Control,Residential,Residential,Closed Lost,"NZD 30,438.38",False,Australia
006Q800000HcsKA,L9 100 St Georges Tce - WX?,Commercial,Commercial,Closed Won,"NZD 2,963.28",True,Australia
006Q800000HcxDQ,GX Controller,Commercial,Commercial,Closed Won,"NZD 1,024.72",True,Australia
006Q800000Hd8vB,ICT Training and integration,Government,Government,Closed Lost,"NZD 10,602.61",False,Australia
006Q800000HdKZl,ICT ProtegeGX Elevator Access Control through Low Level Interface for Vernida Philippine Project - i3 Tech (YEM),Commercial,Commercial,Proposal,"NZD 5,280.49",False,Asia Pacific
006Q800000HeSTd,General Party - Center of Archive Project in Vietnam - Bao An JSC (YEM),Government,Government,Closed Lost,"NZD 32,686.29",False,Asia Pacific
006Q800000HeXgD,KP Aerospace Vietnam Factory in Vietnam - BST Tech (YEM),Heavy Industry,Heavy Industry,Closed Lost,"NZD 39,318.34",False,Asia Pacific
006Q800000Heirl,Prixcar Willawong,Commercial,Commercial,Closed Won,"NZD 9,168.70",True,Australia
006Q800000HepV3,KKTV Upgrade,Other,Other,Closed Won,"NZD 4,081.06",True,United States
006Q800000Heqe1,WX,Commercial,Commercial,Closed Won,"NZD 1,002.88",True,United States
006Q800000HesHf,Marlin Spring - Queensway,Multi Family,Multi Family,Closed Lost,"NZD 28,143.30",False,Canada
006Q800000HewOT,Charter Township of Redford - Rec Center PO 2188,Government,Government,Closed Won,"NZD 51,418.85",True,United States
006Q800000Hf4kD,City of Montclair event center,Government,Government,Closed Lost,"NZD 20,532.38",False,United States
006Q800000Hf4x8,Protege X - GX Upgrade,Multi Family,Multi Family,Closed Lost,"NZD 2,032.79",False,Australia
006Q800000Hf7wc,SBA Kamarooka,Commercial,Commercial,Closed Won,"NZD 7,163.81",True,Australia
006Q800000HfPFB,Katherine Council Intrusion System,Government,Government,Closed Lost,"NZD 2,801.60",False,Australia
006Q800000HfaAe,Test Project Name - 03/10/2024,Commercial,Commercial,Closed Lost,"NZD 5,575.58",False,Australia
006Q800000Hfgkf,Test Project Name - 04/10/2024,Education,Education,Closed Lost,"NZD 2,655.71",False,Australia
006Q800000Hh0fy,Covered Bridge Potato Chips,Other,Other,Closed Won,"NZD 17,876.98",True,Canada
006Q800000Hh5Dz,16D Kit options,Commercial,Commercial,Closed Lost,"NZD 11,265.46",False,United States
006Q800000Hh6YE,Cambridge University Library - iSales Hardware,Education,Education,Closed Won,"NZD 18,433.95",True,EMEA
006Q800000Hh7CX,Kintetsu World Express,Commercial,Commercial,Proposal,"NZD 3,322.59",False,United States
006Q800000Hh9xW,GX - Licensed Features,Banking & Finance,Banking & Finance,Closed Lost,"NZD 4,159.71",False,Canada
006Q800000HhEAo,Ambulance,Healthcare,Healthcare,Proposal,"NZD 13,842.26",False,United States
006Q800000HhGpL,White KP readers,Residential,Residential,Closed Won,NZD 646.76,True,United States
006Q800000HhIeD,cards  PO1332,Commercial,Commercial,Closed Won,"NZD 2,345.59",True,United States
006Q800000HjcCD,BK Security_WX Kit_Kim,Commercial,Commercial,Closed Lost,"NZD 1,224.41",False,New Zealand
006Q800000Hk5MH,Mobile Credentials,Commercial,Commercial,Closed Lost,NZD 0.00,False,Australia
006Q800000Hk8FJ,Power supply,Commercial,Commercial,Closed Lost,NZD 541.41,False,Australia
006Q800000HkKA4,X project,Commercial,Commercial,Closed Lost,NZD 454.74,False,Australia
006Q800000Hljfq,UAM Poznan (Collegium Minus) building,Education,Education,Closed Won,"NZD 6,455.96",True,EMEA
006Q800000HlsuQ,"UAM Pozna?,.Morasko WNPiD",Education,Education,Closed Won,"NZD 6,433.80",True,EMEA
006Q800000Hm2k5,Test Quote,Commercial,Commercial,Closed Lost,"NZD 3,257.26",False,Canada
006Q800000Hm4SX,Industrial Manufacturing - 20 door opp,Commercial,Industrial - Manufacturing,Closed Lost,"NZD 16,129.03",False,United States
006Q800000Hm4lv,Avera Health - Irene,Healthcare,Healthcare,Closed Won,"NZD 20,008.09",True,United States
006Q800000Hm7Bt,SJRE,Commercial,Commercial,Closed Won,"NZD 7,018.59",True,United States
006Q800000Hm7S1,Telephone Entry Project,Multi Family,Multi Family,Closed Lost,"NZD 48,608.41",False,Canada
006Q800000Hm7Td,"Novus ""Corporate"" office",Commercial,Commercial - Office,Closed Won,"NZD 1,680.35",True,United States
006Q800000HmCKG,Avera Health - Oniel,Healthcare,Healthcare,Closed Lost,"NZD 14,705.88",False,United States
006Q800000HmDfV,RF-Rem2-MF Credentials,Multi Family,Multi Family,Closed Won,,True,Canada
006Q800000HmEuz,Whitebirch Apartment ProtegeWX Project,Multi Family,Multi Family,Decision,"NZD 13,904.63",False,Canada
006Q800000HmGog,Avera Health - ISC,Healthcare,Healthcare,Closed Lost,"NZD 80,882.35",False,United States
006Q800000HmINU,City of Naperville,Government,Government,Closed Lost,"NZD 220,588.24",False,United States
006Q800000HmLht,Trak_Fisher & Paykel Electronics_Roy,Commercial,Commercial,Closed Lost,"NZD 9,887.83",False,New Zealand
006Q800000HmhNS,FM Home Tech WX Demo 08_10_24,Residential,Residential,Closed Lost,"NZD 2,318.79",False,Australia
006Q800000Hn1xH,Aldi Distribution Centre,Commercial,Commercial,Closed Lost,"NZD 51,068.35",False,Australia
006Q800000Hn8qf,20 HRDM,Commercial,Commercial,Closed Lost,"NZD 11,172.91",False,Australia
006Q800000HoRT3,Liberty Village - 85 Hannah,Commercial,Commercial,Closed Lost,"NZD 26,264.61",False,Canada
006Q800000HoTeY,The Lock Suites on Wellington V3,Multi Family,Multi Family,Closed Won,"NZD 18,542.48",True,Canada
006Q800000HoWXZ,Half Din Expander,Commercial,Commercial,Closed Won,NZD 605.82,True,United States
006Q800000HoWis,Avera Health - Corporate,Healthcare,Healthcare,Closed Won,"NZD 4,736.82",True,United States
006Q800000HoXzt,Crossfit - Eden Prairie,Commercial,Commercial,Closed Won,NZD 818.09,True,United States
006Q800000HoZx5,PO# 532,Multi Family,Multi Family,Closed Won,NZD 487.94,True,United States
006Q800000HoaUj,Avera Health - GI,Healthcare,Healthcare,Closed Lost,"NZD 38,327.12",False,United States
006Q800000HoctA,PRX-TSEC-EXTRA-BT-B,Commercial,Commercial,Closed Won,"NZD 1,333.24",True,United States
006Q800000Hod4P,Voestalpine Nortrack Cards,Heavy Industry,Heavy Industry,Closed Won,"NZD 3,838.24",True,United States
006Q800000HodIv,"7979 East Tufts Avenue | Suite 1150, 1100 - Norgren, LLC",Commercial,Commercial,Closed Won,"NZD 2,581.06",True,United States
006Q800000HodKX,Liberty Village - 109 Atlantic,Multi Family,Multi Family,Closed Lost,"NZD 18,793.73",False,Canada
006Q800000Hodu1,Prox tags,Commercial,Commercial,Closed Won,NZD 595.59,True,United States
006Q800000HomCX,Standard Card Reader,Commercial,Commercial,Closed Lost,NZD 166.16,False,Australia
006Q800000HopYj,Nissan Casting,Commercial,Commercial,Closed Lost,"NZD 15,280.14",False,Australia
006Q800000Hp5Ww,WX Training Kit,Other,Other,Closed Lost,"NZD 2,900.66",False,Australia
006Q800000Hp7AY,WX Training Kit,Education,Education,Closed Won,"NZD 2,610.59",True,Australia
006Q800000Hp8cr,GX - NFR - office training,Other,Other,Closed Lost,"NZD 2,630.36",False,Australia
006Q800000HqTXB,Intrusion Detection System for ICBC Branches in Indonesia (PT Magna Network) (YEM),Banking & Finance,Banking & Finance,Closed Won,"NZD 6,420.59",True,Asia Pacific
006Q800000HqjSI,Alarmtec Stocking Order - Oct 25,Commercial,Commercial,Closed Won,"NZD 16,771.52",True,EMEA
006Q800000Hqjk1,Protege Certification,Other,Other,Closed Lost,NZD 735.29,False,United States
006Q800000Hql99,Alarmtec Stocking Order - Nov 25,Commercial,Commercial,Closed Won,"NZD 3,939.01",True,EMEA
006Q800000Hqorl,Modern Electrical Stock,Commercial,Commercial,Closed Lost,"NZD 1,192.41",False,United States
006Q800000Hqwz9,Test Procedure,Education,Education,Closed Lost,"NZD 6,079.31",False,Australia
006Q800000HrP8O,Affordable Storage 10-10-24,Commercial,Commercial,Closed Lost,NZD 229.08,False,Australia
006Q800000HrUxS,Penrite Oil 10-10-24,Commercial,Commercial,Closed Lost,NZD 439.89,False,Australia
006Q800000HseDC,Ara_Westpac TS70_Gavin,Banking & Finance,Banking & Finance,Closed Lost,"NZD 75,279.96",False,New Zealand
006Q800000Ht7aA,Almac - GH-24-P057 - 3,Healthcare,Healthcare,Closed Lost,"NZD 1,469.70",False,EMEA
006Q800000HtA3N,Almac - GH-24-P057 - 3 x RDM2,Healthcare,Healthcare,Closed Won,"NZD 1,469.70",True,EMEA
006Q800000HtNLZ,Westport YMCA,Commercial,Critical Infrastructure - Transportation,Closed Lost,"NZD 5,882.79",False,United States
006Q800000HtS0J,Mesquite,Residential,Residential,Closed Won,NZD 767.65,True,United States
006Q800000HtTag,Ironstone Condos,Residential,Residential,Closed Won,"NZD 7,712.79",True,United States
006Q800000HtUlG,Westan,Commercial,Commercial,Closed Won,NZD 322.11,True,Australia
006Q800000HtVNy,United Power Substation Adds,Heavy Industry,Heavy Industry,Procurement,"NZD 12,206.12",False,United States
006Q800000HtaST,Wireless Lock,Commercial,Commercial,Closed Lost,"NZD 9,508.49",False,United States
006Q800000Htah0,PRX-TAG-MF-B quote,Commercial,Commercial,Closed Won,NZD 542.65,True,United States
006Q800000HtdoX,ICT Quote- Westan X bundle Hardware 11_10_24,Commercial,Commercial,Closed Won,"NZD 3,784.39",True,Australia
006Q800000Hthyb,test,Commercial,Commercial,Working,"NZD 5,922.82",False,ICT
006Q800000Htj5x,6 Door Kit,Commercial,Commercial,Closed Lost,"NZD 7,254.18",False,United States
006Q800000HtlMH,PB Tech_Upgrade_Max,Commercial,Commercial,Closed Won,"NZD 1,064.78",True,New Zealand
006Q800000HvZor,GH-24-P490 - Galway,Healthcare,Healthcare,Closed Won,"NZD 15,369.59",True,EMEA
006Q800000HvdPe,Alarmtec Stocking Order - Jan 26,Commercial,Commercial,Closed Won,"NZD 46,899.56",True,EMEA
006Q800000Hvf6H,Alarmtec Stocking Order - Dec 25,Commercial,Commercial,Closed Won,"NZD 31,519.24",True,EMEA
006Q800000HvhRR,Alarmtec Stocking Order - Feb 26,Commercial,Commercial,Closed Won,"NZD 46,714.33",True,EMEA
006Q800000HviSL,Alarmtec Stocking Order - Apr 25,Commercial,Commercial,Closed Won,"NZD 74,966.69",True,EMEA
006Q800000HvoO5,Dorset Council - Monkton Park Annexed System - Licenses,Government,Government,Closed Won,"NZD 2,422.50",True,EMEA
006Q800000HvpX3,Readers - Interunity Management Corporation.,Commercial,Commercial,Closed Won,"NZD 13,803.46",True,EMEA
006Q800000HvraT,Water Sensors,Multi Family,Multi Family,Closed Lost,"NZD 1,869.12",False,Canada
006Q800000Hvtve,Tenancy Portal Test,Residential,Residential,Closed Won,NZD 0.00,True,United States
006Q800000HvuRt,Tech bench,Commercial,Commercial,Closed Won,NZD 684.32,True,Canada
006Q800000HvuTW,Initial Stock Order,Other,Other,Closed Lost,"NZD 64,882.75",False,EMEA
006Q800000Hvvqz,LunarX Initial stock,Other,Other,Closed Lost,"NZD 85,495.23",False,EMEA
006Q800000Hw0FZ,Site Code 12107 - 100 fobs,Commercial,Commercial,Closed Won,NZD 723.53,True,United States
006Q800000Hw1LK,prx tsec extra bt b,Commercial,Commercial,Closed Won,"NZD 1,599.88",True,United States
006Q800000Hw2dy,PRX-TSEC-STD-KP-B,Commercial,Commercial,Closed Won,"NZD 2,178.53",True,United States
006Q800000Hw5Gt,Door licenses,Commercial,Commercial,Closed Won,NZD 968.24,True,United States
006Q800000Hw5f3,Sanitary District - ANP,Government,Government,Closed Won,"NZD 37,998.39",True,United States
006Q800000HwCev,Whitman cred options,Education,Education,Closed Won,"NZD 1,091.91",True,United States
006Q800000HyeqP,Quotation for AFx Enterprise Equipment,Commercial,Commercial,Closed Won,"NZD 2,721.85",True,Asia Pacific
006Q800000HyvOD,ICE_GX Upgrade_Simon,Commercial,Commercial,Closed Won,"NZD 2,981.86",True,New Zealand
006Q800000Hyvb7,Standard Card Reader,Commercial,Commercial,Closed Won,NZD 501.01,True,Australia
006Q800000Hyvxx,Reader expander,Commercial,Commercial,Closed Won,NZD 342.13,True,Australia
006Q800000HyxWT,Sureline_Mirimar GC GX Upgrade_Luke,Commercial,Commercial,Closed Lost,"NZD 17,951.62",False,New Zealand
006Q800000Hz0PV,Secure-As_Upgrade PSU_Quintin,Commercial,Commercial,Closed Lost,"NZD 1,511.98",False,New Zealand
006Q800000Hz7nZ,WX PIN Prox Solution,Commercial,Commercial,Closed Lost,"NZD 2,342.58",False,Australia
006Q800000Hz99R,WX PIN Prox Bundle,Commercial,Commercial,Closed Lost,"NZD 2,138.74",False,Australia
006Q800000HzKeM,3 door site,Commercial,Commercial,Closed Lost,"NZD 10,189.89",False,Australia
006Q800000Hznzi,RiMED PA2 (phase 01),Healthcare,Healthcare,Closed Lost,"NZD 39,053.64",False,EMEA
006Q800000HzpDV,RiMED PA2 (phase 02),Healthcare,Healthcare,Closed Lost,"NZD 45,442.25",False,EMEA
006Q800000HzpJx,RiMED PA2 (phase 03),Healthcare,Healthcare,Closed Lost,"NZD 53,222.14",False,EMEA
006Q800000HzpNB,RiMED PA2 (phase 04),Healthcare,Healthcare,Closed Lost,"NZD 59,922.38",False,EMEA
006Q800000I0Q3N,Dorset Council - Monkton Park Annexed System - Hardware,Government,Government,Closed Won,"NZD 2,600.73",True,EMEA
006Q800000I0Qpl,Town of Mooresville Milestone,Government,Government,Closed Lost,"NZD 26,470.59",False,United States
006Q800000I0Qpm,Setter Stix,Commercial,Commercial,Closed Won,"NZD 1,192.41",True,United States
006Q800000I0T65,TAH BUILDING_B2-CC4 Project in Vietnam - Futech Tech JSC (YEM),Commercial,Commercial,Closed Lost,"NZD 152,448.57",False,Asia Pacific
006Q800000I0Xfx,Cannabis quote,Retail,Retail,Closed Lost,"NZD 16,253.29",False,United States
006Q800000I0YCD,8 Door replacement,Commercial,Commercial,Closed Won,"NZD 7,711.18",True,United States
006Q800000I0Yk5,10/14,Residential,Residential,Closed Won,NZD 271.32,True,United States
006Q800000I0adr,KFCU   2024-14644,Banking & Finance,Banking & Finance,Closed Won,"NZD 10,190.59",True,United States
006Q800000I0bRq,Oct Keyfobs,Commercial,Commercial,Closed Won,NZD 301.47,True,United States
006Q800000I0bej,Ohio Valley Bank 2024-14648,Banking & Finance,Banking & Finance,Closed Won,"NZD 4,041.91",True,United States
006Q800000I0cCb,Middle Tennessee,Commercial,Commercial,Closed Won,NZD 213.24,True,United States
006Q800000I0d5R,LCNB 2024-14627,Banking & Finance,Banking & Finance,Closed Won,"NZD 6,033.09",True,United States
006Q800000I0fyW,Netranom  PO#1705743,Commercial,Commercial,Closed Won,"NZD 1,642.10",True,United States
006Q800000I0g1h,Oil Dri Facility,Heavy Industry,Heavy Industry,Closed Lost,"NZD 32,258.06",False,United States
006Q800000I0hXF,Cobalt_Oxford Area School_Jeremy,Education,Education,Closed Won,,True,New Zealand
006Q800000I0vdR,City of St Helens,Government,Government,Closed Lost,"NZD 5,422.59",False,United States
006Q800000I1PLO,COP TSL Reader Trial Site,Government,Government,Closed Lost,"NZD 47,398.28",False,Australia
006Q800000I1Qb1,Suprema Tender,Heavy Industry,Heavy Industry,Closed Lost,"NZD 88,684.84",False,Australia
006Q800000I1QpJ,WX LPR System,Commercial,Commercial,Closed Lost,"NZD 1,939.87",False,Australia
006Q800000I2p5x,5207 Dundas,Multi Family,Multi Family,Closed Lost,"NZD 44,637.62",False,Canada
006Q800000I2pdZ,Yellowscope,Commercial,Commercial,Closed Lost,"NZD 1,696.61",False,Australia
006Q800000I2uJt,ICT ProtegeGX Training/Demo Kit and Tech Training Course for ESSCOR in Philippines,Commercial,Commercial,Closed Lost,"NZD 7,700.32",False,Asia Pacific
006Q800000I2wK7,Securitas Stocking Order - February 25,Commercial,Commercial,Closed Won,"NZD 41,789.27",True,EMEA
006Q800000I30Qv,Demo lock,Commercial,Commercial,Closed Lost,"NZD 2,676.40",False,United States
006Q800000I30if,Securitas Stocking Order - January 25,Commercial,Commercial,Closed Won,"NZD 67,869.45",True,EMEA
006Q800000I31YH,Stock order,Other,Other,Closed Won,"NZD 17,827.89",True,EMEA
006Q800000I322v,Securitas Stocking Order - March 25,Commercial,Commercial,Closed Won,"NZD 63,241.41",True,EMEA
006Q800000I33Jx,Leiters Card Order,Healthcare,Healthcare,Closed Won,"NZD 2,819.12",True,United States
006Q800000I33gX,PO: Cuningham Culver City,Multi Family,Multi Family,Closed Won,"NZD 4,321.38",True,United States
006Q800000I36ZZ,LCNB 2024-11616,Banking & Finance,Banking & Finance,Closed Won,"NZD 4,728.09",True,United States
006Q800000I36sw,MTSSS2,Commercial,Commercial,Closed Won,NZD 669.69,True,United States
006Q800000I37fJ,TSL Readers,Commercial,Commercial,Closed Won,"NZD 1,223.27",True,Canada
006Q800000I3AID,Stock Yard Bank 29032,Banking & Finance,Banking & Finance,Closed Won,"NZD 3,294.12",True,United States
006Q800000I3B0E,IBP,Commercial,Commercial,Closed Lost,"NZD 13,016.82",False,United States
006Q800000I3CDz,Cuningham San Diego,Multi Family,Multi Family,Closed Won,"NZD 3,832.53",True,United States
006Q800000I3HI5,160 Inverness Dr W,Commercial,Commercial,Closed Won,"NZD 6,701.65",True,United States
006Q800000I3HlF,Aperio Door Licenses,Education,Education,Closed Won,"NZD 11,200.47",True,Canada
006Q800000I3INp,Parts 16/10/24,Commercial,Commercial,Closed Won,"NZD 1,239.52",True,Australia
006Q800000I4PQT,6 Door Office,Commercial,Commercial,Closed Lost,"NZD 2,798.34",False,Australia
006Q800000I58sE,Commercial & Medical Building,Healthcare,Healthcare,Closed Lost,"NZD 35,928.42",False,EMEA
006Q800000I59rW,New AFx Enterprise System (Software) for ALLIANCE LAUNDRY SYSTEMS in Singapore,Commercial,Commercial,Closed Won,NZD 347.99,True,Asia Pacific
006Q800000I5HSV,APMC-OBHS Project in Philippines - i3 Tech (YEM),Commercial,Commercial,Proposal,,False,Asia Pacific
006Q800000I5Qtz,Vergennes Grand,Healthcare,Healthcare,Closed Won,"NZD 11,257.41",True,United States
006Q800000I5Rrd,AFX Enterprise 2 Door SME Kit,Commercial,Commercial,Closed Won,"NZD 3,001.88",True,Asia Pacific
006Q800000I5WGD,Deloitte Audit House,Commercial,Commercial,Closed Won,"NZD 20,845.77",True,EMEA
006Q800000I5WmT,Brembo group pilot,Commercial,Commercial,Closed Lost,,False,EMEA
006Q800000I5WuY,Oct Cards,Commercial,Commercial,Closed Won,"NZD 3,476.62",True,United States
006Q800000I5X6F,NAMA Water,Heavy Industry,Heavy Industry,Closed Lost,"NZD 96,328.07",False,EMEA
006Q800000I5XfX,Park Central- WX controller,Multi Family,Multi Family,Closed Lost,NZD 922.59,False,United States
006Q800000I5Xyj,Shamong Dispensary,Commercial,Commercial,Closed Lost,"NZD 12,739.84",False,United States
006Q800000I5bB4,Demo for Austin,Other,Other,Closed Won,NZD 0.00,True,United States
006Q800000I5cLe,McElyea- 2 dr WX,Commercial,Commercial,Closed Lost,"NZD 2,419.35",False,United States
006Q800000I5d4n,QurAlis - 16 door Brivo swap,Healthcare,Healthcare,Closed Lost,"NZD 22,464.59",False,United States
006Q800000I5fEf,LCNB 2024- 11622,Banking & Finance,Banking & Finance,Closed Won,"NZD 4,035.03",True,United States
006Q800000I5fEi,Walstreet Towers,Multi Family,Multi Family,Closed Lost,"NZD 10,916.32",False,United States
006Q800000I5fZd,First Savings Bank,Banking & Finance,Banking & Finance,Closed Won,NZD 538.97,True,United States
006Q800000I5fo9,AccessGard - Ecuador Pro Services,Commercial,Commercial,Closed Lost,NZD 617.65,False,United States
006Q800000I5k7w,Stock 4156905,Commercial,Commercial,Closed Won,"NZD 5,830.15",True,United States
006Q800000I5l3x,Cornerstone_Reader_Andrew,Commercial,Commercial,Closed Lost,NZD 819.42,False,New Zealand
006Q800000I5nVf,Mears Controller,Retail,Retail,Closed Won,NZD 919.31,True,United States
006Q800000I5ncc,PO 205822,Commercial,Commercial,Closed Won,"NZD 9,001.26",True,United States
006Q800000I5qjs,Keypad reader,Commercial,Commercial,Closed Lost,NZD 368.38,False,Australia
006Q800000I5qut,Ahead_GX Upgrade_Errol,Commercial,Commercial,Closed Won,"NZD 10,216.79",True,New Zealand
006Q800000I5rRB,Quote 205784,Commercial,Commercial,Closed Won,"NZD 10,418.16",True,United States
006Q800000I5rvm,PO 205841,Commercial,Commercial,Closed Won,"NZD 4,255.81",True,United States
006Q800000I5rzG,CBWW,Commercial,Commercial,Closed Won,"NZD 2,530.59",True,United States
006Q800000I5stR,PO 205821,Commercial,Commercial,Closed Won,"NZD 3,556.46",True,United States
006Q800000I5syH,Gagnon,Commercial,Commercial,Closed Won,"NZD 6,704.12",True,United States
006Q800000I5tCo,Credential Stock,Other,Other,Closed Won,"NZD 2,580.88",True,United States
006Q800000I5tMq,BLC Whapeton,Healthcare,Healthcare,Closed Won,"NZD 8,761.06",True,United States
006Q800000I5tXl,4157162,Commercial,Commercial,Closed Won,"NZD 7,967.38",True,United States
006Q800000I5tj3,Nextro_PSU and Cabinets_Marco,Commercial,Commercial,Closed Lost,"NZD 36,814.70",False,New Zealand
006Q800000I6Ynr,REA Protege X Proposal 17_10_24,Commercial,Commercial,Closed Lost,"NZD 43,510.21",False,Australia
006Q800000I6Yr4,Toll Mining Port Hedland 17_10_24,Heavy Industry,Heavy Industry,Closed Won,"NZD 25,865.08",True,Australia
006Q800000I6c53,Scully Protege X Proposal 17_10_24,Transportation,Transportation,Closed Lost,"NZD 9,736.54",False,Australia
006Q800000I6cxu,SCT Protege WX Proposal 17_10_24,Transportation,Transportation,Closed Won,"NZD 4,439.83",True,Australia
006Q800000I6fJ4,2 configured TSL readers,Commercial,Commercial,Closed Lost,"NZD 1,051.41",False,Australia
006Q800000I7O86,Hilton Garden Inn KSA - Hotel,Commercial,Hospitality - Hotels,Closed Lost,"NZD 69,963.80",False,EMEA
006Q800000I7gPz,Ohio Valley Bank 2024-11659,Banking & Finance,Banking & Finance,Closed Won,"NZD 6,961.35",True,United States
006Q800000I7ggI,Ohio Valley Bank 2024-11636,Banking & Finance,Banking & Finance,Closed Won,"NZD 4,481.06",True,United States
006Q800000I7gxq,Ohio Valley Bank 2024-11657,Banking & Finance,Banking & Finance,Closed Won,"NZD 12,140.62",True,United States
006Q800000I7hsK,Grenada,Multi Family,Multi Family,Closed Lost,"NZD 8,722.16",False,Canada
006Q800000I7iLL,Ohio Valley Bank 2024-11633,Banking & Finance,Banking & Finance,Closed Won,"NZD 6,774.15",True,United States
006Q800000I7ihu,Ohio Valley Bank 2024-11655,Banking & Finance,Banking & Finance,Closed Won,"NZD 3,652.94",True,United States
006Q800000I7jqs,50 Door - add-on,Commercial,Commercial,Closed Won,"NZD 1,351.24",True,United States
006Q800000I7k0Z,5229 Dundas - 22 Stories,Multi Family,Multi Family,Closed Lost,"NZD 77,738.73",False,Canada
006Q800000I7k6z,Ohio Valley Bank 2024-11640,Banking & Finance,Banking & Finance,Closed Won,"NZD 4,808.12",True,United States
006Q800000I7kWn,Ohio Valley Bank 2024-11663,Banking & Finance,Banking & Finance,Closed Won,"NZD 4,035.03",True,United States
006Q800000I7ker,2 4A PSU -NDA,Residential,Residential,Closed Won,"NZD 1,452.35",True,United States
006Q800000I7lvt,"New Boston, NH Fire House",Government,Government,Discovery,"NZD 14,705.88",False,United States
006Q800000I7m2L,ESSCOR_REQUEST FOR QUOTATION_PJ-AA24-026,Commercial,Commercial,Closed Won,"NZD 1,126.09",True,Asia Pacific
006Q800000I7onJ,Kipling Group Islington,Commercial,Commercial,Closed Lost,"NZD 24,511.90",False,Canada
006Q800000I7p0D,ATM (Azienda Trasporti Milanesi) extension M1 e M2,Transportation,Transportation,Closed Won,"NZD 18,594.13",True,EMEA
006Q800000I7pOP,5233 Dundas - 24 Stories,Multi Family,Multi Family,Closed Lost,"NZD 88,205.22",False,Canada
006Q800000I7q9B,ProtegeGX Certification Training,Other,Other,Closed Won,"NZD 9,446.50",True,Canada
006Q800000I7qXO,Brandon Crossroads,Multi Family,Multi Family,Working,"NZD 27,693.98",False,United States
006Q800000I7unu,X - Cuningham,Commercial,Commercial,Closed Won,NZD 92.65,True,United States
006Q800000I7vdW,BLC - Wahpeton-Red Wing,Healthcare,Healthcare,Closed Won,"NZD 2,821.76",True,United States
006Q800000I7xvT,Phill Test special pricing.,Commercial,Commercial,Closed Lost,"NZD 6,038.93",False,Australia
006Q800000I83Sz,WX - 4D/16Z/3KP,Commercial,Commercial,Closed Lost,"NZD 4,237.17",False,Canada
006Q800000I84H0,Special pricing promotion,Commercial,Commercial,Closed Lost,"NZD 6,038.93",False,Australia
006Q800000I84VV,GX Level 1 Facilitated Training 18/10/24,Other,Other,Closed Lost,"NZD 1,221.65",False,Australia
006Q800000I8IDW,wx opp,Religious,Religious,Closed Won,"NZD 1,587.71",True,United States
006Q800000I8ItR,Service NSW Database Cleanup,Government,Government,Closed Won,NZD 0.00,True,Australia
006Q800000I9Z7R,ICT Demo - Integration,Commercial,Commercial,Closed Lost,"NZD 7,321.76",False,EMEA
006Q800000I9s5F,City of New Britain Waterwork - Admin Building,Government,Government,Proposal,"NZD 14,394.85",False,United States
006Q800000I9sbV,ULC Listed Maglock Power Supplies,Multi Family,Multi Family,Proposal,,False,Canada
006Q800000I9xPt,Almac - 10 x Client Licenses,Healthcare,Healthcare,Closed Lost,"NZD 8,889.02",False,EMEA
006Q800000I9xuX,ICT mifare cards Lovelace,Commercial,Commercial,Closed Won,"NZD 2,941.18",True,United States
006Q800000I9yXF,Residence at PrairieFire,Multi Family,Multi Family,Closed Lost,"NZD 88,235.29",False,United States
006Q800000I9ytr,ICT mifare cards Lovelace,Commercial,Commercial,Closed Won,NZD 426.47,True,United States
006Q800000IA3Wv,NJ OLS quote 10.18.24,Government,Government,Proposal,"NZD 6,054.85",False,United States
006Q800000IBdBm,TSL reader Office Use,Other,Other,Closed Won,NZD 307.64,True,Australia
006Q800000IBioM,ASGL_SPCA_Shaun,Commercial,Commercial,Closed Lost,"NZD 52,676.25",False,New Zealand
006Q800000IBmNZ,Ricketts Road WX,Commercial,Commercial,Closed Won,"NZD 1,894.87",True,Australia
006Q800000IBofd,Protege X,Commercial,Commercial,Closed Lost,,False,Australia
006Q800000ICAKd,Security NZ_WX 4 Door_Renata,Commercial,Commercial,Closed Lost,"NZD 3,686.98",False,New Zealand
006Q800000ICCFx,Liverpool Plains Council Extension - Protege X,Government,Government,Closed Lost,"NZD 7,043.08",False,Australia
006Q800000ICJhF,12 Creek Street - HLI - 211024,Commercial,Commercial,Closed Won,"NZD 14,068.42",True,Australia
006Q800000ICevN,Nathans Accountant,Commercial,Commercial,Closed Won,"NZD 1,602.71",True,Australia
006Q800000ICgM5,Apartment Access Control,Multi Family,Multi Family,Closed Lost,"NZD 2,163.08",False,Australia
006Q800000ICuVX,HPLR240926a (rif. Axitea),Retail,Retail,Closed Lost,"NZD 25,054.24",False,EMEA
006Q800000IDYXm,Pidlisne Nuclear Fuel Storage,Heavy Industry,Heavy Industry,Working,"NZD 8,021.99",False,EMEA
006Q800000IDYmI,Queens College Additions,Education,Education,Closed Won,"NZD 2,086.24",True,EMEA
006Q800000IDcDD,Carolina Bio,Healthcare,Healthcare,Closed Won,"NZD 1,009.71",True,United States
006Q800000IDgAL,B-Line Oakland,Commercial,Commercial,Closed Lost,"NZD 3,176.60",False,United States
006Q800000IDhO9,Cuningham,Commercial,Commercial,Closed Won,NZD 158.82,True,United States
006Q800000IDloL,Wireless Lock Project - Vingcard Replacement,Commercial,Commercial,Proposal,,False,Canada
006Q800000IEH8H,Access and Alarm,Commercial,Commercial,Closed Lost,"NZD 11,976.92",False,Australia
006Q800000IF8Kg,Angel Eyes - Small Pilot Project,Commercial,Retail,Closed Won,"NZD 10,364.98",True,EMEA
006Q800000IFFFh,East Of England Ambulance Service 1 Door License,Healthcare,Healthcare,Closed Won,NZD 99.01,True,EMEA
006Q800000IFiKv,TSL Readers,Commercial,Commercial,Closed Lost,"NZD 20,789.86",False,Canada
006Q800000IFlib,Woodland Park Complete,Education,Education,PO Received,"NZD 54,328.34",False,United States
006Q800000IFnUH,GX 2D,Commercial,Commercial,Closed Won,"NZD 2,822.65",True,United States
006Q800000IFnfZ,GX 6D,Commercial,Commercial,Closed Won,"NZD 4,605.18",True,United States
006Q800000IFo0X,Yamas,Residential,Residential,Closed Won,"NZD 1,206.53",True,United States
006Q800000IFotP,Avanti Press Inc.,Commercial,Commercial,Closed Won,"NZD 7,805.23",True,United States
006Q800000IFpO2,RDM2 and MNR2,Commercial,Commercial,Closed Won,NZD 901.91,True,United States
006Q800000IFr1d,Commercial Active Directory,Commercial,Commercial,Closed Lost,"NZD 6,328.97",False,United States
006Q800000IFsdg,Quote for DB,Retail,Retail,Closed Won,"NZD 2,581.06",True,United States
006Q800000IFvWh,Avera Health - Mckennan,Healthcare,Healthcare,Closed Lost,"NZD 4,714.41",False,United States
006Q800000IG4Ys,8Amp,Commercial,Commercial,Closed Won,NZD 764.73,True,Australia
006Q800000IGLED,Protection Security_F&P Garage_David,Commercial,Commercial,Closed Lost,"NZD 17,056.79",False,New Zealand
006Q800000IGVbn,Card reader,Commercial,Commercial,Closed Lost,"NZD 4,203.62",False,Australia
006Q800000IGl74,GX-PCB Controller,Commercial,Commercial,Closed Won,"NZD 2,992.77",True,Australia
006Q800000IGlVF,Proximity Tags,Commercial,Commercial,Closed Won,NZD 30.08,True,Australia
006Q800000IHTw5,ICT ProtegeGX Elevator Access Control for KIRIM - Dinamika Persada-Pesky Building (YEM),Commercial,Commercial,Closed Lost,"NZD 31,685.79",False,Asia Pacific
006Q800000IHUH3,Queens College Boat House - Licesnses,Education,Education,Closed Won,NZD 396.04,True,EMEA
006Q800000IHfHJ,Access Control Project in Indonesia - PT Infinite Miracle Integra (YEM),Commercial,Commercial,Closed Lost,,False,Asia Pacific
006Q800000IHgV7,PO # 2432042.,Commercial,Commercial,Closed Won,"NZD 1,406.82",True,United States
006Q800000IHkwv,Southwest Keys,Commercial,Commercial,Closed Won,"NZD 2,544.71",True,United States
006Q800000IHlD3,ICT Parts,Commercial,Commercial,Closed Won,,True,Canada
006Q800000IHlzS,KP readers,Commercial,Commercial,Closed Won,"NZD 2,964.34",True,United States
006Q800000IHm7W,"Durant Hall, Northumbria University",Education,Education,Closed Lost,"NZD 7,343.98",False,EMEA
006Q800000IHo7j,City of Sumner operations facility,Government,Government,Closed Lost,,False,United States
006Q800000IHptN,Ingraham Manor - Bristol Hospital,Healthcare,Healthcare,Closed Won,"NZD 2,951.76",True,United States
006Q800000IHqkb,100 cards,Education,Education,Closed Won,NZD 582.35,True,United States
006Q800000IHyyR,OPG - Bowmanville,Government,Government,Closed Lost,"NZD 34,977.69",False,Canada
006Q800000II0iM,Windsor,Commercial,Commercial,Closed Won,"NZD 11,654.60",True,United States
006Q800000II8OA,Hayes 24_10_24,Commercial,Commercial,Closed Lost,"NZD 5,348.31",False,Australia
006Q800000II9SK,Hayes Metals,Commercial,Commercial,Closed Won,"NZD 5,757.16",True,Australia
006Q800000IICmm,Solas_WX opp_Eoin,Commercial,Commercial,Closed Won,"NZD 2,512.56",True,New Zealand
006Q800000IIVZH,27 Russell St 24_10_24,Multi Family,Multi Family,Closed Won,"NZD 3,073.33",True,Australia
006Q800000IJ4QY,Remote Site Management,Commercial,Commercial,Closed Lost,NZD 631.58,False,Australia
006Q800000IJMvQ,Chubb_F&P Garage_Tawhid,Commercial,Commercial,Closed Lost,"NZD 16,096.82",False,New Zealand
006Q800000IJSUU,"[GOV] Ministry of Funds and Regional Policy, Warsaw",Government,Government,Closed Lost,"NZD 121,875.87",False,EMEA
006Q800000IJcVR,"Szkola Podstawowa, Jagatowo",Education,Education,Closed Lost,"NZD 9,774.22",False,EMEA
006Q800000IJkpZ,NJ Cannabis - 4dr WX,Commercial,Commercial,Closed Lost,"NZD 3,969.45",False,United States
006Q800000IJmD3,New AFx Enterprise System (Software) for General Re-Insurance in Singapore,Commercial,Commercial,Closed Won,NZD 347.99,True,Asia Pacific
006Q800000IJrhN,Candy Store PO29095,Banking & Finance,Banking & Finance,Closed Won,"NZD 4,033.09",True,United States
006Q800000IJt85,JR Po1360815 and PO1360964,Commercial,Commercial,Closed Won,"NZD 1,761.88",True,United States
006Q800000IJtG9,Quote for Westerra,Banking & Finance,Banking & Finance,Closed Won,"NZD 6,402.97",True,United States
006Q800000IJu8z,SALTO SALLIS Parts for Valor on the Fax,Multi Family,Multi Family,Closed Won,"NZD 2,015.07",True,United States
006Q800000IJuYo,Setter Stix2,Commercial,Commercial,Closed Won,"NZD 1,671.47",True,United States
006Q800000IJwHF,2080 East Kent Ave - GX Project,Multi Family,Multi Family,Proposal,,False,Canada
006Q800000IJwIr,Cell Backup,Banking & Finance,Banking & Finance,Closed Won,NZD 487.27,True,United States
006Q800000IJyfd,Heritage FCU,Banking & Finance,Banking & Finance,Closed Won,"NZD 1,418.38",True,United States
006Q800000IJzjn,Twin City Low Voltage,Commercial,Commercial,Closed Won,NZD 578.65,True,United States
006Q800000IK3W2,Direct Control_Parnell Apartments_Jason,Multi Family,Multi Family,Closed Lost,"NZD 15,275.27",False,New Zealand
006Q800000IKFGf,Carlile Armadale 25_10_24,Multi Family,Multi Family,Closed Lost,"NZD 5,130.74",False,Australia
006Q800000IKf1e,Access Control for Fabrinet 10 Project (42 Doors) in Thailand,Commercial,Commercial,Closed Lost,,False,Asia Pacific
006Q800000IKkyo,Inovonics double Button Pendant Transmitter,Commercial,Commercial,Closed Lost,NZD 946.91,False,Australia
006Q800000IKt2p,Inovonics Double Pendant Transmitters,Commercial,Commercial,Closed Lost,NZD 473.45,False,Australia
006Q800000ILidB,Wind farm office project - iSales Hardware,Other,Other,Closed Lost,"NZD 4,180.68",False,EMEA
006Q800000ILitJ,Wind farm office project - Licenses,Other,Other,Closed Lost,"NZD 3,425.63",False,EMEA
006Q800000ILz1M,Reader,Commercial,Commercial,Closed Won,NZD 253.06,True,United States
006Q800000ILzPY,PO 1008174,Commercial,Commercial,Closed Won,,True,United States
006Q800000ILzxP,ICT Upgrade,Multi Family,Multi Family,Proposal,"NZD 19,837.27",False,Canada
006Q800000IM2NN,Trailside Tavern,Commercial,Commercial,Closed Won,"NZD 2,460.00",True,United States
006Q800000IM2qT,Charter Senior Living of Dedham,Healthcare,Healthcare,Closed Won,"NZD 3,657.35",True,United States
006Q800000IM2s1,Vascor     PO2286,Commercial,Commercial,Closed Won,"NZD 4,944.00",True,United States
006Q800000IM3sw,Software Unlock,Multi Family,Multi Family,Closed Won,"NZD 1,953.24",True,United States
006Q800000IM6Sb,Power Supply,Commercial,Commercial,Closed Won,"NZD 1,115.29",True,United States
006Q800000IM9C2,ProtegeGX Partner Training Pack,Other,Other,Proposal,"NZD 6,414.95",False,Canada
006Q800000INeX5,Derriford Hospital - Fracture Clinic Hardware,Healthcare,Healthcare,Closed Won,"NZD 117,485.35",True,EMEA
006Q800000INnk4,DHA Tennancy Revised,Government,Government,Closed Won,"NZD 7,495.16",True,Australia
006Q800000IOVEq,1 door home STD,Residential,Residential,Closed Won,"NZD 1,484.75",True,Australia
006Q800000IOX6v,1 Door Protege X,Residential,Residential,Closed Lost,"NZD 1,377.59",False,Australia
006Q800000IPJGP,ICT ProtegeGX Training/Demo Kit and Tech Training Course (Web Based) for PT. Dinamika Persada Teknologi (YEM),Training,Training,Closed Lost,"NZD 4,126.63",False,Asia Pacific
006Q800000IPKUF,TJW Revised 10 28 24,Commercial,Commercial,Closed Won,"NZD 6,726.29",True,United States
006Q800000IPXMb,The Docks C1 & C2,Multi Family,Multi Family,Proposal,"NZD 101,339.31",False,Canada
006Q800000IPYVa,Protege Certification,Education,Education,Closed Lost,,False,United States
006Q800000IPZwH,"Derriford Hospital - Training, Training Equipment & Licenses",Commercial,Healthcare - Hospitals,Closed Won,"NZD 21,088.36",True,EMEA
006Q800000IPc4X,2 Door System,Commercial,Commercial,Closed Won,"NZD 3,166.06",True,United States
006Q800000IPdrr,Mobile Credential,Commercial,Commercial,Closed Won,NZD 6.88,True,United States
006Q800000IPfdV,Access Card Order,Commercial,Commercial,Closed Won,,True,United States
006Q800000IPgHp,taylor fence,Multi Family,Multi Family,Closed Won,NZD 926.47,True,United States
006Q800000IPgg1,Omni Encoder,Commercial,Commercial,Closed Won,"NZD 1,564.01",True,United States
006Q800000IPjXR,30 TSEC,Commercial,Commercial,Closed Lost,"NZD 9,016.76",False,United States
006Q800000IPkZx,Senakw Development - Phase 1 - Nightcap in Flat Black,Multi Family,Multi Family,Closed Lost,,False,Canada
006Q800000IPlKj,Senakw Development - Phase 1 - Denali in Flat Black,Multi Family,Multi Family,Closed Won,"NZD 694,593.27",True,Canada
006Q800000IPluD,Herzog Smithville,Commercial,Commercial,Closed Lost,,False,United States
006Q800000IPo7L,Trak_Office Cameras_Roy,Other,Other,Closed Lost,NZD 216.08,False,New Zealand
006Q800000IPtVM,GX 44 doors- Maidstone,Commercial,Commercial,Closed Lost,"NZD 33,470.11",False,Australia
006Q800000IPuHo,"33 door Opp - WX, X & GX",Commercial,Commercial,Closed Lost,"NZD 30,655.06",False,United States
006Q800000IQ5BN,Waverly- Client Licenses,Multi Family,Multi Family,Closed Won,NZD 974.65,True,United States
006Q800000IQAhK,Shellharbour Expansion,Commercial,Commercial,Closed Won,"NZD 1,274.25",True,Australia
006Q800000IQBbl,P2000 Cut Over,Commercial,Commercial,Closed Lost,"NZD 25,979.11",False,Australia
006Q800000IQugv,Uniting SA Apartments,Multi Family,Multi Family,Closed Lost,"NZD 27,607.54",False,Australia
006Q800000IRFDV,Little Creatures,Commercial,Commercial,Closed Lost,"NZD 26,148.54",False,Australia
006Q800000IRawJ,Weigand Remote,Commercial,Commercial,Closed Lost,"NZD 4,627.94",False,EMEA
006Q800000IRdvl,GX Demo unit and training voucher,Critical Infrastructure,Critical Infrastructure,Closed Lost,"NZD 3,117.00",False,EMEA
006Q800000IRfpm,Alpego Lonigo new building,Heavy Industry,Heavy Industry,Closed Lost,"NZD 11,453.79",False,EMEA
006Q800000IRgws,SDI-MANILA Project in Philippines,Commercial,Commercial,Closed Lost,"NZD 11,243.47",False,Asia Pacific
006Q800000IRkvd,Bradley Court Apartments,Residential,Residential,Closed Won,"NZD 1,211.18",True,United States
006Q800000IRkxF,Cell Module Data Plans,Commercial,Commercial,Closed Won,NZD 27.36,True,United States
006Q800000IRnn3,Shoe Show GX license,Commercial,Commercial,Closed Lost,"NZD 4,814.41",False,United States
006Q800000IRntX,RF Properties Rental Building,Multi Family,Multi Family,Proposal,"NZD 92,016.40",False,Canada
006Q800000IRnyM,CPII,Heavy Industry,Heavy Industry,Closed Won,"NZD 4,197.35",True,United States
006Q800000IRoBH,Harmon Controls to ProtegeWX Upgrade,Critical Infrastructure,Critical Infrastructure,Closed Lost,"NZD 16,393.21",False,Canada
006Q800000IRoHh,tsec std b,Commercial,Commercial,Closed Won,NZD 923.96,True,United States
006Q800000IRoj7,MicroVote  PO 29195,Commercial,Commercial,Closed Won,"NZD 4,599.85",True,United States
006Q800000IRqOL,6 Door ProtegeWX Project,Commercial,Commercial,Closed Lost,NZD 0.00,False,Canada
006Q800000IRqrN,Vileco,Commercial,Commercial,Closed Lost,"NZD 28,906.55",False,Canada
006Q800000IS0Vo,Wireless Remotes,Multi Family,Multi Family,Closed Lost,NZD 624.84,False,Australia
006Q800000IS5U3,Single Gate Control,Multi Family,Multi Family,Closed Lost,"NZD 1,064.76",False,Australia
006Q800000IS6uY,Red Wolf - Mt Richmond Bld 6,Commercial,Commercial,Closed Lost,"NZD 10,351.13",False,New Zealand
006Q800000IS8TJ,GX System,Commercial,Commercial,Closed Won,"NZD 7,939.89",True,Australia
006Q800000ISD9d,Service NSW Broken Hill - 341506,Government,Government,Closed Won,"NZD 8,979.49",True,Australia
006Q800000ISQ0P,Updated Office Solution,Commercial,Commercial,Closed Won,"NZD 2,591.07",True,Australia
006Q800000ISiRx,Boardpro WX,Commercial,Commercial,Closed Lost,"NZD 9,466.11",False,Australia
006Q800000ITDql,Demo / Training Kits,Commercial,Commercial,Closed Won,"NZD 2,228.73",True,EMEA
006Q800000ITmi1,Inovonics transmitter,Commercial,Commercial,Closed Won,NZD 142.85,True,United States
006Q800000ITo3u,"1762 Davie Street, Vancouver",Multi Family,Multi Family,Closed Won,"NZD 7,095.54",True,Canada
006Q800000IToTi,GX Certification- In-Person Training,Commercial,Commercial,Closed Won,,True,United States
006Q800000ITqgo,Data Pacific - Mt Richmond Bldg 6,Commercial,Commercial,New,"NZD 21,419.99",False,New Zealand
006Q800000IU3kY,Pembroke WX 1 door,Residential,Residential,Closed Lost,"NZD 1,860.39",False,Australia
006Q800000IUdZR,Monash Student Accom,Education,Education,Closed Won,"NZD 30,493.46",True,Australia
006Q800000IUk1T,WX Controller Replacement,Commercial,Commercial,Closed Won,NZD 829.77,True,Australia
006Q800000IUnP8,X bundle,Commercial,Commercial,Closed Lost,"NZD 1,712.13",False,Australia
006Q800000IUpZ0,Training WX,Commercial,Commercial,Closed Lost,"NZD 8,701.94",False,Australia
006Q800000IVC7O,Protege X Second Site,Commercial,Commercial,Closed Lost,"NZD 7,596.53",False,Australia
006Q800000IVEif,Protege X Main Trial Site,Commercial,Commercial,Closed Lost,"NZD 8,498.22",False,Australia
006Q800000IVLyh,Cornwall Council - Unit6 Threemilestone,Government,Government,Closed Won,"NZD 4,659.57",True,EMEA
006Q800000IVgNB,Derriford Hospital - Licenses,Healthcare,Healthcare,Closed Won,"NZD 19,718.40",True,EMEA
006Q800000IVs8D,Argos Schools Updated 10 31 24,Education,Education,Closed Won,"NZD 25,353.06",True,United States
006Q800000IVtib,SEFR-1 Sustainable Re-Packaging,Other,Other,Procurement,"NZD 1,852.94",False,OEM
006Q800000IVvR3,Power Construction,Retail,Retail,Closed Won,"NZD 1,408.16",True,United States
006Q800000IVvm1,Wireless Lock Demo Blocks,Healthcare,Healthcare,Closed Won,"NZD 3,561.35",True,Canada
006Q800000IVxcY,Be Alarmed_WX Office_Gavin,Commercial,Commercial,Closed Lost,"NZD 1,500.47",False,New Zealand
006Q800000IVytZ,Ally Pediatric,Healthcare,Healthcare,Closed Lost,"NZD 18,422.90",False,United States
006Q800000IW5ev,X2 Security_WX Opp_Ian,Commercial,Commercial,Closed Lost,"NZD 2,831.78",False,New Zealand
006Q800000IW6kf,ICT Cartridge Mortise Lock_Nightcap_Flat Black,Multi Family,Multi Family,Discovery,,False,Canada
006Q800000IW6nt,Onn Elec,Commercial,Commercial,Closed Won,"NZD 2,049.44",True,Australia
006Q800000IWOzR,Protege X 8 Doors,Commercial,Commercial,Closed Lost,NZD 454.74,False,Australia
006Q800000IWQRe,Villawood 01_11_24,Commercial,Commercial,Closed Won,"NZD 2,643.51",True,Australia
006Q800000IWUqD,Supply Only AFx Products,Commercial,Commercial,Closed Won,"NZD 4,374.06",True,Asia Pacific
006Q800000IWWiL,New AFx Enterprise System for 3S Project in Singapore,Commercial,Commercial,Closed Lost,"NZD 3,360.99",False,Asia Pacific
006Q800000IXiBB,Demo Kit & Training,Commercial,Commercial,Closed Lost,"NZD 6,152.54",False,EMEA
006Q800000IXqof,2DR Expander,Residential,Residential,Closed Won,NZD 605.82,True,United States
006Q800000IXrT1,Badging Add,Banking & Finance,Banking & Finance,Closed Won,"NZD 1,003.09",True,United States
006Q800000IXthh,AD400 Locks,Education,Education,Closed Lost,"NZD 144,891.53",False,United States
006Q800000IXx8c,Qatar Embassy,Government,Government,Proposal,"NZD 58,702.14",False,Canada
006Q800000IXxwb,DRISCOLL,Education,Education,Closed Won,,True,United States
006Q800000IXzTl,360 Laurier,Multi Family,Multi Family,Closed Lost,"NZD 162,836.62",False,Canada
006Q800000Ia08n,Power and Enclosure,Commercial,Commercial,Closed Lost,"NZD 6,989.42",False,Australia
006Q800000IaSBV,Autostrada - 20 clients licenses,Transportation,Transportation,Closed Won,"NZD 33,622.59",True,EMEA
006Q800000IaUEv,Nerviano Chiesi Logistic Center,Healthcare,Healthcare,Closed Lost,,False,EMEA
006Q800000IaaU2,Guild & Spence_Extra Readers_Madu,Commercial,Commercial,Closed Lost,"NZD 5,139.13",False,New Zealand
006Q800000IaaiX,CC Offices,Commercial,Commercial,Closed Won,"NZD 5,014.47",True,United States
006Q800000IadIE,HCBC Site Code,Religious,Religious,Closed Won,NZD 184.41,True,United States
006Q800000IadLR,Condo - Harman Upgrade,Multi Family,Multi Family,Closed Lost,"NZD 20,481.08",False,Canada
006Q800000Iag1a,GRE Add On,Critical Infrastructure,Critical Infrastructure,Closed Won,"NZD 8,427.18",True,United States
006Q800000Iahww,Derriford Hospital - Facture Clinic - First Floor,Healthcare,Healthcare,Closed Won,"NZD 23,148.15",True,EMEA
006Q800000IbDgf,ICT ProtegeGX Training/Demo Kit and Tech Training Course (Web Based) for Success Network (YEM),Training,Training,Closed Lost,"NZD 6,120.81",False,Asia Pacific
006Q800000IcGhJ,Hospital - Feeding room,Healthcare,Healthcare,Closed Lost,"NZD 4,023.31",False,EMEA
006Q800000IcOmw,ICT ProtegeGX Training/Demo Kit and Tech Training Course (Web Based) for Syslink Technology Co Ltd (YEM),Commercial,Commercial,Closed Lost,"NZD 3,762.51",False,Asia Pacific
006Q800000IcS7P,11/5,Religious,Religious,Proposal,"NZD 23,261.82",False,United States
006Q800000IcSk9,Capitan Energy,Heavy Industry,Heavy Industry,Closed Won,NZD 350.74,True,United States
006Q800000IcUty,Tallinn City Airport,Aviation,Aviation,Closed Won,"NZD 18,333.90",True,EMEA
006Q800000IcX8f,Attwood Green Primary Care Centre,Healthcare,Healthcare,Closed Lost,"NZD 72,542.32",False,EMEA
006Q800000IcXS1,West Heath Primary Care Centre,Healthcare,Healthcare,Closed Lost,"NZD 13,595.30",False,EMEA
006Q800000IcZaI,First Federal Community Bank  2024-15853,Banking & Finance,Banking & Finance,Closed Won,"NZD 1,987.35",True,United States
006Q800000IcZoo,12/24V DC Power Supplies,Other,Other,Closed Won,,True,Canada
006Q800000Icbtp,Electric GD Warehouse,Commercial,Industrial - Logistics,Closed Won,"NZD 17,191.61",True,United States
006Q800000Icc9x,Lakewood Suites - Hiller - New Construction - 352 Units,Multi Family,Multi Family,Proposal,"NZD 208,252.92",False,United States
006Q800000Icccz,Allied Molded,Commercial,Commercial,Closed Won,"NZD 3,410.29",True,United States
006Q800000IcdAr,TSEC STD Pin Pad,Commercial,Commercial,Closed Won,NZD 580.94,True,United States
006Q800000IceTv,Aotea_Heaton Medical_Gus,Healthcare,Healthcare,Closed Won,"NZD 5,021.29",True,New Zealand
006Q800000Icidj,Brentwood Flowood- UHS,Healthcare,Healthcare,Closed Lost,,False,United States
006Q800000Icj3N,Oak Plains- UHS,Healthcare,Healthcare,Closed Lost,,False,United States
006Q800000Icj9p,Soundcraft_Mifare Cards and Tags_Mick,Commercial,Commercial,Closed Won,"NZD 3,470.05",True,New Zealand
006Q800000IcjL9,Behavioral Health of Bellaire,Healthcare,Healthcare,Closed Lost,,False,United States
006Q800000IckxC,School 2410305,Education,Education,Closed Won,"NZD 3,631.76",True,United States
006Q800000Icl7l,Laurel Oaks- UHS,Healthcare,Healthcare,Closed Lost,,False,United States
006Q800000IdFXv,Warren Village - Construction Card,Multi Family,Multi Family,Closed Won,NZD 10.32,True,United States
006Q800000IdLJy,The Irving - GX Quote,Multi Family,Multi Family,Procurement,"NZD 19,072.99",False,United States
006Q800000IeWjZ,Rivervale at Holiday Farm,Residential,Residential,Closed Lost,"NZD 41,790.35",False,United States
006Q800000IeZMT,EEAST Witham additional door license,Healthcare,Healthcare,Closed Won,NZD 99.01,True,EMEA
006Q800000IehLi,Snowhill Data Sync,Commercial,Commercial,Closed Won,"NZD 1,086.40",True,EMEA
006Q800000IehTj,LowMartin,Multi Family,Multi Family,Closed Lost,"NZD 39,979.25",False,Canada
006Q800000IehTl,ASGL_XS4 Lock_David,Commercial,Commercial,Closed Lost,NZD 663.90,False,New Zealand
006Q800000IeiG5,Mifare Tags 11-6-24,Commercial,Commercial,Closed Won,"NZD 2,058.82",True,United States
006Q800000IejqU,Motorized Deadbolt Pricing - Grigory,Multi Family,Multi Family,Closed Won,,True,Canada
006Q800000Iekkw,Riverside Supportive Housing GX & MDB,Multi Family,Multi Family,Decision,"NZD 63,024.10",False,Canada
006Q800000IelsH,Global Village Academy,Education,Education,PO Received,"NZD 5,825.47",False,United States
006Q800000IemBz,test,Commercial,Commercial,Closed Lost,"NZD 6,760.94",False,United States
006Q800000Iemgg,WX system quote,Commercial,Commercial,Closed Won,NZD 867.79,True,United States
006Q800000IeoJt,6K @ PRX-ISO-MAG-MFF,Education,Education,Closed Won,"NZD 31,058.82",True,United States
006Q800000IepCk,12 Creek St Brisbane,Commercial,Commercial,Closed Lost,"NZD 2,026.23",False,Australia
006Q800000IepZN,Modern Electrical Stock11-6-24,Commercial,Commercial,Closed Lost,"NZD 3,265.88",False,United States
006Q800000Ier6T,Escopology,Commercial,Commercial,Closed Lost,,False,United States
006Q800000Ierck,Aerodyne,Commercial,Commercial,Proposal,"NZD 6,812.74",False,United States
006Q800000Ierpe,Aerodyne 2,Commercial,Commercial,Proposal,"NZD 6,635.16",False,United States
006Q800000If8Do,Milestone Integration Pricing,Government,Government,Closed Lost,"NZD 17,658.53",False,Canada
006Q800000IfCXV,GX System,Commercial,Commercial,Closed Won,"NZD 2,303.30",True,Australia
006Q800000IfGcl,Blue Eagle_Carterton Council_Sam,Government,Government,Closed Won,"NZD 30,191.64",True,New Zealand
006Q800000IfI1p,Guild Spence_WX Quote_Paul,Commercial,Commercial,Closed Lost,"NZD 4,876.37",False,New Zealand
006Q800000Igab1,The Stew Pot,Other,Other,Closed Lost,"NZD 35,448.79",False,United States
006Q800000Igahf,Global Center,Commercial,Commercial,Closed Won,"NZD 7,637.40",True,EMEA
006Q800000IgapW,sample pricing,Banking & Finance,Banking & Finance,Closed Lost,"NZD 45,652.35",False,United States
006Q800000IgbOz,Stamford 6 Building GX,Residential,Residential,Proposal,"NZD 17,707.09",False,United States
006Q800000Igjso,Inovonics,Commercial,Commercial,Closed Lost,NZD 879.78,False,Australia
006Q800000Igks6,11-7,Commercial,Commercial,Closed Won,"NZD 1,406.82",True,United States
006Q800000Iglub,11/7 PO/CUST HOLD,Other,Other,In Process,"NZD 4,899.97",False,United States
006Q800000Igm7V,Dorset Council - 800 x PRX-ISO-MF,Government,Government,Closed Won,"NZD 3,512.00",True,EMEA
006Q800000IgolD,WX 2 Door,Commercial,Commercial,Closed Won,"NZD 2,168.65",True,United States
006Q800000IguRd,Massy-Greene Dve 08_11_24,Commercial,Commercial,Closed Lost,"NZD 6,248.91",False,Australia
006Q800000IgyiJ,Symal Wagga 08_11_24,Heavy Industry,Heavy Industry,Closed Won,"NZD 2,972.68",True,Australia
006Q800000Ihle2,Quote for 1-Door System with card and PIN - Habitus Concept (YEM),Commercial,Commercial,Closed Lost,,False,Asia Pacific
006Q800000Ihs7d,Quote for 1-Door System with card reader only - Habitus Concept (YEM),Commercial,Commercial,Closed Lost,"NZD 1,540.40",False,Asia Pacific
006Q800000IhvVJ,Quote for 2-Door System with card reader only - Habitus Concept (YEM),Commercial,Commercial,Closed Lost,,False,Asia Pacific
006Q800000Ihvu1,Quote for 2-Door System with card and PIN - Habitus Concept (YEM),Commercial,Commercial,Closed Lost,,False,Asia Pacific
006Q800000IhzKP,ProtegeGX Demo License,Commercial,Commercial,Closed Won,NZD 0.22,True,Asia Pacific
006Q800000IilGz,WX - 8D,Commercial,Commercial,Closed Won,"NZD 6,859.74",True,Canada
006Q800000IilVW,York - Stouffville,Education,Education,Closed Won,"NZD 11,115.51",True,Canada
006Q800000IioBd,"Bridgeport, CT plant - GX",Commercial,Industrial - Manufacturing,Closed Lost,,False,Canada
006Q800000Iioy1,ACI Pricing,Commercial,Commercial,Closed Won,NZD 826.54,True,United States
006Q800000Iiqjh,T32136A,Commercial,Commercial,Closed Won,"NZD 1,516.47",True,United States
006Q800000Iiqjq,Mobile credentials,Commercial,Commercial,Closed Won,NZD 57.35,True,United States
006Q800000Iit9p,Atlantic Realty - Xchange Rear-Mount LATCH Retrofit,Multi Family,Multi Family,Proposal,"NZD 145,905.91",False,United States
006Q800000IiwM7,Juno ProtegeGX Project,Multi Family,Multi Family,PO Received,"NZD 180,758.48",False,Canada
006Q800000IkqsU,Bulk RDMs,Commercial,Commercial,Closed Won,"NZD 22,525.59",True,Australia
006Q800000Il2tg,ISS_Mobile Credentials_Scott,Commercial,Commercial,Closed Won,NZD 266.40,True,New Zealand
006Q800000Il5OT,ASGL_Entain Cards_Rob,Gaming,Gaming,Closed Won,NZD 93.98,True,New Zealand
006Q800000Il8W1,Mini ProxMF,Commercial,Commercial,Closed Won,NZD 389.05,True,Australia
006Q800000IlQsk,WX x 3,Commercial,Commercial,Closed Won,"NZD 4,623.36",True,Australia
006Q800000IlhX0,Demo / Training Kits,Commercial,Commercial,Closed Lost,"NZD 4,399.94",False,EMEA
006Q800000ImJFh,Sopra Steria Group (Axitea),Heavy Industry,Heavy Industry,Closed Won,"NZD 10,663.07",True,EMEA
006Q800000ImXNV,ICT Intrusion System,Commercial,Commercial,Closed Won,"NZD 4,715.44",True,United States
006Q800000ImXk5,Rosenberg Library locks,Government,Government,Closed Lost,"NZD 7,524.19",False,United States
006Q800000ImXlh,TCMPS,Education,Education,Closed Lost,"NZD 22,301.59",False,Canada
006Q800000ImYD7,Dykeland Lodge LTC.,Healthcare,Healthcare,Closed Lost,"NZD 39,532.70",False,Canada
006Q800000ImYY7,Queens College - Cambridge Uni - Additional Licenses,Education,Education,Closed Lost,"NZD 2,575.86",False,EMEA
006Q800000ImZQv,PO 8956 and PO 8957,Commercial,Commercial,Closed Won,NZD 686.47,True,United States
006Q800000ImcAK,23328,Commercial,Commercial,Closed Won,"NZD 2,900.76",True,United States
006Q800000ImtZT,Lane Cove Council,Government,Government,Closed Won,"NZD 14,015.49",True,Australia
006Q800000ImysL,"Joyce 2 - Jan, Feb & Mar - Denali SS",Multi Family,Multi Family,Closed Won,"NZD 176,611.61",True,Canada
006Q800000In09N,BK Security_WX Extension_Kim,Commercial,Commercial,Closed Won,"NZD 3,631.11",True,New Zealand
006Q800000In7u3,WX Expansion,Commercial,Commercial,Closed Won,"NZD 2,932.61",True,Australia
006Q800000IodYU,10DR add-on - GX#V255HRHUQ6UEN1Q7DVIJLT1BJ,Healthcare,Healthcare,Closed Won,NZD 532.53,True,United States
006Q800000Ioda6,Lorenzo ISD,Education,Education,Closed Lost,"NZD 59,423.03",False,United States
006Q800000IoeuN,Lighthouse Readers,Commercial,Commercial,Closed Won,"NZD 9,758.82",True,United States
006Q800000IogWM,SEFR-19 TOR for RDM2,Aviation,Aviation,PO Received,,False,OEM
006Q800000IosIz,One Camelback - End Solution Comm - 163 Units,Multi Family,Multi Family,Closed Lost,"NZD 81,254.18",False,United States
006Q800000IpJLG,WX Training Components 13_11_24,Other,Other,Closed Won,"NZD 2,143.84",True,Australia
006Q800000Ipn4L,Montessori Quote,Education,Education,Closed Won,"NZD 6,632.64",True,Australia
006Q800000Ipxmr,Supply Only ICT tSec Reader,Commercial,Commercial,Closed Won,"NZD 3,606.47",True,Asia Pacific
006Q800000IpyNy,Quotation for ICT ProtegeGX Database Unlock Service,Commercial,Commercial,Closed Won,NZD 538.08,True,Asia Pacific
006Q800000Iq3x8,UOC FAMES - PRT-GX-SRVR,Education,Education,Closed Won,"NZD 2,422.50",True,EMEA
006Q800000IqVa2,Office Gates,Commercial,Commercial,Closed Won,"NZD 1,830.00",True,United States
006Q800000IqXoj,Mount Sinai - RS485 Connectors,Healthcare,Healthcare,Closed Won,,True,Canada
006Q800000IqYzL,IVO,Commercial,Commercial,Closed Won,NZD 535.24,True,United States
006Q800000Iqa1q,"WX Project - Nov 13, 2024",Retail,Retail,Closed Won,"NZD 4,417.62",True,Canada
006Q800000IqcWg,LowMartin - X,Multi Family,Multi Family,Closed Lost,"NZD 36,769.14",False,Canada
006Q800000IqdED,Order Inquiry - Jasmine,Residential,Residential,Closed Won,,True,Canada
006Q800000IqmEs,GX Quote,Commercial,Commercial,Closed Lost,"NZD 5,480.94",False,Australia
006Q800000IqmMM,C-Sharp campus,Commercial,Commercial,Closed Lost,"NZD 11,112.65",False,United States
006Q800000Iqn2H,Clovis VMS,Commercial,Commercial,Closed Lost,"NZD 19,883.24",False,United States
006Q800000IqxUg,Controller housing,Commercial,Residential,Closed Won,NZD 457.24,True,United States
006Q800000Irbof,Cranbourne Warehouse,Commercial,Industrial - Logistics,Closed Won,"NZD 5,091.29",True,Australia
006Q800000Is0wk,West Clayton Lane - Hiller - 405 Units - New Construction,Multi Family,Multi Family,Proposal,"NZD 259,596.38",False,United States
006Q800000IsBTx,Audi Myaree,Commercial,Commercial,Closed Lost,"NZD 11,380.86",False,Australia
006Q800000IsElB,Brembo group Kilometro rosso HQ,Heavy Industry,Heavy Industry,Closed Lost,,False,EMEA
006Q800000IsIf7,Art Building Project,Government,Government,Closed Lost,"NZD 55,016.04",False,EMEA
006Q800000IsMVp,Blue Center Extension 2,Commercial,Commercial,Closed Won,"NZD 12,370.03",True,EMEA
006Q800000IsRVW,ICT ProtegeGX Training/Demo Kit and Tech Training Course (Web Based) for Secom Singapore (YEM),Commercial,Commercial,Closed Lost,"NZD 3,904.01",False,Asia Pacific
006Q800000IsaSL,MN Adult & Teen Challenge - License Add On,Healthcare,Healthcare,Closed Lost,"NZD 7,787.29",False,United States
006Q800000IsdlB,Training Kits & Training,Commercial,Commercial,Closed Won,"NZD 8,041.59",True,EMEA
006Q800000IsePW,1675 Larimer Street,Retail,Retail,Closed Won,"NZD 1,608.71",True,United States
006Q800000IshVS,Electronic Interiors_WX upgrade_Peter,Commercial,Commercial,Closed Won,"NZD 2,148.09",True,New Zealand
006Q800000Ishs2,EN1263,Other,Other,Closed Won,NZD 249.30,True,United States
006Q800000IsiMh,DEMO Milestone,Commercial,Commercial,Closed Won,NZD 0.00,True,United States
006Q800000Isisv,Colwood Car Wash - WX Project,Commercial,Commercial,Closed Won,"NZD 5,517.20",True,Canada
006Q800000Iso0f,WX Product,Commercial,Commercial,Closed Won,"NZD 1,201.24",True,Australia
006Q800000IsqFN,INQ-CSS-ICT-WREN Residential,Multi Family,Multi Family,Closed Won,"NZD 5,899.32",True,Canada
006Q800000IsqU3,GX/WX Training Kit 15_11_24,Commercial,Commercial,Closed Lost,"NZD 3,529.34",False,Australia
006Q800000IsqqT,TSL Ferrite Shields,Commercial,Commercial,Closed Won,"NZD 1,489.43",True,Australia
006Q800000IsrD3,4379 Willow - ProtegeWX Project,Multi Family,Multi Family,Closed Lost,"NZD 7,566.78",False,Canada
006Q800000It0TG,ESAT_X Opp addition_Paul,Commercial,Commercial,Closed Won,"NZD 2,298.65",True,New Zealand
006Q800000ItKbd,WX Training Kit,Commercial,Commercial,Closed Won,"NZD 2,900.66",True,Australia
006Q800000Itq21,Out Put Expanders,Commercial,Commercial,Closed Won,NZD 796.68,True,Australia
006Q800000Iu0JD,Demo / Training Kits,Commercial,Commercial,Closed Lost,"NZD 2,199.97",False,EMEA
006Q800000Iu9z8,Fertility Clinic Perth,Healthcare,Healthcare,Closed Lost,"NZD 12,572.07",False,Australia
006Q800000IuPr0,Fertility Clinic Perth,Healthcare,Healthcare,Closed Lost,"NZD 12,630.21",False,Australia
006Q800000IuU97,Training  GX Level1 - Jacek Olejniczak,Education,Education,Closed Won,"NZD 3,719.53",True,EMEA
006Q800000IubIh,4DR GX for Dunkin,Commercial,Commercial,Closed Lost,"NZD 4,510.57",False,United States
006Q800000Iudlu,"Training, Demo Equipment & API",Commercial,Commercial,Closed Lost,"NZD 6,045.90",False,EMEA
006Q800000IudsM,Hosting Options,Healthcare,Healthcare,Discovery,"NZD 23,367.10",False,United States
006Q800000Iue3e,Blue Hill Project,Multi Family,Multi Family,Proposal,"NZD 113,231.60",False,United States
006Q800000Iufao,Cards,Commercial,Commercial,Closed Won,NZD 172.06,True,United States
006Q800000Iugrp,Polish Agricultural Publishers Pozna?,Commercial,Commercial,Closed Won,"NZD 29,213.13",True,EMEA
006Q800000IuiSD,125 BT,Commercial,Commercial,Closed Won,NZD 474.88,True,United States
006Q800000Iul57,"Enclosure Quote for Louis - Nov, 2024",Multi Family,Multi Family,Closed Won,NZD 759.07,True,Canada
006Q800000IuqeH,31DR WX,Commercial,Commercial,Closed Lost,"NZD 16,235.47",False,United States
006Q800000Ix52v,GX Basic System,Commercial,Commercial,Closed Won,"NZD 2,347.02",True,Australia
006Q800000IxFof,Reader DF,Commercial,Commercial,Closed Won,NZD 149.54,True,Australia
006Q800000IxIOL,Aperio AU 100,Commercial,Commercial,Closed Lost,NZD 840.48,False,Australia
006Q800000IxOqN,Tecom Upgrade,Commercial,Commercial,Closed Lost,"NZD 4,622.99",False,Australia
006Q800000IxYGM,Protege X Pricing - 1 Door,Other,Other,Closed Won,"NZD 1,774.80",True,Australia
006Q800000Iy9vi,Sobey's - Delta BC,Retail,Retail,Closed Lost,"NZD 16,489.02",False,Canada
006Q800000IyAoX,Quotation for New AFx Enterprise System for Wurth Shanghai Office,Commercial,Commercial,Proposal,"NZD 10,368.59",False,Asia Pacific
006Q800000IyFrS,Modern Electrical readers,Commercial,Commercial,Closed Won,,True,United States
006Q800000IyFzV,Hillsdale Terrace - Durham Region,Government,Government,Closed Lost,"NZD 109,856.09",False,Canada
006Q800000IyI4Y,Credit River Retirement Residence - Unity Connected - Replace existing,Healthcare,Healthcare,Closed Lost,"NZD 118,573.13",False,Canada
006Q800000IyOY9,keypad replacement,Commercial,Commercial,Closed Lost,NZD 517.41,False,United States
006Q800000IySwk,Mercury Electronics_WX 2 Door_Manvinder,Commercial,Commercial,Closed Lost,"NZD 2,063.02",False,New Zealand
006Q800000IyTpa,Direct Control_Windcave upgrade_Igor,Banking & Finance,Banking & Finance,Closed Won,"NZD 1,614.12",True,New Zealand
006Q800000IyUKD,Boutique Apartments Lakeside,Multi Family,Multi Family,Closed Won,NZD 922.59,True,United States
006Q800000IyUP3,WX Controller 19_11_24,Commercial,Commercial,Closed Won,NZD 746.80,True,Australia
006Q800000IyUor,Boutique Apartments Lakeside,Multi Family,Multi Family,Closed Won,"NZD 2,329.41",True,United States
006Q800000IyUos,WX DIN Rail Single Door Controller 19_11_24,Commercial,Commercial,Closed Won,NZD 479.14,True,Australia
006Q800000IyVZe,2 Door Quote,Commercial,Commercial,Closed Lost,"NZD 1,657.59",False,United States
006Q800000IyVub,St. James - Goodland,Education,Education,Closed Won,"NZD 5,426.07",True,United States
006Q800000IybvL,Guardian_6 Door WX_Adam,Commercial,Commercial,Closed Won,"NZD 5,885.90",True,New Zealand
006Q800000Iyd0v,Parks & Yards - ProtegeGX Additional Doors & Licenses,Multi Family,Multi Family,Closed Won,"NZD 30,552.73",True,Canada
006Q800000Iz0wn,GX Lvl 1 Training 19_11_24,Commercial,Commercial,Closed Won,"NZD 1,221.65",True,Australia
006Q800000IzNII,WX - Lift and 40 Door Access,Commercial,Commercial,Closed Lost,"NZD 22,442.88",False,Australia
006Q800000IzcKY,Yas Acres Villas,Residential,Residential,Closed Lost,"NZD 104,923.12",False,EMEA
006Q800000IzfOr,The Curve Office,Commercial,Commercial,Closed Lost,"NZD 10,582.04",False,EMEA
006Q800000Izg6P,Silver tower,Commercial,Commercial,Closed Lost,"NZD 29,562.55",False,EMEA
006Q800000J040g,Central Tower Access Project,Critical Infrastructure,Critical Infrastructure,Closed Lost,"NZD 8,297.21",False,United States
006Q800000J0FIf,"6dr WX for Allentown, PA project",Commercial,Commercial,Closed Won,"NZD 5,493.53",True,United States
006Q800000J0FQk,AMP United,Commercial,Commercial,Closed Won,"NZD 1,302.88",True,United States
006Q800000J0FfF,Assa Abloy/GX Lic.,Other,Other,Closed Won,,True,United States
006Q800000J0Fov,Apartment Entry & Access Control,Multi Family,Multi Family,Proposal,"NZD 46,147.90",False,United States
006Q800000J0MKB,Eglise SPSP,Religious,Religious,Closed Lost,"NZD 27,741.76",False,Canada
006Q800000J0ODt,Callbox & Reader,Commercial,Commercial,Closed Lost,"NZD 1,908.82",False,United States
006Q800000J0P8N,Cherry Lane Towers Penticton Strata Project - Salto Integration,Multi Family,Multi Family,Decision,"NZD 25,771.74",False,Canada
006Q800000J0RGb,"OLS DO5 221 Market St., Camden Security project",Government,Government,Proposal,"NZD 3,688.88",False,United States
006Q800000J0Yrg,New WX Site,Commercial,Commercial,Closed Won,NZD 309.21,True,Australia
006Q800000J1DY9,WX System,Commercial,Commercial,Closed Lost,"NZD 1,283.36",False,Australia
006Q800000J1lDF,Komatsu - Upgrade,Commercial,Commercial,Closed Lost,"NZD 13,068.61",False,EMEA
006Q800000J25Da,Green County Schools 11-20-24,Education,Education,Closed Won,"NZD 6,576.47",True,United States
006Q800000J26JK,Cambridge Uni - Physics Upgrade,Education,Education,Closed Won,"NZD 3,588.74",True,EMEA
006Q800000J29fO,Poligrafico di Stato,Government,Government,Closed Lost,,False,EMEA
006Q800000J2D6H,Replacement controllers,Government,Government,Closed Won,"NZD 1,987.35",True,United States
006Q800000J2D9W,4 Door kit,Commercial,Commercial,Closed Lost,"NZD 2,581.06",False,United States
006Q800000J2Dfl,11.20,Commercial,Commercial,Closed Won,"NZD 1,333.24",True,United States
006Q800000J2EyQ,PRX-TAG-MF-W-U,Commercial,Commercial,Closed Won,NZD 661.76,True,United States
006Q800000J2Jrq,Parts Quote - Alberta,Multi Family,Multi Family,Proposal,"NZD 50,843.93",False,Canada
006Q800000J2Non,Yeshivah Aperio Quote,Education,Education,Closed Lost,"NZD 70,560.47",False,Australia
006Q800000J2VD6,Quotation 21_11_24,Commercial,Commercial,Closed Lost,"NZD 1,462.86",False,Australia
006Q800000J2cZL,Area1 & 2,Commercial,Commercial,Closed Lost,"NZD 11,256.02",False,Australia
006Q800000J2tDZ,GX Controllers,Commercial,Commercial,Closed Won,"NZD 10,871.66",True,Australia
006Q800000J2yOZ,Protege X - 10 Door,Education,Education,Closed Lost,"NZD 4,283.53",False,Australia
006Q800000J3DCH,Protege X 10 Door subscription,Education,Education,Closed Lost,NZD 543.16,False,Australia
006Q800000J40sw,Pricing,Banking & Finance,Banking & Finance,Closed Won,"NZD 3,077.50",True,United States
006Q800000J44DP,Kingdom Church,Commercial,Religious,Closed Lost,"NZD 7,258.06",False,United States
006Q800000J48wv,BBF Bank Verex Upgrade,Banking & Finance,Banking & Finance,Closed Lost,"NZD 4,654.89",False,EMEA
006Q800000J493N,Expanders,Other,Other,Closed Won,"NZD 1,980.00",True,United States
006Q800000J4D3l,Coves of Cambridge HOA,Residential,Residential,Closed Lost,"NZD 2,371.06",False,United States
006Q800000J4DWn,Deep Cove,Other,Other,Closed Lost,,False,United States
006Q800000J4EKn,Seagraves ISD Nov 2024 Readers,Education,Education,Closed Won,"NZD 1,204.94",True,United States
006Q800000J4GjB,Coopers Lookout - Elevator Project,Multi Family,Multi Family,Closed Won,"NZD 17,668.07",True,Canada
006Q800000J4H0X,CSI stock,Commercial,Commercial,Closed Lost,"NZD 2,539.41",False,United States
006Q800000J4XH0,GX/WX Training Kit 22_11_24,Commercial,Commercial,Closed Lost,"NZD 3,838.93",False,Australia
006Q800000J5J3t,4amp PSU Delivered,Commercial,Commercial,Closed Won,NZD 541.41,True,Australia
006Q800000J64E6,50 MF Fobs,Commercial,Commercial,Closed Lost,,False,United States
006Q800000J68kj,Elections,Government,Government,Proposal,"NZD 49,320.23",False,Canada
006Q800000J68xd,Glovis San Diego,Commercial,Commercial,Closed Lost,"NZD 19,883.24",False,United States
006Q800000J697J,Glovis Duluth,Commercial,Commercial,Closed Lost,"NZD 19,883.24",False,United States
006Q800000J69iP,Material Quote,Commercial,Commercial,Closed Won,"NZD 1,541.82",True,United States
006Q800000J6A4z,Myron Stratton Homes,Multi Family,Multi Family,Working,"NZD 11,515.29",False,United States
006Q800000J6ABR,32 ICT readers for NPH,Multi Family,Multi Family,Closed Won,"NZD 6,968.47",True,United States
006Q800000J6ATB,5207 Dundas - Locks,Multi Family,Multi Family,Closed Lost,"NZD 553,351.60",False,Canada
006Q800000J6BHB,Contractor is Wilson/Netsian,Commercial,Commercial,Closed Lost,"NZD 3,262.65",False,United States
006Q800000J6CEt,Allegion Integration,Commercial,Commercial,Closed Lost,"NZD 109,008.93",False,Canada
006Q800000J6Gbp,11.22,Commercial,Commercial,In Process,"NZD 1,534.76",False,United States
006Q800000J6HJN,Milestone Bi-Directional,Commercial,Commercial,Closed Lost,"NZD 27,449.42",False,Canada
006Q800000J7rCj,ICT Integration  - COP,Government,Government,Closed Lost,"NZD 9,968.03",False,Australia
006Q800000J8BL8,XYLEM MT ISA,Commercial,Commercial,Closed Won,"NZD 2,006.19",True,Australia
006Q800000J8XLd,NE & SW Buildings,Commercial,Commercial,Closed Won,"NZD 9,374.13",True,Australia
006Q800000J8bKQ,Zone expander,Commercial,Commercial,Closed Lost,"NZD 1,388.14",False,Australia
006Q800000J8dVt,Insignia - 3PS,Commercial,Commercial,Closed Lost,"NZD 27,276.00",False,Australia
006Q800000J8gGr,Insignia - Collins St,Commercial,Commercial,Closed Lost,"NZD 43,626.66",False,Australia
006Q800000J9HTJ,Oasis Central Sudirman Project (Tower 2) in Indonesia,Commercial,Commercial,Closed Won,"NZD 115,289.49",True,Asia Pacific
006Q800000J9JQJ,Punane tn 48B social housing unit,Multi Family,Multi Family,Closed Lost,"NZD 21,548.17",False,EMEA
006Q800000J9MrB,Murray Edwards College Upgrade,Education,Education,Closed Won,NZD 489.88,True,EMEA
006Q800000J9TXh,Pharmapark TNA Quotation,Healthcare,Healthcare,Closed Lost,"NZD 1,444.50",False,EMEA
006Q800000J9WCD,"The Aesculapius student residence, UMED Pozna?",Education,Education,Closed Lost,"NZD 38,242.60",False,EMEA
006Q800000J9Wx0,Yeshivah Aperio Quote AU103,Education,Education,Closed Won,"NZD 68,662.41",True,Australia
006Q800000J9YHG,2024-16004 Ohio Valley Bank,Banking & Finance,Banking & Finance,Closed Won,"NZD 3,778.12",True,United States
006Q800000J9cG2,Cathedral Properties - Base building & Gate project,Residential,Residential,Decision,"NZD 2,761.94",False,United States
006Q800000J9cr8,L&B Din Controller,Commercial,Commercial,Closed Won,"NZD 1,987.35",True,United States
006Q800000J9fCH,Wristbands Quotation,Government,Government,Closed Lost,NZD 415.90,False,EMEA
006Q800000J9hxF,HW 712-718 5th Ave Floor 2-4 - 3rd Flrd IDF,Commercial,Commercial,Proposal,"NZD 6,983.55",False,United States
006Q800000J9i8X,Performance Food Group   3392,Retail,Retail,Closed Won,"NZD 17,800.44",True,United States
006Q800000J9ii1,PO 23335,Commercial,Commercial,Closed Won,"NZD 1,118.12",True,United States
006Q800000J9ims,2024-16002 Ohio Valley Bank,Banking & Finance,Banking & Finance,Closed Won,"NZD 3,778.12",True,United States
006Q800000J9j1N,2024-16697 Vinton County National Bank,Banking & Finance,Banking & Finance,Closed Won,NZD 692.06,True,United States
006Q800000J9jB3,Colorado Islamic Center Abubakr,Religious,Religious,PO Received,"NZD 17,112.00",False,United States
006Q800000J9jML,stock,Commercial,Commercial,Closed Won,NZD 163.24,True,United States
006Q800000J9mGz,Taylor Building - ProtegeGX,Multi Family,Multi Family,Proposal,"NZD 33,952.74",False,Canada
006Q800000J9nTR,Taylor Building - ICT Wireless Locks - Cartridge Mortise - Offline,Multi Family,Multi Family,Proposal,"NZD 75,869.27",False,Canada
006Q800000J9pYF,49 Merrin St,Commercial,Commercial,Closed Lost,"NZD 20,309.38",False,New Zealand
006Q800000J9uCv,5207 Dundas - Locks,Multi Family,Multi Family,Closed Lost,"NZD 643,528.72",False,Canada
006Q800000JABc0,Fertility Clinic Perth,Healthcare,Healthcare,Closed Lost,"NZD 12,782.66",False,Australia
006Q800000JAVVs,GX Level 1 Facilitated Training,Other,Other,Closed Lost,"NZD 1,099.49",False,Australia
006Q800000JAYwj,Driscoll Nov 24,Healthcare,Healthcare,Closed Won,"NZD 5,970.57",True,United States
006Q800000JAfgT,GX Level 1 Facilitated Training,Other,Other,Closed Won,"NZD 2,443.31",True,Australia
006Q800000JAjnK,WX Bundle,Commercial,Commercial,Closed Lost,"NZD 1,725.89",False,Australia
006Q800000JBCVx,AMAG - G4S Dubai,Commercial,Commercial,Closed Lost,"NZD 27,740.18",False,EMEA
006Q800000JBUkv,Matrix - G4S Dubai,Commercial,Commercial,Closed Lost,"NZD 10,073.59",False,EMEA
006Q800000JBebu,The Marlstone,Multi Family,Multi Family,Closed Won,"NZD 182,659.67",True,Canada
006Q800000JBk6E,Manor on the Hill - 100 NDEB,Healthcare,Healthcare,Closed Won,"NZD 131,085.66",True,United States
006Q800000JBlez,980 Dufferin,Multi Family,Multi Family,Closed Lost,"NZD 111,618.13",False,Canada
006Q800000JBmPm,100 fobs,Commercial,Commercial,Closed Won,"NZD 1,470.59",True,United States
006Q800000JBo9p,prx tsec extra df b,Commercial,Commercial,Closed Won,NZD 253.06,True,United States
006Q800000JBoRa,176 Riverside,Multi Family,Multi Family,Working,"NZD 116,492.69",False,United States
006Q800000JBoxr,PRX-TAG-MF-B,Commercial,Commercial,Closed Won,NZD 602.94,True,United States
006Q800000JBq6q,RDRs & Cards for NE & SW Buildings,Commercial,Commercial,Closed Won,"NZD 4,183.98",True,Australia
006Q800000JBrNs,West 42nd (5780 Alberta Ave) - ProtegeGX Base Building,Multi Family,Multi Family,Closed Won,"NZD 90,421.39",True,Canada
006Q800000JBsmv,Shiloh Mesa,Multi Family,Multi Family,Proposal,"NZD 14,960.16",False,United States
006Q800000JBtHZ,system takeover,Commercial,Commercial,Closed Won,"NZD 1,804.94",True,United States
006Q800000JBtaz,GX training,Commercial,Commercial,Closed Lost,"NZD 1,123.13",False,Australia
006Q800000JBu2M,Boulder,Commercial,Commercial,Closed Won,"NZD 1,587.71",True,United States
006Q800000JBu5Z,1705963,Commercial,Commercial,Closed Won,"NZD 4,677.22",True,United States
006Q800000JBw4M,Duress System 27_11_24,Healthcare,Healthcare,Closed Won,NZD 445.93,True,Australia
006Q800000JCLow,Single Door WX Control,Commercial,Commercial,Closed Lost,"NZD 1,286.23",False,Australia
006Q800000JCXen,Blackhawk_Mifare Cards_Tina,Commercial,Commercial,Closed Won,NZD 872.50,True,New Zealand
006Q800000JCjxh,ADD Wireless Reeds to Melvista,Healthcare,Healthcare,Closed Won,"NZD 4,699.33",True,Australia
006Q800000JD2Io,IPZS Poligrafico di Stato,Government,Government,Closed Lost,,False,EMEA
006Q800000JDWNJ,Impianto Sportivo Veneto,Education,Education,Closed Lost,"NZD 152,212.93",False,EMEA
006Q800000JDepV,The Stadium at Tidewater Landing,Commercial,Entertainment - Sports & Recreation,Proposal,"NZD 121,427.87",False,United States
006Q800000JDfnB,UOC Judge Business school - 1 Door License,Education,Education,Closed Won,NZD 99.01,True,EMEA
006Q800000JDgsv,Securitas Training,Commercial,Commercial,Closed Won,"NZD 5,343.01",True,EMEA
006Q800000JDhIk,Sky Technologies - Menford Parish,Religious,Religious,Closed Lost,"NZD 1,731.63",False,United States
006Q800000JDk8X,All State Comm,Commercial,Commercial,Closed Won,"NZD 7,582.63",True,United States
006Q800000JDkzl,10649 Extra w/ vandal covers,Healthcare,Healthcare,Closed Won,"NZD 4,338.97",True,United States
006Q800000JDlRB,29256 Tags,Commercial,Commercial,Closed Won,"NZD 1,000.00",True,United States
006Q800000JDlxR,PRT-PSU-DIN-2A,Banking & Finance,Banking & Finance,Closed Won,NZD 361.18,True,United States
006Q800000JDm3t,WX NOT Pre -wired  X3,Commercial,Commercial,Closed Won,"NZD 4,205.68",True,United States
006Q800000JDmSL,ASC WX Training Kit,Other,Other,Closed Won,"NZD 2,900.66",True,Australia
006Q800000JDqkD,Argyle Apartments,Multi Family,Multi Family,Closed Lost,"NZD 34,329.48",False,United States
006Q800000JDy3R,Chaytor_WX Daycare_Damian,Commercial,Commercial,Closed Won,"NZD 2,394.70",True,New Zealand
006Q800000JE3kf,618 6th St - By Marcon,Multi Family,Multi Family,Closed Won,"NZD 74,405.07",True,Canada
006Q800000JEbcg,WX and 5 x RDM2,Commercial,Commercial,Closed Won,"NZD 4,061.09",True,Australia
006Q800000JF0hV,Securemax Storage GX Upgrade,Commercial,Commercial,Closed Lost,"NZD 8,196.53",False,Australia
006Q800000JFU9J,Cambridge Uni - Anthropology Client License,Education,Education,Closed Won,NZD 817.79,True,EMEA
006Q800000JFVTZ,RFQ Pricing,Commercial,Commercial,Closed Lost,,False,EMEA
006Q800000JFYmQ,Almac - GH-24-P301,Healthcare,Healthcare,Closed Won,NZD 956.84,True,EMEA
006Q800000JFull,GX Training Feb 2025,Other,Other,Closed Lost,"NZD 1,221.65",False,Australia
006Q800000JFwVN,Aboriginal Investment Group,Banking & Finance,Banking & Finance,Closed Lost,"NZD 1,377.60",False,Australia
006Q800000JFxZV,WX Training Kit,Other,Other,Closed Won,"NZD 2,900.66",True,Australia
006Q800000JFz3W,STD Prox Reader PCYC,Government,Government,Closed Won,NZD 206.68,True,Australia
006Q800000JG2si,Extend Existing Protege System,Commercial,Commercial,Closed Won,"NZD 3,732.54",True,Australia
006Q800000JG5oo,Fertility Clinic Perth,Healthcare,Healthcare,Closed Lost,"NZD 15,929.16",False,Australia
006Q800000JGTEP,Protege Equipment 29/11/24,Commercial,Commercial,Closed Won,"NZD 2,247.95",True,Australia
006Q800000JH0FI,Fertility Clinic Perth,Healthcare,Healthcare,Closed Lost,"NZD 13,280.87",False,Australia
006Q800000JHCUs,GX Certified Training,Other,Other,Closed Lost,NZD 441.22,False,EMEA
006Q800000JHkee,York Developments - 1761 Wonderland,Commercial,Commercial,Closed Lost,"NZD 29,832.05",False,Canada
006Q800000JHowm,Weatherford,Commercial,Commercial,Closed Lost,"NZD 18,308.73",False,Canada
006Q800000JHrPx,Barum - tire warehouse,Commercial,Industrial - Logistics,Closed Won,"NZD 5,001.44",True,EMEA
006Q800000JHro9,Derriford Hospital - Bunker,Healthcare,Healthcare,Closed Won,"NZD 28,340.24",True,EMEA
006Q800000JHt3Z,ProtegeWX Wireless Locks,Multi Family,Multi Family,Closed Lost,"NZD 5,392.44",False,Canada
006Q800000JJibt,Enclosures 2_12_24,Commercial,Commercial,Closed Won,"NZD 1,186.58",True,Australia
006Q800000JJyok,Alexis IT_GX School_Steven,Education,Education,Closed Won,"NZD 17,690.69",True,New Zealand
006Q800000JK3gg,Geelong Motel,Commercial,Hospitality - Hotels,Closed Lost,"NZD 51,614.44",False,Australia
006Q800000JK4qw,Service NSW Tender,Government,Government,Closed Won,"NZD 552,034.04",True,Australia
006Q800000JKFRN,Low Level Integration Elevator Access Control for OTIS Project in Singapore,Commercial,Commercial,Closed Won,,True,Asia Pacific
006Q800000JKOeM,WX Training Kit,Other,Other,Closed Lost,"NZD 2,900.66",False,Australia
006Q800000JLFyn,New AFx Enterprise System for Haadthip Suratthani Thailand,Commercial,Commercial,Proposal,"NZD 2,356.03",False,Asia Pacific
006Q800000JLGoQ,Islington Council - Additional Doors & Gates - iSales Hardware,Government,Government,Closed Won,"NZD 5,410.12",True,EMEA
006Q800000JLHz2,Islington Council - Additional Doors & Gates - Specials,Government,Government,Closed Won,"NZD 1,102.89",True,EMEA
006Q800000JLbko,WX - 5D,Commercial,Commercial,Closed Lost,"NZD 2,998.92",False,Canada
006Q800000JLdHz,Läike tee 40//44,Commercial,Commercial,Closed Won,"NZD 23,369.97",True,EMEA
006Q800000JLfwU,PRT-KLCS,Commercial,Commercial,Closed Won,NZD 250.76,True,United States
006Q800000JLhrp,TSL Readers,Commercial,Commercial,Closed Won,"NZD 1,132.36",True,Canada
006Q800000JLmbN,100 Mifare Cards,Banking & Finance,Banking & Finance,Closed Lost,,False,United States
006Q800000JLml3,GX Project,Other,Other,Closed Lost,,False,United States
006Q800000JLq3t,Town of Carleton Place,Commercial,Commercial,Closed Won,"NZD 20,948.96",True,Canada
006Q800000JLvRl,Sierra Vista,Healthcare,Healthcare,Closed Lost,"NZD 85,959.12",False,United States
006Q800000JLwPR,RDM Enclosure PSU Doug,Commercial,Commercial,Closed Lost,"NZD 1,875.90",False,Australia
006Q800000JMSyv,WX Demo,Commercial,Commercial,Closed Lost,"NZD 1,610.89",False,Australia
006Q800000JNbn8,ZKT Replacement,Residential,Residential,Closed Lost,,False,United States
006Q800000JNoE6,Stock - TSL-EXTRA-RK-HL,Commercial,Commercial,Closed Won,NZD 575.91,True,EMEA
006Q800000JNpwX,prx-tag-mf-b,Multi Family,Multi Family,Closed Won,NZD 180.88,True,United States
006Q800000JNtQf,50Mf cards,Commercial,Commercial,Closed Won,NZD 255.88,True,United States
006Q800000JNu3S,Pricing,Banking & Finance,Banking & Finance,Closed Won,"NZD 3,757.94",True,United States
006Q800000JNyji,Replacement controller,Education,Education,Closed Won,"NZD 1,830.00",True,United States
006Q800000JNyqW,PRX-TSEC-EXTRA-KP-BT-B-VRC - eval,Commercial,Commercial,Closed Won,NZD 685.24,True,United States
006Q800000JOuaz,Max Ruddock - COP Tender,Government,Government,Closed Lost,"NZD 13,441.58",False,Australia
006Q800000JPM0o,New AFx Enterprise System Migration for CICC Project in China,Commercial,Commercial,Proposal,"NZD 19,187.92",False,Asia Pacific
006Q800000JPm8A,Capuchin Monastery 2506,Religious,Religious,Closed Won,"NZD 40,009.06",True,United States
006Q800000JPmo7,GX On Site updated,Commercial,Commercial,Closed Won,"NZD 5,852.94",True,United States
006Q800000JPoBa,TRM PO2412-0273,Commercial,Commercial,Closed Won,"NZD 1,937.82",True,United States
006Q800000JPoQ5,Muth Technologies - Boy Scouts of America,Commercial,Commercial,Closed Lost,"NZD 10,052.56",False,United States
006Q800000JPp1B,4G Replacement Teltonika,Commercial,Commercial,Closed Won,NZD 357.22,True,United States
006Q800000JPp6Q,Job 8790 - ICT WX Kit and GSM,Commercial,Commercial,Closed Won,"NZD 1,558.48",True,Canada
006Q800000JPppB,Boarder City USA,Commercial,Commercial,Proposal,"NZD 23,166.97",False,United States
006Q800000JPqWj,12.4.24 quote for Raine,Commercial,Commercial,Closed Won,"NZD 2,286.18",True,United States
006Q800000JPtxd,GX Level 1 Training 05_12_24,Commercial,Commercial,Closed Won,"NZD 1,099.49",True,Australia
006Q800000JQ1aK,Max Tech opportunity MNR2 option,Commercial,Commercial,Closed Won,"NZD 40,139.34",True,United States
006Q800000JQl0L,Fertility Clinic Perth,Healthcare,Healthcare,Closed Lost,"NZD 13,468.94",False,Australia
006Q800000JRCzq,International Tower - Var. 1,Commercial,Commercial,Closed Won,"NZD 6,617.57",True,EMEA
006Q800000JRfDs,Dec Readers,Commercial,Commercial,Closed Won,"NZD 2,783.82",True,United States
006Q800000JRfyc,West 42nd St by Marcon - Building #1 - Cartridge Mortise - Jasper - Flat Black,Multi Family,Multi Family,Closed Won,"NZD 170,130.00",True,Canada
006Q800000JRgeX,Expansion Atomosphera and restock,Healthcare,Healthcare,Closed Won,"NZD 14,915.90",True,EMEA
006Q800000JRkF7,Credentials,Commercial,Commercial,Closed Won,NZD 542.65,True,United States
006Q800000JRlRK,Kwasen - Building C - Base Building,Multi Family,Multi Family,Proposal,"NZD 78,118.38",False,Canada
006Q800000JRlY0,Kwasen - Building A - ICT Wireless Locks,Multi Family,Multi Family,Proposal,"NZD 61,412.78",False,Canada
006Q800000JRlt8,Kwasen - Building B - Base Building,Multi Family,Multi Family,Proposal,"NZD 90,169.87",False,Canada
006Q800000JRm0o,Kwasen - Building A - Base Building,Multi Family,Multi Family,Proposal,"NZD 45,667.62",False,Canada
006Q800000JRms3,Active Directory Lic.,Other,Other,Closed Lost,,False,United States
006Q800000JRnBN,Dorset Council 1 x RKP Reader,Government,Government,Closed Won,"NZD 1,702.32",True,EMEA
006Q800000JRnkr,Red Wolf_Mt Richmond 2_Shamal,Commercial,Commercial,Closed Lost,"NZD 27,905.95",False,New Zealand
006Q800000JRpWX,BLC Crookston - Wireless Locks,Healthcare,Healthcare,Closed Lost,"NZD 10,335.48",False,United States
006Q800000JRuj7,37 doors wireless,Commercial,Commercial,Closed Lost,"NZD 18,041.04",False,United States
006Q800000JSIlS,Inovonics,Commercial,Commercial,Closed Lost,NZD 879.78,False,Australia
006Q800000JSVXO,WX Controller 06_12_24,Commercial,Commercial,Closed Won,NZD 829.77,True,Australia
006Q800000JSWhx,Sector 7_Office Quote_Andrew,Commercial,Commercial,Closed Lost,"NZD 6,287.86",False,New Zealand
006Q800000JT9GH,Internal pilot project,Commercial,Commercial,Closed Won,"NZD 2,301.50",True,EMEA
006Q800000JTZ5t,X quote,Commercial,Commercial,Closed Lost,NZD 54.24,False,United States
006Q800000JTaef,Bright Ravens IS - Innovations Studio Hotel - Security,Commercial,Hospitality - Hotels,Closed Won,,True,United States
006Q800000JTcmv,mcr,Commercial,Commercial,Closed Won,NZD 344.12,True,United States
006Q800000JTf4r,ICT Stock Order,Commercial,Commercial,Closed Won,"NZD 4,231.76",True,United States
006Q800000JTf9i,1351,Commercial,Commercial,Closed Won,"NZD 1,326.47",True,United States
006Q800000JTgP8,3 @ PSU-4A,Commercial,Commercial,Closed Won,"NZD 2,178.53",True,United States
006Q800000JThGL,1705980,Commercial,Commercial,Closed Won,"NZD 13,299.49",True,United States
006Q800000JThY5,2024-16299,Banking & Finance,Banking & Finance,Closed Won,"NZD 1,333.24",True,United States
006Q800000JThhl,Stock STG 23335,Commercial,Commercial,Closed Won,"NZD 1,517.35",True,United States
006Q800000JVcin,Wodonga TAFE Adds 09_12_24,Education,Education,Closed Lost,"NZD 30,361.12",False,Australia
006Q800000JVzaa,Credentials,Commercial,Commercial,Closed Won,NZD 985.06,True,Australia
006Q800000JW1Fl,Moama Anglica C.O.P,Government,Government,Closed Lost,"NZD 5,559.33",False,Australia
006Q800000JWWt3,Protege Parts,Commercial,Commercial,Closed Won,"NZD 2,022.33",True,Australia
006Q800000JWiJ7,111 Quary St,Commercial,Commercial,Closed Lost,"NZD 4,396.21",False,Australia
006Q800000JWzjl,Supply ICT tSec Readers,Commercial,Commercial,Closed Won,NZD 730.78,True,Asia Pacific
006Q800000JYKsb,588 Barton - Hamilton,Multi Family,Multi Family,Closed Lost,"NZD 6,756.84",False,Canada
006Q800000JYLzx,GX Training,Other,Other,Closed Won,,True,United States
006Q800000JYRqr,Rewrite Sales Order 66109,Commercial,Commercial,Closed Won,"NZD 70,293.53",True,United States
006Q800000JYRyv,CMG Financial,Banking & Finance,Banking & Finance,Closed Won,"NZD 6,541.94",True,United States
006Q800000JYT33,Residential Building,Residential,Residential,Closed Lost,"NZD 6,868.27",False,EMEA
006Q800000JYZ5F,Yatch Club - 340 Watson St W,Multi Family,Multi Family,Closed Won,"NZD 6,545.23",True,Canada
006Q800000JYZOc,180 Bloor,Multi Family,Multi Family,Closed Lost,"NZD 14,507.65",False,Canada
006Q800000JYa4X,AFCOR,Commercial,Commercial,Closed Won,"NZD 4,233.89",True,Canada
006Q800000JYbdJ,WX & Aperio Integration 10_12_24,Multi Family,Multi Family,Closed Lost,"NZD 271,646.74",False,Australia
006Q800000JYd7G,Lock Pricing - Denali in Flat Black & Satin Stainless,Other,Other,Closed Lost,,False,Canada
006Q800000JYfIj,Kemptville Living,Multi Family,Multi Family,Proposal,"NZD 66,763.70",False,Canada
006Q800000JYfQn,CAB Plumbing,Commercial,Commercial,Closed Won,"NZD 4,288.76",True,Australia
006Q800000JYoCR,RDM Upgrade,Commercial,Commercial,Closed Lost,NZD 449.35,False,Australia
006Q800000JZ1uN,Upgrade to Protege X Subscription,Commercial,Commercial,Closed Won,NZD 189.47,True,Australia
006Q800000JbFun,Biometric Readers - ICT,Residential,Residential,Closed Lost,"NZD 7,435.62",False,EMEA
006Q800000JbX8X,GX Training,Commercial,Commercial,Closed Won,"NZD 7,466.08",True,Canada
006Q800000JbYe6,Holloway - Building A,Multi Family,Multi Family,Closed Lost,"NZD 24,464.73",False,Canada
006Q800000JbZrt,GX certification,Commercial,Commercial,Closed Won,"NZD 6,116.58",True,Canada
006Q800000JbaKv,Suprema face station 2,Commercial,Commercial,Closed Lost,"NZD 1,897.97",False,Canada
006Q800000Jbab3,2D PROMO,Commercial,Commercial,Closed Won,NZD 955.88,True,United States
006Q800000JbbAX,WX - 4D/25Z/2KP,Commercial,Commercial,Closed Lost,"NZD 3,480.39",False,Canada
006Q800000JbewP,Fobs for RD Industries,Commercial,Commercial,Closed Won,NZD 271.32,True,United States
006Q800000JbfAv,Holloway - Building B,Multi Family,Multi Family,Closed Lost,"NZD 25,168.70",False,Canada
006Q800000JbfMD,Warren Village - Cards,Multi Family,Multi Family,Closed Won,"NZD 1,019.12",True,United States
006Q800000Jbfqr,Golf Canada,Commercial,Commercial,Closed Won,"NZD 2,987.32",True,Canada
006Q800000JbggT,Holloway - Building D,Multi Family,Multi Family,Closed Lost,"NZD 24,464.73",False,Canada
006Q800000Jbj6T,Alma & Blackwell - Base Building Access Control,Multi Family,Multi Family,Closed Lost,"NZD 43,891.03",False,Canada
006Q800000JbjEz,Better Living Protege X,Healthcare,Healthcare,Closed Lost,"NZD 5,730.69",False,Australia
006Q800000Jbk0v,4Amp Power,Commercial,Commercial,Closed Won,NZD 341.09,True,Australia
006Q800000JbkIf,Alma & Blackwell - ICT Cartridge Mortise Wireless Locks,Multi Family,Multi Family,Closed Lost,"NZD 80,500.54",False,Canada
006Q800000JblbM,Reader and expander,Commercial,Commercial,Closed Won,"NZD 1,226.34",True,Australia
006Q800000Jbm7Z,Better Living Own Corps,Healthcare,Healthcare,Closed Lost,"NZD 5,905.08",False,Australia
006Q800000Jbmlt,Delphi School District,Education,Education,Proposal,"NZD 40,312.65",False,United States
006Q800000JbsTK,AA Networks,Commercial,Commercial,Closed Won,NZD 148.10,True,United States
006Q800000JcbBh,PRT-SMGT-UNLOCK 33 Queen St,Commercial,Commercial,Closed Won,NZD 473.47,True,Australia
006Q800000Jchoz,GX Training Feb 2025,Commercial,Commercial,Closed Won,"NZD 3,664.96",True,Australia
006Q800000Jd0d7,GX Training Feb 2025,Commercial,Commercial,Closed Won,"NZD 1,221.65",True,Australia
006Q800000Jd6iX,GX Training Feb 2025,Commercial,Commercial,Closed Lost,"NZD 1,099.49",False,Australia
006Q800000JdIJu,Security Logics_GX Tender_Daniel,Commercial,Commercial,Closed Lost,"NZD 8,057.32",False,New Zealand
006Q800000JdJKp,Replacement Readers - Northshore,Multi Family,Multi Family,Closed Won,NZD 996.95,True,Australia
006Q800000JdXdt,Cornerstone_WX Opp_Shannon,Commercial,Commercial,Closed Won,"NZD 7,502.63",True,New Zealand
006Q800000JeHyV,RCVR,Other,Other,Closed Won,,True,United States
006Q800000JeLqn,Central Tower Fobs,Commercial,Commercial,Closed Won,"NZD 1,808.82",True,United States
006Q800000JeM6v,MOHE - Nats - Suprema,Commercial,Commercial,Closed Won,,True,EMEA
006Q800000JeU66,Vista Royal - 29 Door WX Project,Multi Family,Multi Family,Closed Won,"NZD 23,734.30",True,Canada
006Q800000Jedm5,Vista Royal - DF-EV3 Credential Quote,Multi Family,Multi Family,Closed Won,"NZD 21,455.23",True,Canada
006Q800000JedxN,Armor IP Renewal,Other,Other,Closed Won,,True,United States
006Q800000Jee8f,2481 North Grandview - ProtegeGX Project,Multi Family,Multi Family,Closed Lost,"NZD 31,630.25",False,Canada
006Q800000JeeqD,WX Demo Kit,Commercial,Commercial,Closed Won,NZD 955.88,True,United States
006Q800000JeoPl,Access Cards Gallagher Bassett SC 33,Commercial,Commercial,Closed Won,NZD 46.85,True,Australia
006Q800000JfJi5,"Additional ICT Equip for Dusit Hotel Project in Ho Tay, Ha Noi",Commercial,Hospitality - Hotels,Closed Won,"NZD 1,710.14",True,Asia Pacific
006Q800000JfgP4,ProtegeGX for Emergency Call Button System for Toilets in Clark & Angeles Station in Philippines,Critical Infrastructure,Critical Infrastructure,Proposal,"NZD 8,867.00",False,Asia Pacific
006Q800000JfnD7,GX Training Cert 12_12_24,Commercial,Commercial,Closed Won,"NZD 1,099.49",True,Australia
006Q800000JfsHe,GX Level 1 Training 12_12_24,Commercial,Commercial,Closed Won,"NZD 1,221.65",True,Australia
006Q800000JhYuk,prx-tsec-extra-kp-bt-b  PO000068565,Government,Government,Closed Won,"NZD 6,591.18",True,United States
006Q800000JheGz,Vinton County National Bank updated 12/12,Banking & Finance,Banking & Finance,Proposal,"NZD 47,389.26",False,United States
006Q800000JheQf,Andersen Construction,Commercial,Commercial,Closed Lost,"NZD 6,153.35",False,United States
006Q800000JhenF,State Bank Lima po240629,Banking & Finance,Banking & Finance,Closed Won,"NZD 5,575.31",True,United States
006Q800000JheyX,State Bank Defiance po 241210,Banking & Finance,Banking & Finance,Closed Won,"NZD 5,819.57",True,United States
006Q800000JhfBR,State Bank Sylvania po 241210,Banking & Finance,Banking & Finance,Closed Won,"NZD 4,758.97",True,United States
006Q800000Jhhpz,Chubb_WX Opportunity_Esmarie,Commercial,Commercial,Closed Lost,"NZD 8,363.06",False,New Zealand
006Q800000JhlWz,NFR - Office Use,Commercial,Commercial,Closed Won,NZD 381.09,True,United States
006Q800000Jho3R,Replacement Keypad & Tags,Commercial,Commercial,Closed Lost,,False,United States
006Q800000JiAtg,Flow Sec_WX Opp_Dillon,Commercial,Commercial,Closed Lost,"NZD 6,604.88",False,New Zealand
006Q800000JirC9,WX Controller & Expander,Commercial,Commercial,Closed Won,"NZD 1,186.68",True,Australia
006Q800000JkJKr,Bridor Bridgeport CT,Commercial,Critical Infrastructure - Transportation,Closed Won,"NZD 3,878.82",True,United States
006Q800000JkJfp,"Dore & Whittier Architects, Inc",Commercial,Commercial,Working,,False,United States
006Q800000JkJmH,Center for Agricultural Economy,Commercial,Commercial,Working,,False,United States
006Q800000JkOh7,Mifare Keytags,Multi Family,Multi Family,Closed Lost,NZD 165.81,False,United States
006Q800000JkPGb,Tsec Reader,Education,Education,Closed Lost,NZD 181.47,False,United States
006Q800000JkRS5,TCE,Government,Government,Closed Won,"NZD 2,990.65",True,United States
006Q800000JkRWv,Town Centre - AC Swap,Multi Family,Multi Family,Closed Won,"NZD 13,126.76",True,United States
006Q800000JkRrt,Black Diamond Mobile Credentials,Healthcare,Healthcare,Closed Won,NZD 126.18,True,United States
006Q800000JkSj7,National Bank Of Kuwait - Door Licenses,Banking & Finance,Banking & Finance,Closed Won,NZD 489.90,True,EMEA
006Q800000JkSzF,National Bank Of Kuwait - Extra Doors,Banking & Finance,Banking & Finance,Closed Won,"NZD 3,260.93",True,EMEA
006Q800000JkVyj,ICT WX kits,Commercial,Commercial,Closed Won,"NZD 8,627.07",True,United States
006Q800000JkWl7,TSL Pricing - TSL-EXTRA-RR-H,Other,Other,Closed Won,NZD 571.77,True,Canada
006Q800000JkXHN,Training kit,Commercial,Commercial,Closed Won,NZD 955.88,True,United States
006Q800000JkYoX,Furley    PO3547   PO3552,Education,Education,Closed Won,"NZD 7,629.26",True,United States
006Q800000JkZkb,PO 2292,Commercial,Commercial,Closed Won,"NZD 4,636.34",True,United States
006Q800000Jme3T,Summit Labrador WX Expander,Commercial,Commercial,Closed Won,NZD 488.76,True,Australia
006Q800000Jme8p,WX Quote 16/12/24,Commercial,Commercial,Closed Won,"NZD 1,958.42",True,Australia
006Q800000Jml0S,4 x Readers and Fobs,Commercial,Commercial,Closed Lost,"NZD 1,928.00",False,Australia
006Q800000JmzHZ,GX Quote 16/12/24,Commercial,Commercial,Closed Won,"NZD 2,502.26",True,Australia
006Q800000JnmyD,GX training - New staff,Commercial,Commercial,Closed Lost,"NZD 1,221.65",False,Australia
006Q800000JoDX0,GX System,Commercial,Commercial,Closed Won,"NZD 8,180.93",True,Australia
006Q800000Joxrc,Neroni Pilot WX,Commercial,Commercial,Closed Won,"NZD 2,018.98",True,EMEA
006Q800000JpQdR,Professional Restoration - Credentials,Commercial,Commercial,Closed Won,NZD 723.53,True,United States
006Q800000JpSYn,Pittman Construction Project,Commercial,Commercial,Closed Lost,"NZD 26,832.79",False,United States
006Q800000JpWis,UKCC,Commercial,Commercial,Closed Lost,"NZD 6,058.13",False,EMEA
006Q800000JpWqv,cloud,Commercial,Commercial,Closed Won,"NZD 1,020.51",True,United States
006Q800000JpYb0,WX - 4D/3KP,Commercial,Commercial,Closed Won,"NZD 4,396.23",True,Canada
006Q800000JpZnB,Sterex - Specials,Commercial,Commercial,Closed Lost,"NZD 6,497.41",False,EMEA
006Q800000JpaT7,Interact Analysis Specials,Commercial,Commercial,Closed Lost,"NZD 6,510.14",False,EMEA
006Q800000JpdpC,HCBC Dec Reader,Religious,Religious,Closed Won,NZD 484.12,True,United States
006Q800000JpewY,240 chemin Rive-Boisé,Multi Family,Multi Family,Closed Lost,"NZD 201,688.95",False,Canada
006Q800000Jph3B,GX Level 1 Training 17_12_24,Commercial,Commercial,Closed Won,"NZD 2,052.38",True,Australia
006Q800000JpjEf,BK Sec_Extras_Kim,Commercial,Commercial,Closed Won,"NZD 2,308.83",True,New Zealand
006Q800000Jpqku,WX Controller,Commercial,Commercial,Closed Won,"NZD 1,371.18",True,Australia
006Q800000JqKcP,Service NSW Tender,Government,Government,Closed Lost,"NZD 547,158.66",False,Australia
006Q800000Jqa9J,Gate Upgrade 17_12_24,Commercial,Commercial,Closed Lost,"NZD 13,444.71",False,Australia
006Q800000JqeHn,GE - Web Client,Commercial,Commercial,Closed Won,"NZD 1,071.47",True,Australia
006Q800000JsC9J,Armistead Gardens,Education,Education,Proposal,"NZD 32,070.97",False,United States
006Q800000JsCaj,8amp ps Replacement,Residential,Residential,Closed Won,NZD 929.41,True,United States
006Q800000JsEFx,1177 Franklin,Commercial,Commercial,Closed Lost,"NZD 5,519.99",False,Canada
006Q800000JsEe9,6991 Millcreek,Commercial,Commercial,Closed Lost,"NZD 2,089.81",False,Canada
006Q800000JsRWY,Winooski Falls East  Workforce Housing Project 83,Multi Family,Multi Family,Closed Won,"NZD 92,256.33",True,United States
006Q800000JsS4c,GX Training,Other,Other,Proposal,,False,United States
006Q800000JsSyr,The Wallace Apts,Residential,Residential,Closed Lost,"NZD 7,771.03",False,Australia
006Q800000Jsal7,Camera Integration,Commercial,Commercial,Proposal,"NZD 1,898.53",False,United States
006Q800000Jso4x,12 Creek St HRDM-DIN & WX-DIN,Commercial,Commercial,Closed Won,"NZD 1,186.68",True,Australia
006Q800000JtF0J,ASGL_SC Cards_Thomas,Healthcare,Healthcare,Closed Lost,"NZD 1,856.70",False,New Zealand
006Q800000JtLdZ,Sage Hope Island,Commercial,Commercial,Closed Lost,"NZD 7,272.47",False,Australia
006Q800000Juuz4,1900 S Chambers Community,Multi Family,Multi Family,Discovery,"NZD 44,164.14",False,United States
006Q800000JuzRe,Laya by Shangri-la in Philippines - i3 Tech Corp (YEM),Commercial,Commercial,Proposal,"NZD 42,739.60",False,Asia Pacific
006Q800000Jv6VZ,Pricing for Items,Commercial,Commercial,Closed Won,"NZD 2,581.68",True,United States
006Q800000Jv6qZ,"UAB ""SAREME"" Project",Commercial,Commercial,Closed Lost,"NZD 18,012.15",False,EMEA
006Q800000Jv7Ja,Data Sync,Banking & Finance,Banking & Finance,Proposal,"NZD 1,540.15",False,United States
006Q800000Jv8HF,P/A,Other,Other,Proposal,"NZD 3,670.94",False,United States
006Q800000JvAm5,Rutland CC - Licenses & Specials,Government,Government,Closed Won,"NZD 7,764.17",True,EMEA
006Q800000JvEbB,22836,Commercial,Commercial,Closed Won,"NZD 3,022.06",True,United States
006Q800000JvSJB,National Muzzleloader Rifle Association,Commercial,Commercial,Closed Won,"NZD 6,940.88",True,United States
006Q800000JvU1d,Card Readers,Commercial,Commercial,Closed Won,NZD 389.05,True,Australia
006Q800000JvU6U,Mobile Creds,Commercial,Commercial,Closed Won,NZD 172.06,True,United States
006Q800000Jvcs1,Royal Golf Club Comms Expander,Commercial,Commercial,Closed Won,NZD 501.46,True,Australia
006Q800000JveIj,Everlert_Armor IP_Tony,Commercial,Commercial,Closed Won,NZD 963.31,True,New Zealand
006Q800000JvkCt,Billy Button Craigieburn,Education,Education,Closed Lost,"NZD 7,367.68",False,Australia
006Q800000Jvm3Q,GJH PRT-CTRL-DIN,Commercial,Commercial,Closed Won,NZD 922.25,True,Australia
006Q800000JwGmD,Kevlar 1201 de la Montagne Dead Bolt,Multi Family,Multi Family,Closed Lost,"NZD 133,161.77",False,Canada
006Q800000Jxjar,Higher College of Technology - UAE - ICT,Education,Education,Closed Lost,"NZD 123,529.11",False,EMEA
006Q800000JyM9D,Gorham Savings 100 door expansion,Banking & Finance,Banking & Finance,Working,"NZD 142,000.65",False,United States
006Q800000JyRNO,LCNB - 2024-18080,Banking & Finance,Banking & Finance,Closed Won,"NZD 3,532.09",True,United States
006Q800000JyUt8,LCNB  2024-18076,Banking & Finance,Banking & Finance,Closed Won,"NZD 9,806.35",True,United States
006Q800000JyVsP,LCNB 2024-18078,Banking & Finance,Banking & Finance,Closed Won,"NZD 6,806.21",True,United States
006Q800000JyWdB,Liberty County Sheriff,Government,Government,Closed Won,"NZD 17,645.60",True,United States
006Q800000JybMl,ProtegeGX Partner Certification Training,Other,Other,Proposal,"NZD 6,414.95",False,Canada
006Q800000Jygz9,3 CLNT Lic.,Other,Other,Closed Won,,True,United States
006Q800000JykeX,P/A,Other,Other,Closed Lost,,False,United States
006Q800000Jyxgb,Melvista - SALTO,Healthcare,Healthcare,Closed Won,"NZD 77,040.73",True,Australia
006Q800000JzHll,New AFx Enterprise Training/Demo Kit and Installer (Level 1) Tech Training Course,Training,Training,Closed Lost,"NZD 8,685.07",False,Asia Pacific
006Q800000JzKYL,ICT Revised Qt175 Eagle Street 201224,Commercial,Commercial,Closed Lost,"NZD 47,989.68",False,Australia
006Q800000JzL6d,ICT ProtegeGX Training/Demo Kit and ProtegeGX (Level 1) Tech Training Course,Training,Training,Closed Lost,"NZD 7,629.18",False,Asia Pacific
006Q800000K1b5F,tags,Banking & Finance,Banking & Finance,Closed Won,NZD 180.88,True,United States
006Q800000K1hx6,P1365125,Commercial,Commercial,Closed Won,"NZD 3,679.54",True,United States
006Q800000K1k6x,City of Ft Collins,Government,Government,Closed Won,NZD 575.74,True,United States
006Q800000K1rYD,TSL-SMB-STD-B,Commercial,Commercial,Closed Won,NZD 36.60,True,United States
006Q800000K2D8v,Roswell,Government,Government,Closed Won,NZD 549.26,True,United States
006Q800000K4XzZ,4 Button Transmitters - RF-REM4-433-DF-EV3-STOCK,Multi Family,Multi Family,Closed Won,"NZD 57,013.26",True,Canada
006Q800000K5I42,SE to GX Upgrade,Residential,Residential,Closed Lost,"NZD 4,590.62",False,Australia
006Q800000K5evl,Supply Only Suprema Bio Readers for Evolution Data Centre Project in Thailand,Critical Infrastructure,Critical Infrastructure,Closed Lost,,False,Asia Pacific
006Q800000K6ugj,Mercury Update - IOT,Commercial,Commercial,Closed Lost,"NZD 13,970.11",False,EMEA
006Q800000K71aA,TSL Reader,Commercial,Commercial,Closed Lost,"NZD 1,282.94",False,Canada
006Q800000K7IEP,Mullion Reader,Education,Education,Closed Lost,,False,United States
006Q800000K7K05,SYD - New Building Phase 1  NFR,Commercial,Commercial,Closed Won,"NZD 3,868.84",True,United States
006Q800000K7KL3,SYD - New Building Phase 2,Commercial,Commercial,Proposal,"NZD 16,131.05",False,United States
006Q800000K7LAs,Vending USA,Commercial,Commercial,Proposal,"NZD 13,616.13",False,United States
006Q800000K7O26,Parc at Princeton,Multi Family,Multi Family,Working,"NZD 87,834.39",False,United States
006Q800000KINPF,Sheriffs Office,Government,Government,Closed Won,"NZD 6,046.59",True,United States
006Q800000KLAdZ,Derriford Hospital - Linac Bunker,Healthcare,Healthcare,Closed Lost,"NZD 29,902.13",False,EMEA
006Q800000KLDgH,Ronco KC Office,Multi Family,Multi Family,Closed Won,,True,United States
006Q800000KLGPd,Le Caverhill,Multi Family,Multi Family,Closed Won,"NZD 7,173.90",True,Canada
006Q800000KLK8I,Milender White,Heavy Industry,Heavy Industry,Working,"NZD 9,844.54",False,United States
006Q800000KLO73,Prime Alert 12.30.24,Commercial,Commercial,Closed Won,"NZD 2,066.71",True,United States
006Q800000KLQGv,Mears Expansion,Commercial,Commercial,Closed Won,"NZD 5,215.46",True,United States
006Q800000KLTDC,Goodland Comm,Commercial,Commercial,Closed Won,"NZD 1,603.99",True,United States
006Q800000KM5iI,Securitas Stocking Order - Jun 25,Commercial,Commercial,Closed Won,"NZD 44,301.52",True,EMEA
006Q800000KMCzt,Securitas Stocking Order - April 25,Commercial,Commercial,Closed Won,"NZD 37,716.65",True,EMEA
006Q800000KMDO5,Securitas Stocking Order - May 25,Commercial,Commercial,Closed Won,"NZD 51,977.66",True,EMEA
006Q800000KMUiH,Dakota Surveillance - Marshall County Courthouse,Government,Government,Closed Lost,"NZD 15,875.85",False,United States
006Q800000KMWFT,Prairie Meadows - Credentials,Commercial,Commercial,Closed Won,"NZD 6,264.71",True,United States
006Q800000KOOP3,GX Training - Jan 14th-16th,Other,Other,Proposal,,False,United States
006Q800000KOOX7,GX Training - Jan 14th-16th,Other,Other,Proposal,,False,United States
006Q800000KOPub,General Motors GX Training,Other,Other,Closed Lost,,False,United States
006Q800000KORTN,Vill - GMS,Multi Family,Multi Family,Closed Won,"NZD 141,797.68",True,Canada
006Q800000KOTLV,Mercer County #2 Second One,Government,Government,Closed Won,"NZD 5,551.76",True,United States
006Q800000KOW6T,Mercer County #1,Government,Government,Closed Won,"NZD 6,046.59",True,United States
006Q800000KOWo1,Five Star Mechanical,Other,Other,Closed Won,,True,United States
006Q800000KOYg9,State Bank Angola po 241203,Banking & Finance,Banking & Finance,Closed Won,"NZD 8,537.96",True,United States
006Q800000KOcF7,4 Door Kit,Commercial,Commercial,Closed Lost,"NZD 8,319.19",False,United States
006Q800000KOeQb,Wv3,Multi Family,Multi Family,Closed Won,NZD 482.43,True,United States
006Q800000KOgVx,Firetrol Back Office,Commercial,Commercial,Closed Won,"NZD 1,084.07",True,United States
006Q800000KPhhN,CC-Tek - Whitman Middle School,Education,Education,Working,,False,United States
006Q800000KT7ll,ICT ProtegeGX Training/Demo Kit and Tech Training Course (Web Based) for PT Jakarta Sinergi Multidiv (YEM),Commercial,Commercial,Closed Lost,"NZD 3,653.88",False,Asia Pacific
006Q800000KTCnC,ICT ProtegeGX Training/Demo Kit and Tech Training Course (Web Based) for San Roque ElectroMechanical Corp (YEM),Commercial,Commercial,Closed Lost,"NZD 3,653.88",False,Asia Pacific
006Q800000KTCof,BT Reader Royal Bris Golf Course,Other,Other,Closed Won,NZD 189.20,True,Australia
006Q800000KTKaw,Chady - Signo,Commercial,Commercial,Closed Lost,"NZD 9,984.96",False,EMEA
006Q800000KURgn,Fredrick,Education,Education,Closed Won,"NZD 49,736.13",True,United States
006Q800000KUa7O,Transport Investment,Commercial,Critical Infrastructure - Transportation,Proposal,"NZD 39,491.48",False,Canada
006Q800000KUcPJ,Reader quote,Commercial,Commercial,Closed Won,NZD 307.99,True,United States
006Q800000KUeyz,The Silver Residential and Commercial Metrotown,Multi Family,Multi Family,Closed Won,"NZD 91,316.79",True,Canada
006Q800000KUflN,2400 Yonge,Multi Family,Multi Family,Closed Lost,"NZD 119,820.96",False,Canada
006Q800000KUgW9,Sitka UBC,Education,Education,Closed Won,"NZD 38,131.57",True,Canada
006Q800000KUqnF,Cubby Beds,Commercial,Commercial,Closed Won,NZD 68.82,True,United States
006Q800000KUrL7,National Bank of Commerce,Banking & Finance,Banking & Finance,Closed Won,"NZD 92,679.75",True,United States
006Q800000KUrsz,Milestone Integration - COP,Government,Government,Closed Won,"NZD 3,884.52",True,Australia
006Q800000KVi7h,RECBRIS 07_01_25,Commercial,Commercial,Closed Won,"NZD 4,335.04",True,Australia
006Q800000KXMz8,3G Building,Commercial,Commercial,Closed Won,"NZD 3,688.88",True,United States
006Q800000KXOxo,West Wireless Locks,Education,Education,Closed Won,,True,United States
006Q800000KXU5R,CSS Stock,Banking & Finance,Banking & Finance,Closed Won,,True,United States
006Q800000KXULZ,White KP reader,Residential,Residential,Closed Won,"NZD 1,077.94",True,United States
006Q800000KXUbh,Fordyce,Residential,Residential,Closed Won,"NZD 2,860.41",True,United States
006Q800000KXWlZ,KBI Vehicle Gate Project,Healthcare,Healthcare,Closed Lost,,False,United States
006Q800000KXXEc,GRE Kit Add On - Alt,Critical Infrastructure,Critical Infrastructure,Closed Won,"NZD 78,028.94",True,United States
006Q800000KXYCH,FOB quote,Commercial,Commercial,Closed Won,NZD 852.94,True,United States
006Q800000KXZQ5,100 PRX-TAG-MF-W,Commercial,Commercial,Closed Won,"NZD 1,323.53",True,United States
006Q800000KXaIz,Mercer Residential,Multi Family,Multi Family,Closed Won,"NZD 9,982.24",True,United States
006Q800000KXb8X,Reader quote,Commercial,Commercial,Working,"NZD 7,312.06",False,United States
006Q800000KXcmC,45 x TSEC-STD-DF-B,Commercial,Commercial,Closed Won,"NZD 5,832.14",True,Australia
006Q800000KXfNT,2DR WX Kit,Commercial,Commercial,Closed Lost,"NZD 1,715.65",False,United States
006Q800000KXj9K,Revised Training GX Course,Other,Other,Closed Won,"NZD 1,099.49",True,Australia
006Q800000KY0mw,FCC_Eden Park Salto_Greg,Commercial,Commercial,Closed Lost,"NZD 19,760.52",False,New Zealand
006Q800000KY1vp,Card Reader East Queys,Commercial,Commercial,Closed Won,NZD 194.53,True,Australia
006Q800000KYIv5,Republic Precinct Server,Multi Family,Multi Family,Closed Lost,"NZD 4,114.12",False,Australia
006Q800000KaEDq,1 door license - Islington Council,Government,Government,Closed Won,NZD 99.01,True,EMEA
006Q800000KaFwI,FM offices,Commercial,Commercial,Closed Won,"NZD 7,271.25",True,United States
006Q800000KaKBD,Visalia 8 door 1.0,Multi Family,Multi Family,Closed Lost,"NZD 11,509.41",False,United States
006Q800000KaKO5,Five Star Expansion,Commercial,Commercial,Closed Won,,True,United States
006Q800000KaOpt,Visalia 8 door 2.0,Multi Family,Multi Family,Closed Lost,"NZD 11,268.81",False,United States
006Q800000KaTUb,82 Wilson Senior's Housing,Healthcare,Healthcare,Closed Lost,"NZD 40,187.45",False,Canada
006Q800000KaXUz,Kincora Summit - Access Control Opportunity,Multi Family,Multi Family,Proposal,"NZD 26,179.18",False,Canada
006Q800000KaXef,Fortech,Commercial,Commercial,Proposal,"NZD 13,002.58",False,United States
006Q800000KarGn,43 KP Readers - Lane Cove Council,Government,Government,Closed Won,"NZD 16,181.18",True,Australia
006Q800000KbGNO,Calendar Actions 9_1_25,Commercial,Commercial,Closed Lost,NZD 782.46,False,Australia
006Q800000Kbbhq,NT East Culture Centre Project In HK (Hop Hing),Government,Government,Closed Won,"NZD 48,499.62",True,Asia Pacific
006Q800000KbpEY,420 SK RD GX,Commercial,Commercial,Closed Lost,"NZD 40,269.30",False,Australia
006Q800000KcIZv,420 SK RD X,Commercial,Commercial,Closed Lost,"NZD 37,415.48",False,Australia
006Q800000KcWL7,420 SK RD WX,Commercial,Commercial,Proposal,"NZD 42,749.63",False,Australia
006Q800000KckzB,ICT Training Full Kit,Other,Other,Closed Lost,"NZD 2,310.72",False,EMEA
006Q800000KdDTJ,GX Training - Feb11th-14th,Other,Other,Proposal,,False,United States
006Q800000KdJvJ,RBH Axiom V Takeover,Multi Family,Multi Family,Closed Lost,"NZD 26,780.95",False,Canada
006Q800000KdKRa,100 @ PRX-TAG-MF-B,Commercial,Commercial,Closed Won,NZD 723.53,True,United States
006Q800000KdNCb,QANTAS TSLs 10_1_25,Aviation,Aviation,Closed Won,"NZD 482,697.83",True,Australia
006Q800000KdNak,Power supply.,Commercial,Commercial,Closed Won,"NZD 1,210.29",True,United States
006Q800000KdOdG,1/9,Retail,Retail,Closed Won,NZD 6.88,True,United States
006Q800000KdPfz,WX - 2D,Commercial,Commercial,Closed Lost,"NZD 1,190.01",False,Canada
006Q800000KdRHn,Eden Park Salto_Greg,Commercial,Commercial,Closed Lost,"NZD 1,485.13",False,New Zealand
006Q800000KdWqv,Odessa Behavior Health,Healthcare,Healthcare,Closed Won,"NZD 247,860.00",True,United States
006Q800000KdhBF,Heritage Housing Project - Base Building ProtegeGX with Salto Integration,Multi Family,Multi Family,Closed Lost,"NZD 9,512.82",False,Canada
006Q800000Ke4B6,Desfire Tags,Commercial,Commercial,Closed Won,"NZD 1,046.37",True,Australia
006Q800000Ke4Kj,Insignia Readers,Commercial,Commercial,Closed Lost,"NZD 27,282.32",False,Australia
006Q800000KePsD,Workshop/Demo WX,Commercial,Retail,Closed Won,"NZD 2,597.49",True,Australia
006Q800000KeVXp,GX Training Feb 2025,Other,Other,Closed Won,"NZD 1,099.49",True,Australia
006Q800000Kg6FE,Apartment complex GX,Multi Family,Multi Family,Closed Lost,"NZD 15,817.24",False,United States
006Q800000KgCnd,Orchard Walk,Multi Family,Multi Family,Closed Lost,"NZD 13,613.47",False,United States
006Q800000KgDdF,PO#010725DJS    ADDS,Government,Government,Closed Won,NZD 975.88,True,United States
006Q800000KgIjN,Wester Vista Credit Union,Banking & Finance,Banking & Finance,New,"NZD 15,543.87",False,United States
006Q800000KgLCb,Wireless Lock Sample Quote,Multi Family,Multi Family,Closed Lost,,False,Canada
006Q800000Kgef3,PRX-TSEC-STD-B,Commercial,Commercial,Closed Won,NZD 888.82,True,United States
006Q800000KiSJd,Laura - Andover,Other,Other,Proposal,"NZD 183,837.50",False,OEM
006Q800000KiUen,X2 Security_Rotorua Airport_Ian,Transportation,Transportation,Closed Lost,"NZD 9,834.43",False,New Zealand
006Q800000Kj1u5,Visitor Management - GX,Government,Government,Closed Lost,"NZD 3,382.37",False,Australia
006Q800000KjWZi,EEAST Helesdon - 4 x PRT-GX-DOR-1,Healthcare,Healthcare,Closed Won,NZD 396.04,True,EMEA
006Q800000KjXNi,Training  GX Kit / via Tribase,Other,Other,Closed Lost,"NZD 5,436.26",False,EMEA
006Q800000KjeFV,GX Training CCTEK - Mar 4th-6th,Other,Other,Procurement,,False,United States
006Q800000KjfLF,Mini Reader,Commercial,Commercial,Closed Won,,True,United States
006Q800000KjfTK,GX Training - Hiller - Feb 11th-13th,Other,Other,Proposal,,False,United States
006Q800000KjfzZ,CC-Tek - Fox Hill - Phase 1,Multi Family,Multi Family,Proposal,"NZD 455,901.85",False,United States
006Q800000KjiRC,Bank Chynów,Banking & Finance,Banking & Finance,Closed Won,"NZD 15,109.18",True,EMEA
006Q800000Kjk3C,Food processing plant Snail,Heavy Industry,Heavy Industry,Closed Lost,"NZD 30,279.11",False,EMEA
006Q800000KjkPl,Magnesia Production Facility  (Mattoni Group),Heavy Industry,Heavy Industry,Closed Lost,,False,EMEA
006Q800000KjkUb,NP a CHKO umava - extension,Government,Government,Closed Lost,,False,EMEA
006Q800000KjkZS,Z Strakonice,Education,Education,Closed Lost,,False,EMEA
006Q800000Kjkkj,FVE Kladné (Mattoni Group),Commercial,Commercial,Closed Won,,True,EMEA
006Q800000KjmQO,Ref PO  415 Pikes Peak,Retail,Retail,Proposal,"NZD 2,334.88",False,United States
006Q800000KjpZ7,First Choice Pro Services,Commercial,Commercial,Proposal,"NZD 4,423.52",False,United States
006Q800000Kjpnd,200 GX 2dr for Dunkin,Commercial,Commercial,Working,"NZD 460,139.29",False,United States
006Q800000Kjr1i,Apartment complex X,Multi Family,Multi Family,Closed Lost,"NZD 11,501.47",False,United States
006Q800000Kjr9V,1580 Logan Street | Suite 510 - Cubby Beds Install Additions,Commercial,Commercial,Proposal,"NZD 1,037.29",False,United States
006Q800000KjrKo,Alexis IT_More GX_Steven,Commercial,Commercial,Closed Won,"NZD 8,666.71",True,New Zealand
006Q800000Kjw2l,2-Button Remote - Champlin,Multi Family,Multi Family,Closed Won,"NZD 3,573.53",True,United States
006Q800000KjwsM,GX Controller Toowoomba Council,Government,Government,Closed Won,"NZD 1,024.72",True,Australia
006Q800000Kjy6A,Morningstar House ICT Materials,Multi Family,Multi Family,Closed Won,"NZD 38,861.67",True,Canada
006Q800000Kjzbh,WX Training Kit,Other,Other,Closed Lost,"NZD 2,963.04",False,Australia
006Q800000Kk141,2-Button Remote - Richfield,Multi Family,Multi Family,Closed Won,"NZD 1,429.41",True,United States
006Q800000Kk289,Serene Access Control,Commercial,Commercial,Closed Lost,"NZD 12,372.90",False,Australia
006Q800000KkJLt,Harry Winston project at South coast Plaza,Commercial,Retail,Closed Won,"NZD 5,861.29",True,United States
006Q800000KkO2D,LCCC Readers,Government,Government,Closed Lost,"NZD 10,429.88",False,Australia
006Q800000KkWJ9,Serene Access Control Stage 2,Commercial,Commercial,Closed Lost,"NZD 7,144.35",False,Australia
006Q800000Klx4Y,ICT ProtegeGX Training/Demo Kit and Tech Training Course (Web Based),Training,Training,Closed Lost,"NZD 6,218.27",False,Asia Pacific
006Q800000KmCme,PSU and Cabinet,Commercial,Commercial,Closed Won,NZD 541.41,True,Australia
006Q800000KmcST,Tang Hall Primary School,Education,Education,Closed Lost,"NZD 10,647.25",False,EMEA
006Q800000Kmhbp,GX Certification,Multi Family,Multi Family,Closed Won,"NZD 6,414.95",True,Canada
006Q800000KmjSL,PRX-TSEC-STD-125-B,Aviation,Aviation,Closed Won,NZD 150.62,True,United States
006Q800000KmsNZ,Mobile credentials,Commercial,Commercial,Closed Won,NZD 68.82,True,United States
006Q800000KmsPB,Delta ModTech,Heavy Industry,Heavy Industry,Proposal,"NZD 29,082.39",False,United States
006Q800000Kmsk9,5 @ PRX-STD-KP-B,Commercial,Commercial,Closed Won,"NZD 2,904.71",True,United States
006Q800000KmvbZ,Eastek_Professional Services_Jason,Commercial,Commercial,Closed Lost,"NZD 1,889.80",False,New Zealand
006Q800000Kmz7O,168 Davenport,Commercial,Commercial,Closed Won,"NZD 4,102.94",True,United States
006Q800000Kn5kb,Product Order - Kraken Security,Multi Family,Multi Family,Closed Won,"NZD 1,284.97",True,Canada
006Q800000KnKSE,Salto parts,Multi Family,Multi Family,Closed Won,"NZD 1,018.38",True,United States
006Q800000KnPOM,Something Built to Last,Other,Other,Proposal,"NZD 5,966.82",False,United States
006Q800000KoAgc,GX Level 1 Facilitated Training,Other,Other,Closed Won,"NZD 1,221.65",True,Australia
006Q800000KopVF,Supply Only tSec Reader (PRX-TSEC-MINI-DF-B),Commercial,Commercial,Closed Won,NZD 173.44,True,Asia Pacific
006Q800000KpT2r,Harku Municipal,Government,Government,Closed Lost,"NZD 5,568.99",False,EMEA
006Q800000Kpbzh,ArmorIP Receivers,Banking & Finance,Banking & Finance,Closed Lost,,False,Canada
006Q800000Kpi6m,BlueMass Healthcare provider,Healthcare,Healthcare,Closed Won,"NZD 3,943.94",True,United States
006Q800000KpiMr,First stocking order,Commercial,Commercial,Closed Won,"NZD 18,080.77",True,EMEA
006Q800000Kpkjd,Texas Life Building,Commercial,Commercial,Closed Won,,True,United States
006Q800000Kppxp,Luther Burnsville Hyundai,Commercial,Commercial,Closed Won,NZD 889.71,True,United States
006Q800000KprDF,GX Certification - Apex,Training,Training,Closed Lost,"NZD 6,116.58",False,Canada
006Q800000KprRl,Fortitude Valley 16_1_25,Commercial,Commercial,Closed Won,"NZD 2,244.95",True,Australia
006Q800000Kpsal,Visalia 10 door 1.0,Multi Family,Multi Family,Closed Won,"NZD 14,278.41",True,United States
006Q800000Kpv2N,Visalia 10 door 2.0,Multi Family,Multi Family,Closed Won,"NZD 15,681.88",True,United States
006Q800000KpxXB,GX Condo - Template,Multi Family,Multi Family,Closed Lost,"NZD 16,964.99",False,Canada
006Q800000KpxfH,Cell Data Service - Park Dental,Commercial,Healthcare,Closed Won,NZD 7.68,True,United States
006Q800000Kpxgr,Millennium Tech_TS50_Danie,Commercial,Commercial,Closed Won,NZD 339.15,True,New Zealand
006Q800000KpzNh,Cell Data Service - Three Rivers Park District,Government,Government,Closed Won,NZD 360.79,True,United States
006Q800000Kq8sP,Three Rivers Park District - Cell Modems,Government,Government,Closed Won,"NZD 16,789.37",True,United States
006Q800000Kq8xF,Park Dental - Cell Modem,Commercial,Healthcare,Closed Won,NZD 357.22,True,United States
006Q800000KqQ6C,Casson Homes Access System replacement,Healthcare,Healthcare,Closed Lost,"NZD 6,139.45",False,Australia
006Q800000Kqe15,"Protege X quote - 3 sites, site 1",Commercial,Commercial,Closed Lost,"NZD 2,101.02",False,Australia
006Q800000Kqr4j,"Protege X quote - 3 sites, site 2",Commercial,Commercial,Closed Lost,"NZD 2,514.06",False,Australia
006Q800000Kqraz,Melton Evolve 16_1_25,Commercial,Commercial,Closed Lost,"NZD 2,981.99",False,Australia
006Q800000KqsK9,"Protege X Quote 3 Sites, Site 3",Commercial,Commercial,Closed Lost,"NZD 1,369.45",False,Australia
006Q800000Kr1qT,ADD Door Expander,Commercial,Commercial,Closed Won,"NZD 1,469.78",True,Australia
006Q800000KscLC,Allegion Locks,Commercial,Commercial,Closed Lost,,False,United States
006Q800000KseeT,Caisse de Dépôt,Commercial,Commercial,Closed Won,"NZD 112,222.87",True,Canada
006Q800000KsjCk,Multifamily Mortise locks,Multi Family,Multi Family,Closed Lost,"NZD 234,509.35",False,United States
006Q800000KskC1,MCR,Commercial,Commercial,Closed Lost,,False,United States
006Q800000Kskgf,WIR,Commercial,Commercial,Closed Lost,,False,United States
006Q800000Ksnxt,10DR WX,Commercial,Commercial,Closed Won,"NZD 9,285.00",True,United States
006Q800000Ksodp,Holloway - WL,Multi Family,Multi Family,Closed Lost,"NZD 482,876.28",False,Canada
006Q800000Ksqe1,500 E. Hampden Avenue,Commercial,Commercial,Proposal,NZD 511.76,False,United States
006Q800000KsrdN,BLC Byron,Healthcare,Healthcare,Closed Won,"NZD 14,154.58",True,United States
006Q800000KstVR,1233 Eastern pkwy,Commercial,Commercial,Closed Won,"NZD 11,723.29",True,United States
006Q800000KswgE,Fobs 01.16.25,Commercial,Commercial,Closed Won,"NZD 1,470.59",True,United States
006Q800000KtYNJ,Brewery District 8 by Wesgroup - Residential Building,Multi Family,Multi Family,Proposal,"NZD 111,528.10",False,Canada
006Q800000Kunc3,Wavrin branch_Portal,Commercial,Commercial,Closed Lost,,False,EMEA
006Q800000KutJG,Le Plessis Pate_Portalp,Commercial,Commercial,Closed Won,,True,EMEA
006Q800000KuvXz,Pont_Sant_Martin_S3A,Commercial,Commercial,Closed Won,,True,EMEA
006Q800000KuzRv,Wavrin division_Portalp,Commercial,Commercial,Closed Won,,True,EMEA
006Q800000Kv1Yj,Le plessis Pate_IS-TECH,Commercial,Commercial,Closed Lost,,False,EMEA
006Q800000Kv3Ab,Industry_Securite Industrielle,Commercial,Commercial,Closed Won,,True,EMEA
006Q800000Kv4zS,Top House_Artelec,Commercial,Commercial,Closed Lost,,False,EMEA
006Q800000Kv5va,Residential_Snef,Commercial,Residential,Closed Won,,True,EMEA
006Q800000Kv766,La Creche_Portalp,Commercial,Commercial,Closed Won,,True,EMEA
006Q800000Kv8QQ,Paris_Bump,Commercial,Commercial,Closed Lost,,False,EMEA
006Q800000Kv8yE,Le Plessis Pate_Envlevement dans nos locaux,Commercial,Commercial,Closed Won,,True,EMEA
006Q800000Kv933,Expansiondoor_Portalp,Commercial,Commercial,Closed Won,,True,EMEA
006Q800000Kv9RF,Wavrin_Portalp,Commercial,Commercial,Closed Won,,True,EMEA
006Q800000Kv9eA,Groupama_Spie tertiaire,Commercial,Commercial,Closed Lost,,False,EMEA
006Q800000KvANJ,Wavrin_Portalp exp,Commercial,Commercial,Closed Won,,True,EMEA
006Q800000KvAYb,Pont-Saint-Martin_S3A UHF,Commercial,Commercial,Closed Won,,True,EMEA
006Q800000KvAyP,New studio_CAS IP,Commercial,Commercial,Closed Won,,True,EMEA
006Q800000KvBOD,Access building_Entree 36 Quai,Commercial,Commercial,Closed Won,,True,EMEA
006Q800000KvCTx,New System_Electro Industrie,Commercial,Commercial,Closed Lost,,False,EMEA
006Q800000KvCdj,Damigny_Bouygues Batiment IDFZ41X,Commercial,Commercial,Closed Lost,,False,EMEA
006Q800000KvD3U,Rillieux-La-Pape_Alboplis,Commercial,Commercial,Closed Lost,,False,EMEA
006Q800000KvDpq,Maison Flow_Cegelec Sud Bretagne,Commercial,Commercial,Closed Won,,True,EMEA
006Q800000KvEqj,Wavrin Nantes_portalp,Commercial,Commercial,Closed Won,,True,EMEA
006Q800000KvF6t,Reze_S3A,Commercial,Commercial,Closed Won,,True,EMEA
006Q800000KvGFp,Besancon_Flowbird,Commercial,Commercial,Closed Won,,True,EMEA
006Q800000KvGSj,Bertry_Elf Industrie,Commercial,Commercial,Closed Lost,,False,EMEA
006Q800000KvGe1,Bourg Achard_Portalp,Commercial,Commercial,Closed Won,,True,EMEA
006Q800000KvH73,Small test_Cas-IP,Commercial,Retail,Closed Won,,True,EMEA
006Q800000KvHQP,Nedap ICT_Yess Monaco,Commercial,Commercial,Closed Lost,,False,EMEA
006Q800000KvHew,Firs system_ITB,Commercial,Commercial,Closed Lost,,False,EMEA
006Q800000KvHjl,Aperio integration_Artelec,Commercial,Commercial,Closed Lost,,False,EMEA
006Q800000KvISw,Small Test_Electroclim,Commercial,Retail,Closed Lost,,False,EMEA
006Q800000KvJ5g,Actemium_Actemium,Commercial,Commercial,Closed Lost,,False,EMEA
006Q800000KvJ8r,Boissy-Saint-Leger_Gounot,Commercial,Commercial,Closed Lost,,False,EMEA
006Q800000KvJf8,Gallardon_DWG Cloissons,Commercial,Commercial,Closed Lost,,False,EMEA
006Q800000KvK8A,Domont_Portalp IDF Nord,Commercial,Commercial,Closed Won,,True,EMEA
006Q800000KvKxl,Bougligny_Remoiville,Commercial,Commercial,Closed Lost,,False,EMEA
006Q800000KvLXG,Saint Bonnet De Mure_Portalp Rhone,Commercial,Commercial,Closed Won,,True,EMEA
006Q800000KvLYr,Wavrin protege 359,Commercial,Commercial,Closed Won,,True,EMEA
006Q800000KvLdi,Chateauneuf-Grasse_My Keeper,Commercial,Commercial,Closed Lost,,False,EMEA
006Q800000KvLfL,Maison Flow_Cesa,Commercial,Commercial,Closed Won,,True,EMEA
006Q800000KvM0I,Capitanerie_Energietec Elec,Commercial,Commercial,Closed Won,,True,EMEA
006Q800000KvMWX,GX Proj_Portalp FR,Commercial,Commercial,Closed Won,,True,EMEA
006Q800000KvMZm,Romilly-Sur_Seine Nedap_EDF Romilly,Commercial,Commercial,Closed Lost,,False,EMEA
006Q800000KvMhp,Saint Michel En L Herm_Sarl Holikeys,Commercial,Commercial,Closed Lost,,False,EMEA
006Q800000KvMjS,Francois (LE)_ Reparation Conception,Commercial,Commercial,Closed Lost,,False,EMEA
006Q800000KvMuk,Bouchain_Cardem Ancien EDF,Commercial,Commercial,Closed Won,,True,EMEA
006Q800000KvN4P,Cormelles Le Royal_Portalp FR,Commercial,Commercial,Closed Won,,True,EMEA
006Q800000KvNNl,Site 1 2 3_Portalp,Commercial,Commercial,Closed Won,,True,EMEA
006Q800000KvNaf,Turbie (LA)_Mamò Consulting,Commercial,Commercial,Closed Lost,,False,EMEA
006Q800000KvNah,Maiosn Flow_Sveg,Commercial,Commercial,Closed Won,,True,EMEA
006Q800000KvNkN,Ict Qr_LB Securite,Commercial,Commercial,Closed Lost,,False,EMEA
006Q800000KvO25,Vic-Le-Comte_Eurl Arkka,Commercial,Commercial,Closed Lost,,False,EMEA
006Q800000KvO8X,Moirans_Snef,Commercial,Commercial,Closed Won,,True,EMEA
006Q800000KvORt,Wittelsheim_Portalp,Commercial,Commercial,Closed Won,,True,EMEA
006Q800000KvObZ,Saint-Laurent-Du-Var_Conseil Plus Ingenierie,Commercial,Commercial,Closed Lost,,False,EMEA
006Q800000KvOyA,Ineo_Ineo ertiarie IDF,Commercial,Commercial,Closed Lost,,False,EMEA
006Q800000KvOzl,Haute Borne_Satelec Region France Nord,Commercial,Commercial,Closed Lost,,False,EMEA
006Q800000KvQ3v,Asnieres Sur Seine_Ineo Engie (CGS),Commercial,Commercial,Closed Lost,,False,EMEA
006Q800000KvQjp,Nedap Integrated_Ville De Bourg En Bresse,Commercial,Commercial,Closed Lost,,False,EMEA
006Q800000KvRJV,Alencon_Bouygues E&S Get,Commercial,Commercial,Closed Lost,,False,EMEA
006Q800000KvRMX,Seyne Su Mer GX P1 P2_Societè Snef,Commercial,Commercial,Closed Won,,True,EMEA
006Q800000KvRcf,Champagne_Spie Building Solution,Commercial,Commercial,Closed Lost,,False,EMEA
006Q800000KvRuP,Itac_Itac Parts,Commercial,Commercial,Closed Won,,True,EMEA
006Q800000KvSFN,Small Unit_Fermatic,Commercial,Retail,Closed Lost,,False,EMEA
006Q800000KvTL8,400xPRX-ISO-MF Chubb Dudley,Commercial,Commercial,Closed Won,"NZD 1,776.00",True,EMEA
006Q800000KvTY1,Project ACS_EERI Maison,Commercial,Commercial,Closed Won,,True,EMEA
006Q800000KvTg5,Securization Chantier_Portalp FR,Commercial,Commercial,Closed Lost,,False,EMEA
006Q800000KvUHB,Valence_Snef AG Valence,Commercial,Commercial,Closed Won,,True,EMEA
006Q800000Kvass,124 Sylvan,Commercial,Commercial,Closed Won,"NZD 4,102.94",True,United States
006Q800000KvfSj,166 davenport,Commercial,Commercial,Closed Won,NZD 955.88,True,United States
006Q800000KvlJe,CC-Tek - Fox Hill - Phase 2,Multi Family,Multi Family,Proposal,"NZD 172,148.19",False,United States
006Q800000KvmHK,Alive Church,Religious,Religious,Proposal,"NZD 7,977.72",False,United States
006Q800000KvoXd,"Power supplies option - [GOV] Ministry of Funds and Regional Policy, Warsaw",Government,Government,Closed Lost,"NZD 33,434.47",False,EMEA
006Q800000KvoxR,300 Lighting Way,Commercial,Commercial,Proposal,"NZD 15,385.59",False,United States
006Q800000KvqrB,Brewery District 8 by Wesgroup - Commercial,Commercial,Hospitality - Food & Beverage,Proposal,,False,Canada
006Q800000KvryX,Adams 1/17/25,Commercial,Commercial,Closed Lost,,False,United States
006Q800000Kvs0A,Brewery District 8 by Wesgroup - Commercial,Commercial,Hospitality - Food & Beverage,Proposal,"NZD 26,817.13",False,Canada
006Q800000KvvVt,PO 7136,Banking & Finance,Banking & Finance,Closed Won,,True,United States
006Q800000KvwIH,Brewery District 8 by Wesgroup - Residential Building,Multi Family,Multi Family,Proposal,,False,Canada
006Q800000KyV5R,New AFx Enterprise System Migration for West Kowloon Law Court Project in HK (522 Doors),Commercial,Commercial,Closed Lost,"NZD 43,129.18",False,Asia Pacific
006Q800000KyXKC,Sefton_WX Opp_Security,Commercial,Commercial,Closed Lost,"NZD 14,221.02",False,New Zealand
006Q800000Kzg3e,Remote Site Management,Commercial,Commercial,Closed Lost,NZD 543.16,False,Australia
006Q800000L03jO,Supply Only Reader Expander of New AFx Enterprise System,Commercial,Commercial,Proposal,"NZD 2,283.52",False,Asia Pacific
006Q800000L0wCn,Dorset Council - Cards,Government,Government,Closed Won,NZD 908.00,True,EMEA
006Q800000L0yks,Auchan Extension 2.0,Retail,Retail,Closed Won,"NZD 1,487.64",True,EMEA
006Q800000L12AA,WX - 16D,Commercial,Commercial,Closed Lost,"NZD 14,310.62",False,Canada
006Q800000L13ZF,Bravo - Tower C,Multi Family,Multi Family,Closed Lost,"NZD 60,297.20",False,Canada
006Q800000L13aw,Fanshawe College,Education,Education,Closed Won,"NZD 8,208.47",True,Canada
006Q800000L15WD,Terminal City Club - Mobile SDK,Commercial,Critical Infrastructure - Transportation,Closed Won,"NZD 4,792.73",True,Canada
006Q800000L15nx,2 Door Access Kit + 100 Key Fobs,Retail,Retail,Closed Won,"NZD 1,676.44",True,Canada
006Q800000L16fB,49 Door - Brivo Takeover,Multi Family,Multi Family,Proposal,"NZD 40,594.59",False,United States
006Q800000L17hh,Weld County Cards,Government,Government,Procurement,"NZD 5,320.59",False,United States
006Q800000L18CL,MILL #2,Multi Family,Multi Family,Proposal,"NZD 170,061.56",False,Canada
006Q800000L18yj,Project MDSC,Commercial,Commercial,Closed Lost,"NZD 59,662.46",False,EMEA
006Q800000L1EWJ,5A-10A PSU testing and certification,Other,Other,Closed Won,,True,Canada
006Q800000L2CKL,Australis WX Training Kit 21_1_25,Commercial,Commercial,Closed Lost,"NZD 1,610.89",False,Australia
006Q800000L2DoH,Watters WX Training Kit 21_1_25,Commercial,Commercial,Closed Lost,"NZD 1,610.89",False,Australia
006Q800000L3s1N,Linanar,Commercial,Commercial,Closed Lost,,False,United States
006Q800000L3y0L,WX - 15D,Multi Family,Multi Family,Closed Lost,"NZD 12,334.42",False,Canada
006Q800000L3yYD,Regency - SE Upgrade,Multi Family,Multi Family,Closed Won,"NZD 23,618.97",True,Canada
006Q800000L43ZV,Home ED - Wireless Lock Project - Motorized Deadbolt,Multi Family,Multi Family,Proposal,"NZD 2,795.07",False,Canada
006Q800000L450D,12 Creek Street,Commercial,Commercial,Closed Won,"NZD 84,958.23",True,Australia
006Q800000L48PW,1.21,Commercial,Commercial,Closed Won,NZD 977.71,True,United States
006Q800000L4E8L,Eastek_Tags_Jason,Commercial,Commercial,Closed Lost,"NZD 2,612.23",False,New Zealand
006Q800000L4EOT,1.21,Commercial,Commercial,Closed Won,"NZD 1,528.68",True,United States
006Q800000L4I3t,Adox RFX - 5 door Expansion,Commercial,Commercial,Closed Lost,"NZD 2,720.30",False,Australia
006Q800000L4Zsx,GX System,Commercial,Commercial,Closed Lost,"NZD 7,859.22",False,Australia
006Q800000L54Of,PMT Qld GX System,Commercial,Commercial,Closed Lost,"NZD 9,060.82",False,Australia
006Q800000L5PPt,A&J GX Controller,Commercial,Commercial,Closed Won,NZD 922.25,True,Australia
006Q800000L5yit,Training GX,Commercial,Commercial,Closed Lost,"NZD 1,382.63",False,EMEA
006Q800000L6riH,Bank - Egypt,Banking & Finance,Banking & Finance,Closed Lost,"NZD 3,330.69",False,EMEA
006Q800000L6x9O,UAV Engines - Software,Commercial,Commercial,Closed Lost,"NZD 2,633.13",False,EMEA
006Q800000L6yS2,Salem NH Public Safety -  PO 2301,Government,Government,Closed Won,,True,United States
006Q800000L70Oz,UAV Engines - iSales Hardware,Commercial,Commercial,Closed Lost,"NZD 5,999.55",False,EMEA
006Q800000L71BN,Pricing,Commercial,Commercial,Closed Lost,"NZD 2,134.24",False,United States
006Q800000L71bB,Reader Pricing PO R000181,Commercial,Commercial,Closed Won,"NZD 1,594.94",True,United States
006Q800000L72RC,CGOJ,Commercial,Commercial,Proposal,"NZD 5,918.90",False,United States
006Q800000L72gv,GX - WEB,Commercial,Commercial,Closed Won,"NZD 1,638.35",True,United States
006Q800000L75AO,Replacement ENTR Unit,Commercial,Commercial,Closed Won,,True,Canada
006Q800000L7Hko,GJH - GX System,Commercial,Commercial,Closed Won,"NZD 1,588.63",True,Australia
006Q800000L9Tt8,Almac - 1 x TSL-EXTRA-RR-HL,Healthcare,Healthcare,Closed Won,NZD 551.02,True,EMEA
006Q800000L9qRW,1925 Victoria Park - WL,Multi Family,Multi Family,Closed Lost,"NZD 146,428.83",False,Canada
006Q800000L9uYL,GX Expansion,Commercial,Commercial,Closed Won,"NZD 4,919.55",True,Canada
006Q800000L9vUP,Propel GX BOM,Commercial,Commercial,Proposal,"NZD 18,901.13",False,United States
006Q800000L9vpN,MYLAR,Commercial,Commercial,Closed Won,NZD 20.65,True,United States
006Q800000L9w0g,PRX-TSEC-STD-DF-BT-B,Commercial,Commercial,Closed Won,NZD 489.71,True,United States
006Q800000L9w77,Schlage List   PO stock032525,Commercial,Commercial,Closed Won,"NZD 3,430.15",True,United States
006Q800000L9wAL,PRT-PSU-DIN-4A,Commercial,Commercial,Closed Won,"NZD 1,210.29",True,United States
006Q800000L9wez,RF-REM2-433-HID26,Commercial,Commercial,Closed Won,"NZD 5,360.29",True,United States
006Q800000L9wzx,PRX-TAG-MF-B,Commercial,Commercial,Closed Won,"NZD 1,205.88",True,United States
006Q800000L9xXp,PRX-TAG-MF-W,Commercial,Commercial,Closed Won,"NZD 4,764.71",True,United States
006Q800000L9yLp,GX Certification,Commercial,Commercial,Closed Lost,"NZD 6,414.95",False,Canada
006Q800000LA0p3,D28 Solutions,Commercial,Commercial,Closed Won,"NZD 5,416.41",True,United States
006Q800000LAAy5,NPHA add-on,Government,Government,Closed Won,NZD 771.53,True,United States
006Q800000LABRK,GX Level Facilitated Training,Other,Other,Closed Won,"NZD 1,221.65",True,Australia
006Q800000LAfAf,Site 1 - Parramatta Head Office,Education,Education,Closed Lost,"NZD 15,850.97",False,Australia
006Q800000LAhNl,Site 2 - Penrith,Education,Education,Closed Lost,"NZD 2,672.21",False,Australia
006Q800000LAiV7,Site 3 - Melbourne,Education,Education,Closed Lost,"NZD 2,672.21",False,Australia
006Q800000LAiZz,GE_Tags_Kath,Commercial,Commercial,Closed Won,NZD 714.50,True,New Zealand
006Q800000LAt0j,Western Process Controls (Updated),Commercial,Commercial,Closed Won,"NZD 1,858.01",True,Australia
006Q800000LB0Gk,GX Demo Kit,Commercial,Commercial,Closed Lost,"NZD 7,182.47",False,Australia
006Q800000LB5bN,System Expansion,Commercial,Commercial,Closed Won,"NZD 3,854.54",True,Australia
006Q800000LB5l3,New GX System,Commercial,Commercial,Closed Won,"NZD 2,351.19",True,Australia
006Q800000LCQdm,OUA Boliwice project Autostrada - Securitas,Transportation,Transportation,Closed Won,"NZD 11,001.26",True,EMEA
006Q800000LCbMI,Hospital Gromkowski Wroclaw,Healthcare,Healthcare,Discovery,"NZD 29,807.67",False,EMEA
006Q800000LCcVF,Centre for Mental Health in Bialystok,Healthcare,Healthcare,Discovery,"NZD 5,416.33",False,EMEA
006Q800000LCiVq,Levelland ISD,Education,Education,Closed Won,,True,United States
006Q800000LCj5J,Dependable - Fox Hill - Phase 1,Multi Family,Multi Family,Decision,"NZD 211,653.18",False,United States
006Q800000LCmJQ,6 door quote,Residential,Residential,Closed Lost,"NZD 10,333.76",False,United States
006Q800000LCnfC,Brown Distributing,Commercial,Commercial,Proposal,"NZD 16,841.03",False,United States
006Q800000LCr1F,1.24 Todd Hampson,Commercial,Commercial,Closed Won,NZD 308.82,True,United States
006Q800000LCrFl,1.24 Todd Hampson,Commercial,Commercial,Closed Won,NZD 231.62,True,United States
006Q800000LD21V,Standing Rock Records,Commercial,Commercial,Closed Lost,"NZD 7,433.87",False,United States
006Q800000LHGqf,Amazon third logistic (DomotiqueSolution),Commercial,Commercial,Closed Lost,"NZD 9,945.00",False,EMEA
006Q800000LHRnh,National Bank Of Kuwait - 10 Mobile Credentials,Banking & Finance,Banking & Finance,Closed Won,NZD 59.78,True,EMEA
006Q800000LHSbi,RSA Verex Migration,Commercial,Commercial,Closed Won,"NZD 6,088.13",True,EMEA
006Q800000LHZJq,New LC Connect office,Commercial,Commercial,Closed Won,"NZD 4,485.08",True,Canada
006Q800000LHZjd,200 x PRX-ISO-DF-EV3-2K,Commercial,Commercial,Closed Won,"NZD 2,372.00",True,EMEA
006Q800000LHfFa,LTE,Banking & Finance,Banking & Finance,Closed Won,NZD 7.57,True,United States
006Q800000LHfVi,Gate Opening,Commercial,Commercial,Closed Lost,,False,United States
006Q800000LHhsU,Enclosure and 4A PUS plus optional Input expansion box,Commercial,Commercial,Closed Won,"NZD 1,099.41",True,United States
006Q800000LHilK,100 key tags 1/27/25,Commercial,Commercial,Closed Won,"NZD 1,205.88",True,United States
006Q800000LHj4f,On-Site GX Training,Commercial,Commercial,Closed Won,,True,United States
006Q800000LHlI2,Evapco R000140,Commercial,Commercial,Closed Won,"NZD 2,134.24",True,United States
006Q800000LHlYJ,Pyramid Concord 10704,Healthcare,Healthcare,Closed Won,"NZD 11,499.71",True,United States
006Q800000LHnLB,Performance Food Group 3515,Commercial,Commercial,Closed Won,"NZD 2,410.88",True,United States
006Q800000LHnWT,CAM0225,Multi Family,Multi Family,Closed Won,"NZD 2,092.41",True,United States
006Q800000LHnZh,OLS Projects Sec SS003JB -SA003HS_DB,Government,Government,Closed Won,"NZD 3,589.40",True,United States
006Q800000LHnjN,Sesco 1706155,Commercial,Commercial,Closed Won,"NZD 1,186.81",True,United States
006Q800000LHo4L,Site Code,Other,Other,Closed Won,NZD 221.29,True,United States
006Q800000LHotx,1.27,Multi Family,Multi Family,Closed Won,NZD 165.81,True,United States
006Q800000LHqni,GX Lvl 1 Training 28_1_25,Commercial,Commercial,Closed Won,"NZD 1,221.65",True,Australia
006Q800000LHrws,65 Mutual - WX Elevator (All Floors),Multi Family,Multi Family,Closed Lost,"NZD 3,399.80",False,Canada
006Q800000LHsCn,Insignia - Melbourne 28 January 2025,Commercial,Commercial,Closed Won,"NZD 35,387.10",True,Australia
006Q800000LHsEP,GX - Apartment Complex,Multi Family,Multi Family,Proposal,"NZD 10,385.32",False,Canada
006Q800000LHsSv,Insignia - Parramatta,Commercial,Commercial,Closed Won,"NZD 29,450.62",True,Australia
006Q800000LIMNy,8 door quote,Residential,Residential,Closed Won,"NZD 10,977.53",True,United States
006Q800000LIeJ3,Central Shopping Centre 28_1_25,Retail,Retail,Closed Won,"NZD 14,413.24",True,Australia
006Q800000LItLJ,NorthPharn Solution,Commercial,Commercial,Closed Won,"NZD 22,134.73",True,Australia
006Q800000LIuuT,A&J GX Stock,Government,Government,Closed Won,"NZD 11,089.69",True,Australia
006Q800000LJ5JF,A&J PSU 4A,Commercial,Commercial,Closed Won,NZD 341.09,True,Australia
006Q800000LJgYy,CofG - Huntingdale Community Facility,Government,Government,Closed Lost,"NZD 1,626.38",False,Australia
006Q800000LJn0w,CofG - Maddington Community Centre,Government,Government,Closed Lost,"NZD 2,559.50",False,Australia
006Q800000LJo8I,CofG - Langford Community Centre,Government,Government,Closed Lost,"NZD 1,626.38",False,Australia
006Q800000LJtO5,CofG - Establish Head End,Government,Government,Closed Lost,"NZD 9,844.97",False,Australia
006Q800000LJteD,CofG - Gosnells RSL,Government,Government,Closed Lost,"NZD 2,559.50",False,Australia
006Q800000LJu0n,CofG - Kenwick Community Facility,Government,Government,Closed Lost,"NZD 2,173.68",False,Australia
006Q800000LJuaH,CofG - Richard Rushton Community Centre,Government,Government,Closed Lost,"NZD 2,117.77",False,Australia
006Q800000LJujx,CofG - Sanctuary Waters Meeting Room,Government,Government,Closed Lost,"NZD 1,626.38",False,Australia
006Q800000LJutd,CofG - Homestead Park Centre,Government,Government,Closed Lost,"NZD 3,655.13",False,Australia
006Q800000LK18k,30 x PRX-SWB-MF-B-M,Commercial,Commercial,Closed Lost,NZD 452.07,False,EMEA
006Q800000LKHF7,HS2 Time & Attendance,Government,Government,Closed Won,"NZD 2,255.91",True,EMEA
006Q800000LKWMD,Orthodox School,Education,Education,Working,,False,United States
006Q800000LKX29,Elite Field Service,Commercial,Commercial,Closed Lost,"NZD 7,283.47",False,United States
006Q800000LKZ2L,4 floor Office building,Commercial,Commercial - Office,Working,,False,United States
006Q800000LKZYc,Ultimate Motors WX,Commercial,Commercial,Closed Lost,"NZD 18,587.15",False,United States
006Q800000LKZn8,200 cards site code 712,Commercial,Commercial,Closed Won,"NZD 3,070.59",True,United States
006Q800000LKa3F,TSL Readers,Commercial,Commercial,Decision,"NZD 1,215.59",False,Canada
006Q800000LKaMb,Demo / Training Kits,Commercial,Commercial,Closed Lost,"NZD 3,061.63",False,EMEA
006Q800000LKaxh,Ultimate Motors GX,Commercial,Commercial,Closed Won,"NZD 21,964.37",True,United States
006Q800000LKblh,MF Tags - Site Code 15210,Commercial,Commercial,Proposal,NZD 301.47,False,United States
006Q800000LKc6f,Larry Cook Construction,Commercial,Commercial,Closed Won,"NZD 1,882.46",True,United States
006Q800000LKdYz,Setronics - Whitman Middle School,Education,Education,Proposal,"NZD 52,667.81",False,United States
006Q800000LKeBk,BBS - Whitman School,Education,Education,Proposal,"NZD 82,597.74",False,United States
006Q800000LKebV,Datatalk_WX Quote_Eden,Commercial,Commercial,Closed Lost,"NZD 6,561.72",False,New Zealand
006Q800000LKf1J,2025-1498  -- 1527 -- 1550,Banking & Finance,Banking & Finance,Closed Won,"NZD 2,174.26",True,United States
006Q800000LKiK9,GX pricing,Commercial,Commercial,Closed Won,"NZD 4,968.88",True,United States
006Q800000LKiLl,Glenrose Trust - 6 Hershell Street Napier,Commercial,Commercial,Discovery,"NZD 15,822.23",False,New Zealand
006Q800000LKiNN,Jackpot Junction Casino,Gaming,Gaming,Closed Lost,"NZD 134,728.94",False,United States
006Q800000LKifL,NSG - Whitman School,Education,Education,Proposal,"NZD 68,911.16",False,United States
006Q800000LKmXR,Church Project - SUCASA,Religious,Religious,Closed Won,"NZD 29,838.59",True,Canada
006Q800000LKmag,Rupert North_ProtegeGX Project,Multi Family,Multi Family,Proposal,"NZD 50,251.43",False,Canada
006Q800000LKoCf,Focus Surveillance_Bayswater_Matt,Commercial,Commercial,Decision,"NZD 18,486.07",False,New Zealand
006Q800000LKosb,Entry Station,Government,Government,Proposal,"NZD 10,354.72",False,Canada
006Q800000LKxPk,Syntronic,Commercial,Commercial,Closed Lost,"NZD 17,351.27",False,Canada
006Q800000LL7f7,Components,Commercial,Commercial,Closed Lost,"NZD 3,667.81",False,Canada
006Q800000LLbi1,WX Controller PRT-WX-DIN,Government,Government,Closed Won,NZD 829.77,True,Australia
006Q800000LM5Zd,A&J Stock Toowoomba Council,Government,Government,Closed Lost,"NZD 9,704.96",False,Australia
006Q800000LMC01,Tighten Office,Commercial,Commercial,Closed Won,"NZD 1,838.62",True,Australia
006Q800000LMsot,Switzerland National Television pilot,Commercial,Commercial,Closed Lost,,False,EMEA
006Q800000LMt51,Fiumicino Airport Rome pilot,Aviation,Aviation,Closed Lost,,False,EMEA
006Q800000LMwio,RB&B,Multi Family,Multi Family,Closed Lost,"NZD 14,438.81",False,Canada
006Q800000LN7Kr,Wilbanks 1/29/25,Commercial,Banking & Finance,Closed Lost,,False,United States
006Q800000LNFNG,Southeastern Virginia Training Center,Healthcare,Healthcare,Closed Won,"NZD 1,376.47",True,United States
006Q800000LNGWE,Logistics Office/WH,Transportation,Transportation,Closed Lost,,False,EMEA
006Q800000LNI50,Shared Offices - Nairobi,Commercial,Commercial,Closed Lost,,False,EMEA
006Q800000LNMq9,Ross Galt_Mike Allison_Nick,Commercial,Commercial,Closed Won,"NZD 9,330.92",True,New Zealand
006Q800000LNOvB,Guild & Spence_DF SDK_Phil,Healthcare,Healthcare,Closed Lost,"NZD 1,175.34",False,New Zealand
006Q800000LNQAc,Magnum Electric,Commercial,Commercial,Closed Won,"NZD 8,189.41",True,United States
006Q800000LNTbV,Expander/Mini Reader,Commercial,Commercial,Closed Won,,True,United States
006Q800000LNTjZ,Elite Field Services 2,Commercial,Commercial,Closed Won,"NZD 1,907.47",True,United States
006Q800000LNUxN,WX Controller PRT-WX-DIN,Commercial,Commercial,Closed Lost,NZD 829.77,False,Australia
006Q800000LNZVh,Kingston Garden - ProtegeWX Project,Multi Family,Multi Family,Proposal,"NZD 24,121.91",False,Canada
006Q800000LOMT8,Data Centre Bundle,Gaming,Gaming,Closed Lost,"NZD 5,790.10",False,Australia
006Q800000LOPu1,Data Centre,Gaming,Gaming,Closed Won,"NZD 3,099.67",True,Australia
006Q800000LOSbl,965 Dandenong Rd 30_1_25,Multi Family,Multi Family,Closed Lost,"NZD 129,336.88",False,Australia
006Q800000LOUqU,4A PSU,Commercial,Commercial,Closed Won,NZD 378.98,True,Australia
006Q800000LOgoP,GX Training Kit,Other,Other,Closed Lost,"NZD 1,825.94",False,Australia
006Q800000LQI3d,Salto Lock,Transportation,Transportation,Closed Won,"NZD 3,146.32",True,United States
006Q800000LQJNt,Urban Edge Revised,Multi Family,Multi Family,Closed Lost,,False,United States
006Q800000LQKBt,Indian Point - wireless lock project,Critical Infrastructure,Critical Infrastructure,Working,"NZD 9,364.55",False,United States
006Q800000LQO94,Atlantic Realty - Autumn Hills,Multi Family,Multi Family,Closed Won,"NZD 6,868.59",True,United States
006Q800000LQOsD,Best western premiere Halifax airport,Multi Family,Multi Family,Closed Lost,"NZD 109,522.11",False,Canada
006Q800000LQPZl,RatesDotCa,Commercial,Commercial,Closed Lost,"NZD 3,214.81",False,Canada
006Q800000LQR6v,100 Mifare,Commercial,Commercial,Closed Won,,True,United States
006Q800000LQRBl,100 Mifare,Commercial,Commercial,Closed Won,NZD 511.76,True,United States
006Q800000LQZIz,Aotea BOP_WX opportunity_Agne,Commercial,Commercial,Closed Lost,"NZD 1,730.99",False,New Zealand
006Q800000LQZPS,300 Cards,Commercial,Commercial,Closed Won,"NZD 1,279.41",True,United States
006Q800000LQdZV,433 transmitters,Commercial,Commercial,Closed Won,"NZD 5,439.71",True,United States
006Q800000LQgCV,Amaya Living - ProtegeWX Project,Multi Family,Multi Family,Decision,"NZD 30,613.61",False,Canada
006Q800000LQwPF,Phill test,Commercial,Commercial,Closed Lost,"NZD 6,728.95",False,Australia
006Q800000LRQVN,New Site -Protege X,Multi Family,Multi Family,Closed Lost,"NZD 21,593.73",False,Australia
006Q800000LT8sY,2 Door System,Education,Education,Closed Won,"NZD 1,542.63",True,United States
006Q800000LTCuX,Christ Church,Religious,Religious,Closed Won,NZD 301.47,True,United States
006Q800000LTEl3,Wireless Lock Option Allegion,Education,Education,Closed Lost,"NZD 3,926.47",False,United States
006Q800000LTKnG,Edmonton Customer,Commercial,Commercial,Closed Won,"NZD 15,341.67",True,Canada
006Q800000LTLo9,Single Door Controller Proposal,Education,Education,Closed Won,"NZD 72,699.76",True,Canada
006Q800000LTMVl,Catalyst Project - North Vancouver,Commercial,Commercial,Working,"NZD 1,620.22",False,Canada
006Q800000LTP0e,HRDM,Commercial,Commercial,Closed Won,NZD 454.37,True,United States
006Q800000LTQr5,J@K by Hudson - Pricing Exercise,Multi Family,Multi Family,Closed Lost,,False,Canada
006Q800000LVUwz,x2 Security_Storgae_Ian,Commercial,Commercial,Closed Lost,"NZD 4,063.65",False,New Zealand
006Q800000LVa6Y,Bricks and Mortar 3-2-25,Commercial,Commercial,Closed Won,"NZD 2,076.35",True,Australia
006Q800000LVaJF,MSG - 12-14th Floor Access,Healthcare,Healthcare,Closed Lost,"NZD 6,987.12",False,Canada
006Q800000LVuxt,GX Training,Government,Government,Closed Won,"NZD 1,099.49",True,Australia
006Q800000LW22b,"ASC- WX Training Kit, New price",Commercial,Commercial,Closed Lost,"NZD 1,610.89",False,Australia
006Q800000LWaQt,Protege X 2-Door Bundle,Commercial,Commercial,Closed Lost,"NZD 1,304.21",False,Australia
006Q800000LWfaD,Protege WX 2-Door Kit,Commercial,Commercial,Closed Won,"NZD 1,879.47",True,Australia
006Q800000LX8dp,Republic Precinct licenses,Multi Family,Multi Family,Closed Lost,"NZD 2,764.84",False,Australia
006Q800000LYAk1,Small system Milano_Roma,Commercial,Retail,Closed Lost,"NZD 9,258.47",False,EMEA
006Q800000LYL18,Alarmtec Stocking Order - Jun 25,Commercial,Commercial,Closed Won,"NZD 57,963.53",True,EMEA
006Q800000LYMus,Centre de Formation Professionnel Léonard de Vinci et EmouaQ,Education,Education,Closed Won,"NZD 136,332.29",True,Canada
006Q800000LYMy6,5 Doors w KP,Commercial,Commercial,Closed Won,,True,United States
006Q800000LYNUL,Bunzl Enfield - 50 x PRX-TAG-MF-B,Commercial,Commercial,Closed Lost,NZD 380.43,False,EMEA
006Q800000LYR05,Securitas Stocking Order - Jul 25,Commercial,Commercial,Closed Won,"NZD 12,506.88",True,EMEA
006Q800000LYRT7,PRT-WX-DIN-1D,Commercial,Commercial,Closed Won,NZD 654.18,True,United States
006Q800000LYRph,Calvery Golden,Multi Family,Multi Family,Working,"NZD 54,006.77",False,United States
006Q800000LYTRh,Middlesex Fire Department,Critical Infrastructure,Critical Infrastructure,Closed Won,,True,United States
006Q800000LYUsP,King 2/3/25,Commercial,Commercial,Closed Lost,,False,United States
006Q800000LYVV7,GX controller,Commercial,Commercial,Closed Won,NZD 993.68,True,United States
006Q800000LYZLp,Amica - Bronte - 25 MDB,Healthcare,Healthcare,Closed Won,"NZD 37,797.47",True,Canada
006Q800000LYapl,Demo Kit,Training,Training,Closed Lost,"NZD 4,807.63",False,United States
006Q800000LYb7V,Order for will call - PO Stock 2.3,Commercial,Commercial,Closed Won,"NZD 6,099.35",True,United States
006Q800000LYcUz,Card Reader,Commercial,Commercial,Closed Won,"NZD 1,088.82",True,United States
006Q800000LYhpd,Broadway & Granville - 6 Additional CM Locks - Jasper - Flat Black,Multi Family,Multi Family,Closed Won,"NZD 3,983.53",True,Canada
006Q800000LYi49,28852/28644,Other,Other,Closed Won,"NZD 21,869.65",True,United States
006Q800000LYjrR,Senakw - Bright Stainless Option,Multi Family,Multi Family,Closed Lost,,False,Canada
006Q800000LYk5x,Senakw - Flat Black Denali Pricing,Multi Family,Multi Family,Closed Lost,,False,Canada
006Q800000LYknV,Senakw Development - Phase 1 - Denali in Bright Stainless,Multi Family,Multi Family,Closed Lost,"NZD 750,263.62",False,Canada
006Q800000LYt7n,The Globe RFQ,Multi Family,Multi Family,Closed Lost,"NZD 22,853.78",False,Australia
006Q800000LZ0Yw,42 Macquarie St,Commercial,Commercial,Closed Won,"NZD 25,076.30",True,Australia
006Q800000LZFg2,GX Partner Training Bundle,Commercial,Commercial,Closed Lost,"NZD 6,551.37",False,Australia
006Q800000LZS7P,Project Tender for MAKINO HUNG YEN FACTORY in Vietnam,Commercial,Industrial - Manufacturing,Proposal,"NZD 32,953.33",False,Asia Pacific
006Q800000LZX9t,GX Partner Training Kit,Commercial,Commercial,Closed Won,"NZD 1,787.50",True,Australia
006Q800000LZtYb,New Leaf Adds 4_2_25,Commercial,Commercial,Closed Won,"NZD 2,010.95",True,Australia
006Q800000LZwOP,Site Upgrade Custom Credentials,Commercial,Commercial,Closed Won,"NZD 3,016.03",True,Australia
006Q800000LaDYv,Industrial Supply,Commercial,Industrial,Closed Won,"NZD 3,153.81",True,Australia
006Q800000LaJUf,Idemia - ICT,Commercial,Commercial,Closed Won,"NZD 2,374.98",True,EMEA
006Q800000Lat9x,NZTE - ICT,Government,Government,Closed Lost,"NZD 11,442.45",False,EMEA
006Q800000LbSvh,County Project,Government,Government,Closed Won,"NZD 20,732.96",True,United States
006Q800000LbUr3,Redford Community Center,Commercial,Commercial,Proposal,"NZD 16,439.61",False,United States
006Q800000LbX91,Queen 2/4/25,Commercial,Commercial,Closed Won,,True,United States
006Q800000LbYTG,Condo Upgrade,Multi Family,Multi Family,Closed Lost,"NZD 42,841.56",False,Canada
006Q800000LbdhR,Tarnix_GX Warehouse_Chris,Commercial,Industrial - Logistics,Closed Lost,"NZD 7,694.87",False,New Zealand
006Q800000LbiNm,200 PRX-ISO-MF,Multi Family,Multi Family,Closed Won,"NZD 1,023.53",True,United States
006Q800000LbkuD,Viktoria & Wood 5_2_25,Commercial,Commercial,Closed Lost,"NZD 2,349.90",False,Australia
006Q800000Lbrff,Modular Residential Project Pricing - ProtegeGX,Multi Family,Multi Family,Closed Won,"NZD 44,151.92",True,Canada
006Q800000Lbv9i,J@K by Hudson - ICT Wireless Locks - Jasper Flat Black,Multi Family,Multi Family,Closed Won,"NZD 64,732.39",True,Canada
006Q800000LbwSW,Vandal resistance Cover,Commercial,Commercial,Closed Won,NZD 969.77,True,Australia
006Q800000Lc4D0,Woman's Shelter Project,Multi Family,Multi Family,Closed Lost,"NZD 17,670.96",False,Australia
006Q800000LcRkg,Scope,Commercial,Commercial,Closed Lost,"NZD 1,643.85",False,Australia
006Q800000LcqKr,Cabinet keys,Commercial,Commercial,Closed Won,NZD 25.84,True,Australia
006Q800000LdPVV,Rabone Systems 70 Eagle St EACS Upgrade,Commercial,Commercial,Closed Won,"NZD 53,759.56",True,Australia
006Q800000LdVmD,Sareme - Eurokos Project,Retail,Retail,Closed Lost,"NZD 43,563.56",False,EMEA
006Q800000LeOp7,Rose Hill Estates,Multi Family,Multi Family,Closed Won,,True,United States
006Q800000LePGX,GX Training,Training,Training,Closed Lost,,False,United States
006Q800000LeR0b,MFM Health,Healthcare,Healthcare,Proposal,"NZD 3,483.58",False,United States
006Q800000LeRv3,Vergennes Grand -  GX license,Multi Family,Multi Family,Closed Won,"NZD 2,888.65",True,United States
006Q800000LeT0n,PO 2304,Healthcare,Healthcare,Closed Won,NZD 459.74,True,United States
006Q800000LeTOz,Daina Oku - GX BOM,Banking & Finance,Banking & Finance,Proposal,"NZD 103,089.23",False,Canada
006Q800000LeXu7,The Strand - ProtegeGX Project - Single Readers,Multi Family,Multi Family,Proposal,"NZD 46,768.73",False,Canada
006Q800000LeY8X,The Strand - ProtegeWX Project - In/Out Readers,Multi Family,Multi Family,Proposal,"NZD 52,004.71",False,Canada
006Q800000LebrC,Hoosier Hills CU 2024-15497,Banking & Finance,Banking & Finance,Closed Won,"NZD 4,954.85",True,United States
006Q800000LecGz,Training Kit & Voucher 6_2_25,Commercial,Commercial,Closed Won,"NZD 2,858.81",True,Australia
006Q800000LedD5,WX Replacement,Commercial,Commercial,Closed Won,"NZD 1,002.88",True,United States
006Q800000LefDG,Better Living Protege X - 1 door,Healthcare,Healthcare,Closed Lost,"NZD 3,388.84",False,Australia
006Q800000LfDtF,Blue Cross Willowmeade,Commercial,Commercial,Closed Won,"NZD 5,823.29",True,Australia
006Q800000Lfx1d,BLA GX Server,Commercial,Commercial,Closed Lost,"NZD 2,531.37",False,Australia
006Q800000LgM3H,Supply Only ICT Config Card,Commercial,Commercial,Closed Won,NZD 323.26,True,Asia Pacific
006Q800000LhKlm,X,Banking & Finance,Banking & Finance,Closed Lost,"NZD 4,453.62",False,United States
006Q800000LhLxx,Visitor Management  Canteen,Commercial,Commercial,Closed Won,"NZD 2,857.90",True,United States
006Q800000LhMM9,Maine General Health,Healthcare,Healthcare,Proposal,"NZD 3,931.86",False,United States
006Q800000LhNTW,HW 712-718 5th Ave Floor 2-4 - Penthouse IDF,Commercial,Commercial,Proposal,NZD 412.55,False,United States
006Q800000LhT4I,Bolivar by Oviedo Properties - ProtegeGX Project,Multi Family,Multi Family,Proposal,,False,Canada
006Q800000LhXSr,West 42nd by Marcon - Building #1 - 9 Additional CM Locks - Jasper in FB,Multi Family,Multi Family,Closed Won,"NZD 7,469.12",True,Canada
006Q800000LiGcr,449 Punt Rd,Residential,Residential,Closed Lost,"NZD 18,495.97",False,Australia
006Q800000LiztJ,link Enterprise Solutions GX System,Commercial,Commercial,Closed Won,"NZD 38,092.03",True,Australia
006Q800000LjRHi,Demo / Training Kits,Training,Training,Closed Lost,"NZD 2,444.41",False,EMEA
006Q800000LjXVC,Marriot Hotel - ACS,Commercial,Hospitality - Hotels,Closed Lost,"NZD 41,031.63",False,EMEA
006Q800000Ljshi,The Powszechny theatre in Lodz,Commercial,Entertainment,Discovery,"NZD 10,724.48",False,EMEA
006Q800000LjwOk,Hospital - ALG - ICT -ACS,Healthcare,Healthcare,Closed Lost,"NZD 549,510.10",False,EMEA
006Q800000Lk0c1,Zaklad Patomorfologii Klinicznej UMED Poznan,Education,Education,Closed Lost,"NZD 6,605.99",False,EMEA
006Q800000Lk2Vl,Nursery and kindergarten in Krotoszyn,Education,Education,Closed Lost,"NZD 11,859.23",False,EMEA
006Q800000Lk3Ob,MBDA_?omna,Heavy Industry,Heavy Industry,Discovery,"NZD 45,766.67",False,EMEA
006Q800000LkF4n,10 RF-REM2-433,Commercial,Commercial,Proposal,NZD 529.41,False,United States
006Q800000LkG7Q,Smith Transport,Transportation,Transportation,Closed Won,NZD 511.76,True,United States
006Q800000LkJef,4 Door kit,Commercial,Commercial,New,"NZD 4,566.76",False,United States
006Q800000LkJmj,Mutual Housing add on,Commercial,Residential,Closed Won,"NZD 1,784.19",True,United States
006Q800000LkKPR,Saluda Medical,Healthcare,Healthcare,Closed Lost,"NZD 2,888.65",False,United States
006Q800000LkKkQ,Genesis CDC,Commercial,Commercial,Closed Lost,,False,United States
006Q800000LkNdS,10741,Commercial,Commercial,Closed Won,"NZD 4,144.26",True,United States
006Q800000LkOcj,Nova Steel,Commercial,Commercial,Closed Won,"NZD 1,866.95",True,Canada
006Q800000LkQTF,RFQ 5478 - Base Building,Multi Family,Multi Family,Closed Lost,"NZD 30,978.52",False,Canada
006Q800000LkQuf,RFQ 5478 - 160 MDB,Multi Family,Multi Family,Closed Lost,"NZD 69,734.43",False,Canada
006Q800000LkSDJ,Demo Kit,Training,Training,Closed Won,NZD 640.50,True,United States
006Q800000LkSRu,16 x TSL Readers,Commercial,Commercial,Closed Won,"NZD 3,950.80",True,Canada
006Q800000LkTEG,National Defence,Government,Government,Closed Lost,"NZD 7,721.48",False,Canada
006Q800000LkkRx,Supply ICT tSec Readers,Commercial,Commercial,Closed Won,,True,Asia Pacific
006Q800000LlVST,Training/Demo Kits,Other,Other,Closed Lost,"NZD 4,399.94",False,EMEA
006Q800000LlVp3,Sapphire Training/Demo Kits,Other,Other,Closed Lost,"NZD 6,599.91",False,EMEA
006Q800000LmUe1,Hogan Lovells + stock,Residential,Residential,Closed Won,"NZD 13,476.04",True,EMEA
006Q800000LmYOU,2 x PRX-TAG-MF-HID,Other,Other,Closed Won,NZD 22.71,True,Australia
006Q800000LmcJp,Aotea CHCH_Southern Cross_Gus,Healthcare,Healthcare,Closed Won,"NZD 60,299.26",True,New Zealand
006Q800000LojXJ,GX Training Feb 11th-13th,Training,Training,Decision,,False,United States
006Q800000LpAfa,JBS at Cambridge University,Education,Education,Closed Won,"NZD 3,586.19",True,EMEA
006Q800000LpCj0,Gates Trust in Cambridge University - 50 x Mobile Credentials,Education,Education,Closed Won,NZD 310.87,True,EMEA
006Q800000LpFde,Legacy,Residential,Residential,Closed Lost,"NZD 21,017.10",False,United States
006Q800000LpLzI,Bricks and Mortar additional door 11-2-25,Commercial,Commercial,Closed Won,NZD 925.11,True,Australia
006Q800000LpS4b,Two 2D WX KITS,Other,Other,Closed Lost,,False,United States
006Q800000LpSML,GX Training Feb 11th-13th,Training,Training,Proposal,,False,United States
006Q800000LpSsb,Donalda Club,Commercial,Commercial,Closed Lost,"NZD 5,997.99",False,Canada
006Q800000LpTom,Stock,Commercial,Commercial,Closed Won,"NZD 5,081.47",True,United States
006Q800000LpWzt,Sunrise of Leominster,Healthcare,Healthcare,Decision,"NZD 23,395.23",False,United States
006Q800000LpYrZ,Internal training kit,Commercial,Commercial,Closed Won,NZD 955.88,True,United States
006Q800000LpcVO,PRX-TAG-MF-W BLANK,Commercial,Commercial,Closed Won,"NZD 3,483.87",True,United States
006Q800000LpeqX,Victoria University - Birge Carnegie,Education,Education,Closed Lost,"NZD 28,259.83",False,Canada
006Q800000Lpky8,SE to WX Site Upgrade,Commercial,Commercial,Closed Won,NZD 416.04,True,Australia
006Q800000Lq1qO,New Sturdie Office System (NFR),Commercial,Commercial,Closed Won,"NZD 3,263.80",True,Australia
006Q800000LqAGv,AEC,Commercial,Commercial,Closed Lost,"NZD 19,012.16",False,Australia
006Q800000LqJYj,Lindsay Transport,Transportation,Transportation,Closed Lost,"NZD 6,533.16",False,Australia
006Q800000LqfML,Kuwait - NIT - ACS,Commercial,Commercial,Closed Lost,"NZD 7,042.17",False,EMEA
006Q800000LqfkZ,Expansion,Commercial,Commercial,Closed Won,"NZD 1,301.61",True,United States
006Q800000LqhEU,Zayed Military Hospital -,Government,Government,Closed Lost,"NZD 56,242.96",False,EMEA
006Q800000LqhrB,Zayed Military Hospital - New,Government,Government,Closed Lost,"NZD 25,612.53",False,EMEA
006Q800000LqoRF,Mobile Credentials,Commercial,Commercial,Closed Won,NZD 943.55,True,United States
006Q800000Lqrlh,TEG-18614/UMFKCrockerHall,Commercial,Commercial,Closed Won,,True,United States
006Q800000LqtAn,4G modem,Healthcare,Healthcare,Closed Won,NZD 486.39,True,United States
006Q800000Lr2dt,TSL Pricing 2.11.25,Multi Family,Multi Family,Closed Won,"NZD 3,121.43",True,United States
006Q800000Lr4EH,Mifare Cards (Special Pricing),Commercial,Commercial,Closed Won,,True,United States
006Q800000Lr8hs,100 fob/ tags,Commercial,Commercial,Closed Won,NZD 542.65,True,United States
006Q800000Lr9KR,Replacement Parts,Commercial,Commercial,Closed Lost,"NZD 5,301.97",False,Australia
006Q800000LrEib,Cell Radios,Banking & Finance,Banking & Finance,Closed Won,"NZD 1,942.02",True,United States
006Q800000LrEn7,Encoding,Multi Family,Multi Family,Closed Won,NZD 560.59,True,United States
006Q800000LrIM5,55 Duke,Multi Family,Multi Family,Closed Lost,"NZD 4,598.74",False,Canada
006Q800000LrfSO,GX Level 1 Facilitated Training,Training,Training,Closed Lost,"NZD 1,247.92",False,Australia
006Q800000LsbmT,Waterways Tower 1 & 2,Commercial,Commercial,Closed Won,"NZD 10,074.62",True,Australia
006Q800000Lspsg,Waterways Tower 3 & 4,Commercial,Commercial,Closed Won,"NZD 10,716.57",True,Australia
006Q800000Lsxwf,WX Access Control,Commercial,Commercial,Closed Lost,"NZD 8,345.35",False,Australia
006Q800000Lt3Z5,Vega IT - WX,Commercial,Commercial,Closed Lost,"NZD 3,138.53",False,EMEA
006Q800000LtMob,Zayed Military Hospital - New,Healthcare,Healthcare,Closed Won,"NZD 18,548.25",True,EMEA
006Q800000LtOSD,School - AVISS,Education,Education,Closed Lost,"NZD 28,246.75",False,EMEA
006Q800000LtS9P,New Zealand Embassy - ICT,Government,Government,Closed Lost,"NZD 11,075.91",False,EMEA
006Q800000LtWj7,Shah Alam Factories of Nestle Sdn Bhd in Malaysia,Commercial,Commercial,Proposal,"NZD 119,033.54",False,Asia Pacific
006Q800000LtuVJ,10 433 Remotes,Commercial,Commercial,Proposal,"NZD 1,195.44",False,United States
006Q800000Ltxkx,Mifare Tags,Commercial,Commercial,Closed Lost,,False,United States
006Q800000Lu0Fl,Rutland CC - Kings Centre iSales Hardware,Government,Government,Closed Won,"NZD 32,677.20",True,EMEA
006Q800000Lu4T3,Seminole ISD Field House,Education,Education,Closed Won,"NZD 5,904.00",True,United States
006Q800000Lu5CF,7 125khz Readers,Commercial,Commercial,Closed Won,,True,United States
006Q800000LuF9x,Professional Services,Multi Family,Multi Family,Decision,NZD 0.00,False,United States
006Q800000LuIfh,Mini Readers,Other,Other,New,,False,United States
006Q800000LuKMZ,Reader Add On,Critical Infrastructure,Critical Infrastructure,Closed Won,"NZD 6,159.71",True,United States
006Q800000LuMct,Price check,Government,Government,Closed Lost,"NZD 1,699.41",False,Australia
006Q800000LuOOB,Hopen,Residential,Residential,Closed Won,"NZD 2,666.18",True,United States
006Q800000LufQz,300 South Pelham,Multi Family,Multi Family,Closed Won,"NZD 83,271.79",True,Canada
006Q800000LvCpy,ACMD 13_02_25,Commercial,Commercial,Closed Lost,"NZD 1,089.72",False,Australia
006Q800000LvNOn,3 Apartments,Multi Family,Multi Family,Closed Won,"NZD 3,443.54",True,Australia
006Q800000LvUzl,GX Level 1 Facilitated Training,Training,Training,Closed Won,"NZD 1,221.65",True,Australia
006Q800000Lvpkr,ICT ProtegeGX Installer (Level 1) Certified Tech Training Course (Web Based) for Onesource (YEM),Commercial,Commercial,Closed Lost,,False,Asia Pacific
006Q800000LwYro,6000 x PRX-ISO-MF - East Of England Ambulance,Healthcare,Healthcare,Closed Won,"NZD 26,090.00",True,EMEA
006Q800000Lwhq5,Training Certification Kit,Other,Other,Closed Lost,"NZD 2,255.17",False,EMEA
006Q800000LxFQL,WX - 3E/20FL & 3E/23FL,Multi Family,Multi Family,Closed Lost,"NZD 18,356.87",False,Canada
006Q800000LxJXB,4K @ PRX-ISO-MAG-MFF,Education,Education,Proposal,"NZD 28,470.59",False,United States
006Q800000LxLif,Rhonda's Place - Finger Print Readers,Commercial,Commercial,PO Received,"NZD 2,489.03",False,United States
006Q800000LxMDJ,PO#2532011,Commercial,Commercial,Working,"NZD 1,406.82",False,United States
006Q800000LxNJ4,LHB,Commercial,Commercial,Closed Lost,"NZD 4,874.24",False,United States
006Q800000LxQ5d,99 Green St 14_2_25,Multi Family,Multi Family,Closed Won,"NZD 10,095.63",True,Australia
006Q800000LxksL,8 Thesiger Court,Commercial,Commercial,Closed Won,"NZD 4,788.42",True,Australia
006Q800000LxsEn,Protege X site - Accountant,Commercial,Commercial,Closed Won,"NZD 2,995.94",True,Australia
006Q800000Ly1wP,Site upgrade,Commercial,Commercial,Closed Won,"NZD 6,206.17",True,Australia
006Q800000LyVjC,Chubb_WX 2 Door_Phil,Commercial,Commercial,Closed Lost,"NZD 1,951.02",False,New Zealand
006Q800000LzpPh,Training & Certification KIT,Commercial,Commercial,Closed Won,"NZD 5,436.26",True,EMEA
006Q800000M0470,Derriford Hospital - Windsor House,Healthcare,Healthcare,Closed Won,"NZD 24,254.90",True,EMEA
006Q800000M06yS,4G Modem,Commercial,Commercial,Closed Lost,,False,United States
006Q800000M09hl,ArmorIP,Other,Other,Closed Lost,,False,United States
006Q800000M0AXN,îlot Balmoral,Commercial,Commercial,Closed Lost,"NZD 26,649.07",False,Canada
006Q800000M0I3V,GX Controller,Commercial,Commercial,Closed Won,"NZD 1,098.00",True,United States
006Q800000M0JPN,2nd 2 Door Addon,Commercial,Commercial,Closed Lost,"NZD 3,138.82",False,United States
006Q800000M0Q4H,St Georges Church,Religious,Religious,Closed Won,"NZD 2,449.21",True,Canada
006Q800000M0SFm,Hyunday car dealership,Commercial,Commercial,Proposal,"NZD 18,698.56",False,Canada
006Q800000M0WzJ,Cards and Codes,Commercial,Commercial,Closed Won,,True,United States
006Q800000M48f3,Edward St X-Series,Commercial,Commercial,Closed Lost,"NZD 5,393.26",False,Australia
006Q800000M4C5y,Supply Only ICT Config Card,Training,Training,Closed Won,NZD 96.98,True,Asia Pacific
006Q800000M4Q2U,PMT GX Licences Rio Tinto,Heavy Industry,Heavy Industry,Closed Won,"NZD 5,669.63",True,Australia
006Q800000M4b4M,New AFx Enterprise Controller for NIPPON EXPRESS,Commercial,Commercial,Proposal,NZD 793.93,False,Asia Pacific
006Q800000M5Mw5,Supply Only for PRT-RDM2-DIN-485 & PRT-GX-DOR-1,Commercial,Commercial,Proposal,"NZD 1,289.32",False,Asia Pacific
006Q800000M5g5B,City Fertility Perth,Healthcare,Healthcare,Closed Lost,"NZD 13,619.89",False,Australia
006Q800000M5n6f,Professional Services,Healthcare,Healthcare,Closed Lost,,False,United States
006Q800000M5tdX,Woodward Academy - Phase 2,Healthcare,Healthcare,Closed Won,"NZD 10,159.01",True,United States
006Q800000M5u89,Barricade Security - New Adventures,Education,Education,Closed Won,"NZD 12,739.76",True,United States
006Q800000M5wl3,GWE,Commercial,Commercial,Closed Won,NZD 795.15,True,United States
006Q800000M5yaM,Trak_Orewa Holiday Park_Roy,Commercial,Commercial,Closed Lost,"NZD 21,002.71",False,New Zealand
006Q800000M5zbJ,Armistead Gardens revised 2/17/25,Education,Education,Proposal,"NZD 31,727.23",False,United States
006Q800000M67Oj,PO 1397,Commercial,Commercial,Closed Won,"NZD 8,543.12",True,United States
006Q800000M67et,HBCU   2025-2753,Banking & Finance,Banking & Finance,Closed Won,"NZD 4,048.53",True,United States
006Q800000M6d5I,Encoding credit 18_2_25,Commercial,Commercial,Closed Won,"NZD 7,617.58",True,Australia
006Q800000M6nZG,50 doors Reader project 18_02_25,Commercial,Commercial,Closed Won,"NZD 11,308.37",True,Australia
006Q800000M6u1F,Branch services support 2025,Other,Other,Proposal,"NZD 268,014.71",False,OEM
006Q800000M6yKz,WX controller 18_02_25,Commercial,Commercial,Closed Lost,NZD 847.62,False,Australia
006Q800000M8Wip,The Terrace Apartments (GX),Multi Family,Multi Family,Closed Lost,"NZD 67,111.29",False,Australia
006Q800000M8fhF,New AFx Enterprise System for KGI Bank,Banking & Finance,Banking & Finance,Proposal,,False,Asia Pacific
006Q800000M8hPi,Cultural Institutions - Class 5,Government,Government,Closed Lost,"NZD 78,287.28",False,Australia
006Q800000M8kKM,Babcock,Commercial,Commercial,Closed Lost,,False,United States
006Q800000M8m4P,CABLE-PWR-NA,Other,Other,Proposal,,False,United States
006Q800000M8neo,Pricing - Cartridge Mortise with Jasper Handle in Flat Black,Multi Family,Multi Family,Closed Won,,True,Canada
006Q800000M8o9R,Westerra CU - Belmar Branch,Banking & Finance,Banking & Finance,Proposal,,False,United States
006Q800000M8ohJ,Comprehensive Logistics    3544,Commercial,Industrial - Logistics,Closed Won,"NZD 1,711.03",True,United States
006Q800000M8ovp,Pyramid Healthcare Hartford  10750,Healthcare,Healthcare,Closed Won,NZD 970.88,True,United States
006Q800000M8q9d,SE to GX,Commercial,Commercial,Closed Won,"NZD 3,025.37",True,Canada
006Q800000M8rYj,PRT-GX-DOR-10,Education,Education,Closed Won,NZD 968.24,True,United States
006Q800000M8t2f,Rear Mount Cartridge Mortise - Denali in Flat Black,Multi Family,Multi Family,Closed Won,,True,Canada
006Q800000M9MB7,Lakeside Early Learning Access,Education,Education,Closed Lost,"NZD 1,899.41",False,Australia
006Q800000M9jpF,Catalyst Project - North Vancouver - With Deadbolt,Commercial,Commercial,Discovery,,False,Canada
006Q800000M9n4r,Catalyst Project - North Vancouver - Denali in Satin Stainless,Commercial,Commercial,Discovery,,False,Canada
006Q800000M9neL,Katunga Fresh 19_02_25,Commercial,Commercial,Closed Won,"NZD 2,181.77",True,Australia
006Q800000MAFsL,Prox Fobs,Commercial,Commercial,Closed Won,NZD 137.61,True,Australia
006Q800000MB2pq,Stock order,Retail,Retail,Closed Won,"NZD 17,119.28",True,EMEA
006Q800000MBaZl,ISD 2,Education,Education,Closed Won,"NZD 19,003.10",True,United States
006Q800000MBbdt,Demo Kit,Training,Training,Closed Won,,True,United States
006Q800000MBeAL,Garoua,Multi Family,Multi Family,Closed Won,"NZD 9,664.03",True,Canada
006Q800000MBen3,185 Millway - SmartCentres Network Remediation,Commercial,Commercial,Closed Won,NZD 354.77,True,Canada
006Q800000MBfUb,Renew ArmorIP Internet Monitoring,Banking & Finance,Banking & Finance,Closed Won,"NZD 2,017.47",True,Canada
006Q800000MBhbG,Philo Stock,Commercial,Commercial,Closed Won,NZD 663.24,True,United States
006Q800000MBix7,EXTRA,Commercial,Commercial,Closed Won,NZD 399.97,True,United States
006Q800000MBj1y,Vergennes Grand - add-on,Healthcare,Healthcare,Closed Won,"NZD 1,572.51",True,United States
006Q800000MBlDR,DynaPower,Commercial,Commercial,Closed Won,"NZD 14,742.43",True,United States
006Q800000MBlVB,Harry Winston 718 Cellar,Commercial,Commercial,Proposal,"NZD 3,807.00",False,United States
006Q800000MBm1R,Brewery District 8 by Wesgroup - ICT Wireless Locks,Multi Family,Multi Family,Proposal,"NZD 18,492.29",False,Canada
006Q800000MBow5,WX CTRL,Commercial,Commercial,Closed Lost,,False,United States
006Q800000MBx9l,Voltora Vic Office,Commercial,Commercial,Closed Lost,"NZD 9,949.59",False,Australia
006Q800000MCoKZ,50 doors  TSEC Reader project 20_02_25,Commercial,Commercial,Closed Won,"NZD 9,196.79",True,Australia
006Q800000MEOc5,Quotation for New AFx Enterprise System (from Chubb Shnaghai - Qian Qian),Commercial,Commercial,Closed Won,"NZD 11,089.08",True,Asia Pacific
006Q800000MEh22,Vittor Pisani parking ATM,Transportation,Transportation,Closed Won,"NZD 19,122.94",True,EMEA
006Q800000MEkXl,Alta Archetech,Commercial,Commercial,Closed Won,"NZD 9,687.65",True,United States
006Q800000MEoBc,Fitness Center,Commercial,Entertainment - Sports & Recreation,Closed Lost,"NZD 5,168.52",False,United States
006Q800000MEoTJ,Muth Electric SF,Commercial,Commercial,Closed Lost,,False,United States
006Q800000MEruD,Demo Gear,Commercial,Commercial,Proposal,"NZD 1,845.51",False,United States
006Q800000MEudZ,ENTR Flush - Asa Project - Feb 2025,Multi Family,Multi Family,Closed Won,"NZD 8,394.57",True,Canada
006Q800000MEv6b,Haven Hill - ProtegeGX Project,Multi Family,Multi Family,Decision,"NZD 100,812.71",False,Canada
006Q800000MExtB,8 reader order,Commercial,Commercial,Closed Won,"NZD 9,654.41",True,United States
006Q800000MF1Ov,PRX-TAG-MF-W,Commercial,Commercial,Closed Won,"NZD 13,235.29",True,United States
006Q800000MF7UL,Guild & Spence_GX Order_Trey,Healthcare,Healthcare,Closed Won,"NZD 42,885.81",True,New Zealand
006Q800000MG1mg,42 Barkly St 21_02_25,Commercial,Commercial,Closed Won,"NZD 5,367.43",True,Australia
006Q800000MGHBV,Protege-X License's,Commercial,Commercial,Closed Won,"NZD 1,058.06",True,Australia
006Q800000MGtAV,ADD Aperio Doors,Multi Family,Multi Family,Closed Won,"NZD 5,730.60",True,Australia
006Q800000MHs7N,Brembo production 68 doors,Heavy Industry,Heavy Industry,Closed Lost,"NZD 81,069.50",False,EMEA
006Q800000MHvlB,Silicone Bracelets,Commercial,Commercial,Closed Won,NZD 344.12,True,United States
006Q800000MI1lm,8 Door WX Project - WX KIT - Feb 2025,Commercial,Commercial,Closed Won,"NZD 8,699.93",True,Canada
006Q800000MI32n,DS License - Luther Auto Group,Transportation,Transportation,Closed Won,"NZD 1,858.11",True,United States
006Q800000MKgw6,Low Level Integration Elevator Access Control for PSI Sports Inc. in Philippines,Commercial,Commercial,Closed Lost,"NZD 1,611.60",False,Asia Pacific
006Q800000ML9jf,Claremont Day Hospital,Healthcare,Healthcare,Closed Lost,"NZD 15,863.72",False,Australia
006Q800000MLGTJ,Scotch College Controller Expansion,Education,Education,Closed Won,"NZD 2,122.56",True,Australia
006Q800000MLTDd,City Fertility - Claremont Day Hospital,Healthcare,Healthcare,Closed Lost,"NZD 16,258.78",False,Australia
006Q800000MLcDh,Cornwall Council Liskeard Hub - Door Licenses,Government,Government,Closed Won,"NZD 1,234.13",True,EMEA
006Q800000MLjdN,Nigeria - Quantam FM,Commercial,Commercial,Closed Lost,,False,EMEA
006Q800000MLlQf,C.I.E.L. et Zone Agtech,Commercial,Commercial,Closed Lost,"NZD 67,308.26",False,Canada
006Q800000MLmUp,Norval Morrisseau - Richmond Hill,Education,Education,Closed Lost,"NZD 7,406.60",False,Canada
006Q800000MLndl,W-glass Project,Commercial,Commercial,Closed Won,"NZD 6,895.31",True,EMEA
006Q800000MLo5B,Single Door WX System,Commercial,Commercial,Closed Lost,"NZD 2,509.69",False,Canada
006Q800000MLwxB,Beaudet et Guay,Commercial,Commercial,Closed Won,"NZD 2,818.93",True,Canada
006Q800000MNrVB,Additional Access Door,Commercial,Commercial,Closed Won,NZD 825.77,True,Australia
006Q800000MOePS,Sareme - Lyceum Project,Education,Education,Closed Lost,"NZD 74,470.79",False,EMEA
006Q800000MOw2z,St Michaels Salto Locks,Residential,Residential,Closed Won,,True,United States
006Q800000MOw6D,30 Merton,Multi Family,Multi Family,Proposal,"NZD 301,402.95",False,Canada
006Q800000MP1ST,Demo Product,Multi Family,Multi Family,Closed Lost,"NZD 4,509.93",False,Canada
006Q800000MP20L,GX Certification,Training,Training,Closed Won,"NZD 9,174.84",True,Canada
006Q800000MP2rZ,4G,Commercial,Commercial,Closed Won,NZD 404.59,True,United States
006Q800000MP3Z7,RFQ 5657,Multi Family,Multi Family,Closed Lost,"NZD 60,477.81",False,Canada
006Q800000MP4DV,Foxtrot,Commercial,Commercial,Closed Won,"NZD 9,247.94",True,United States
006Q800000MP63z,Lighthouse,Critical Infrastructure,Critical Infrastructure,Closed Lost,,False,United States
006Q800000MP7BJ,Lynhaven fob quote,Multi Family,Multi Family,Closed Won,"NZD 4,102.94",True,United States
006Q800000MP7RR,Room Controller,Training,Training,Closed Lost,,False,Canada
006Q800000MPA5z,Preston Towers - Mar,Commercial,Commercial,Proposal,"NZD 109,097.53",False,Canada
006Q800000MPAfV,1706317,Commercial,Commercial,Closed Won,"NZD 1,243.19",True,United States
006Q800000MPBq1,29598,Commercial,Commercial,Closed Won,"NZD 2,685.00",True,United States
006Q800000MPCCb,Eastern State Hospital,Healthcare,Healthcare,Closed Won,"NZD 10,290.32",True,United States
006Q800000MPCR7,Alves Lanes Apartments,Multi Family,Multi Family,Closed Won,"NZD 28,648.89",True,United States
006Q800000MPCXZ,Licenses,Critical Infrastructure,Critical Infrastructure,Closed Won,"NZD 5,404.94",True,United States
006Q800000MPFAT,Platform Apts,Multi Family,Multi Family,Closed Won,"NZD 4,161.29",True,United States
006Q800000MPFDi,Preston Towers - Feb,Commercial,Commercial,Closed Won,"NZD 179,745.30",True,Canada
006Q800000MPFiL,Optic_Training_David,Training,Training,Closed Won,"NZD 2,277.77",True,New Zealand
006Q800000MPFwr,tsec,Commercial,Commercial,Closed Won,NZD 898.59,True,United States
006Q800000MPJMN,Schneider Training Event MEA - March 2025,Training,Training,New,"NZD 7,135.63",False,OEM
006Q800000MPX2X,WX Controller -Cabinet - PSU,Commercial,Commercial,Closed Won,"NZD 2,143.81",True,Australia
006Q800000MQxJ7,Quotation for PJ-DL25-001,Commercial,Commercial,Closed Won,NZD 546.50,True,Asia Pacific
006Q800000MS4la,Avian Change Order,Residential,Residential,Proposal,,False,United States
006Q800000MS59m,Lansec - ARCOjärve business center,Commercial,Commercial,Closed Lost,"NZD 10,164.66",False,EMEA
006Q800000MSBIQ,Bedford House - 250 x Mobile Credentials,Commercial,Commercial,Closed Won,"NZD 1,375.00",True,EMEA
006Q800000MSDLp,Fire Dpt.,Critical Infrastructure,Critical Infrastructure,Closed Lost,,False,United States
006Q800000MSLEX,Intrusion Kit,Commercial,Commercial,Closed Lost,"NZD 1,055.12",False,United States
006Q800000MSLT3,GX Training,Commercial,Commercial,Closed Won,,True,United States
006Q800000MSPIa,NFR - TSL,Commercial,Commercial,Closed Won,NZD 276.66,True,Australia
006Q800000MSQ7p,K&M KIT,Commercial,Commercial,Closed Won,"NZD 1,845.51",True,United States
006Q800000MSSzB,WX Replacement 27_2_25,Commercial,Commercial,Closed Lost,"NZD 3,738.16",False,Australia
006Q800000MSXHK,Door Licenses,Commercial,Commercial,Closed Won,"NZD 7,597.06",True,United States
006Q800000MSXZ3,Milani,Multi Family,Multi Family,Closed Won,"NZD 10,457.10",True,United States
006Q800000MSYIG,175 Eagle Street ACS Upgrade,Commercial,Commercial,Closed Lost,"NZD 49,387.11",False,Australia
006Q800000MSZBA,IQ_WX Opp_Neville,Commercial,Commercial,Closed Lost,"NZD 1,539.67",False,New Zealand
006Q800000MT3Vh,WX Training Kit for SSG,Training,Training,New,"NZD 2,652.94",False,New Zealand
006Q800000MTQLp,X-Series Subscription,Commercial,Commercial,Closed Won,NZD 238.71,True,Australia
006Q800000MU0E2,UNA Apartment by Arthaland Projects in Philippines,Residential,Residential,Proposal,"NZD 4,792.04",False,Asia Pacific
006Q800000MUPnW,RFQ - PROTEGE DIN RAIL (Ref: PJ25/0073),Commercial,Commercial,Closed Won,,True,Asia Pacific
006Q800000MUoHH,The ProtegeGX Software Upgrade for The Seaview in Singapore,Residential,Residential,Closed Lost,,False,Asia Pacific
006Q800000MVME5,Le Ber Pointe St-Charles 2025,Commercial,Commercial,Closed Won,"NZD 20,386.67",True,Canada
006Q800000MVOhJ,Nova Steel Irwin,Commercial,Commercial,Closed Won,"NZD 4,772.99",True,Canada
006Q800000MVTIn,Comprehensive Logistics    3611,Commercial,Industrial - Logistics,Closed Won,"NZD 2,558.82",True,United States
006Q800000MVUht,February Cards,Commercial,Commercial,Closed Won,NZD 852.94,True,United States
006Q800000MVXRG,ADASS Boys 28_2_25,Education,Education,Closed Won,"NZD 6,084.29",True,Australia
006Q800000MVZb8,Key Fobs,Critical Infrastructure,Critical Infrastructure,Closed Won,"NZD 4,412.90",True,United States
006Q800000MVZo1,UWCU Credentials,Banking & Finance,Banking & Finance,Closed Won,"NZD 2,814.71",True,United States
006Q800000MVdGX,Schneider Training Event MEA - March 2025 (US Shipment),Training,Training,New,"NZD 2,319.08",False,OEM
006Q800000MVf5R,327 Latrobe St 28_2_25,Multi Family,Multi Family,Closed Won,"NZD 22,296.82",True,Australia
006Q800000MVnML,GX Training 28_02_25,Training,Training,Closed Won,"NZD 2,198.97",True,Australia
006Q800000MWDv7,Nhulunbuy Airport NT WX Protege,Aviation,Aviation,Closed Lost,"NZD 9,891.61",False,Australia
006Q800000MWrUM,WX Training Kit,Training,Training,Closed Lost,"NZD 1,610.89",False,Australia
006Q800000MYkGf,COASTAL COMMUNITY CREDIT UNION - Card Reader Supply,Banking & Finance,Banking & Finance,Proposal,"NZD 16,650.09",False,Canada
006Q800000MYoCD,Mawer Calgary - WX Kit,Banking & Finance,Banking & Finance,Closed Won,"NZD 5,762.59",True,Canada
006Q800000MYq17,Mawer Calgary - WX - Suprema Biometrics,Banking & Finance,Banking & Finance,Closed Lost,"NZD 16,935.96",False,Canada
006Q800000MYtBu,Georgian Bay Hosptial,Healthcare,Healthcare,Closed Lost,,False,Canada
006Q800000MYtev,1904E,Other,Other,Proposal,NZD 977.60,False,Canada
006Q800000MYuUX,Fairmount Harford -Baltimore City Schools  3634,Education,Education,Closed Won,"NZD 24,373.72",True,United States
006Q800000MYvon,2104 - #1,Commercial,Commercial,Closed Lost,"NZD 63,486.99",False,Canada
006Q800000MYwbB,2104 - #2,Multi Family,Multi Family,Closed Lost,,False,Canada
006Q800000MYweP,2104 - #2,Commercial,Commercial,Closed Lost,"NZD 89,075.82",False,Canada
006Q800000MYy0H,WX - 3D/2KP,Commercial,Commercial,Closed Lost,"NZD 2,518.01",False,Canada
006Q800000MYyOT,Mawer Calgary - GX with Suprema Biometrics,Banking & Finance,Banking & Finance,Closed Lost,"NZD 25,466.71",False,Canada
006Q800000MZ5D4,Elwood - 335 Motorized Deadbolts,Multi Family,Multi Family,Closed Won,"NZD 143,088.60",True,Canada
006Q800000MZ8EA,Lynhaven fob quote 25,Multi Family,Multi Family,Closed Won,NZD 220.59,True,United States
006Q800000MbQQI,Phill Test pricing,Education,Education,Closed Lost,"NZD 13,280.40",False,Australia
006Q800000MbRPj,TK Elevator Tags 03_03_25,Commercial,Commercial,Closed Lost,NZD 208.74,False,Australia
006Q800000McDpB,TOLL Singapore 3_3_25,Transportation,Transportation,Closed Won,"NZD 21,257.98",True,Australia
006Q800000McEQH,GX Level 2 Training 3_3_25,Training,Training,Closed Lost,"NZD 9,983.40",False,Australia
006Q800000McX9Z,Secta_WX Alarm_Wayne,Commercial,Commercial,Closed Lost,"NZD 1,101.96",False,New Zealand
006Q800000MeYhR,Array Marketing - First Office,Commercial,Commercial,Closed Won,"NZD 26,394.46",True,Canada
006Q800000Mebx3,"Key Cards, Tags and Keypad KLCD",Commercial,Commercial,Closed Won,NZD 957.48,True,United States
006Q800000MecbO,23039,Commercial,Commercial,Closed Won,"NZD 4,823.53",True,United States
006Q800000MemCX,Hurricane 4 Door PO1706357,Commercial,Commercial,Closed Won,"NZD 6,100.01",True,United States
006Q800000Memin,Innovations Studio  3834,Commercial,Commercial,Closed Won,"NZD 4,785.88",True,United States
006Q800000Meonp,Jayco Newcastle NX Witness,Commercial,Commercial,Closed Won,NZD 789.47,True,Australia
006Q800000Mep3y,Garage IDF,Commercial,Commercial,Closed Won,"NZD 8,374.50",True,United States
006Q800000MfMXl,Pacific Security WX System,Commercial,Commercial,Closed Won,"NZD 1,846.17",True,Australia
006Q800000MfeJQ,IDF #2,Commercial,Commercial,Closed Won,"NZD 21,065.88",True,United States
006Q800000MgJmL,66 Eagle Street Kone HLI,Commercial,Commercial,Closed Won,"NZD 14,302.22",True,Australia
006Q800000MhCAx,Siriraj Academic Center of Geriatric Medicine at E-Ward2 Siriraj Hospital Thailand,Healthcare,Healthcare,Proposal,"NZD 22,400.55",False,Asia Pacific
006Q800000MhQ4L,"IKEA Industry, Lubawa",Retail,Retail,Closed Lost,"NZD 53,035.07",False,EMEA
006Q800000MhWZS,Server & 300 Door Licenses - NDA Site,Government,Government,Closed Lost,"NZD 8,803.82",False,EMEA
006Q800000MhYmX,SIP Server,Commercial,Commercial,Closed Won,,True,United States
006Q800000MhaGT,Rock at Roeland Park,Commercial,Commercial,Closed Lost,"NZD 167,708.69",False,United States
006Q800000MhabR,1 Door Gate,Commercial,Commercial,Proposal,,False,United States
006Q800000Mhay1,Lofts at Lincoln Station,Multi Family,Multi Family,Proposal,"NZD 3,839.47",False,United States
006Q800000MhbCX,Evoke Behavioral Health,Healthcare,Healthcare,Proposal,"NZD 39,403.06",False,United States
006Q800000MheDd,136 Westminster,Multi Family,Multi Family,Proposal,,False,United States
006Q800000Mhggr,Bratcher 3/4/23,Commercial,Commercial,Closed Won,,True,United States
006Q800000MhpAf,Muster Reporting,Commercial,Commercial,Proposal,"NZD 2,346.76",False,United States
006Q800000MhrHJ,Aspire,Multi Family,Multi Family,Proposal,"NZD 113,616.68",False,Canada
006Q800000Mi8DK,WX Expansion,Commercial,Commercial,Closed Lost,"NZD 7,090.41",False,Australia
006Q800000Mjmv4,ADDITIONAL SALTO Doors,Healthcare,Healthcare,Closed Won,"NZD 3,718.13",True,Australia
006Q800000Mk1Fm,Blue HQ Upgrade,Transportation,Transportation,Closed Won,"NZD 36,218.92",True,Australia
006Q800000Mkav5,Tallinn Airport - Maintenance Hanger,Aviation,Aviation,Closed Won,"NZD 57,512.88",True,EMEA
006Q800000MkhYL,Job 25-392 Phy. East,Commercial,Commercial,Closed Lost,"NZD 92,489.84",False,United States
006Q800000MklAX,Olivers Jewelry,Retail,Retail,Closed Lost,"NZD 1,433.10",False,Canada
006Q800000MknnS,Edina Lisburn - WX 10 Door Access Control,Commercial,Commercial,Closed Lost,"NZD 8,676.71",False,EMEA
006Q800000Mkp7h,Building 204 - 315 Miwate,Multi Family,Multi Family,Closed Lost,"NZD 263,011.74",False,Canada
006Q800000Mkqmy,1348 Barclay,Residential,Residential,Closed Lost,"NZD 17,208.61",False,Canada
006Q800000MkrpS,Credentials,Multi Family,Multi Family,Closed Lost,NZD 20.59,False,United States
006Q800000Mks5a,EXTRA KP BT VRC    6112245,Commercial,Commercial,Closed Won,"NZD 80,741.91",True,United States
006Q800000MksFG,29627,Commercial,Commercial,Closed Won,"NZD 2,472.06",True,United States
006Q800000MksNJ,Coima project HID,Residential,Residential,Closed Lost,"NZD 14,551.12",False,EMEA
006Q800000Mktkn,23045,Multi Family,Multi Family,Closed Won,"NZD 3,022.06",True,United States
006Q800000Mkwqj,Edina Lisburn - GX 10 Door Access Control & Intruder,Commercial,Commercial,Closed Lost,"NZD 12,619.08",False,EMEA
006Q800000Ml8AL,55+ Living Center,Multi Family,Multi Family,Proposal,"NZD 153,464.06",False,United States
006Q800000Mmn9p,Red Wolf_WX 7 door_Reck,Commercial,Commercial,Closed Lost,"NZD 8,896.93",False,New Zealand
006Q800000MmrVB,Smart Sparkz_WX Opp_Rory,Commercial,Commercial,Closed Won,"NZD 4,437.76",True,New Zealand
006Q800000MnqQd,Fobs,Commercial,Commercial,Closed Won,NZD 361.76,True,United States
006Q800000Mnw4b,Canal Apartment,Multi Family,Multi Family,Proposal,"NZD 49,471.43",False,Canada
006Q800000Mnw7p,LTC,Healthcare,Healthcare,Closed Lost,"NZD 248,206.82",False,Canada
006Q800000Mo2Mz,GRE Expansion Parts,Critical Infrastructure,Critical Infrastructure,Closed Won,"NZD 39,735.18",True,United States
006Q800000Mo429,BDR_Dual Encoded Cards_Joel,Commercial,Commercial,Closed Won,"NZD 11,531.00",True,New Zealand
006Q800000Mo5np,Canada Immigration Consulting,Government,Government,Closed Lost,"NZD 8,545.12",False,Canada
006Q800000Mo67B,Wireless locks,Commercial,Commercial,Closed Lost,,False,United States
006Q800000Mo8tl,NJ Fireman's Home,Commercial,Commercial,Proposal,"NZD 25,093.74",False,United States
006Q800000MoE7x,TSL readers,Commercial,Commercial,Closed Won,"NZD 2,344.41",True,United States
006Q800000MogCH,GX Level 1 Facilitated Training - Mo,Training,Training,Closed Won,"NZD 1,710.31",True,Australia
006Q800000MohOT,GX Licences,Commercial,Commercial,Closed Lost,"NZD 6,066.14",False,Australia
006Q800000Mooxp,New Reader Upgrade,Multi Family,Multi Family,Closed Lost,"NZD 19,858.55",False,Australia
006Q800000MozWf,Protege X Sub pricing 07_03_25,Residential,Residential,Closed Lost,"NZD 1,624.84",False,Australia
006Q800000Mqz7Z,IBC Bank,Banking & Finance,Banking & Finance,Closed Lost,"NZD 3,668.50",False,United States
006Q800000Mr2ob,Rosebud Nursing Home,Healthcare,Healthcare,Proposal,"NZD 37,283.03",False,United States
006Q800000Mr4nB,C.I.E.L. et Zone Agtech,Commercial,Commercial,Closed Lost,"NZD 66,459.77",False,Canada
006Q800000Mr9Ju,Bedford 10798,Commercial,Commercial,Closed Won,"NZD 3,369.41",True,United States
006Q800000MrDdZ,RDM2,Commercial,Commercial,Closed Won,"NZD 1,211.65",True,United States
006Q800000MrKn9,Mobile Credentials,Healthcare,Healthcare,Closed Lost,,False,United States
006Q800000Mt9Ar,Sectek_Cam Keys_Ryan,Commercial,Commercial,Closed Won,NZD 10.31,True,New Zealand
006Q800000MtTGL,Supply Only ICT Encode Mifare Cards,Commercial,Commercial,Closed Lost,,False,Asia Pacific
006Q800000MtdiR,Onguard_GX Pricing_Matt,Commercial,Commercial,Closed Lost,"NZD 5,411.50",False,New Zealand
006Q800000Mte9p,Skopik_TS50_Justin,Residential,Residential,Closed Won,NZD 339.15,True,New Zealand
006Q800000Mteud,Keypad Upgrade,Commercial,Commercial,Closed Won,"NZD 3,633.31",True,Australia
006Q800000MwB4r,Cambs UNI Biochemistry - Server License,Education,Education,Closed Won,"NZD 2,633.16",True,EMEA
006Q800000MwE9E,Linden School,Education,Education,Closed Won,"NZD 9,513.29",True,Canada
006Q800000MwEh3,Integrated Family Services,Commercial,Commercial,Closed Won,"NZD 18,880.08",True,United States
006Q800000MwJDh,Credentials Quote - March 10th 2025,Other,Other,Procurement,"NZD 1,679.65",False,Canada
006Q800000MwL93,Baker Hill School,Education,Education,Closed Won,"NZD 14,963.52",True,Canada
006Q800000MwQVJ,GX Controller & Server License 11_3_25,Commercial,Commercial,Closed Won,"NZD 3,841.58",True,Australia
006Q800000MwYmE,Cabana Mesa,Multi Family,Multi Family,Closed Lost,"NZD 52,348.71",False,United States
006Q800000My6Qr,Keypad 320Fison Ave Eagle Farm,Commercial,Commercial,Closed Won,NZD 497.07,True,Australia
006Q800000MyED8,Red Wolf_WX Alarm_Shamal,Commercial,Commercial,Closed Won,NZD 926.60,True,New Zealand
006Q800000MyHXa,ADS_WX Pricing_Caleb,Commercial,Commercial,Closed Lost,"NZD 1,815.65",False,New Zealand
006Q800000MyLWM,Allsafe_Remotes_Nico,Commercial,Commercial,Closed Lost,"NZD 31,088.00",False,New Zealand
006Q800000MyShW,ASGL_BT Readers_Brent,Commercial,Commercial,Closed Won,"NZD 14,724.59",True,New Zealand
006Q800000MyqBx,Beavis Morgan - 100 x Mobile Credentials,Banking & Finance,Banking & Finance,Closed Won,NZD 597.83,True,EMEA
006Q800000MzIGI,Dnata Malpensa Hub,Transportation,Transportation,Closed Lost,,False,EMEA
006Q800000MzJVh,Torrissi Trucking,Transportation,Transportation,Closed Lost,,False,United States
006Q800000MzKTN,MPAC Ottawa,Government,Government,Closed Won,"NZD 8,963.07",True,Canada
006Q800000MzKeg,100 MF cards,Commercial,Commercial,Closed Won,"NZD 5,117.65",True,United States
006Q800000MzOlV,Onsite GX Training,Training,Training,Closed Lost,"NZD 9,629.03",False,United States
006Q800000MzPxh,Big Hollow School District - ICT,Education,Education,Closed Lost,"NZD 479,159.94",False,United States
006Q800000MzR3S,York University - C1/C2,Education,Education,Closed Lost,"NZD 212,604.88",False,Canada
006Q800000MzY9l,40 door system w/ 4 cans,Commercial,Commercial,Closed Lost,"NZD 25,645.88",False,United States
006Q800000Mzp8z,Access Alarms New WX Site,Commercial,Commercial,Closed Lost,"NZD 10,171.83",False,Australia
006Q800000N010T,Reader dual encryption upgrade,Multi Family,Multi Family,Closed Lost,NZD 2.41,False,Australia
006Q800000N0FQ1,WX Training Kit 12_3_25,Training,Training,Closed Lost,"NZD 1,610.89",False,Australia
006Q800000N0rqH,Protege Server Upgrade 480 Queen St Bne,Commercial,Commercial,Closed Won,"NZD 1,612.90",True,Australia
006Q800000N1Ddt,Add Doors to GB Perth NDSP,Commercial,Commercial,Closed Lost,"NZD 1,685.15",False,Australia
006Q800000N1SJZ,ICT ProtegeGX Training/Demo Kit and Tech Training Course (Web Based) for Echol Tech Pte. Ltd. (YEM),Training,Training,Closed Lost,"NZD 3,165.59",False,Asia Pacific
006Q800000N1s5y,rf-rem2-433,Commercial,Commercial,Proposal,,False,United States
006Q800000N1zFV,South Adams Fire Department,Commercial,Commercial,Proposal,,False,United States
006Q800000N21fV,GX Training March 25th,Training,Training,PO Received,,False,United States
006Q800000N2CCk,Maxwood Washrooms Ltd - Licenses,Commercial,Commercial,Closed Won,NZD 380.16,True,EMEA
006Q800000N2HKT,Maxwood Washrooms Ltd - iSales Hardware,Commercial,Commercial,Closed Won,"NZD 3,143.64",True,EMEA
006Q800000N2IQD,1649 Montreal Road,Multi Family,Multi Family,Proposal,"NZD 242,095.45",False,Canada
006Q800000N2Kwf,Evoke (Harlan),Commercial,Commercial,Proposal,"NZD 54,210.00",False,United States
006Q800000N2Kzu,Autism Plus,Commercial,Commercial,Closed Lost,"NZD 9,500.83",False,EMEA
006Q800000N2Q7d,Readers for Gate,Commercial,Commercial,Proposal,,False,United States
006Q800000N2R5J,430 Ferndale,Multi Family,Multi Family,Proposal,"NZD 1,416.15",False,Canada
006Q800000N4iLN,City Fertility Perth,Healthcare,Healthcare,Closed Lost,"NZD 15,355.84",False,Australia
006Q800000N51W5,wireless test unit,Residential,Residential,Closed Lost,NZD 295.96,False,EMEA
006Q800000N5Bs1,HID - Upgrade,Commercial,Commercial,Closed Lost,"NZD 9,070.56",False,EMEA
006Q800000N5Hqz,Milestone Integration,Commercial,Commercial,Proposal,,False,United States
006Q800000N5K5i,West Haven,Commercial,Commercial,Closed Lost,,False,United States
006Q800000N5OAv,6005 Cavendish,Multi Family,Multi Family,Closed Lost,"NZD 4,207.88",False,Canada
006Q800000N5XR7,VRC Reader,Commercial,Commercial,Closed Won,,True,United States
006Q800000N5kZe,Big Hollow School District - Salto,Education,Education,Closed Lost,"NZD 500,330.03",False,United States
006Q800000N61YY,Mercer County addition #3  (3),Government,Government,Closed Lost,"NZD 10,454.32",False,United States
006Q800000N67ft,Mercer County addition #3  (1),Government,Government,Closed Won,"NZD 3,229.35",True,United States
006Q800000N67pZ,Mercer County addition #3   (2),Government,Government,Closed Won,"NZD 5,496.77",True,United States
006Q800000N6DWn,Example Rear Mount Mortise Pricing,Multi Family,Multi Family,Closed Won,NZD 772.42,True,Canada
006Q800000N6It3,"1 Guess Avenue, Arncliffe Reader upgrade",Commercial,Commercial,Closed Won,"NZD 2,574.74",True,Australia
006Q800000N6KoP,GE- Uhrig Rd 14 March 2025,Commercial,Commercial,Closed Lost,"NZD 11,008.56",False,Australia
006Q800000N6XFN,GX Training 6-8th of May 2025,Training,Training,Closed Won,"NZD 2,246.26",True,Australia
006Q800000N87FB,Demo / Training Kits,Education,Education,Closed Lost,"NZD 2,638.60",False,EMEA
006Q800000N8RiX,New AFx Enterprise System for Kowloon Hospital Project,Healthcare,Healthcare,Proposal,"NZD 2,289.97",False,Asia Pacific
006Q800000N92Gf,Kathleen Apartment,Multi Family,Multi Family,Closed Lost,"NZD 17,517.73",False,Canada
006Q800000N99gO,Cheery Lane Towers Penticton - Optional Overhead Gate Receivers and Transmitter,Multi Family,Multi Family,Proposal,,False,Canada
006Q800000N9DPU,Redford Police Department,Government,Government,Closed Won,"NZD 61,161.29",True,United States
006Q800000NA6lF,TEST,Multi Family,Multi Family,Closed Lost,,False,United States
006Q800000NBCa6,Protege X order 1514,Commercial,Commercial,Closed Won,"NZD 1,685.37",True,Australia
006Q800000NBDaz,Protege X PO 1515,Commercial,Commercial,Closed Won,"NZD 7,211.71",True,Australia
006Q800000NCSGE,BOQ New Build,Banking & Finance,Banking & Finance,Closed Lost,"NZD 18,008.50",False,Australia
006Q800000NDr7i,Nouvelle école secondaire Prévost,Education,Education,Closed Lost,,False,Canada
006Q800000NE8bZ,RSA Verex Migration - iSales Hardware,Commercial,Commercial,Closed Won,"NZD 2,600.73",True,EMEA
006Q800000NEB6P,Swedbank Head Office - Estonia Licenses,Banking & Finance,Banking & Finance,Closed Won,"NZD 7,203.89",True,EMEA
006Q800000NEBMY,Mifare Cards,Other,Other,Proposal,,False,United States
006Q800000NEE2g,office fobs,Commercial,Commercial,Closed Won,NZD 12.06,True,United States
006Q800000NEF3b,WX 2 Door Kit,Commercial,Commercial,Proposal,,False,United States
006Q800000NEHjh,Demo Readers,Commercial,Commercial,Closed Won,"NZD 1,469.12",True,United States
006Q800000NEK1d,GX DIN,Commercial,Commercial,Closed Won,NZD 993.68,True,United States
006Q800000NELov,GX Training March 25th-27th,Training,Training,Proposal,,False,United States
006Q800000NEQzt,Replacement Parts Ref 56351,Commercial,Commercial,Closed Won,"NZD 1,371.18",True,Australia
006Q800000NEUU6,GX Level 1 Training 18_3_25,Training,Training,Closed Won,"NZD 1,099.49",True,Australia
006Q800000NEhnq,Penrite NSW 18_3_25,Commercial,Commercial,Closed Won,"NZD 4,734.13",True,Australia
006Q800000NFHwA,OPUS,Residential,Residential,Proposal,"NZD 4,229.81",False,Canada
006Q800000NGe4J,3 x Keypad Readers,Commercial,Commercial,Closed Won,"NZD 1,578.51",True,EMEA
006Q800000NH2eT,data sync and card entry,Commercial,Commercial,Closed Won,,True,United States
006Q800000NH5ap,Episcopal High School Add ons,Education,Education,Closed Won,"NZD 4,039.71",True,United States
006Q800000NH7r3,WX - 7 Doors,Commercial,Commercial,Closed Lost,"NZD 5,579.89",False,Canada
006Q800000NHDV3,Single Door Expansion,Commercial,Commercial,Proposal,,False,United States
006Q800000NHEUM,March 8 Door Kit,Healthcare,Healthcare,Closed Won,"NZD 16,565.59",True,United States
006Q800000NHHqQ,State Bank Bowling Green 250317,Banking & Finance,Banking & Finance,Closed Won,"NZD 6,401.04",True,United States
006Q800000NHIJS,Heritage CU   2948,Banking & Finance,Banking & Finance,Closed Won,"NZD 6,768.68",True,United States
006Q800000NHIPt,Bridge Credit Union 250227,Banking & Finance,Banking & Finance,Closed Won,"NZD 6,015.39",True,United States
006Q800000NHIeP,KFCU     2025-2432,Banking & Finance,Banking & Finance,Closed Won,"NZD 9,990.00",True,United States
006Q800000NHJSP,250168,Commercial,Commercial,Closed Won,"NZD 2,080.29",True,United States
006Q800000NHLAs,Falmouth  250172,Commercial,Commercial,Closed Won,"NZD 6,643.03",True,United States
006Q800000NHQk1,Mobile credential,Commercial,Commercial,Closed Won,NZD 57.35,True,United States
006Q800000NHmnm,GX Door License,Commercial,Commercial,Closed Won,NZD 112.48,True,Australia
006Q800000NI1YI,GX Level 1 Training 19_3_25,Training,Training,Closed Won,"NZD 2,198.97",True,Australia
006Q800000NICGo,Chubb_Afx_Phil,Commercial,Commercial,Closed Lost,"NZD 2,813.87",False,New Zealand
006Q800000NIVxl,ICT ProtegeGX Training/Demo Kit and Web-based Tech Training Course,Training,Training,Closed Lost,"NZD 4,343.24",False,Asia Pacific
006Q800000NIkvC,Reader and Fob Price Check,Commercial,Commercial,Closed Lost,"NZD 13,563.55",False,Australia
006Q800000NJ8z8,Lenel & Hanwha Replacement - HCT,Education,Education,Closed Lost,"NZD 22,578.26",False,EMEA
006Q800000NJrL8,Beacon Church,Religious,Religious,Closed Won,"NZD 6,778.65",True,United States
006Q800000NJsDy,Arion Green Group,Commercial,Commercial,Closed Won,"NZD 74,280.58",True,EMEA
006Q800000NJsic,Replacement PinProx Readers,Commercial,Commercial,Closed Won,NZD 509.19,True,Australia
006Q800000NJslp,Replacement TSEC Readers,Commercial,Commercial,Closed Lost,NZD 305.52,False,Australia
006Q800000NJtYD,Bridor USA,Commercial,Commercial,Closed Won,"NZD 1,624.41",True,United States
006Q800000NJu4T,Melvin T Walls Manor,Religious,Religious,Proposal,"NZD 5,504.32",False,United States
006Q800000NK03R,45 Strachan,Multi Family,Multi Family,Closed Won,"NZD 105,657.07",True,Canada
006Q800000NK0pp,Antwerp Exchange Bank  250139,Banking & Finance,Banking & Finance,Closed Won,"NZD 2,044.71",True,United States
006Q800000NK1CP,2503194,Commercial,Commercial,Closed Won,"NZD 5,213.38",True,United States
006Q800000NK6IY,Pyramid Rehab Agawam MA PO10834,Healthcare,Healthcare,Closed Won,"NZD 18,334.45",True,United States
006Q800000NK6s2,RSPB - 50 x Tags,Commercial,Commercial,Closed Won,NZD 380.43,True,EMEA
006Q800000NLZf3,Marina Expansion,Multi Family,Multi Family,Proposal,"NZD 37,569.56",False,United States
006Q800000NLfhH,6= 6 door kits,Commercial,Commercial,Closed Lost,"NZD 30,219.84",False,United States
006Q800000NLj4v,GX Level 1 Facilitated Training,Training,Training,Closed Won,"NZD 2,246.26",True,Australia
006Q800000NLjMh,Demo license,Commercial,Commercial,Closed Won,NZD 0.00,True,United States
006Q800000NMGfB,GX Project 21_03_2025,Commercial,Commercial,Closed Lost,"NZD 16,275.29",False,Australia
006Q800000NMgHt,Western Downs - Protege GX,Government,Government,Closed Lost,"NZD 18,494.05",False,Australia
006Q800000NMwkr,Western Downs - SALTO,Government,Government,Closed Lost,"NZD 19,763.48",False,Australia
006Q800000NO1XR,Supply Only tSec Readers,Commercial,Commercial,Closed Lost,,False,Asia Pacific
006Q800000NOU69,GX Training Kit,Training,Training,Closed Lost,,False,United States
006Q800000NOVIL,RS485,Commercial,Commercial,Closed Won,NZD 709.94,True,United States
006Q800000NOW1V,SRVR License,Commercial,Commercial,Closed Won,"NZD 3,168.19",True,United States
006Q800000NOWkh,Worldsource Wealth Management,Banking & Finance,Banking & Finance,Closed Lost,"NZD 5,893.71",False,Canada
006Q800000NOZp0,YMCA - WX - 3D,Commercial,Commercial,Closed Won,"NZD 3,541.04",True,Canada
006Q800000NObsP,Metro WX,Commercial,Commercial,Closed Won,"NZD 1,608.71",True,United States
006Q800000NOcYL,GX 1D,Commercial,Commercial,Closed Won,,True,United States
006Q800000NOdsc,UOC  Zoology - Licenses,Education,Education,Closed Won,"NZD 6,534.00",True,EMEA
006Q800000NOfSz,UOC  Zoology - iSales Hardware,Education,Education,Closed Won,"NZD 27,517.60",True,EMEA
006Q800000NOilp,Durham HQ Phase 3,Commercial,Commercial,Closed Won,"NZD 19,815.28",True,Canada
006Q800000NQc1b,Be Alarmed_WX Expansion_Gavin,Commercial,Commercial,Closed Lost,"NZD 1,825.65",False,New Zealand
006Q800000NR20U,Stock Order 24_3_25,Commercial,Commercial,Closed Won,"NZD 3,390.25",True,Australia
006Q800000NRBTZ,Supply Only ICT TSL Card Reader for Sirim Certification,Other,Other,Closed Lost,"NZD 1,413.10",False,Asia Pacific
006Q800000NSVFF,Muster Report,Commercial,Commercial,Closed Lost,"NZD 1,309.36",False,Australia
006Q800000NSVWf,Claremont Specialist Centre,Healthcare,Healthcare,Closed Lost,"NZD 26,479.45",False,Australia
006Q800000NTVBF,Stock Order - 1,Commercial,Commercial,Closed Won,,True,EMEA
006Q800000NTY2f,Al Ahli Bank - Qatar,Banking & Finance,Banking & Finance,Closed Lost,"NZD 188,077.17",False,EMEA
006Q800000NTY4H,El Rey Meats,Other,Other,Proposal,"NZD 33,702.39",False,United States
006Q800000NTa1F,GX - 42D,Multi Family,Multi Family,Closed Won,"NZD 13,804.77",True,Canada
006Q800000NTa7w,Bayswater Ottawa,Multi Family,Multi Family,Proposal,"NZD 64,825.98",False,Canada
006Q800000NTahC,Hundley 03/24/25,Commercial,Commercial,Proposal,,False,United States
006Q800000NTbAD,Mifare Cards,Other,Other,Closed Lost,,False,United States
006Q800000NTbdF,33 Yorkville,Multi Family,Multi Family,Proposal,"NZD 1,179,937.34",False,Canada
006Q800000NTcMP,Mifare Cards & Demo System,Other,Other,Closed Won,,True,United States
006Q800000NTcZL,185 Millway - SmartCentres - Elevator,Commercial,Commercial,In Process,"NZD 27,952.07",False,Canada
006Q800000NTeT3,Multi-Tech Creds,Commercial,Commercial,Closed Lost,,False,United States
006Q800000NTfXB,Harbour View Haven,Healthcare,Healthcare,Proposal,"NZD 59,739.58",False,Canada
006Q800000NTgmb,Kipling Group Islington - 1243 Islington,Commercial,Commercial,Closed Lost,"NZD 31,523.52",False,Canada
006Q800000NTguf,The Willow,Multi Family,Multi Family,Closed Won,"NZD 45,118.96",True,Canada
006Q800000NTiN1,École Prévost,Education,Education,Closed Lost,"NZD 37,937.55",False,Canada
006Q800000NTmDh,Universal Properties development,Multi Family,Multi Family,Proposal,,False,Canada
006Q800000NToaV,Engineer Training,Commercial,Commercial,Closed Lost,"NZD 4,993.69",False,EMEA
006Q800000NTp3V,2 & 4 Door Systems,Commercial,Commercial,Closed Lost,,False,United States
006Q800000NTweT,Groupe Pharmaceutique Duchesnay MTL,Healthcare,Healthcare,Closed Lost,"NZD 3,428.20",False,Canada
006Q800000NUHEH,ICT ProtegeGX Training/Demo Kit and Tech Training Course for Convergint Hong Kong,Training,Training,Closed Lost,"NZD 3,313.94",False,Asia Pacific
006Q800000NUJuP,Lynhaven reader replacement,Multi Family,Multi Family,Closed Won,"NZD 2,666.47",True,United States
006Q800000NUeM9,WX System,Commercial,Commercial,Closed Won,"NZD 5,813.94",True,Australia
006Q800000NVvpb,Counting cars,Transportation,Transportation,Closed Lost,"NZD 2,732.01",False,EMEA
006Q800000NW8TR,Genesis Upgrade to Protege X,Commercial,Commercial,Closed Lost,"NZD 3,733.02",False,Australia
006Q800000NWVbJ,3 keyboard,Commercial,Commercial,Closed Lost,"NZD 2,376.89",False,EMEA
006Q800000NWYMR,Renewal Takeover   T32382A,Commercial,Commercial,Closed Won,"NZD 37,654.41",True,United States
006Q800000NWckr,UFCW,Commercial,Commercial,Proposal,"NZD 12,132.16",False,Canada
006Q800000NWdH9,CDVI Replacement - 4D,Commercial,Commercial,Closed Lost,"NZD 2,594.68",False,Canada
006Q800000NWigb,TSL,Commercial,Commercial,Proposal,"NZD 1,716.06",False,United States
006Q800000NWj83,Rhenus - 200 x PRX-ISO-DF-EV3-2K,Transportation,Transportation,Closed Won,"NZD 2,412.00",True,EMEA
006Q800000NWl6b,Commodore John Rodgers - Baltimore Schools,Education,Education,Proposal,"NZD 215,496.58",False,United States
006Q800000NWm4J,GX - 69D,Commercial,Commercial,Proposal,"NZD 62,500.12",False,Canada
006Q800000NWmc9,Marylebone Rifle and Pistol Club,Commercial,Commercial,Closed Lost,"NZD 3,158.43",False,EMEA
006Q800000NWpYP,OVIV,Multi Family,Multi Family,Closed Won,"NZD 39,772.84",True,Canada
006Q800000NWriH,Griggs County Courthouse,Government,Government,Closed Lost,"NZD 24,269.52",False,United States
006Q800000NWsb7,Sample Quote WX 6 Door pre-wired kit w/readers,Commercial,Commercial,Proposal,"NZD 6,025.16",False,United States
006Q800000NWwmn,Griggs County Courthouse GX,Government,Government,Closed Lost,"NZD 40,676.61",False,United States
006Q800000NWyIL,The Rings,Residential,Residential,Closed Lost,"NZD 80,172.77",False,EMEA
006Q800000NWzb0,SEFR-65 & SEFR-26 User and Door Information,Other,Other,Proposal,,False,OEM
006Q800000NXnO5,10 door GX License,Commercial,Commercial,Closed Won,NZD 558.21,True,Australia
006Q800000NXodV,Protege X 10 Door subscription,Commercial,Commercial,Closed Lost,NZD 554.84,False,Australia
006Q800000NY0Er,Supply Only tSec Reader (PRX-TSEC-STD-B),Commercial,Commercial,Closed Won,,True,Asia Pacific
006Q800000NY11F,NJL_Credentials_Aaron,Commercial,Commercial,Closed Lost,"NZD 1,746.00",False,New Zealand
006Q800000NYqq9,ICT ProtegeGX ACS for Husky CNOOC Project in Indonesia (PT. Dinamika Persada Teknologi) (YEM),Commercial,Commercial,Closed Lost,,False,Asia Pacific
006Q800000NZVGc,Allianz HQ Prague - insurance company,Commercial,Commercial,Closed Lost,"NZD 142,117.41",False,EMEA
006Q800000NZXTh,Allianz HQ Prague - insurance company with readers,Commercial,Commercial,Closed Lost,"NZD 288,447.93",False,EMEA
006Q800000NZedF,Credentials,Commercial,Commercial,Closed Won,"NZD 1,791.18",True,United States
006Q800000NZedG,TSL Readers,Banking & Finance,Banking & Finance,Proposal,"NZD 2,215.18",False,United States
006Q800000NZf4f,WX Controller,Commercial,Commercial,Closed Lost,,False,United States
006Q800000NZfO1,TSL Readers,Commercial,Commercial,Closed Lost,,False,United States
006Q800000NZly5,Westerra CU - 3rd Floor Door Add,Banking & Finance,Banking & Finance,Proposal,,False,United States
006Q800000NZpNP,WX System 27_03_25,Commercial,Commercial,Closed Won,"NZD 3,471.03",True,Australia
006Q800000NZrW7,Brightwater Apartment upgrade,Residential,Residential,Closed Lost,"NZD 4,867.40",False,Australia
006Q800000NZsgD,Card Options,Education,Education,Closed Lost,NZD 31.18,False,United States
006Q800000NaJy9,1 door,Commercial,Commercial,Closed Lost,NZD 249.96,False,Australia
006Q800000NaK2z,Reece Perth DC 27_3_25,Commercial,Commercial,Closed Won,"NZD 18,664.96",True,Australia
006Q800000NaPIo,Museum Upgrade,Government,Government,Closed Lost,"NZD 1,897.96",False,Australia
006Q800000Nau02,31 x Reader,Aviation,Aviation,Closed Lost,"NZD 32,399.85",False,Australia
006Q800000NbKNV,111 Quary St - V2,Commercial,Commercial,Closed Lost,"NZD 4,490.75",False,Australia
006Q800000Nc3hC,Turnstile Access Control for Rockwell Business Center Sheridan (i3 Tech) (YEM),Commercial,Commercial,Proposal,"NZD 12,822.40",False,Asia Pacific
006Q800000NcYmb,AFx Web Operator License,Commercial,Commercial,Closed Lost,NZD 752.77,False,Canada
006Q800000NccDV,Faceplates,Multi Family,Multi Family,Closed Won,"NZD 3,960.37",True,Canada
006Q800000Ncilx,30 negozi,Retail,Retail,Closed Lost,"NZD 65,713.01",False,EMEA
006Q800000Ncke6,prx-tag-mf-b,Commercial,Commercial,Closed Won,"NZD 1,983.87",True,United States
006Q800000NclIP,Mobile credentials,Commercial,Commercial,Closed Won,NZD 0.00,True,United States
006Q800000NcqJh,Fairfax Fire,Government,Government,Closed Won,NZD 948.59,True,United States
006Q800000NcqOX,Westlake Condos,Multi Family,Multi Family,Closed Won,NZD 63.09,True,United States
006Q800000NcuIV,GX Training Apr 1st-3rd,Training,Training,Closed Won,,True,United States
006Q800000NcvA6,Quote - 000 - ProtegeGX with Wireless Locks,Multi Family,Multi Family,Proposal,"NZD 65,556.82",False,Canada
006Q800000Nd3gj,Cornerstone_WX Tender_Shannon,Commercial,Commercial,Closed Won,"NZD 5,713.70",True,New Zealand
006Q800000Nd3td,50 Door Apartment,Multi Family,Multi Family,Closed Lost,"NZD 32,459.01",False,Australia
006Q800000NfOkI,100 x PRX-TAG-DF-EV3-2K-B,Commercial,Commercial,Closed Lost,"NZD 2,021.74",False,EMEA
006Q800000Nfdg5,354/213 King St,Multi Family,Multi Family,Proposal,"NZD 23,074.31",False,Canada
006Q800000NfmRe,Muska Plumbing Building,Critical Infrastructure,Critical Infrastructure,Closed Lost,,False,United States
006Q800000NfnYz,1201 de la Montagne,Multi Family,Multi Family,Closed Lost,"NZD 130,324.70",False,Canada
006Q800000NfnkH,1 Lincoln adds PO2323,Commercial,Commercial,Closed Won,"NZD 11,056.94",True,United States
006Q800000Nfnqj,GX 4 Door Expansion,Commercial,Commercial,Decision,,False,United States
006Q800000Nfpyz,GX 4 Door Kit Components,Commercial,Commercial,Closed Lost,,False,United States
006Q800000NhyYL,Quote 31 March 2025,Commercial,Commercial,Closed Won,"NZD 6,903.30",True,Australia
006Q800000Ni9FS,Data Pacific_WX Expansion_Ashley,Commercial,Commercial,Closed Lost,"NZD 3,176.58",False,New Zealand
006Q800000NiRCA,Sector 7_School Tender_Andrew,Commercial,Education - K-12,Closed Lost,"NZD 4,207.80",False,New Zealand
006Q800000Njbz9,Standalone GX Tenancy,Commercial,Commercial,Closed Won,"NZD 2,021.28",True,Australia
006Q800000NkbfH,Alarmtec Stocking Order - Jul 25,Commercial,Commercial,Closed Won,"NZD 32,770.55",True,EMEA
006Q800000NkgyI,Securitas Stocking Order - Sep 25,Commercial,Commercial,Closed Won,"NZD 22,452.05",True,EMEA
006Q800000NkmpB,Securitas Stocking Order - Aug 25,Commercial,Commercial,Closed Won,"NZD 37,940.74",True,EMEA
006Q800000Nkn0T,Alarmtec Stocking Order - May 25,Commercial,Commercial,Closed Won,"NZD 35,731.97",True,EMEA
006Q800000Nkt2g,Eidos,Commercial,Commercial,Closed Won,"NZD 3,642.57",True,Canada
006Q800000Nkv4U,New Design for AAG - 12-Door DV WX Kit,Healthcare,Healthcare,Closed Lost,"NZD 10,301.61",False,United States
006Q800000Nkxvw,Wire Quote - Available End of April,Commercial,Commercial,Closed Won,"NZD 1,565.04",True,Canada
006Q800000Nl2Ao,Gorman - Fort Whipple,Multi Family,Multi Family,Closed Won,"NZD 44,325.36",True,United States
006Q800000Nl7Yf,The Marq,Commercial,Commercial,Proposal,,False,United States
006Q800000Nl8kr,Gorman Credentials,Multi Family,Multi Family,Closed Won,"NZD 1,454.84",True,United States
006Q800000NlCQH,3312025-DJS,Commercial,Commercial,Closed Won,"NZD 1,463.82",True,United States
006Q800000NlCeo,RDM2,Commercial,Commercial,Closed Won,"NZD 1,211.65",True,United States
006Q800000NlCy9,K&M Columbus,Commercial,Commercial,Closed Won,"NZD 6,711.87",True,United States
006Q800000NlDiw,GRE - 433,Critical Infrastructure,Critical Infrastructure,Closed Lost,"NZD 40,533.87",False,United States
006Q800000NlIM1,CareOne,Commercial,Commercial,Proposal,"NZD 4,178.94",False,United States
006Q800000NlJ1x,Claremont - Baltimore City Schools,Education,Education,Proposal,"NZD 15,250.21",False,United States
006Q800000NlKnd,Elite Sports Complex,Commercial,Commercial,Proposal,"NZD 12,685.16",False,United States
006Q800000NlMhN,Virginia Public Utilities,Government,Government,Proposal,"NZD 29,220.00",False,United States
006Q800000NlN5Z,Fox Hills ADDS,Multi Family,Multi Family,Proposal,"NZD 7,683.06",False,United States
006Q800000NlNTl,CCCParts,Commercial,Commercial,Closed Won,"NZD 4,006.06",True,United States
006Q800000NlWon,K&M Columbus option 2,Commercial,Commercial,Proposal,"NZD 3,873.29",False,United States
006Q800000Nlse2,50 tags,Commercial,Commercial,Closed Won,NZD 661.29,True,United States
006Q800000Nlw9l,ICT Key Pads,Commercial,Commercial,Closed Won,"NZD 3,610.72",True,Australia
006Q800000NmUkx,GX Training 22-23-24 April,Training,Training,Closed Won,"NZD 4,492.53",True,Australia
006Q800000NmWwR,TSL-VRC-STD-KP-B,Commercial,Commercial,Closed Won,NZD 128.65,True,Australia
006Q800000NnawL,Melvista Extra SALTO Door,Healthcare,Healthcare,Closed Won,"NZD 1,039.61",True,Australia
006Q800000Nnht1,WSP (WA) WX Home Kit,Residential,Residential,Closed Lost,"NZD 1,070.09",False,Australia
006Q800000NoF8I,JMG Engineering 2_4_25,Commercial,Commercial,Closed Won,"NZD 1,348.98",True,Australia
006Q800000NoIXZ,Single Man Door,Commercial,Commercial,Closed Won,"NZD 1,963.94",True,United States
006Q800000NoKfp,Mifare Fobs,Commercial,Commercial,Proposal,,False,United States
006Q800000NoMmU,McMillan Adds 2_4_25,Commercial,Commercial,Closed Won,"NZD 3,427.30",True,Australia
006Q800000NoO8L,Temp Credential Solution,Multi Family,Multi Family,Proposal,,False,United States
006Q800000NoOec,NEXT Adds 2_4_25,Commercial,Commercial,Closed Won,"NZD 3,398.53",True,Australia
006Q800000NoPSb,SUD ISD,Education,Education,Closed Won,,True,United States
006Q800000NoRZF,Electronic Building Sol_Training_Chandra,Commercial,Commercial,Closed Won,"NZD 1,370.29",True,New Zealand
006Q800000Np9Yf,GX Level 1 Facilitated Training,Training,Training,Closed Lost,"NZD 2,595.69",False,Australia
006Q800000NpTHG,GX Project C07554,Commercial,Commercial,Closed Won,"NZD 10,194.29",True,Australia
006Q800000NpUq1,PB Tech_HID Cards_Max,Commercial,Commercial,Closed Won,"NZD 1,472.60",True,New Zealand
006Q800000NpX6L,GX Unlock,Healthcare,Healthcare,Closed Lost,NZD 967.31,False,Australia
006Q800000NqQIy,Sandstone Apartments,Residential,Residential,Closed Lost,"NZD 7,873.52",False,Australia
006Q800000NrFWm,DESfire Cards - United Power,Commercial,Commercial,Proposal,,False,United States
006Q800000NrK9p,Rutland CC - Kings Centre - 3 x PRT-CTRL-DIN-1D,Government,Government,Closed Won,"NZD 2,169.27",True,EMEA
006Q800000NrM6n,Timeclock Test Cards,Commercial,Commercial,Closed Lost,,False,United States
006Q800000NrVhx,YRDSB - Parkview PS,Education,Education,Closed Won,"NZD 10,519.02",True,Canada
006Q800000Ns7H0,API Development - SDK,Commercial,Commercial,Closed Lost,"NZD 10,743.47",False,Australia
006Q800000NsOcn,BK Security_31 Doors_Kim,Commercial,Commercial,Closed Lost,"NZD 37,397.71",False,New Zealand
006Q800000NtukH,"WSD, Bydgoszcz",Healthcare,Healthcare,Closed Lost,"NZD 4,677.96",False,EMEA
006Q800000NtwUL,"O?rodek Kultury Twarda, Warsaw",Healthcare,Healthcare,Closed Lost,"NZD 62,595.38",False,EMEA
006Q800000Nu8fB,2828 Gottingen,Commercial,Commercial,Closed Lost,"NZD 15,513.87",False,Canada
006Q800000NuA5u,Northants Police - 1 x PRT-GX-DOR-1,Government,Government,Closed Won,NZD 107.62,True,EMEA
006Q800000NuK6r,Ivy Condo - Elevator Cab as Doors,Multi Family,Multi Family,Closed Won,"NZD 4,535.57",True,Canada
006Q800000NuLUL,CS-SS-5500 - 1 x EN-DIN-23,Healthcare,Healthcare,Closed Won,"NZD 1,561.88",True,EMEA
006Q800000NuLnh,Ivy Condo - Relays for each Floor,Multi Family,Multi Family,Closed Won,"NZD 4,535.57",True,Canada
006Q800000NuM3q,Chubb_New Build GX_Tawhid,Commercial,Commercial,Closed Lost,"NZD 14,269.80",False,New Zealand
006Q800000NuMTd,Ivy Condo - GX Upgrade - All 35 Floors with Relays,Multi Family,Multi Family,Closed Won,"NZD 17,598.79",True,Canada
006Q800000NuMev,Senior Facility,Healthcare,Healthcare,Closed Lost,"NZD 28,854.97",False,United States
006Q800000NuQLx,Dakota Electric Association  Lakeville,Commercial,Commercial,Closed Lost,,False,United States
006Q800000NuQNZ,Wire Quote - Available End of April,Multi Family,Multi Family,Closed Lost,"NZD 1,565.04",False,Canada
006Q800000NuTV8,4 GX 4D,Commercial,Commercial,Closed Lost,,False,United States
006Q800000NuXwv,Mifare Fobs,Commercial,Commercial,Closed Won,NZD 412.74,True,United States
006Q800000NuYUn,GX Training April 15th-17th,Training,Training,Closed Won,,True,United States
006Q800000NucTl,IHI office demo upgrade,Commercial,Commercial,Decision,"NZD 1,821.85",False,United States
006Q800000NuuNF,GX Unlock,Commercial,Commercial,Closed Won,NZD 483.66,True,Australia
006Q800000NuwIb,Optic_Training_Jacqui,Commercial,Commercial,Closed Won,NZD 784.47,True,New Zealand
006Q800000NwgRS,Demo Wall Display,Commercial,Commercial,Closed Lost,"NZD 15,983.58",False,Australia
006Q800000NwzHB,Cambridge Uni - History Server License,Education,Education,Closed Won,"NZD 2,633.16",True,EMEA
006Q800000Nx8ab,International Tower - Var. 2,Commercial,Commercial,Closed Won,"NZD 4,293.00",True,EMEA
006Q800000NxAHR,Stock Order - 2,Commercial,Commercial,Closed Lost,,False,EMEA
006Q800000NxHQz,169 Wyse road,Multi Family,Multi Family,Closed Lost,"NZD 58,131.80",False,Canada
006Q800000Nz3VC,Door and Low Level Elevator Integration Access Control in Philippines (Onesource) (YEM),Commercial,Commercial,Closed Lost,"NZD 34,182.22",False,Asia Pacific
006Q800000O05t7,"80 door, 4 lift System",Commercial,Commercial,Closed Lost,"NZD 75,820.72",False,Australia
006Q800000O0Mlt,Bellaria Residence - Tower 1,Multi Family,Multi Family,Proposal,"NZD 9,875.33",False,Canada
006Q800000O0hLh,Access SWP Project TSL Readers Vandal,Commercial,Commercial,Closed Won,"NZD 7,089.15",True,Australia
006Q800000O0uly,"GX 80 Door, 4 Lift",Commercial,Commercial,Closed Lost,"NZD 81,367.52",False,Australia
006Q800000O2U93,IFS #2 Greenville,Commercial,Commercial,Closed Lost,"NZD 4,209.03",False,United States
006Q800000O2ULy,The Brick - Sudbury,Retail,Retail,Closed Won,"NZD 4,614.27",True,Canada
006Q800000O2VTL,Manor on The Hill Credentials / Encoding,Multi Family,Multi Family,Closed Won,"NZD 2,174.08",True,United States
006Q800000O2WVp,GX Certification,Multi Family,Multi Family,Proposal,"NZD 7,637.80",False,Canada
006Q800000O2ZQT,The Brick - Milton,Retail,Retail,Closed Won,"NZD 4,569.49",True,Canada
006Q800000O2aRN,8 Single Man Doors,Commercial,Commercial,Proposal,"NZD 7,752.00",False,United States
006Q800000O2bs5,8D GX Full Gang,Commercial,Commercial,Proposal,"NZD 11,370.45",False,United States
006Q800000O2dVh,Ed Randolph,Commercial,Commercial,Proposal,"NZD 10,038.34",False,United States
006Q800000O2eZp,Controller & Power Supply,Other,Other,Closed Won,"NZD 4,457.90",True,United States
006Q800000O2eun,WX - 2D + Monitor Doors,Commercial,Commercial,Closed Lost,"NZD 1,770.87",False,Canada
006Q800000O2fNp,Ed Randolph NON pre wired,Commercial,Commercial,Proposal,"NZD 9,621.58",False,United States
006Q800000O2g6z,Expansion,Commercial,Commercial,Closed Lost,"NZD 6,392.41",False,Canada
006Q800000O2gWn,Condoplex Replacement - In-Suite Keypads,Multi Family,Multi Family,Closed Won,"NZD 52,250.88",True,Canada
006Q800000O2gi5,GX Certification,Training,Training,Closed Won,"NZD 6,414.95",True,Canada
006Q800000O2hPd,Physician's East,Healthcare,Healthcare,Closed Won,"NZD 111,782.74",True,United States
006Q800000O2jb8,Aperio Project,Multi Family,Multi Family,Closed Lost,"NZD 20,933.49",False,Australia
006Q800000O2kXB,Animal Blood Resources R000558,Commercial,Commercial,Closed Won,"NZD 6,890.13",True,United States
006Q800000O2kfF,Sudan ISD 2,Education,Education,Closed Won,"NZD 47,719.55",True,United States
006Q800000O2oxO,Scone Legal,Commercial,Commercial,Closed Lost,"NZD 3,864.35",False,Australia
006Q800000O2qMT,Arleta Ca,Commercial,Commercial,Closed Won,"NZD 78,748.84",True,United States
006Q800000O35Rx,Alexis IT_GX School 2_Steven,Education,Education,Closed Won,"NZD 9,852.40",True,New Zealand
006Q800000O4NEj,Childcare Esperance,Education,Education,Closed Lost,"NZD 4,288.88",False,Australia
006Q800000O50rB,Data Pacific_69 Door_Ian,Commercial,Commercial,Closed Lost,"NZD 75,017.43",False,New Zealand
006Q800000O5UNp,8 door kit + MNR2,Commercial,Commercial,Closed Won,,True,United States
006Q800000O5Uv8,615 Kennedy,Multi Family,Multi Family,Proposal,"NZD 21,085.05",False,Canada
006Q800000O5YAf,120 Reuben Ave,Multi Family,Multi Family,Closed Lost,"NZD 121,438.89",False,Canada
006Q800000O5ivS,"Credential Order - Burnaby, BC - David Higgins",Commercial,Commercial,Closed Won,NZD 456.95,True,Canada
006Q800000O5jI1,Mount Sinai - RS485 Connectors V2,Healthcare,Healthcare,Closed Won,"NZD 2,821.83",True,Canada
006Q800000O5k7d,DNR Fergus Falls and DNR Detroit Lakes,Government,Government,Closed Won,"NZD 28,051.84",True,United States
006Q800000O5mEH,Bibliothèque Rawdon,Education,Education,Proposal,"NZD 26,302.17",False,Canada
006Q800000O5nTh,CC Client,Banking & Finance,Banking & Finance,Closed Lost,"NZD 1,781.61",False,United States
006Q800000O5ndP,Redfield Rev1,Multi Family,Multi Family,Closed Won,"NZD 28,478.72",True,Canada
006Q800000O5nv7,Aspac River Green 1 - Wireless Locks,Multi Family,Multi Family,Proposal,"NZD 145,459.32",False,Canada
006Q800000O5sl7,BK Security_Readers and Cards_Kim,Commercial,Commercial,Closed Lost,NZD 418.09,False,New Zealand
006Q800000O5u8b,Denver West - Building 51 & 53,Government,Government,Proposal,,False,United States
006Q800000O5ubq,50 Milson,Commercial,Commercial,Closed Lost,,False,Australia
006Q800000O6gmj,Sterling Security_Alarm panel_Kanoj,Commercial,Commercial,Closed Lost,"NZD 2,223.74",False,New Zealand
006Q800000O74Dx,88 Jetty Road Glenelg Apartments,Multi Family,Multi Family,Closed Lost,"NZD 16,808.77",False,Australia
006Q800000O75ra,Mansol WX Training Kit,Commercial,Commercial,Closed Lost,"NZD 1,610.89",False,Australia
006Q800000O78EM,Student Services Cams Uni - One Door License,Education,Education,Closed Won,NZD 107.62,True,EMEA
006Q800000O7Apd,Mansol GX Facilitated Training,Commercial,Commercial,Closed Lost,"NZD 2,495.85",False,Australia
006Q800000O896k,PRT-CTRL-DIN,Commercial,Commercial,Closed Won,"NZD 1,307.81",True,United States
006Q800000O8A62,PRT-CTRL-DIN,Commercial,Commercial,Closed Won,NZD 0.00,True,EMEA
006Q800000O8BDO,Wire Quote - Available End of April,Multi Family,Multi Family,Closed Won,"NZD 1,565.04",True,Canada
006Q800000O8Cqz,Roxborough Retirement - EAC Upgrade,Healthcare,Healthcare,Closed Lost,"NZD 10,212.32",False,Canada
006Q800000O8OfG,GProx Cards,Commercial,Commercial,Closed Won,"NZD 1,451.61",True,United States
006Q800000O8RRp,5 Door WX Project,Commercial,Commercial,Closed Lost,"NZD 4,282.43",False,Canada
006Q800000O8Syz,5 Door WX Project,Commercial,Commercial,Closed Won,"NZD 4,282.43",True,Canada
006Q800000O8T5R,Ewing TC 56 Access,Multi Family,Multi Family,Proposal,"NZD 5,407.55",False,United States
006Q800000O8XYv,Mylar Blanks,Commercial,Commercial,Closed Won,NZD 12.58,True,United States
006Q800000O8Ymf,Hotel de Ville St-Philippe,Government,Government,Closed Lost,"NZD 3,044.85",False,Canada
006Q800000O8bNy,Luther Auto Group - Sallis Nodes,Transportation,Transportation,Closed Won,NZD 975.81,True,United States
006Q800000O8biv,North Country - VMS,Commercial,Commercial,Closed Lost,"NZD 5,808.58",False,United States
006Q800000O8gyj,"Whatcom Project - Material Order - April 08, 2025",Multi Family,Multi Family,Closed Won,"NZD 2,610.07",True,Canada
006Q800000O9GB0,Data Pacific_WX Intruder_Ian,Commercial,Commercial,Closed Lost,"NZD 1,658.33",False,New Zealand
006Q800000O9JvF,Cornerstone_New Opp_Shannon,Commercial,Commercial,Closed Lost,"NZD 6,917.99",False,New Zealand
006Q800000OBFtx,Dundock,Commercial,Commercial,Proposal,"NZD 20,273.82",False,Canada
006Q800000OBMU1,Rainbow Transit,Transportation,Transportation,Closed Lost,"NZD 10,976.32",False,United States
006Q800000OBNgD,4 Door system,Commercial,Commercial,Closed Won,"NZD 2,360.03",True,United States
006Q800000OBOpC,Magnum Contracting,Commercial,Commercial,Closed Won,"NZD 5,213.90",True,United States
006Q800000OBRzx,WX 8D,Commercial,Commercial,Closed Won,"NZD 7,035.10",True,United States
006Q800000OBWpx,50 Maple Lane,Commercial,Commercial,Closed Won,"NZD 23,467.35",True,Canada
006Q800000OBXVt,RFQ 5059,Commercial,Commercial,Closed Lost,"NZD 36,207.89",False,Canada
006Q800000OBXZ9,Gunnebo Offices - Cal/Edm,Commercial,Commercial,Closed Lost,"NZD 10,244.56",False,Canada
006Q800000OBcP7,RS485 Cable,Education,Education,Closed Lost,"NZD 3,130.07",False,Canada
006Q800000OC0rG,RFQ for AIC & SGO Offices in Singapore,Government,Government,Proposal,"NZD 98,181.77",False,Asia Pacific
006Q800000OCBcz,WX Training Kit,Commercial,Commercial,Closed Lost,"NZD 1,610.89",False,Australia
006Q800000OCCvd,GX Facilitated Training,Commercial,Commercial,Closed Lost,"NZD 2,495.85",False,Australia
006Q800000OCYxn,"Extension, faculty in Pi?a",Education,Education,Closed Won,"NZD 16,471.31",True,EMEA
006Q800000OE6m6,Protege Cartridge Mortise Lock,Multi Family,Multi Family,Closed Lost,NZD 632.24,False,Canada
006Q800000OE8b6,Westminster Abbey - TSL Readers,Government,Government,Closed Won,"NZD 6,343.30",True,EMEA
006Q800000OE8uO,Westminster Abbey - Server License,Government,Government,Closed Won,"NZD 3,067.95",True,EMEA
006Q800000OEBDt,April Readers,Commercial,Commercial,Closed Won,"NZD 2,702.32",True,United States
006Q800000OEEIx,Rear Mount Mortise Example,Multi Family,Multi Family,Closed Lost,NZD 845.73,False,Canada
006Q800000OEErh,FW Renal,Healthcare,Healthcare,Closed Won,"NZD 18,156.45",True,United States
006Q800000OEHft,Redford Water Dept. Truck Lot,Government,Government,Proposal,"NZD 4,467.48",False,United States
006Q800000OELtB,UPDATED PRICING - 04/11/2025,Healthcare,Healthcare,Closed Lost,"NZD 19,352.58",False,United States
006Q800000OERP9,Rear Mount Mortise - Lowest Options,Healthcare,Healthcare,Closed Lost,NZD 746.76,False,Canada
006Q800000OET2j,2 Door WX / Intrusion,Commercial,Commercial,Closed Won,,True,United States
006Q800000OETyp,Broadway & Granville - Attic Stock - 3LH & 3RH Jasper in FB,Multi Family,Multi Family,Closed Won,"NZD 3,983.53",True,Canada
006Q800000OEV7t,Reader,Commercial,Commercial,Proposal,NZD 646.69,False,United States
006Q800000OEVe1,Cartridge Mortise Example - Lowest Cost Options,Healthcare,Healthcare,Closed Lost,NZD 746.76,False,Canada
006Q800000OEVyz,Alma & Broadway - Common Area Locks,Multi Family,Multi Family,Closed Won,,True,Canada
006Q800000OEW2D,Cartridge Mortise Example - Highest Cost Options,Healthcare,Healthcare,Closed Lost,NZD 853.65,False,Canada
006Q800000OFEb9,New AFx Enterprise System for Commercial Project in Singapore,Commercial,Commercial,Closed Won,,True,Asia Pacific
006Q800000OGag1,Penrith Valley School,Education,Education,Closed Won,"NZD 1,281.79",True,Australia
006Q800000OGfar,Nextro_WX modules_Enzo,Commercial,Commercial,Closed Lost,NZD 379.16,False,New Zealand
006Q800000OGlzn,PCYC Lang Park,Government,Government,Closed Lost,"NZD 4,046.08",False,Australia
006Q800000OHS3h,Keypads Readers & Creds 14_4_25,Residential,Residential,Closed Lost,"NZD 10,113.09",False,Australia
006Q800000OHbi5,Co-working Office,Commercial,Commercial,Closed Lost,"NZD 5,888.23",False,Australia
006Q800000OHxIn,Smarte PRT-MNR2-DIN,Commercial,Commercial,Closed Won,NZD 399.43,True,Australia
006Q800000OISWI,1200 x PRX-TAG-MF-B,Retail,Retail,Closed Won,"NZD 5,576.67",True,EMEA
006Q800000OInZ7,800 x PRX-TAG-MF-B,Retail,Retail,Closed Won,"NZD 3,717.78",True,EMEA
006Q800000OJ28M,Interstate Express,Commercial,Commercial,Proposal,NZD 181.85,False,United States
006Q800000OJ3fW,ICT RS485 Cable,Multi Family,Multi Family,Closed Lost,,False,Canada
006Q800000OJ5J8,Evoke (Harlan),Commercial,Commercial,Proposal,NZD 567.74,False,United States
006Q800000OJ5W2,1 Door Opportunity,Commercial,Commercial,Closed Won,"NZD 2,110.81",True,United States
006Q800000OJ99q,The Pound Training Center,Commercial,Education,Proposal,"NZD 1,567.15",False,United States
006Q800000OJ9hh,Laval 1600 Degenais,Commercial,Commercial,Proposal,"NZD 2,039.85",False,Canada
006Q800000OJ9hj,SWL,Commercial,Commercial,Proposal,"NZD 16,064.26",False,Canada
006Q800000OJA5u,4 Door Kit,Commercial,Commercial,Proposal,,False,United States
006Q800000OJBzd,Alta Hub,Training,Training,Closed Won,"NZD 1,443.55",True,United States
006Q800000OJF8n,ICT Takeover,Commercial,Commercial,Closed Won,,True,United States
006Q800000OJFaD,Reader - mini,Commercial,Commercial,Decision,NZD 471.40,False,United States
006Q800000OJGRR,SK Living  Fares Inc,Multi Family,Multi Family,Proposal,"NZD 19,427.30",False,Canada
006Q800000OJHaP,Stock,Commercial,Commercial,Proposal,"NZD 2,918.37",False,United States
006Q800000OJHnJ,Kemptville - 120 Rueben,Multi Family,Multi Family,Closed Lost,"NZD 58,934.49",False,Canada
006Q800000OJI1p,Enclosure Quote - 04.14.2025,Other,Other,Closed Won,"NZD 2,008.39",True,United States
006Q800000OJJ5y,Credential Restock for Airport,Heavy Industry,Heavy Industry,Closed Won,"NZD 1,145.16",True,United States
006Q800000OJJ7Z,100 MF Cards,Commercial,Commercial,Closed Won,,True,United States
006Q800000OJMOn,ICT RS485 Cable,Multi Family,Multi Family,Closed Lost,,False,Canada
006Q800000OJOqQ,GX Training,Commercial,Commercial,Closed Won,,True,United States
006Q800000OJQaT,GX Training (Servitech),Training,Training,Closed Lost,,False,United States
006Q800000OJQgv,4 Door Kit,Commercial,Commercial,Proposal,"NZD 11,660.13",False,United States
006Q800000OJRGQ,"Remy A, B & C - ProtegeWX Retrofit Project",Multi Family,Multi Family,Proposal,"NZD 17,403.55",False,Canada
006Q800000OK0Fl,USB reader,Commercial,Commercial,Closed Won,"NZD 1,410.32",True,United States
006Q800000OLC8P,Sifer Alternative,Commercial,Commercial,Closed Lost,NZD 460.06,False,Australia
006Q800000OLt6x,Protege X quote *sample,Commercial,Commercial,Closed Lost,NZD 107.74,False,United States
006Q800000OLv5V,TSCC 2525,Multi Family,Multi Family,Closed Won,"NZD 39,494.63",True,Canada
006Q800000OM5hZ,320 Geneva St,Multi Family,Multi Family,Proposal,"NZD 33,221.97",False,Canada
006Q800000OM7fV,Reach Add On,Education,Education,Closed Won,"NZD 2,004.68",True,United States
006Q800000OM8UG,ProtegeGX Partner Training Pack,Training,Training,Proposal,,False,Canada
006Q800000OM8nn,Tags - Probst,Commercial,Commercial,Closed Lost,,False,United States
006Q800000OMAKg,HID26 Tags - Cannon,Commercial,Commercial,Proposal,,False,United States
006Q800000OMBgY,"Remy A, B & C - ProtegeGX Retrofit Project",Multi Family,Multi Family,Proposal,"NZD 22,445.29",False,Canada
006Q800000OMDQb,100 cards,Commercial,Commercial,Closed Won,NZD 467.74,True,United States
006Q800000OMFCH,242 Milwaukee,Commercial,Commercial,Proposal,"NZD 21,855.05",False,United States
006Q800000OMFH7,2 Door System,Commercial,Commercial,Closed Won,"NZD 10,969.60",True,United States
006Q800000OMGeb,April Reader,Commercial,Commercial,Closed Won,NZD 974.84,True,United States
006Q800000OMJPZ,Active Directory,Religious,Religious,Closed Won,NZD 0.00,True,United States
006Q800000OMJas,#1 Axiom Reader Upgrade,Multi Family,Multi Family,Closed Lost,"NZD 3,225.81",False,Australia
006Q800000OMK0f,WX 18 Doors,Healthcare,Healthcare,Proposal,"NZD 15,278.11",False,United States
006Q800000OMSO9,ProtegeGX System Upgrade (Kaba replacement),Multi Family,Multi Family,Working,"NZD 68,915.24",False,Canada
006Q800000OMSUT,Grand Central Towers reader Upgrade,Multi Family,Multi Family,Closed Lost,"NZD 4,838.71",False,Australia
006Q800000OMTNJ,Uptown Reader Upgrade,Multi Family,Multi Family,Closed Lost,"NZD 3,225.81",False,Australia
006Q800000OMXqr,Uptown Reader Replacement,Multi Family,Multi Family,Closed Lost,"NZD 1,527.58",False,Australia
006Q800000OMYyD,Service NSW - Tweed Heads,Government,Government,Closed Won,"NZD 12,819.68",True,Australia
006Q800000OMZCb,Grand Central Towers Reader Replacement,Multi Family,Multi Family,Closed Lost,"NZD 4,413.01",False,Australia
006Q800000OMkXq,Supply Only For PRT-RDM2-DIN-485,Commercial,Commercial,Proposal,"NZD 1,622.03",False,Asia Pacific
006Q800000ON3c5,RFQ - PRX-TSEC-STD-DF-KP-B (Ref: PJ25/0116),Commercial,Commercial,Closed Won,NZD 296.06,True,Asia Pacific
006Q800000ONMMz,Katunga Fresh 16_4_25,Commercial,Commercial,Closed Won,"NZD 3,584.41",True,Australia
006Q800000ONgFG,307 Queen St Tenancy,Commercial,Commercial,Closed Lost,"NZD 1,825.91",False,Australia
006Q800000ONhL0,307 Queen St Tenancy,Commercial,Commercial,Closed Lost,,False,Australia
006Q800000OOdYf,Yardi SOAP SDK & Training Kit,Commercial,Commercial,Closed Won,"NZD 7,671.53",True,EMEA
006Q800000OOno9,Supply Only PRX-TSEC-STD-DF-B (Ref: PJ25/0116),Commercial,Commercial,Closed Won,NZD 133.77,True,Asia Pacific
006Q800000OOoYv,Supply Reader Expander for Startek Philippines Inc. (ESSCOR RFQ | PJ-AD25-009 | ICT),Commercial,Commercial,Proposal,,False,Asia Pacific
006Q800000OOw8Z,Expansion Kit - Tracy,Commercial,Commercial,Closed Lost,"NZD 1,136.76",False,United States
006Q800000OP20n,Catholic Charities - Superior,Multi Family,Multi Family,Closed Won,"NZD 8,604.19",True,United States
006Q800000OP2SE,Redford MiFare Cards,Commercial,Commercial,Closed Won,"NZD 1,122.58",True,United States
006Q800000OP2s2,Valhalla_Kingsett_Service Rooms,Multi Family,Multi Family,Proposal,NZD 597.40,False,Canada
006Q800000OP3RV,U Condos,Multi Family,Multi Family,Closed Won,"NZD 17,819.73",True,Canada
006Q800000OQ3u9,Max Ruddock Tender,Commercial,Commercial,Closed Lost,"NZD 10,742.68",False,Australia
006Q800000OQjTV,"Eskulap, Pozna? update",Education,Education,Closed Won,"NZD 25,602.80",True,EMEA
006Q800000ORULx,Volvo Trucks Part 1 (Wieszowa),Heavy Industry,Heavy Industry,Closed Won,"NZD 9,582.86",True,EMEA
006Q800000ORiYb,RS485 Cable,Multi Family,Multi Family,Closed Lost,"NZD 1,252.03",False,Canada
006Q800000ORwOg,Huntington Waste Water,Commercial,Commercial,Closed Won,"NZD 5,022.95",True,United States
006Q800000ORx4c,Fargo Roofing,Commercial,Commercial,Closed Won,"NZD 7,580.97",True,United States
006Q800000OS4Sf,Clam MiFare,Commercial,Commercial,Closed Won,NZD 319.35,True,United States
006Q800000OXpty,Access Control for Main Gate in Thai Tank Terminal Rayong in Thailand,Critical Infrastructure,Critical Infrastructure,Proposal,"NZD 1,552.16",False,Asia Pacific
006Q800000OYwRx,HCT - 1,Education,Education,Closed Won,"NZD 12,709.46",True,EMEA
006Q800000OZHwE,TBK One,Commercial,Commercial,Closed Won,"NZD 6,008.39",True,United States
006Q800000OZNaD,Mifare Fobs for Inner Urban Lofts,Multi Family,Multi Family,Closed Won,,True,United States
006Q800000OZNf3,25 Mifare Fobs,Commercial,Commercial,Closed Won,,True,United States
006Q800000OZPDp,Smyer,Education,Education,Closed Won,"NZD 28,931.03",True,United States
006Q800000OZTPW,4 Door WX Project,Commercial,Commercial,Closed Won,,True,United States
006Q800000OZVcb,TEST CARDS,Banking & Finance,Banking & Finance,Closed Won,NZD 22.90,True,United States
006Q800000OZa4R,ICE_NFR WX_Simon,Commercial,Commercial,Closed Won,"NZD 1,666.08",True,New Zealand
006Q800000OZd77,Installers Northwest/ House of worship,Religious,Religious,Working,"NZD 11,878.11",False,United States
006Q800000OaQnm,Expander Cabinets,Healthcare,Healthcare,Closed Won,"NZD 1,125.29",True,Australia
006Q800000Oanlx,Replacement PinProx Readers,Multi Family,Multi Family,Closed Won,"NZD 3,564.35",True,Australia
006Q800000ObCxF,Vierra apartments,Multi Family,Multi Family,Closed Won,"NZD 5,087.26",True,Australia
006Q800000Odmuz,The First National Bank of Central Texas,Banking & Finance,Banking & Finance,Closed Won,"NZD 37,496.94",True,United States
006Q800000OduR7,Credentials  Site code 12107,Commercial,Commercial,Closed Won,"NZD 1,983.87",True,United States
006Q800000OdxYf,DIN 4A,Commercial,Commercial,Closed Won,,True,United States
006Q800000OdyJR,DIN 4A,Commercial,Commercial,Closed Won,"NZD 1,194.68",True,United States
006Q800000OdyuX,Bonhams Skinner Marlboro,Commercial,Commercial,Proposal,"NZD 29,196.00",False,United States
006Q800000Oe1E5,Site Code - Mountain Brook,Commercial,Commercial,Proposal,,False,United States
006Q800000Oe1Vp,WX - 3D/20Z/2KP,Commercial,Commercial,Closed Lost,"NZD 2,758.99",False,Canada
006Q800000OfIT0,"Training - 2 Techs, Sydney",Other,Other,Closed Won,"NZD 4,014.40",True,Australia
006Q800000OfR1e,Access Control System for PBCOM Tower Turnstile Project in Philippines (i3 Tech) (YEM),Commercial,Commercial,Proposal,"NZD 6,667.86",False,Asia Pacific
006Q800000OgRcH,GBM Office - Muscat,Commercial,Commercial,Closed Won,"NZD 6,370.90",True,EMEA
006Q800000OgePq,Valley View Villa LTC,Healthcare,Healthcare,Proposal,"NZD 56,823.36",False,Canada
006Q800000OgeeM,Ridge Chatham Holdings - Gas Plant,Commercial,Industrial - Manufacturing,Proposal,"NZD 12,809.90",False,Canada
006Q800000Oggt3,Volvo Trucks Part 2 (Wieszowa),Heavy Industry,Heavy Industry,Closed Won,"NZD 9,247.20",True,EMEA
006Q800000OghAn,"GX Training - June 10th-12, June 24th-26th, July 8th-10th",Training,Training,Closed Won,,True,United States
006Q800000OghxC,Outreach First Building,Commercial,Commercial,Proposal,,False,United States
006Q800000OgkdK,4G Modem,Other,Other,Closed Won,NZD 444.55,True,United States
006Q800000OgmOz,Entry Station & VOIP,Commercial,Commercial,Closed Lost,,False,United States
006Q800000Ogn1h,AFx Enterprise Software Demo License,Training,Training,Closed Won,,True,Asia Pacific
006Q800000Ogogv,prt-wx-din,Commercial,Commercial,Closed Won,"NZD 1,099.94",True,United States
006Q800000OgpDB,WX CTRL,Commercial,Commercial,Closed Won,,True,United States
006Q800000Ogy8h,Evolve GX Facilitated Training Course 4-6 June,Training,Training,Closed Won,"NZD 2,495.85",True,Australia
006Q800000OgyBd,6 door GX kit,Commercial,Commercial,Closed Lost,"NZD 10,116.58",False,United States
006Q800000OgyDF,181 Wynford Dr - 327 ELT Keypads,Multi Family,Multi Family,Closed Lost,"NZD 80,931.58",False,Canada
006Q800000OgzSf,AlphaNZ_Office_Aidan,Other,Other,Closed Won,"NZD 1,333.47",True,New Zealand
006Q800000OhAhT,Evolve WX Training kit,Commercial,Commercial,Closed Won,"NZD 1,610.89",True,Australia
006Q800000Oi1qb,DC Alarms WX Training Kit,Training,Training,Closed Lost,"NZD 1,610.89",False,Australia
006Q800000OinTp,Add Doors,Commercial,Commercial,Closed Won,"NZD 1,058.89",True,Australia
006Q800000Ojm13,Bremerton Park,Multi Family,Multi Family,Decision,"NZD 11,670.00",False,United States
006Q800000OjrVN,Quote Request 4055 - 04.24.2025,Other,Other,Closed Won,"NZD 3,131.45",True,United States
006Q800000OjuBV,ProtegeGX Partner Training Pack,Training,Training,Proposal,,False,Canada
006Q800000Ojwrd,MF Keyfobs,Commercial,Commercial,Closed Won,"NZD 1,587.10",True,United States
006Q800000Ojx9N,Scheels Arena,Commercial,Entertainment - Sports & Recreation,Decision,"NZD 16,261.45",False,United States
006Q800000Ojya5,Harbor Palms Ct. - 04/24/2025,Multi Family,Multi Family,Closed Won,"NZD 2,918.09",True,United States
006Q800000OmMYH,Westminster Abbey - iSales Hardware,Government,Government,Closed Won,"NZD 3,195.00",True,EMEA
006Q800000Oml6s,Above & Beyond - 5 door system,Commercial,Commercial,Closed Lost,,False,United States
006Q800000OmnAH,Donald PO 1448,Commercial,Commercial,Closed Won,"NZD 13,916.95",True,United States
006Q800000OmoRJ,10 Doors,Commercial,Commercial,Proposal,"NZD 13,741.94",False,United States
006Q800000Omq6Y,100 tags,Commercial,Commercial,Closed Won,NZD 548.39,True,United States
006Q800000OmqZZ,The Margo- Gym Expansion & More,Multi Family,Multi Family,Closed Won,"NZD 8,908.26",True,United States
006Q800000On0kD,Kane 2dr 2 exp,Commercial,Commercial,Closed Won,NZD 856.60,True,United States
006Q800000OoEDF,Order 26/04.25,Multi Family,Multi Family,Closed Won,"NZD 19,398.51",True,Australia
006Q800000OpvGA,Quote for JN 5985,Commercial,Commercial,Closed Won,"NZD 1,530.91",True,Australia
006Q800000OrK9F,Derriford Hospital - 113 x TSEC-SMB-STD-B,Healthcare,Healthcare,Closed Won,"NZD 3,828.79",True,EMEA
006Q800000OrOeI,April Tags,Multi Family,Multi Family,Closed Won,NZD 396.77,True,United States
006Q800000OrUv0,West 42nd - 1 7/8 Strike Plates,Multi Family,Multi Family,Closed Lost,,False,Canada
006Q800000OrVfm,Eidos Fobs,Commercial,Commercial,Proposal,,False,United States
006Q800000Orc6A,Quote - Verum,Commercial,Commercial,Proposal,"NZD 7,307.85",False,United States
006Q800000OrdS1,DNR Lewiston,Commercial,Commercial,Closed Lost,,False,United States
006Q800000OreHe,Tenancy Portal,Multi Family,Multi Family,Proposal,,False,United States
006Q800000OrhU2,ProtegeGX Partner Training Pack,Multi Family,Multi Family,Closed Won,,True,Canada
006Q800000Orhx4,5251 Dundas St. Condos,Multi Family,Multi Family,Proposal,"NZD 50,085.10",False,Canada
006Q800000Oricz,ICT RS485 Cable,Commercial,Commercial,Closed Lost,"NZD 1,302.11",False,Canada
006Q800000OrjAr,Westwood Event - WX,Commercial,Commercial,Proposal,"NZD 4,895.92",False,United States
006Q800000OrjQz,Westwood Event - GX,Commercial,Commercial,Proposal,"NZD 8,271.99",False,United States
006Q800000OrkQH,ICT-485 Wire Quote,Commercial,Commercial,Closed Lost,"NZD 1,565.04",False,Canada
006Q800000Ormgb,7 reader switch,Commercial,Commercial,Closed Lost,"NZD 2,444.52",False,United States
006Q800000Orq98,ProtegeGX Partner Certification Training Pack,Training,Training,Closed Won,"NZD 6,414.95",True,Canada
006Q800000Ot04o,Professional Services,Other,Other,Closed Won,NZD 452.90,True,United States
006Q800000Ot0eH,Expansion Board,Commercial,Commercial,Proposal,"NZD 1,328.90",False,United States
006Q800000OtAk5,Esprit ProtegeGX Upgrade Project,Multi Family,Multi Family,Decision,"NZD 34,484.53",False,Canada
006Q800000OtDA5,Lawrence B - Upcoming Project - ICT Protege with Wireless Online Locks,Multi Family,Multi Family,Proposal,"NZD 6,044.09",False,Canada
006Q800000OtDhx,Access Control / Video Door Intercom,Commercial,Commercial,Proposal,"NZD 10,259.63",False,United States
006Q800000OtE69,Locks,Commercial,Commercial,Proposal,,False,United States
006Q800000OvoK2,GX Certification Kit,Commercial,Commercial,Closed Lost,"NZD 6,414.95",False,Canada
006Q800000OvxVO,4 Door DV,Commercial,Commercial,Closed Lost,,False,United States
006Q800000OvxyP,Duka Property - 510 and 411 Curran Mississauga,Multi Family,Multi Family,Closed Lost,"NZD 7,189.77",False,Canada
006Q800000Ovycj,PEC Storage Building,Other,Other,Closed Won,,True,United States
006Q800000OvzNV,Entry Station,Multi Family,Multi Family,Proposal,"NZD 15,106.68",False,Canada
006Q800000Ow0WT,950 GX Door Lic.,Commercial,Commercial,Proposal,,False,United States
006Q800000Ow1Vm,Tekmor Stocking Order,Commercial,Commercial,Closed Won,"NZD 1,325.61",True,Canada
006Q800000Ow2Bh,PFG Parts Quote,Retail,Retail,Proposal,"NZD 275,411.46",False,Canada
006Q800000Ow7L4,Tier 3 Lic.,Commercial,Commercial,Proposal,,False,United States
006Q800000OwDjp,GX controller,Commercial,Commercial,Closed Won,"NZD 2,007.10",True,United States
006Q800000OwsyM,Broadbent 1_5_25,Commercial,Commercial,Closed Lost,"NZD 4,482.35",False,Australia
006Q800000Oyo5m,WX - PAC Easikey Replacement,Commercial,Commercial,Closed Lost,"NZD 3,852.48",False,EMEA
006Q800000Oypmb,Islington Council - WX - iSales Hardware,Government,Government,Closed Won,"NZD 8,217.49",True,EMEA
006Q800000OyqIr,Islington Council - WX - Specials,Government,Government,Closed Won,NZD 531.26,True,EMEA
006Q800000OzFSY,Alarmtec Stocking Order - Oct 25,Commercial,Commercial,Closed Won,"NZD 33,683.27",True,EMEA
006Q800000OzN3X,Securitas Stocking Order - Dec 25,Commercial,Commercial,Closed Won,"NZD 44,228.64",True,EMEA
006Q800000OzNhq,Alarmtec Stocking Order - Dec 25,Commercial,Commercial,Closed Won,"NZD 98,679.94",True,EMEA
006Q800000OzO9F,Securitas Stocking Order - Oct 25,Commercial,Commercial,Closed Won,"NZD 43,809.88",True,EMEA
006Q800000OzOCT,Securitas Stocking Order - Nov 25,Commercial,Commercial,Closed Won,"NZD 63,943.71",True,EMEA
006Q800000OzOPN,Alarmtec Stocking Order - Aug 25,Commercial,Commercial,Closed Won,"NZD 69,062.49",True,EMEA
006Q800000OzOVp,Alarmtec Stocking Order - Sep 25,Commercial,Commercial,Closed Won,"NZD 58,867.55",True,EMEA
006Q800000OzOZ3,Alarmtec Stocking Order - Nov 25,Commercial,Commercial,Closed Won,"NZD 55,892.82",True,EMEA
006Q800000OzRWw,Lawrence B - Upcoming Project - Main Building EAC and Intercom,Multi Family,Multi Family,Proposal,"NZD 78,916.10",False,Canada
006Q800000OzRgb,Apperio,Commercial,Commercial,Proposal,"NZD 1,745.45",False,United States
006Q800000OzSkj,EN - 22,Commercial,Commercial,Proposal,NZD 409.35,False,United States
006Q800000OzUwD,CLD-LTE-HS-1GB - 05.05.2025,Other,Other,Closed Won,NZD 24.93,True,United States
006Q800000OzYJt,Friends of Ruby,Commercial,Commercial,Closed Lost,"NZD 9,370.35",False,Canada
006Q800000Ozbw5,PO: Stock43025,Other,Other,Closed Won,"NZD 16,899.35",True,United States
006Q800000OzeUA,WX Controller replacement,Commercial,Commercial,Closed Lost,"NZD 1,695.24",False,Australia
006Q800000Ozjon,WX/GX Training 2_5_25,Training,Training,Closed Won,"NZD 4,819.20",True,Australia
006Q800000OzkXx,Caroling Springs Admin 2_5_25,Commercial,Commercial,Proposal,"NZD 12,510.75",False,Australia
006Q800000P03tx,ADD Wireless Reeds and Repeater,Government,Government,Closed Lost,"NZD 1,047.72",False,Australia
006Q800000P0IHt,link Enterprise Solutions GX System,Commercial,Commercial,Closed Won,"NZD 31,322.09",True,Australia
006Q800000P0WRJ,Ara_GX Controller Test_Gavin,Banking & Finance,Banking & Finance,Closed Lost,NZD 784.47,False,New Zealand
006Q800000P0YT7,Meryll Avenue,Multi Family,Multi Family,Closed Lost,"NZD 14,871.62",False,Australia
006Q800000P0Yph,Multi-Building GX Solution,Commercial,Commercial,Closed Lost,"NZD 34,880.97",False,Australia
006Q800000P0hBR,Kobe GX Time & Attendance,Commercial,Commercial,Closed Lost,"NZD 2,215.83",False,Australia
006Q800000P0yoz,ICT ProtegeGX Access Control System for Pilot Project of  Multi-sites Customer (i3 Tech) (YEM),Commercial,Commercial,Proposal,"NZD 7,236.07",False,Asia Pacific
006Q800000P1mVd,Parking Garage Panic Buttons,Multi Family,Multi Family,Closed Lost,"NZD 3,894.54",False,Canada
006Q800000P1ryL,GX Expansion,Commercial,Commercial,Closed Lost,"NZD 1,302.40",False,Canada
006Q800000P1u3N,Conglom (Halifax),Other,Other,Closed Lost,"NZD 9,334.87",False,Canada
006Q800000P1uOL,YRDSB - Armadale PS,Education,Education,Closed Lost,"NZD 12,670.21",False,Canada
006Q800000P1uTB,YRDSB - Greensborough PS,Education,Education,Closed Lost,"NZD 10,385.09",False,Canada
006Q800000P1ujK,YRDSB - Unionville Meadows PS,Education,Education,Closed Lost,"NZD 11,377.67",False,Canada
006Q800000P1uoA,YRDSB - Keswick HS,Education,Education,Closed Won,"NZD 16,973.23",True,Canada
006Q800000P1v13,YRDSB - Windham Ridge PS,Education,Education,Closed Lost,"NZD 9,346.26",False,Canada
006Q800000P1xPR,YRDSB - Armadale PS (TSL-EXTRA-RK-HL),Education,Education,Closed Lost,NZD 344.12,False,Canada
006Q800000P1yjj,AOX Project,Commercial,Commercial,Closed Lost,"NZD 1,085.48",False,United States
006Q800000P20S9,APCU Quote - 05.02.2025,Education,Education,Closed Won,"NZD 15,398.32",True,United States
006Q800000P25Wf,Phinney,Commercial,Commercial,Discovery,"NZD 12,055.16",False,United States
006Q800000P25zh,5819 Building,Multi Family,Multi Family,New,,False,United States
006Q800000P26HT,Stock order May,Commercial,Commercial,Closed Won,"NZD 5,989.35",True,United States
006Q800000P2C0H,Executive Airport,Aviation,Aviation,Closed Won,"NZD 17,340.97",True,United States
006Q800000P4JDl,SDK Special,Commercial,Commercial,Closed Won,"NZD 2,685.87",True,Australia
006Q800000P4LnR,Ent Muster Report,Commercial,Commercial,Closed Won,"NZD 2,852.36",True,Australia
006Q800000P4XQP,1 Door Kit,Commercial,Commercial,Closed Lost,"NZD 1,530.11",False,Australia
006Q800000P4vUM,CTG - Head End Software,Government,Government,Closed Lost,"NZD 12,694.45",False,Australia
006Q800000P505p,Bonnell Aluminum (Site Code 11342),Heavy Industry,Heavy Industry,Closed Won,"NZD 1,052.42",True,United States
006Q800000P50gv,CTG - Site 4,Government,Government,Closed Lost,"NZD 10,801.52",False,Australia
006Q800000P51DB,CTG - Site 5,Government,Government,Closed Lost,"NZD 6,258.89",False,Australia
006Q800000P51xx,Tb1k,Commercial,Commercial,Closed Won,NZD 629.03,True,United States
006Q800000P52Ar,TSL Pricing,Commercial,Commercial,Closed Lost,"NZD 5,081.94",False,United States
006Q800000P59lp,429 Summerset - WX,Multi Family,Multi Family,Closed Lost,"NZD 30,416.62",False,Canada
006Q800000P5C3l,PRX-CLAM-MF Mifare,Commercial,Commercial,Closed Won,NZD 532.26,True,United States
006Q800000P5DRG,Arbutus - Three LH Mortise Lock Body - Replacements,Multi Family,Multi Family,Closed Won,NZD 807.72,True,Canada
006Q800000P5FBJ,315 Miwate,Multi Family,Multi Family,Proposal,"NZD 260,422.29",False,Canada
006Q800000P5FPp,VMI Williston,Commercial,Commercial,Closed Won,"NZD 15,018.77",True,United States
006Q800000P5H53,8D WX kit,Commercial,Commercial,Closed Won,"NZD 8,457.42",True,United States
006Q800000P5JBh,Broadway & Granville - 4 x Replacement Locks & Spare Parts,Multi Family,Multi Family,Closed Won,"NZD 2,988.35",True,Canada
006Q800000P5M37,Greene Sec_Remotes_Gavin,Commercial,Commercial,Closed Won,NZD 232.00,True,New Zealand
006Q800000P5QJn,CTG - Site 10,Government,Government,Closed Lost,"NZD 17,628.08",False,Australia
006Q800000P5S8X,CTG - Site 6,Government,Government,Closed Lost,"NZD 28,452.23",False,Australia
006Q800000P5UQZ,CTG - Site 12,Government,Government,Closed Lost,"NZD 4,184.97",False,Australia
006Q800000P5Y1F,ProtegeWX Access Control System for New NAIA Project in Philippines (i3 Tech) (YEM),Commercial,Commercial,Proposal,"NZD 1,017.49",False,Asia Pacific
006Q800000P5YaX,CTG - Site 7,Government,Government,Closed Lost,"NZD 2,093.52",False,Australia
006Q800000P5YvV,CTG - Site 8,Government,Government,Closed Lost,"NZD 32,830.90",False,Australia
006Q800000P5ZWh,CTG - Site 11,Government,Government,Closed Lost,"NZD 26,278.47",False,Australia
006Q800000P5bdG,Additional tSec Readers for Vietnam Military History Museum in Vietnam,Government,Government,Proposal,"NZD 1,230.06",False,Asia Pacific
006Q800000P5oNZ,Goolum Goolum Upgrade 6_5_25,Government,Government,Proposal,"NZD 41,189.03",False,Australia
006Q800000P6GtK,42 log Chagall,Multi Family,Multi Family,Closed Lost,"NZD 39,182.15",False,Canada
006Q800000P6LGI,Carolina Vascular - 05.06.2025,Healthcare,Healthcare,Proposal,"NZD 10,970.97",False,United States
006Q800000P6XXa,4 amp replacement PSU,Commercial,Commercial,Closed Won,"NZD 1,393.79",True,United States
006Q800000P6Y8f,WX Training Kit,Commercial,Commercial,Proposal,"NZD 3,163.73",False,United States
006Q800000P6Zkf,10 DVL,Commercial,Commercial,Proposal,"NZD 7,727.26",False,United States
006Q800000P6cVd,ICT-485 Wire Quote,Commercial,Commercial,Proposal,"NZD 1,565.04",False,Canada
006Q800000P6jiP,Martinspencer_4\454 Remuera Road_Martin,Multi Family,Multi Family,Closed Lost,"NZD 5,734.44",False,New Zealand
006Q800000P6xqD,Intellisys_HomeUpgrade_Des,Residential,Residential,Closed Won,"NZD 4,956.54",True,New Zealand
006Q800000P8kqV,JCI Cares QLD,Healthcare,Healthcare,Closed Lost,"NZD 16,464.19",False,Australia
006Q800000P9BVr,"Packaging Corporation of America (PCA) : PCA - Arlington, TX: Hexacomb",Heavy Industry,Heavy Industry,Proposal,"NZD 8,414.03",False,United States
006Q800000P9I2Z,"Packaging Corporation of America (PCA) : PCA - Salt Lake City, UT: North Warehouse",Heavy Industry,Heavy Industry,Closed Won,"NZD 7,288.55",True,United States
006Q800000P9Itl,Derriford Hospital - Derriford Store,Healthcare,Healthcare,Closed Won,"NZD 2,417.93",True,EMEA
006Q800000P9JRe,Waverly Parking Garage - 05.07.2025,Multi Family,Multi Family,Proposal,"NZD 2,107.74",False,United States
006Q800000P9KvZ,42 log Chagall Salto,Multi Family,Multi Family,Closed Lost,"NZD 32,191.70",False,Canada
006Q800000P9NlT,Reader,Commercial,Commercial,Closed Lost,NZD 584.90,False,United States
006Q800000P9OBB,EEAST Atlantic Square HR Room - 1 Door License,Healthcare,Healthcare,Closed Won,NZD 223.85,True,EMEA
006Q800000P9OCn,Demo Kit,Other,Other,Closed Lost,"NZD 2,571.61",False,United States
006Q800000P9PGw,"Packaging Corporation of America (PCA) : PCA - Mooresville, NC: Creative Design Center",Heavy Industry,Heavy Industry,Proposal,"NZD 6,158.23",False,United States
006Q800000P9PqP,"Packaging Corporation of America (PCA) : PCA - Roanoke, VA: Sheet Plant",Heavy Industry,Heavy Industry,Proposal,"NZD 14,927.85",False,United States
006Q800000P9QUj,200 x PRX-ISO-DF-EV3-2K,Commercial,Commercial,Closed Won,"NZD 2,621.74",True,EMEA
006Q800000P9QXy,Key Fobs - Diane,Commercial,Commercial,Closed Lost,NZD 420.97,False,United States
006Q800000P9Qks,4 Door Kit,Commercial,Commercial,Closed Lost,"NZD 3,029.23",False,United States
006Q800000P9RCH,photo,Commercial,Commercial,Closed Won,NZD 0.00,True,United States
006Q800000P9Rc5,429 Summerset - GX,Multi Family,Multi Family,Proposal,"NZD 35,699.76",False,Canada
006Q800000P9U26,Cloquet Area Fire Hall,Government,Government,Closed Lost,"NZD 30,824.19",False,United States
006Q800000P9UQH,"Packaging Corporation of America (PCA) : PCA - Tampa, FL",Heavy Industry,Heavy Industry,Proposal,"NZD 10,646.13",False,United States
006Q800000P9UdB,"Packaging Corporation of America (PCA) : PCA - Winter Haven, FL: Corrugator #394",Healthcare,Healthcare,Proposal,"NZD 5,447.42",False,United States
006Q800000P9Uq6,"Packaging Corporation of America (PCA) : PCA - Winter Haven, FL: Corrugator #394 - Site 2",Heavy Industry,Heavy Industry,Proposal,"NZD 20,708.23",False,United States
006Q800000P9ZRZ,GX Client,Commercial,Commercial,Proposal,NZD 979.89,False,United States
006Q800000P9a5t,Wheelhouse Plumbing,Commercial,Commercial,Proposal,"NZD 2,784.00",False,United States
006Q800000P9aXJ,Morris Admin Building,Commercial,Commercial,Proposal,"NZD 5,804.90",False,United States
006Q800000P9cSg,Catholic Elder Care - North,Healthcare,Healthcare,Proposal,"NZD 7,654.05",False,United States
006Q800000P9ehN,ISO Cards,Commercial,Commercial,Closed Lost,NZD 140.32,False,United States
006Q800000P9gcj,Catholic Elder Care - East,Healthcare,Healthcare,Proposal,"NZD 9,620.21",False,United States
006Q800000P9kbV,SecureU_Brad_wx,Commercial,Commercial,Closed Lost,"NZD 6,975.06",False,New Zealand
006Q800000P9oLs,Signal Services Demo GX,Multi Family,Multi Family,Proposal,"NZD 2,376.15",False,United States
006Q800000P9sUD,Mobile Credentials,Commercial,Commercial,Proposal,NZD 188.71,False,United States
006Q800000PA7GL,Apartment Enterprise Upgrade,Multi Family,Multi Family,Working,"NZD 23,473.34",False,Australia
006Q800000PABtR,Quotation for Ref: PJ25/0143,Commercial,Commercial,Closed Won,"NZD 1,817.69",True,Asia Pacific
006Q800000PBjhl,Museum Upgrade (WX),Government,Government,Closed Lost,"NZD 1,897.95",False,Australia
006Q800000PCAIA,Korea Embassy,Government,Government,Closed Lost,,False,Asia Pacific
006Q800000PCYab,Multi-Tech Tags,Commercial,Commercial,Closed Won,NZD 841.94,True,United States
006Q800000PCaNt,Stuart Glass,Commercial,Commercial,Proposal,"NZD 12,833.61",False,United States
006Q800000PCcRJ,Expansion Board - 050825,Commercial,Commercial,Proposal,NZD 664.45,False,United States
006Q800000PCdwt,Lubbuck Elevators,Commercial,Commercial,Closed Lost,"NZD 19,340.32",False,United States
006Q800000PCeuX,Zibi - Building 204 - 315 Miwate,Multi Family,Multi Family,Closed Lost,"NZD 225,945.43",False,Canada
006Q800000PCk0f,Aotea_Christchurch_Ofiice/carpark_Nathan,Commercial,Religious,Closed Lost,"NZD 40,956.82",False,New Zealand
006Q800000PCnWP,WX DEMO,Commercial,Commercial,Closed Lost,"NZD 8,990.65",False,United States
006Q800000PEVSA,4A Power Supplies,Commercial,Commercial,Closed Won,"NZD 2,765.24",True,Australia
006Q800000PFbFN,RS485 Wire,Other,Other,Closed Lost,"NZD 1,408.53",False,Canada
006Q800000PFceU,PRT-PSU-DIN-8A,Commercial,Commercial,Closed Won,"NZD 2,038.71",True,United States
006Q800000PFdx7,Blank tags,Commercial,Commercial,Closed Won,NZD 967.74,True,United States
006Q800000PFewP,MCR Trial,Commercial,Commercial,Closed Won,,True,United States
006Q800000PHage,Stock Order 12_5_25,Multi Family,Multi Family,Closed Won,"NZD 43,670.77",True,Australia
006Q800000PHn9D,Guild & Spence_Greytown_Ochards_Kaden,Commercial,Commercial,Closed Lost,"NZD 8,821.06",False,New Zealand
006Q800000PIMYL,Phill test,Commercial,Commercial,Closed Lost,,False,Australia
006Q800000PIvsf,ASGL_GX_Jacqueline,Commercial,Commercial,Closed Lost,"NZD 2,101.33",False,New Zealand
006Q800000PJSa5,Link Enterprise Solutions WX,Commercial,Commercial,Closed Won,NZD 883.97,True,Australia
006Q800000PJUtd,Stowe PSU & Card Readers,Commercial,Commercial,Closed Won,"NZD 1,658.96",True,Australia
006Q800000PJoab,Replacement PIN Reader and Cards,Commercial,Commercial,Closed Lost,NZD 836.31,False,Australia
006Q800000PK5Rn,10 Buildings,Commercial,Commercial,Closed Lost,"NZD 66,209.39",False,EMEA
006Q800000PKCOQ,Ultrastor,Retail,Retail,Closed Lost,"NZD 35,104.30",False,Canada
006Q800000PKL0I,50 MF Cards,Commercial,Commercial,Proposal,,False,United States
006Q800000PKNDO,Naborowski 5/5/25,Commercial,Commercial,Closed Lost,,False,United States
006Q800000PKPAM,Access Control Cards,Commercial,Commercial,Proposal,,False,United States
006Q800000PKRld,3 Door System,Commercial,Commercial,Closed Won,,True,United States
006Q800000PKSMj,BLC-Madonna Tower - KIT PIECES,Commercial,Commercial,Closed Lost,,False,United States
006Q800000PKSOM,PRX-ISO-DF-EV3-2K,Banking & Finance,Banking & Finance,Proposal,"NZD 4,122.58",False,United States
006Q800000PKSRa,Tier 3 Lic,Commercial,Commercial,Closed Lost,,False,United States
006Q800000PKTkD,Gun Club,Commercial,Commercial,Proposal,"NZD 9,701.94",False,Canada
006Q800000PKXkc,Baltimore Schools Fredrick,Education,Education,Proposal,"NZD 37,302.10",False,United States
006Q800000PKYK5,Cornwall Council - White River Enclosure Covers,Government,Government,Closed Won,NZD 223.26,True,EMEA
006Q800000PKYLi,Central State Hospital,Healthcare,Healthcare,Proposal,"NZD 3,617.05",False,United States
006Q800000PKYNJ,Eastern State Hospital,Healthcare,Healthcare,Proposal,"NZD 4,630.65",False,United States
006Q800000PKcig,PO: Evoke,Commercial,Commercial,Closed Won,"NZD 8,507.26",True,United States
006Q800000PKe9N,Apartment Complex MDB Takeover,Multi Family,Multi Family,Working,"NZD 160,137.58",False,United States
006Q800000PKyRR,Cobalt_GXtraining,Commercial,Commercial,Closed Won,"NZD 2,321.14",True,New Zealand
006Q800000PKzgr,Knox Readers & Creds 13_5_25,Multi Family,Multi Family,Closed Lost,"NZD 21,129.38",False,Australia
006Q800000PLVaH,PPSS_Tsec_David,Commercial,Commercial,Closed Lost,"NZD 3,009.45",False,New Zealand
006Q800000PLowK,A&J Communications Solar Farm Project,Government,Government,Closed Lost,"NZD 5,265.90",False,Australia
006Q800000PMNHJ,Reader Expander,Commercial,Commercial,Closed Won,"NZD 1,556.21",True,Australia
006Q800000PMVV0,Project MüPa 2/2 (rest),Government,Government,Closed Won,"NZD 71,571.13",True,EMEA
006Q800000PMWR3,Project MüPa 1/2 (POC),Government,Government,Closed Won,"NZD 5,764.70",True,EMEA
006Q800000PMZgf,DEMO equipment,Training,Training,Closed Won,"NZD 5,975.74",True,EMEA
006Q800000PMgjl,NABU/SBI - Stage 1,Government,Government,Closed Lost,"NZD 30,206.29",False,EMEA
006Q800000PMt13,Queens College - Aperio Licenses,Education,Education,Closed Won,NZD 427.66,True,EMEA
006Q800000PNS8T,Glass House Pet Gate,Commercial,Commercial,Proposal,,False,United States
006Q800000PNWLl,API,Commercial,Commercial,Closed Lost,"NZD 9,260.00",False,United States
006Q800000PNXph,Power supply and credentials,Commercial,Commercial,Closed Won,"NZD 3,719.68",True,United States
006Q800000PNd77,Data Link,Commercial,Commercial,Closed Lost,"NZD 31,010.97",False,United States
006Q800000PNdNF,Datalink 2,Commercial,Commercial,Closed Lost,"NZD 29,200.00",False,United States
006Q800000PNrYU,MF Transmitter Order,Multi Family,Multi Family,Closed Won,"NZD 3,348.29",True,Canada
006Q800000PO14c,KOZ AVIA,Commercial,Commercial,Proposal,"NZD 10,108.45",False,United States
006Q800000POBC1,New AFx Enterprise System Project,Commercial,Commercial,Closed Won,"NZD 3,994.26",True,Asia Pacific
006Q800000PODvN,Additional AFx Enterprise Hardware & Software Licenses for EY China,Banking & Finance,Banking & Finance,Closed Won,"NZD 2,760.33",True,Asia Pacific
006Q800000POXMD,Advent 12 creek street GX Door Licenses,Commercial,Commercial,Closed Won,"NZD 1,674.62",True,Australia
006Q800000POa0j,Stowe GX 480 Queen St,Commercial,Commercial,Closed Won,"NZD 2,477.76",True,Australia
006Q800000PQH22,Tõnismägi 5a Licenses,Government,Government,Closed Won,NZD 667.81,True,EMEA
006Q800000PQOpt,Atla Cards,Commercial,Commercial,Closed Won,,True,United States
006Q800000PQQTW,Global Security_Readers_Jazz,Commercial,Commercial,Closed Lost,"NZD 1,647.00",False,New Zealand
006Q800000PQSNF,Mobile Credentials,Commercial,Commercial,Closed Won,NZD 629.03,True,United States
006Q800000PQSiD,4 Door Kit Quote,Commercial,Commercial,Discovery,"NZD 3,703.06",False,United States
006Q800000PQUyX,2 button w/ Desfire,Commercial,Commercial,Closed Won,"NZD 13,580.65",True,United States
006Q800000PQVOL,Door Licenses - No Charge,Multi Family,Multi Family,Closed Won,"NZD 3,740.90",True,United States
006Q800000PQVhh,rear mount mortise lock,Multi Family,Multi Family,Closed Won,"NZD 7,896.20",True,Canada
006Q800000PQW7V,Higher College of Technology - UAE - Rev. 1,Education,Education,Closed Lost,"NZD 320,520.60",False,EMEA
006Q800000PQXoL,2 Readers,Commercial,Commercial,Closed Won,,True,United States
006Q800000PSHsL,Link Enterprise Solutions SOAP SDK,Commercial,Commercial,Closed Lost,"NZD 4,834.56",False,Australia
006Q800000PT2BJ,Janacek cultural center - Brno,Government,Government,Proposal,"NZD 81,483.29",False,EMEA
006Q800000PT3tm,450 Cards,Commercial,Commercial,Proposal,"NZD 2,525.81",False,United States
006Q800000PTC0z,GEM Westwood LTC,Healthcare,Healthcare,Proposal,"NZD 169,038.05",False,Canada
006Q800000PTCCI,Armour IP Receivers,Other,Other,Closed Won,"NZD 2,115.88",True,Canada
006Q800000PTCFX,Demo Kit,Training,Training,Closed Won,"NZD 1,845.93",True,Canada
006Q800000PTHrv,Demo Kit,Training,Training,Closed Lost,"NZD 2,900.09",False,United States
006Q800000PTJ5h,EXTRA KP BT,Commercial,Commercial,Proposal,,False,United States
006Q800000PTJGz,extra kp bt,Commercial,Commercial,Proposal,NZD 705.48,False,United States
006Q800000PTJgn,Summit Siteworks,Commercial,Commercial,Closed Won,"NZD 6,405.00",True,United States
006Q800000PTKHt,PRX-ISO-MF-HID-174,Banking & Finance,Banking & Finance,Closed Won,"NZD 4,538.71",True,United States
006Q800000PTMjV,WX Power supply quote WO# 221037,Multi Family,Multi Family,Closed Won,NZD 475.35,True,United States
006Q800000PTMun,Cartridge Mortise,Multi Family,Multi Family,Closed Lost,NZD 663.92,False,Canada
006Q800000PTN1F,WX Sim and Service,Government,Government,Closed Won,,True,United States
006Q800000PTOes,New GX License,Commercial,Commercial,Proposal,"NZD 8,662.37",False,Canada
006Q800000PTPcX,Dead bolt lock DEMO,Training,Training,Closed Won,NZD 472.53,True,Canada
006Q800000PTPe9,UOC Brain Repair - GX Server,Education,Education,Closed Won,"NZD 2,633.16",True,EMEA
006Q800000PTS0v,Engage Locks - Allegion,Commercial,Commercial,Closed Lost,,False,Canada
006Q800000PUehZ,Alarm Technologies GX Facilitated Course 4-6 June,Training,Training,Closed Lost,"NZD 1,247.92",False,Australia
006Q800000PV39h,A&J Communications NT 2 Door Expander,Commercial,Commercial,Closed Won,NZD 449.35,True,Australia
006Q800000PW1FW,Probst 5-15-25,Commercial,Commercial,Closed Lost,"NZD 10,303.98",False,United States
006Q800000PW3KX,Higher College of Technology - UAE-Software,Education,Education,Closed Lost,"NZD 161,974.18",False,EMEA
006Q800000PW3dt,Higher College of Technology - UAE-Software,Education,Education,Closed Lost,"NZD 159,052.77",False,EMEA
006Q800000PW54b,Higher College of Technology - UAE,Education,Education,Closed Lost,"NZD 644,699.84",False,EMEA
006Q800000PW6QT,2D WX Kit - Deesco Office,Training,Training,Closed Lost,"NZD 1,414.39",False,United States
006Q800000PWIMn,JCI Hershey Medical,Healthcare,Healthcare,Closed Won,"NZD 2,347.74",True,United States
006Q800000PWKzh,14 door expander,Commercial,Commercial,Working,"NZD 14,157.42",False,United States
006Q800000PWNJF,Wings Financial,Banking & Finance,Banking & Finance,Closed Lost,"NZD 2,672.42",False,United States
006Q800000PWNUX,Pierre Housing,Commercial,Residential,Proposal,"NZD 5,360.52",False,United States
006Q800000PWNZP,BLC Crookston - Schlage Wireless Locks,Healthcare,Healthcare,Closed Won,"NZD 9,474.19",True,United States
006Q800000PWOC5,Client License,Critical Infrastructure,Critical Infrastructure,Closed Lost,"NZD 4,275.87",False,United States
006Q800000PWQ0z,Redford Township Controller,Government,Government,Closed Lost,"NZD 1,204.26",False,United States
006Q800000PWQ95,498-Gavina,Commercial,Commercial,Closed Won,"NZD 4,121.29",True,United States
006Q800000PWSCU,2 door quote,Multi Family,Multi Family,Closed Lost,"NZD 4,841.03",False,United States
006Q800000PWUCf,PRX-ISO-MF,Commercial,Commercial,Closed Won,NZD 514.52,True,United States
006Q800000PWUvp,Remote with credential,Multi Family,Multi Family,Closed Won,"NZD 1,538.71",True,United States
006Q800000PYIDq,Stowe WX System,Commercial,Commercial,Closed Won,"NZD 2,073.58",True,Australia
006Q800000PYSQ5,Montessori Heidelberg 19_5_25,Education,Education,Closed Lost,"NZD 12,726.19",False,Australia
006Q800000PYWv8,GX-SOAP-SDK - Voltara,Government,Government,Closed Lost,"NZD 5,371.74",False,Australia
006Q800000PZ5w7,ESL Security Gov Housing,Government,Government,Closed Lost,"NZD 2,528.94",False,Australia
006Q800000PZUT3,WX Kit Samples 19_5_25,Commercial,Commercial,Closed Lost,"NZD 1,944.12",False,Australia
006Q800000PbJBl,Beavis Morgan Mobile Credentials,Banking & Finance,Banking & Finance,Closed Won,NZD 896.74,True,EMEA
006Q800000PbLof,Pasco Woods - Pool Gate,Multi Family,Multi Family,Proposal,"NZD 7,233.29",False,United States
006Q800000PbLyL,iSales Credentials,Commercial,Commercial,Closed Won,"NZD 12,149.02",True,EMEA
006Q800000PbM83,Orion,Multi Family,Multi Family,Closed Won,"NZD 4,154.52",True,United States
006Q800000PbPXJ,fox hills revised - finish and style 5 19 25,Multi Family,Multi Family,Proposal,,False,United States
006Q800000PbRio,Reader,Commercial,Commercial,Closed Won,NZD 394.19,True,United States
006Q800000PbTuH,WX- 4D,Commercial,Commercial,Closed Won,"NZD 11,816.77",True,United States
006Q800000PbnwP,Oxide Loop Gap Ridge Karratha,Commercial,Commercial,Closed Lost,"NZD 5,227.87",False,Australia
006Q800000PbtqL,SlyOnline TSL-STD-RK-HL,Commercial,Commercial,Closed Won,NZD 515.82,True,Australia
006Q800000PcckD,Mantrac_TSL_Pete,Commercial,Commercial,Closed Won,"NZD 6,643.00",True,New Zealand
006Q800000PeHTZ,Higher College of Technology - UAE-Software - NIT,Education,Education,Closed Won,"NZD 148,936.64",True,EMEA
006Q800000PeICj,Higher College of Technology - UAE - ICT - Ingram,Education,Education,Closed Won,"NZD 112,299.19",True,EMEA
006Q800000PeMOP,CWPT - St Michaels Hospital - 1 Door License,Healthcare,Healthcare,Closed Won,NZD 107.62,True,EMEA
006Q800000PeRG1,Higher College of Technology - UAE-Software- delete,Education,Education,Closed Lost,"NZD 169,835.76",False,EMEA
006Q800000PeVUv,Onsite Training,Other,Other,Closed Won,"NZD 9,629.03",True,United States
006Q800000PeX5J,Mifare Cards,Commercial,Commercial,Closed Lost,,False,United States
006Q800000PecGH,AL - 9651,Multi Family,Multi Family,Closed Won,NZD 8.48,True,United States
006Q800000PezPl,com4_Suprema_Dillon,Commercial,Commercial,Closed Won,,True,New Zealand
006Q800000PfZmb,BLA Sec Std Car Reader,Commercial,Commercial,Closed Won,NZD 152.76,True,Australia
006Q800000PfvLh,A&J Comms PSU 2Amp x 8,Government,Government,Closed Won,"NZD 2,463.83",True,Australia
006Q800000Pfw9i,Treasury On Collins 21_5_25,Commercial,Commercial,Closed Lost,"NZD 30,733.84",False,Australia
006Q800000PgEub,Whitehorse Takeover 21_5_25,Multi Family,Multi Family,Closed Lost,"NZD 16,425.51",False,Australia
006Q800000PhS7V,PO: 4267,Commercial,Commercial,Closed Won,"NZD 2,110.81",True,United States
006Q800000PhXaE,Triptych Takeover 22_5_25,Multi Family,Multi Family,Closed Lost,"NZD 8,004.77",False,Australia
006Q800000PhYEY,Par Security,Commercial,Commercial,Closed Won,"NZD 1,258.06",True,United States
006Q800000PhZFR,GX Level 1 Training,Commercial,Commercial,Closed Won,"NZD 3,618.68",True,EMEA
006Q800000Pha3S,Cedar Hill Regional - DC,Healthcare,Healthcare,Closed Lost,"NZD 2,891.61",False,United States
006Q800000Pha6f,GX Training June 24th-26th,Training,Training,Proposal,"NZD 3,225.81",False,United States
006Q800000PhcDJ,Black Diamond Holdings MacArthur way,Multi Family,Multi Family,Closed Lost,"NZD 28,145.03",False,United States
006Q800000PhcLP,Sunflower Medical Group,Healthcare,Healthcare,Closed Won,"NZD 7,766.45",True,United States
006Q800000PhdHR,10 Door,Commercial,Commercial,Closed Lost,"NZD 14,174.35",False,United States
006Q800000Phkag,Alamaeda Access Cards,Multi Family,Multi Family,Proposal,NZD 798.39,False,United States
006Q800000PhoRN,Ara_PSU_2A_Steve,Commercial,Commercial,Closed Won,"NZD 74,795.40",True,New Zealand
006Q800000Pjtuo,Malvern Hills Science Park - G-Prox II Cards,Commercial,Commercial,Closed Won,"NZD 1,389.13",True,EMEA
006Q800000PkN9h,50 x Tags,Commercial,Commercial,Closed Won,"NZD 1,369.57",True,EMEA
006Q800000PkYpt,Bosch St Neots - 200 x PRX-ISO-DF-EV3-2K,Commercial,Commercial,Closed Won,"NZD 2,621.74",True,EMEA
006Q800000Pkgx9,Crosstown - WL x 65,Multi Family,Multi Family,Closed Lost,"NZD 52,090.69",False,Canada
006Q800000PkhLJ,Quote 1,Commercial,Commercial,Proposal,"NZD 2,340.77",False,United States
006Q800000PkhTN,Quote 2,Commercial,Commercial,Proposal,"NZD 1,328.90",False,United States
006Q800000PkjgT,5 Door GX,Commercial,Commercial,Closed Lost,,False,United States
006Q800000Pkji6,Dawson Readers,Government,Government,Closed Won,"NZD 2,416.94",True,United States
006Q800000Pkjwb,Alcôve 1900 Curé-Labelle,Multi Family,Multi Family,Closed Lost,"NZD 92,239.75",False,Canada
006Q800000Pkk1R,Readers - Babcock,Commercial,Commercial,Closed Lost,"NZD 1,204.11",False,United States
006Q800000Pkugj,UW Credit Union,Banking & Finance,Banking & Finance,Closed Won,"NZD 10,016.07",True,United States
006Q800000PlOWk,Bulk Credentials & Encoding 23_5_25,Multi Family,Multi Family,Closed Lost,"NZD 14,731.45",False,Australia
006Q800000PlSFN,Tudor Vale Shopping Centre,Retail,Retail,Closed Lost,,False,Australia
006Q800000PlWu5,"Nambucca Valley Gumbaynigrr Keeping Place, Macksville",Retail,Retail,Closed Lost,,False,Australia
006Q800000PncFR,DRT - NEW OFFICE BUILDING,Transportation,Transportation,Closed Lost,"NZD 15,941.09",False,Canada
006Q800000Pnhv3,ISO Credentials,Commercial,Commercial,Closed Won,NZD 561.29,True,United States
006Q800000PoyvR,Vue Realty Group,Multi Family,Multi Family,Closed Lost,"NZD 8,715.97",False,United States
006Q800000PrpMC,Rabone Mylar Blank Panels,Commercial,Commercial,Closed Won,NZD 3.45,True,Australia
006Q800000Prx5B,JCI New GX Site,Commercial,Commercial,Closed Lost,"NZD 6,288.49",False,Australia
006Q800000Pt1OT,WX Proposal 26_5_25,Commercial,Commercial,Closed Won,"NZD 3,962.30",True,Australia
006Q800000PtI2j,Harry Winston in Taiwan,Retail,Retail,Closed Won,"NZD 2,087.27",True,Asia Pacific
006Q800000PtRqn,ICT RS485 Cable,Education,Education,Closed Lost,"NZD 1,565.04",False,Canada
006Q800000PtTXd,River District 29,Multi Family,Multi Family,Proposal,"NZD 116,176.33",False,Canada
006Q800000Ptg3R,West 42nd by Marcon - Phase #2,Multi Family,Multi Family,Proposal,"NZD 140,087.53",False,Canada
006Q800000Ptmbt,West 42nd by Marcon - Phase #2,Multi Family,Multi Family,Closed Lost,"NZD 175,109.41",False,Canada
006Q800000PtnjF,Elwood - 2 MDB & 2 Construction Cards - Show Room Locks,Multi Family,Multi Family,Closed Won,NZD 873.82,True,Canada
006Q800000PuhyL,Red Lightening CCTV Integration,Heavy Industry,Heavy Industry,Closed Won,NZD 292.00,True,Australia
006Q800000Pvhxu,Reader & Creds Upgrade 27_5_25,Multi Family,Multi Family,Closed Won,"NZD 19,164.31",True,Australia
006Q800000PwEqb,Intercom,Multi Family,Multi Family,Closed Lost,,False,Canada
006Q800000PwFxx,Entrepot Bedard,Commercial,Commercial,Closed Lost,"NZD 9,765.71",False,Canada
006Q800000PwOQ9,Compass Group,Commercial,Commercial,Closed Won,"NZD 3,855.90",True,Canada
006Q800000PwYNt,Woodward GX Upgrade,Healthcare,Healthcare,Proposal,"NZD 10,181.03",False,United States
006Q800000PwYUN,WX - 8D,Commercial,Commercial,Closed Won,"NZD 4,349.96",True,Canada
006Q800000PwZ73,Reader - Foss,Commercial,Commercial,Closed Lost,NZD 425.61,False,United States
006Q800000PwbSE,HRDM,Commercial,Commercial,Proposal,,False,United States
006Q800000Pwcg2,The RIV VOIP,Multi Family,Multi Family,Closed Won,,True,United States
006Q800000PwcmT,The RIV VOIP Annual,Multi Family,Multi Family,Closed Won,NZD 912.19,True,United States
006Q800000Pwdqb,Gorman Westside Commons,Multi Family,Multi Family,Closed Won,"NZD 23,845.16",True,United States
006Q800000PweQ5,DNR Itasca State Park South Entrance,Government,Government,Closed Won,"NZD 3,208.33",True,United States
006Q800000PwosT,Carecom Solutions Aged Care Upgrade,Healthcare,Healthcare,Closed Won,"NZD 7,215.18",True,Australia
006Q800000PwsOG,Ferrite Shields,Commercial,Commercial,Closed Won,NZD 50.44,True,Australia
006Q800000PxkTR,Reader Expander,Commercial,Commercial,Closed Won,NZD 499.27,True,Australia
006Q800000Pxz97,LIM SIANG HUAT NEW BUILDING in Singapore,Commercial,Commercial,Proposal,"NZD 31,442.24",False,Asia Pacific
006Q800000Pypdy,6x Trainings,Other,Other,Decision,"NZD 8,280.80",False,EMEA
006Q800000PzHok,Binghatti Mercedes - Kone Software,Residential,Residential,Closed Lost,"NZD 251,805.79",False,EMEA
006Q800000PzKmc,Credential Replenishment,Other,Other,Closed Won,"NZD 1,169.35",True,United States
006Q800000PzTMs,Single door controller,Commercial,Commercial,Closed Won,"NZD 1,505.81",True,United States
006Q800000PzU2n,Wireless deadbolt,Multi Family,Multi Family,Closed Lost,NZD 774.19,False,United States
006Q800000PzYmO,Manor on the Hill Door Add,Commercial,Commercial,Proposal,"NZD 1,129.27",False,United States
006Q800000Pzc8Q,TAG and Clam,Commercial,Commercial,Closed Won,"NZD 1,035.48",True,United States
006Q800000Pze5N,TSEC SMB STD,Commercial,Commercial,Proposal,NZD 48.17,False,United States
006Q800000PzfUU,Ford Dealership Project - Mission,Commercial,Commercial,Closed Won,"NZD 5,595.32",True,Canada
006Q800000Pzggf,DRT - NEW OFFICE BUILDING,Transportation,Transportation,Closed Lost,"NZD 15,818.82",False,Canada
006Q800000Pzggh,Alliance and Lynn county,Government,Government,Closed Won,"NZD 3,616.65",True,United States
006Q800000Pzmvl,BDR_Gates Opportunity_Dave Mcmahon,Commercial,Commercial,Closed Lost,"NZD 8,459.04",False,New Zealand
006Q800000PznIL,GX CLNT,Commercial,Commercial,Proposal,"NZD 2,137.94",False,United States
006Q800000PztXT,NRG_FOB changeover_Dan,Commercial,Commercial,Closed Won,"NZD 4,070.00",True,New Zealand
006Q800000Q0gl3,Inovonic Repeaters,Healthcare,Healthcare,Closed Won,"NZD 3,624.76",True,Australia
006Q800000Q0lET,AEMS TMR GX UPGRADE,Government,Government,Closed Won,"NZD 6,989.25",True,Australia
006Q800000Q24zr,Supply WX System Control & Monitoring Hardware Only for HDB Smart Water Pump System (Tanglin Halt C1 - 4 Blks),Government,Government,Proposal,"NZD 16,444.26",False,Asia Pacific
006Q800000Q299t,Supply WX System Control & Monitoring Hardware Only for HDB Smart Water Pump System (Project BJ - 4 Blks),Government,Government,Proposal,"NZD 16,444.26",False,Asia Pacific
006Q800000Q2R0L,Supply WX System Control & Monitoring Hardware Only for HDB Smart Water Pump System (Yishun N5 C9 & C10 - 9 Blks),Government,Government,Proposal,"NZD 36,929.03",False,Asia Pacific
006Q800000Q2Uav,Volvo - Wieszowa - software,Commercial,Commercial,Closed Won,"NZD 6,957.72",True,EMEA
006Q800000Q2etd,Fox Hill Phase 1 Partial 5 29 25,Multi Family,Multi Family,Proposal,,False,United States
006Q800000Q2ltV,BT Readers,Commercial,Commercial,Closed Won,NZD 0.00,True,United States
006Q800000Q2tUT,32 door kit,Commercial,Commercial,Closed Won,"NZD 73,092.26",True,United States
006Q800000Q2tav,Weld County HID Cards,Government,Government,Procurement,"NZD 5,835.48",False,United States
006Q800000Q2uQX,Demo/ test kit,Commercial,Commercial,Closed Lost,"NZD 1,048.39",False,United States
006Q800000Q2vlD,SDK Special 30_5_25,Commercial,Commercial,Closed Won,,True,Australia
006Q800000Q3b5h,Chubb_PalmerstonNorthHealth_Stephen,Healthcare,Healthcare,Closed Lost,"NZD 10,153.85",False,New Zealand
006Q800000Q3pjl,SOAP SDK 30_5_25,Commercial,Commercial,Closed Won,"NZD 2,685.87",True,Australia
006Q800000Q4g6X,NABU/SBI - Stage 2,Government,Government,Closed Lost,"NZD 64,145.21",False,EMEA
006Q800000Q4rtB,Additional SALTO Readers,Healthcare,Healthcare,Closed Won,NZD 681.60,True,Australia
006Q800000Q5Roc,Rear Mount Mortise,Multi Family,Multi Family,Closed Lost,"NZD 2,031.34",False,United States
006Q800000Q5Vyf,Volvo - Wieszowa - hardware,Commercial,Commercial,Closed Won,"NZD 13,699.86",True,EMEA
006Q800000Q5WJf,Austin Oaks - UHS,Healthcare,Healthcare,Closed Lost,"NZD 32,690.97",False,United States
006Q800000Q5WvH,Summit Oaks - UHS,Healthcare,Healthcare,Closed Won,"NZD 32,696.61",True,United States
006Q800000Q5bBF,DRT - NEW OFFICE BUILDING,Transportation,Transportation,Closed Won,"NZD 16,044.37",True,Canada
006Q800000Q5beI,Windmoor - UHS,Healthcare,Healthcare,Closed Won,"NZD 51,007.26",True,United States
006Q800000Q5cP3,West Oaks - UHS,Healthcare,Healthcare,Closed Lost,"NZD 37,211.77",False,United States
006Q800000Q5f4X,Denton - UHS,Healthcare,Healthcare,Closed Won,"NZD 14,883.23",True,United States
006Q800000Q5gqr,Wireless doors MDU,Multi Family,Multi Family,Closed Lost,"NZD 33,715.19",False,United States
006Q800000Q5gsT,San Antonio Project,Commercial,Commercial,Closed Lost,"NZD 30,054.35",False,United States
006Q800000Q5hAD,Bloor One West,Multi Family,Multi Family,Proposal,"NZD 557,001.13",False,Canada
006Q800000Q5lgr,WX 4 D,Commercial,Commercial,Proposal,"NZD 2,910.19",False,United States
006Q800000Q5m1q,Belmont Pines - UHS,Healthcare,Healthcare,Closed Won,"NZD 37,211.77",True,United States
006Q800000Q5mbJ,Kempsville - UHS,Healthcare,Healthcare,Closed Lost,"NZD 41,807.74",False,United States
006Q800000Q5mmb,Lincoln Trail - UHS,Healthcare,Healthcare,Closed Won,"NZD 37,798.87",True,United States
006Q800000Q5mt3,Poplar Springs - UHS,Healthcare,Healthcare,Closed Won,"NZD 24,077.74",True,United States
006Q800000Q5mzV,River Oaks - UHS,Healthcare,Healthcare,Closed Won,"NZD 58,362.26",True,United States
006Q800000Q5qGj,Controller Replacement,Other,Other,Closed Won,"NZD 1,089.84",True,United States
006Q800000Q5yNx,Wrist Bands,Commercial,Commercial,Closed Won,NZD 629.03,True,United States
006Q800000Q63CL,River District 29 - Wireless Locks,Multi Family,Multi Family,Proposal,"NZD 16,180.76",False,Canada
006Q800000Q9J68,Service NSW Stage 2 - 1,Government,Government,Closed Won,"NZD 352,844.03",True,Australia
006Q800000Q9PwH,GX Level 1 Training 2_6_25,Training,Training,Closed Won,"NZD 2,495.85",True,Australia
006Q800000Q9YEn,Service NSW Stage 2-2,Government,Government,Closed Lost,"NZD 28,898.28",False,Australia
006Q800000QBIvX,Almac - B15,Healthcare,Healthcare,Closed Won,"NZD 2,539.79",True,EMEA
006Q800000QBZzZ,Quesnel Women Housing Project,Multi Family,Multi Family,Proposal,"NZD 51,300.59",False,Canada
006Q800000QBjUH,GX,Multi Family,Multi Family,Closed Won,"NZD 54,360.84",True,Canada
006Q800000QBjcM,PRX-TAG-MF-B fobs,Commercial,Commercial,Closed Won,"NZD 1,190.32",True,United States
006Q800000QBleA,Engage Gateway,Commercial,Commercial,Proposal,"NZD 3,436.26",False,United States
006Q800000QC6aX,Tourello Gve 3_6_25,Residential,Residential,Closed Won,"NZD 2,526.47",True,Australia
006Q800000QDCVp,TSL-STD-RK-HL,Commercial,Commercial,Closed Won,NZD 427.72,True,Australia
006Q800000QEoxF,Armour IP Receivers,Training,Training,Closed Won,"NZD 2,115.88",True,Canada
006Q800000QEpdB,GRE Add On Kits & Controllers,Critical Infrastructure,Critical Infrastructure,Closed Won,"NZD 26,522.90",True,United States
006Q800000QEpwX,Stewart Glass Updated 6 3 25,Commercial,Commercial,Procurement,"NZD 19,481.42",False,United States
006Q800000QEq4c,Kevlar 1201 de la Montagne rear month Mortise,Multi Family,Multi Family,Closed Lost,"NZD 223,098.29",False,Canada
006Q800000QEyYP,Credential Custom Facility Code,Other,Other,Closed Won,NZD 404.52,True,United States
006Q800000QEyer,DRT - NEW OFFICE BUILDING,Transportation,Transportation,Closed Lost,"NZD 17,620.62",False,Canada
006Q800000QEzW5,Kevlar 1201 de la Montagne cartridge Mortise,Multi Family,Multi Family,Closed Lost,"NZD 223,098.29",False,Canada
006Q800000QF4CS,Mendota Big Rivers,Multi Family,Multi Family,Closed Won,"NZD 5,561.42",True,United States
006Q800000QF5wT,Sunrise Bank - Cards,Banking & Finance,Banking & Finance,Closed Won,"NZD 2,338.71",True,United States
006Q800000QF89Z,Verum - Kalon,Commercial,Commercial,Proposal,"NZD 22,354.11",False,United States
006Q800000QF8fq,West 42nd by Marcon - Building #1 - Replacement Lock,Multi Family,Multi Family,Closed Won,NZD 829.90,True,Canada
006Q800000QF8nt,Bayview apartments,Multi Family,Multi Family,Closed Won,"NZD 1,322.58",True,United States
006Q800000QF9nB,West 42nd St by Marcon - Building #1 - Replacement Lock,Multi Family,Multi Family,Closed Won,"NZD 170,130.00",True,Canada
006Q800000QFA89,Honor Health,Healthcare,Healthcare,Closed Lost,"NZD 27,266.13",False,United States
006Q800000QFRCD,Devsec WX to GX Upgrade,Commercial,Commercial,Closed Lost,"NZD 5,233.79",False,Australia
006Q800000QGUeH,Alexis IT_GX School 3_Steven,Education,Education,Closed Won,"NZD 11,639.61",True,New Zealand
006Q800000QI2MA,Garda for 1201 de la Montagne cartridge Mortise,Multi Family,Multi Family,Closed Lost,"NZD 198,366.52",False,Canada
006Q800000QI5VJ,Garda for 1201 de la Montagne rear mount Mortise,Multi Family,Multi Family,Closed Lost,"NZD 198,366.52",False,Canada
006Q800000QI5yL,St. Michaels Salto addon,Multi Family,Multi Family,Closed Won,"NZD 6,863.23",True,United States
006Q800000QI9CL,GX Training - Kevin Pouliot,Training,Training,Closed Won,,True,United States
006Q800000QICuz,2 button transmitter,Commercial,Commercial,Closed Won,"NZD 11,612.90",True,United States
006Q800000QIDPe,ProtegeGX Training Pack,Commercial,Commercial,Decision,"NZD 6,414.95",False,Canada
006Q800000QIHoD,GX Client Lic,Commercial,Commercial,Closed Won,"NZD 1,781.61",True,United States
006Q800000QIUjv,BLA GX Starter License,Commercial,Commercial,Closed Won,NZD 399.90,True,Australia
006Q800000QIhHF,WX and 2amp PS,Commercial,Commercial,Closed Lost,"NZD 1,075.37",False,Australia
006Q800000QItez,SecuriSure_Ashburton College_Shane,Education,Education,Closed Lost,"NZD 1,571.45",False,New Zealand
006Q800000QJKAX,Warradale Tennis Club,Commercial,Commercial,Closed Lost,"NZD 3,971.83",False,Australia
006Q800000QJSEZ,CHP_Avalon_Mike,Commercial,Commercial,Closed Lost,"NZD 11,853.24",False,New Zealand
006Q800000QLGZ5,Intrusion system offices and warehouses in a public compound,Commercial,Industrial - Logistics,Closed Won,"NZD 18,688.94",True,EMEA
006Q800000QLISo,Valleyview - WX,Healthcare,Healthcare,Closed Lost,"NZD 30,307.73",False,Canada
006Q800000QLJzy,Valleyview - GX,Healthcare,Healthcare,Closed Won,"NZD 34,734.96",True,Canada
006Q800000QLPVt,2 Door System,Education,Education,Closed Won,"NZD 8,973.87",True,United States
006Q800000QLSf3,Harry Winston 580 5th Ave,Commercial,Commercial,Proposal,"NZD 21,568.79",False,United States
006Q800000QLULt,tsec,Banking & Finance,Banking & Finance,Proposal,,False,United States
006Q800000QLdQn,Cambridge Uni Library - 2 x PRX-TSEC-EXTRA-KP-BT-B,Education,Education,Closed Won,"NZD 1,362.57",True,EMEA
006Q800000QM1WM,IRT Diment Towers,Healthcare,Healthcare,Closed Lost,,False,Australia
006Q800000QM1cn,Miles,Commercial,Commercial,Closed Won,"NZD 15,849.87",True,United States
006Q800000QM4sP,4 button remotes,Multi Family,Multi Family,Closed Won,"NZD 4,866.13",True,United States
006Q800000QMMPV,Duress Pendant,Commercial,Commercial,New,NZD 138.02,False,Australia
006Q800000QMPvG,MillenniumTech_Doors_Danie,Commercial,Commercial,Closed Won,"NZD 1,545.88",True,New Zealand
006Q800000QMVKj,Service NSW Stage 2-2,Government,Government,Closed Won,"NZD 32,109.20",True,Australia
006Q800000QMVnl,Service NSW Stage 2 - 1,Government,Government,Closed Lost,"NZD 392,048.92",False,Australia
006Q800000QMpjF,"L9, 32 Smith St & L16, 60 Station St, Parramatta",Commercial,Commercial,Closed Lost,,False,Australia
006Q800000QN9GX,EEAST Ipswich Hub - 1 Door License,Healthcare,Healthcare,Closed Won,NZD 107.62,True,EMEA
006Q800000QOPEP,Supply Only ProtegeGX System Equipment,Commercial,Commercial,Proposal,"NZD 7,137.62",False,Asia Pacific
006Q800000QOQvF,Expansion Board,Commercial,Commercial,Procurement,NZD 664.45,False,United States
006Q800000QOS2c,4 Door kit,Commercial,Commercial,Closed Won,"NZD 9,582.90",True,United States
006Q800000QOTOT,GX Training - July 1st-3rd,Training,Training,Proposal,"NZD 1,612.90",False,United States
006Q800000QOV8Y,Maison d'étudiants,Multi Family,Multi Family,Closed Lost,"NZD 26,106.87",False,Canada
006Q800000QOXlR,45 Dawson Street- Wyes Road - ICT,Multi Family,Multi Family,Closed Won,"NZD 77,571.52",True,Canada
006Q800000QOY1Z,Delano airport,Aviation,Aviation,Closed Lost,"NZD 8,896.21",False,United States
006Q800000QOYZT,Pier4 Reit - 70 York Street,Commercial,Commercial,Proposal,"NZD 3,059.67",False,Canada
006Q800000QOiFR,Moonlight Sonata-ACS-ICT,Multi Family,Multi Family,Proposal,"NZD 64,173.49",False,Canada
006Q800000QPXEm,45 Dawson Street- Wyes Road - Intercom,Multi Family,Multi Family,Closed Won,"NZD 8,080.98",True,Canada
006Q800000QPh1B,45 Dawson Street- Wyes Road - Salto,Multi Family,Multi Family,Closed Lost,"NZD 87,920.91",False,Canada
006Q800000QR1p3,Test,Healthcare,Healthcare,Proposal,,False,United States
006Q800000QS9xr,Up Spec_2 WX Upgrade_Bryce,Commercial,Commercial,Closed Lost,"NZD 4,126.92",False,New Zealand
006Q800000QT6B7,ProtegeGX Enterprise Muster Report for PTT - Khao Bo Ya in Thailand,Heavy Industry,Heavy Industry,Closed Lost,,False,Asia Pacific
006Q800000QU05F,"BNP Paribas Bank, Warsaw",Banking & Finance,Banking & Finance,Closed Lost,"NZD 35,736.12",False,EMEA
006Q800000QU8CU,Huntington WWTP,Commercial,Commercial,Procurement,"NZD 43,202.13",False,United States
006Q800000QUAmB,Antenna Quote,Other,Other,Closed Won,,True,Canada
006Q800000QUHhC,Kevlar 1201 de la Montagne cartridge Mortise,Multi Family,Multi Family,Closed Lost,"NZD 223,098.29",False,Canada
006Q800000QUHqr,Driscoll RGV Warehouse,Healthcare,Healthcare,Closed Won,"NZD 9,992.79",True,United States
006Q800000QUIOk,Bravis Mobile Credential,Commercial,Commercial,Closed Won,NZD 7.16,True,Australia
006Q800000QUTVR,Un-built kits,Government,Government,Closed Won,"NZD 23,576.45",True,United States
006Q800000QUthd,Red Ligthning Installations Mylar,Commercial,Commercial,Closed Won,NZD 69.10,True,Australia
006Q800000QWQzi,Secom GX Training,Training,Training,Closed Won,"NZD 1,247.92",True,Australia
006Q800000QWRXc,Supply Only ICT Protege System Equipment,Commercial,Commercial,Closed Won,"NZD 14,550.94",True,Asia Pacific
006Q800000QX4lp,Salto Integration + ICT Touchscreens,Multi Family,Multi Family,Closed Lost,"NZD 9,404.81",False,Canada
006Q800000QXBtm,Cuffman street Dead Bolt,Multi Family,Multi Family,Closed Lost,"NZD 29,373.67",False,Canada
006Q800000QXDE1,Product,Commercial,Commercial,Proposal,,False,United States
006Q800000QXDXN,Everon NC - Replacement Reader,Other,Other,Closed Won,NZD 205.32,True,United States
006Q800000QXFHR,Cuffman street rear mount mortise,Multi Family,Multi Family,Closed Lost,"NZD 46,885.13",False,Canada
006Q800000QXHuL,GX Training July 15th-17th,Training,Training,Closed Lost,,False,United States
006Q800000QXJbB,The Meridian dead bolt,Multi Family,Multi Family,Proposal,"NZD 210,246.35",False,Canada
006Q800000QXRiP,Ski Le Relais,Commercial,Commercial,Closed Lost,"NZD 6,136.33",False,Canada
006Q800000QXS6c,Focus Surveillance_BOIM Controllers_Matt,Commercial,Commercial,Closed Won,"NZD 9,280.57",True,New Zealand
006Q800000QXTsH,Power supplies,Commercial,Commercial,Closed Won,"NZD 2,654.84",True,United States
006Q800000QXkd0,GX re-build,Commercial,Commercial,Closed Won,NZD 964.02,True,United States
006Q800000QYOnJ,AEMS 50 x Door Licences,Commercial,Commercial,Closed Won,"NZD 1,299.68",True,Australia
006Q800000QYvbB,Sol & Dawn Reader upgrade,Multi Family,Multi Family,Closed Won,"NZD 5,476.92",True,Australia
006Q800000QZyww,SPO Tarnawa,Transportation,Transportation,Closed Lost,,False,EMEA
006Q800000QZzst,SPO Jordanowo Tunel,Transportation,Transportation,Closed Won,"NZD 2,689.21",True,EMEA
006Q800000Qa0c3,SPO Jordanowo,Transportation,Transportation,Closed Won,"NZD 5,397.89",True,EMEA
006Q800000Qa11q,"NCR ATLEOS - THE PARK, Warsaw",Commercial,Commercial,Closed Lost,"NZD 17,375.80",False,EMEA
006Q800000Qa2Z2,Ainsworth - G24 - RS485 Connectors,Healthcare,Healthcare,Closed Won,"NZD 4,635.37",True,Canada
006Q800000Qa3YH,SPO Tarnawa,Transportation,Transportation,Closed Won,"NZD 5,397.89",True,EMEA
006Q800000Qa3oP,SPO Tarnawa Tunel,Transportation,Transportation,Closed Won,"NZD 2,689.21",True,EMEA
006Q800000Qa4Cc,Ainsworth - G87 - GX Controllers,Healthcare,Healthcare,Closed Won,"NZD 8,664.88",True,Canada
006Q800000Qa4Nt,"Half Price, Polkowice",Retail,Retail,Working,"NZD 60,767.27",False,EMEA
006Q800000Qa4pJ,"Hotel sw.Wawrzynca, Poznan",Other,Other,Closed Lost,"NZD 82,255.19",False,EMEA
006Q800000Qa5Bt,sudan ISD Expander,Education,Education,Closed Won,"NZD 1,107.42",True,United States
006Q800000Qa5yH,Sad Rejonowy Katowice-Wschod,Government,Government,Closed Lost,"NZD 92,875.91",False,EMEA
006Q800000QaDsb,Lucy Cavendish College,Education,Education,Closed Won,"NZD 3,582.48",True,EMEA
006Q800000QaF21,Alcôve 1900 Curé-Labelle,Multi Family,Multi Family,Closed Lost,"NZD 92,239.75",False,Canada
006Q800000QaFuR,45 Dawson Street- Wyes Road - Elevator,Multi Family,Multi Family,Closed Won,"NZD 2,870.61",True,Canada
006Q800000QaKUK,Moffatts ICT Motorize Dead bolt,Multi Family,Multi Family,Proposal,"NZD 57,621.95",False,Canada
006Q800000QaKZ7,Thunder Bay Hospital - Verex Replacement/Upgrade,Healthcare,Healthcare,Closed Lost,,False,Canada
006Q800000QaMuH,Moffatts 2 ICT Cartridge Mortise lock,Multi Family,Multi Family,Proposal,"NZD 57,621.95",False,Canada
006Q800000QaT2v,Takeover project,Commercial,Commercial,Closed Won,"NZD 10,754.90",True,United States
006Q800000QdHy5,Verex Transition,Commercial,Commercial,Proposal,"NZD 14,481.52",False,Canada
006Q800000QdJn1,Fobs,Multi Family,Multi Family,Closed Won,"NZD 5,290.32",True,United States
006Q800000QdLVS,UOC Economics,Education,Education,Closed Won,"NZD 2,633.16",True,EMEA
006Q800000QdOEn,Wireless lock,Multi Family,Multi Family,Closed Lost,NZD 956.61,False,United States
006Q800000QdQEz,TSEC,Commercial,Commercial,Proposal,"NZD 4,838.95",False,United States
006Q800000QdQms,K&M Columbus,Commercial,Commercial,Proposal,"NZD 4,862.32",False,United States
006Q800000QdRNy,PO: 4532,Other,Other,Closed Won,NZD 661.29,True,United States
006Q800000QdS79,UOC department of Music,Education,Education,Closed Won,"NZD 2,633.16",True,EMEA
006Q800000QdSFB,EXTRA BT,Commercial,Commercial,Proposal,NZD 438.68,False,United States
006Q800000QdVEf,DRT - NEW OFFICE BUILDING,Transportation,Transportation,Closed Lost,"NZD 16,179.88",False,Canada
006Q800000QdXbR,Phi air Hospital,Healthcare,Healthcare,Closed Lost,"NZD 32,554.81",False,United States
006Q800000QdXl7,TSL Readers - 06.12.2025,Other,Other,Closed Won,"NZD 94,505.32",True,United States
006Q800000QeTPJ,labcubed_trainingkit_Lucas,Commercial,Commercial,Closed Lost,"NZD 1,326.47",False,New Zealand
006Q800000QgcZm,Reader Quote,Commercial,Commercial,Closed Won,NZD 923.42,True,United States
006Q800000Qgd62,credentials,Multi Family,Multi Family,Closed Won,NZD 330.65,True,United States
006Q800000QghHh,Cadbury Commons,Residential,Residential,Proposal,"NZD 14,001.94",False,United States
006Q800000QghpZ,Calvary Baptist Church,Commercial,Religious,Decision,"NZD 10,563.21",False,United States
006Q800000Qghxd,Kit pricing,Commercial,Commercial,Closed Lost,"NZD 16,914.19",False,United States
006Q800000Qgj1l,KIT pricing,Commercial,Commercial,Closed Won,"NZD 11,535.00",True,United States
006Q800000Qgj1n,GX Quote,Commercial,Commercial,Closed Lost,,False,United States
006Q800000QgoFx,GX Quote,Commercial,Commercial,Closed Lost,"NZD 9,698.74",False,United States
006Q800000QgqGA,Servitech,Commercial,Commercial,Proposal,"NZD 40,598.06",False,United States
006Q800000Qk0Xa,Fernwood SA 16_6_25,Healthcare,Healthcare,Closed Won,"NZD 2,410.99",True,Australia
006Q800000QlCWc,Northants Police Darby House - 1 x PRT-GX-DOR-1,Government,Government,Closed Won,NZD 107.62,True,EMEA
006Q800000QlZJV,Lindsay Transport,Transportation,Transportation,Closed Won,"NZD 6,533.16",True,Australia
006Q800000Qn9JK,2 Door System,Banking & Finance,Banking & Finance,Proposal,"NZD 2,571.61",False,United States
006Q800000QnAda,University Library Reading Room,Education,Education,Closed Won,NZD 933.77,True,EMEA
006Q800000QnCQr,Mustafa Qaddo Quote,Commercial,Commercial,Closed Won,"NZD 4,282.28",True,Canada
006Q800000QnDQA,5162/5168 Yonge STreet,Multi Family,Multi Family,Closed Won,"NZD 17,684.98",True,Canada
006Q800000QnFoY,GX controller,Commercial,Commercial,Closed Won,"NZD 2,179.68",True,United States
006Q800000QnJNV,Madison,Commercial,Commercial,Proposal,"NZD 27,728.90",False,United States
006Q800000QnLIr,DRT - NEW OFFICE BUILDING,Transportation,Transportation,Closed Lost,"NZD 12,943.91",False,Canada
006Q800000QnNvm,4A power supply,Commercial,Commercial,Closed Won,"NZD 1,327.42",True,United States
006Q800000QnSKL,Railroad Museum,Transportation,Transportation,Decision,"NZD 1,512.65",False,United States
006Q800000QnsbN,2A power supply,Commercial,Commercial,Closed Won,NZD 792.26,True,United States
006Q800000QoVxi,GX Training,Commercial,Commercial,Closed Lost,,False,Australia
006Q800000Qon5P,Sunken Monkey,Commercial,Commercial,Closed Lost,"NZD 2,957.26",False,Australia
006Q800000QpcSY,New AFx Enterprise System for DSI Govt. Project in Macau,Government,Government,Proposal,,False,Asia Pacific
006Q800000QqYOQ,PRX-ISO-MF,Commercial,Commercial,Proposal,"NZD 2,058.06",False,United States
006Q800000QqYZh,Bank of Asia  - Software,Commercial,Banking & Finance,Closed Won,"NZD 2,738.49",True,EMEA
006Q800000QqZXP,WX Demo License,Other,Other,Closed Won,NZD 672.26,True,United States
006Q800000QqhLG,Le Vertuo - GN,Multi Family,Multi Family,Closed Won,"NZD 85,615.24",True,Canada
006Q800000QqpkD,163 N3,Commercial,Commercial,Proposal,"NZD 9,898.26",False,United States
006Q800000Qqrdx,Seasons Mccraney,Multi Family,Multi Family,Proposal,"NZD 213,927.17",False,Canada
006Q800000QqtmD,Ian MacConnell - ICT Quote,Commercial,Commercial,Closed Won,"NZD 11,238.13",True,Canada
006Q800000QqutZ,1765-2nd Floor Summit Place,Commercial,Commercial,Proposal,"NZD 7,678.16",False,Canada
006Q800000Qqv3G,cards,Commercial,Commercial,Proposal,NZD 280.65,False,United States
006Q800000Qr2j3,United Power - Engage Gateway,Commercial,Commercial,Proposal,NZD 606.29,False,United States
006Q800000QrbqT,GE Security_ICT Upgrade_James,Commercial,Commercial,Closed Lost,"NZD 3,682.64",False,New Zealand
006Q800000QsOKv,Encoding Software - Insignia,Banking & Finance,Banking & Finance,Closed Lost,"NZD 2,188.53",False,Australia
006Q800000QtrPh,Auchan Extension 3.0,Retail,Retail,Closed Won,"NZD 8,939.15",True,EMEA
006Q800000QtyKj,ISO Cards,Commercial,Commercial,Proposal,NZD 561.29,False,United States
006Q800000Qu0sn,14 door quote,Commercial,Commercial,Closed Won,"NZD 19,467.42",True,United States
006Q800000Qu4Wc,James house,Commercial,Commercial,Closed Lost,"NZD 3,502.90",False,United States
006Q800000QuAc2,Gorman - Jade Apartments,Multi Family,Multi Family,Closed Won,"NZD 17,733.78",True,United States
006Q800000QuCab,PO 1st Ave Brooklyn,Commercial,Commercial,Proposal,NZD 683.23,False,United States
006Q800000QuDWf,Ewing Town Center Project,Commercial,Commercial,Proposal,"NZD 3,967.74",False,United States
006Q800000QuFIM,Gorman - Sugar Hill on Stone,Multi Family,Multi Family,Proposal,"NZD 28,103.23",False,United States
006Q800000QuFdJ,Metro,Commercial,Commercial,Proposal,"NZD 17,815.92",False,United States
006Q800000QuMlF,Gorman - SPO #1,Multi Family,Multi Family,Proposal,"NZD 48,967.74",False,United States
006Q800000QvBz3,Professional Services (Day Rate),Healthcare,Healthcare,Closed Lost,NZD 1.20,False,Australia
006Q800000QvV89,Scotch College - Controllers,Education,Education,Closed Won,NZD 663.66,True,Australia
006Q800000Qvp75,Blue HQ Aperio Licence,Commercial,Commercial,Closed Won,NZD 376.62,True,Australia
006Q800000QxAdt,Demo KIT,Other,Other,Closed Won,"NZD 2,174.50",True,EMEA
006Q800000QxBTW,UWO,Education,Education,Proposal,"NZD 20,472.18",False,Canada
006Q800000QxHIo,Gorman - Earle School,Multi Family,Multi Family,Closed Won,"NZD 23,294.07",True,United States
006Q800000QxIbS,UOC The Austin Wing - Licenses,Education,Education,Closed Won,"NZD 1,172.62",True,EMEA
006Q800000QxMNJ,1x PRT-PSU-DIN-2A & 1x PRT-HPX8-DIN,Commercial,Commercial,Closed Won,NZD 776.59,True,EMEA
006Q800000QxOFR,Gorman - JBS,Multi Family,Multi Family,Proposal,"NZD 40,451.61",False,United States
006Q800000QxPzX,North Risk Partners,Banking & Finance,Banking & Finance,Proposal,"NZD 4,880.81",False,United States
006Q800000QxRI9,Good Shepherd,Religious,Religious,Proposal,"NZD 8,329.38",False,United States
006Q800000QxTIL,18 door kit,Commercial,Commercial,Closed Won,"NZD 34,343.03",True,United States
006Q800000QxTjl,Entry Station,Multi Family,Multi Family,Closed Lost,,False,Canada
006Q800000QxVNN,Controller,Commercial,Commercial,Closed Lost,"NZD 1,011.87",False,United States
006Q800000QxltZ,SDK Special 20_6_25,Commercial,Commercial,Proposal,"NZD 2,148.69",False,Australia
006Q800000QxlvB,SDK Special 20_6_25,Commercial,Commercial,Closed Lost,,False,Australia
006Q800000QxmWH,Readers,Commercial,Commercial,Closed Won,"NZD 15,369.35",True,United States
006Q800000QzhQt,Quotation for Project Order 2  - Skyrise Tower 3 & 4,Commercial,Commercial,Closed Won,"NZD 32,199.11",True,Asia Pacific
006Q800000QzhVh,Quotation for Project Order 1 - Skyrise Tower 3 & 4,Commercial,Commercial,Closed Won,"NZD 4,601.37",True,Asia Pacific
006Q800000R0gnh,PRX-ISO-MF-BLANK,Healthcare,Healthcare,Closed Lost,NZD 370.97,False,United States
006Q800000R0iJF,Baltimore City Schools GX Door License,Education,Education,Proposal,"NZD 1,111.50",False,United States
006Q800000R0jFJ,Web Opr,Commercial,Commercial,Proposal,,False,United States
006Q800000R0jjx,card reader,Commercial,Commercial,Proposal,NZD 238.84,False,United States
006Q800000R0k3J,Suprema Biometric Reader,Commercial,Commercial,Proposal,NZD 0.00,False,United States
006Q800000R0vgH,DV Systems,Commercial,Commercial,Closed Won,"NZD 1,500.37",True,Canada
006Q800000R3Ibx,Test,Banking & Finance,Banking & Finance,Proposal,,False,United States
006Q800000R3m2K,WX Door Expansion.,Commercial,Commercial,Closed Won,"NZD 1,474.80",True,Australia
006Q800000R3nsq,Melton Toyota 23_6_25,Commercial,Commercial,Closed Won,"NZD 4,052.11",True,Australia
006Q800000R41As,Penrite Adds 23_6_25,Commercial,Commercial,Closed Won,"NZD 1,156.01",True,Australia
006Q800000R42V7,Melton Toyota 23_6_25,Commercial,Commercial,Closed Lost,,False,Australia
006Q800000R45Kw,Duress Buttons - Weigand,Commercial,Commercial,Closed Lost,"NZD 1,801.09",False,Australia
006Q800000R4ZUH,Waterford_Argosy_Shane,Commercial,Commercial,Closed Won,"NZD 13,251.65",True,New Zealand
006Q800000R5yaH,Quotation for AFx Express Controller,Commercial,Commercial,Closed Won,,True,Asia Pacific
006Q800000R6ESB,ICT ProtegeGX Training/Demo Kit and Tech Training Course (Web Based),Training,Training,Closed Lost,"NZD 2,749.74",False,Asia Pacific
006Q800000R71pS,Derriford hospital  Cath labs 1 & 2,Healthcare,Healthcare,Closed Won,"NZD 8,035.57",True,EMEA
006Q800000R75DA,18 Harrison Garden Gate,Multi Family,Multi Family,Proposal,"NZD 22,160.54",False,Canada
006Q800000R76E1,Fox Hill ADDS 6 23 25,Multi Family,Multi Family,Proposal,"NZD 7,018.84",False,United States
006Q800000R7NoL,NTN Bearing Corp,Commercial,Commercial,Proposal,"NZD 12,990.23",False,Canada
006Q800000R7X69,Ft Recovery Police Dept.,Government,Government,Proposal,"NZD 8,755.42",False,United States
006Q800000R7Y2E,5th and Elm,Government,Government,Closed Won,"NZD 38,658.39",True,United States
006Q800000R7oJt,AEMS Battery Cables,Commercial,Commercial,Closed Won,NZD 15.91,True,Australia
006Q800000R7vI9,Brentwood Park 24_6_25,Commercial,Commercial,Closed Lost,"NZD 3,271.67",False,Australia
006Q800000R8kR7,Tennis Australia Cards,Commercial,Commercial,Closed Won,NZD 552.30,True,Australia
006Q800000R96Ej,ICT ProtegeGX Training/Demo Kit and Tech Training Course (Web Based) (Bastion Systems) (YEM),Training,Training,Proposal,"NZD 3,269.06",False,Asia Pacific
006Q800000R9BEP,USS_Helicopter_Glen,Commercial,Commercial,Closed Lost,"NZD 3,387.33",False,New Zealand
006Q800000R9DXx,ICT ProtegeGX Training/Demo Kit and Tech Training Course (Web Based),Training,Training,Proposal,,False,Asia Pacific
006Q800000RAuSo,Ft Recovery Water Dept.,Government,Government,Proposal,"NZD 2,803.55",False,United States
006Q800000RAwso,G4S - Power Supply,Education,Education,Closed Lost,"NZD 208,690.32",False,EMEA
006Q800000RB0oL,Ft Recovery Pavilion,Government,Government,Proposal,"NZD 2,812.80",False,United States
006Q800000RB45Z,U of W - RDM/TSL,Education,Education,Closed Lost,"NZD 3,795.78",False,Canada
006Q800000RBGgD,"St. John's Ambulance, Alberta",Healthcare,Healthcare,Proposal,"NZD 3,762.04",False,Canada
006Q800000RBIi1,Hospice Niagara,Healthcare,Healthcare,Proposal,"NZD 21,438.40",False,Canada
006Q800000RBLT0,Revenue Mobile,Commercial,Commercial,Closed Won,NZD 69.19,True,United States
006Q800000RBOFa,Weld County Grounds,Government,Government,Proposal,"NZD 4,491.44",False,United States
006Q800000RBTWz,Qcomm_WX_Stu,Commercial,Commercial,Closed Lost,"NZD 3,431.92",False,New Zealand
006Q800000RBTf3,Keywatcher,Commercial,Commercial,Proposal,"NZD 13,325.26",False,United States
006Q800000RBVlh,Fobs,Commercial,Commercial,Procurement,NZD 198.39,False,United States
006Q800000RBYDJ,ADT_ArmorIP_Phillip,Commercial,Commercial,Closed Lost,NZD 963.31,False,New Zealand
006Q800000RBYWf,Vandal Covers 25_6_25,Commercial,Commercial,Proposal,"NZD 14,554.75",False,Australia
006Q800000RBZsX,3 door kit,Commercial,Commercial,Closed Won,"NZD 7,122.26",True,United States
006Q800000RBaOo,Focus_hospital_Matt,Healthcare,Healthcare,Closed Won,"NZD 71,903.73",True,New Zealand
006Q800000RCCU5,Supply Only ICT Mifare Cards (Facility Code 956),Commercial,Commercial,Closed Won,,True,Asia Pacific
006Q800000RCDWb,Duress Buttons - Inovonics,Commercial,Commercial,Closed Lost,"NZD 2,961.91",False,Australia
006Q800000RCKwI,Focus_hospital_Matt,Healthcare,Healthcare,Closed Won,"NZD 71,903.73",True,New Zealand
006Q800000RCUik,RSS_WXtraining_Richard,Training,Training,Closed Lost,"NZD 1,326.47",False,New Zealand
006Q800000REbGI,UHS Q3 - Bulk Order,Healthcare,Healthcare,Closed Won,"NZD 683,354.84",True,United States
006Q800000REm0P,National Bank Of Kuwait - 	200 x PRX-ISO-MF,Banking & Finance,Banking & Finance,Closed Won,NZD 986.96,True,EMEA
006Q800000REtZl,2 Door Kit,Commercial,Commercial,Closed Lost,"NZD 1,542.97",False,United States
006Q800000REyRN,GX Training - July 1st-3rd,Commercial,Commercial,Closed Won,NZD 0.00,True,United States
006Q800000RF06c,Lakeview DXE Club,Multi Family,Multi Family,Proposal,"NZD 39,925.30",False,Canada
006Q800000RF0Zf,The Vue,Multi Family,Multi Family,Closed Won,"NZD 4,700.62",True,Australia
006Q800000RH5Gf,Upgrade SALTO Mullion Readers to PIN Readers,Healthcare,Healthcare,Closed Lost,"NZD 11,720.13",False,Australia
006Q800000RHZrR,Access Control Project in Vietnam,Commercial,Commercial,Closed Won,,True,Asia Pacific
006Q800000RHb6s,New AFx Enterprise System for Commercial Project in China,Commercial,Commercial,Proposal,"NZD 7,083.82",False,Asia Pacific
006Q800000RIT0n,50 door license,Commercial,Commercial,Closed Won,"NZD 2,470.00",True,United States
006Q800000RIcLq,VRC,Healthcare,Healthcare,Proposal,,False,United States
006Q800000RIqbp,St Kilda Rd 27_6_25,Multi Family,Multi Family,Closed Lost,,False,Australia
006Q800000RJNm9,Prixcar Darwin,Commercial,Commercial,Closed Won,"NZD 2,529.03",True,Australia
006Q800000RK0XO,Lawrence & Hanson 27_6_25,Commercial,Commercial,Closed Won,"NZD 18,117.36",True,Australia
006Q800000RLTdn,12820 Hemphill ISD,Government,Government,Closed Won,"NZD 1,721.76",True,United States
006Q800000RLeVy,12682 Reagan Co,Government,Government,Closed Won,"NZD 9,307.31",True,United States
006Q800000RLjKL,Medres,Commercial,Commercial,Closed Won,"NZD 16,060.77",True,EMEA
006Q800000RLmy9,12732 Hemphill ISD,Education,Education,Closed Won,"NZD 2,314.52",True,United States
006Q800000RLn6D,12721 Hale Center ISD,Education,Education,Closed Won,"NZD 1,781.61",True,United States
006Q800000RLnB4,12119 Llano ISD,Education,Education,Closed Won,"NZD 35,841.94",True,United States
006Q800000RLnNx,12062 Terry Courthouse,Government,Government,Closed Won,"NZD 2,156.81",True,United States
006Q800000RLnXd,12779 Rains ISD,Government,Government,Closed Won,"NZD 3,415.65",True,United States
006Q800000RLnuD,12526 Yoakum Courthouse,Government,Government,Closed Won,"NZD 2,355.24",True,United States
006Q800000RLoGn,12814 City of Fort Stockton,Government,Government,Closed Won,"NZD 2,677.06",True,United States
006Q800000RLof0,1190 Barrington St.,Multi Family,Multi Family,Proposal,"NZD 15,380.61",False,Canada
006Q800000RLq8w,Everon NC - Replacement Reader,Other,Other,Closed Won,NZD 367.10,True,United States
006Q800000RLrY2,GX 150,Multi Family,Multi Family,Proposal,"NZD 4,446.00",False,United States
006Q800000RLsCL,Ravin Crossbows,Commercial,Commercial,Closed Lost,"NZD 4,429.52",False,United States
006Q800000RLtmk,Parts,Commercial,Commercial,Proposal,"NZD 22,893.48",False,United States
006Q800000RLuSg,Congressional CC Maintenance and Staff Housing,Commercial,Residential,Proposal,"NZD 26,420.65",False,United States
006Q800000RLwHZ,4 Doors 20 users,Commercial,Commercial,Proposal,"NZD 3,944.90",False,United States
006Q800000RLwiz,GX 50,Multi Family,Multi Family,Proposal,"NZD 1,482.00",False,United States
006Q800000RLxNJ,extra,Banking & Finance,Banking & Finance,Proposal,NZD 542.26,False,United States
006Q800000ROIqf,Tarnix _TSLpricing_Chris,Commercial,Commercial,Closed Lost,NZD 674.10,False,New Zealand
006Q800000RONDd,Pac Security WX System,Commercial,Commercial,Closed Lost,"NZD 4,890.18",False,Australia
006Q800000ROQt3,GX Training,Commercial,Commercial,Closed Won,"NZD 2,920.17",True,Australia
006Q800000RP0jd,Reader Pricing - Wes,Commercial,Commercial,Closed Lost,,False,Australia
006Q800000RPCPq,GX Training Course 13-14th August 2025,Commercial,Commercial,Closed Won,"NZD 3,369.40",True,Australia
006Q800000RPEjN,COMZ_Remotes_Milos,Commercial,Commercial,Closed Lost,"NZD 5,659.12",False,New Zealand
006Q800000RPM7R,GX Training Course 13-14th August 2025,Commercial,Commercial,Closed Lost,"NZD 3,369.40",False,Australia
006Q800000RQCKX,Cannabis Processing Centre Cairns,Government,Government,Closed Won,"NZD 21,595.93",True,Australia
006Q800000RRa9V,Islington Council - 1 x PRT-GX-DOR-10,Government,Government,Closed Won,NZD 553.80,True,EMEA
006Q800000RRvcE,WX New Opp,Commercial,Commercial,Proposal,"NZD 8,999.42",False,United States
006Q800000RRyIH,HCT - Add. 1,Education,Education,Closed Won,"NZD 200,543.04",True,EMEA
006Q800000RRzCj,Wittenburg Quote,Education,Education,Closed Won,"NZD 2,931.90",True,United States
006Q800000RS0aE,Episcopal,Education,Education,Closed Won,"NZD 26,761.74",True,United States
006Q800000RS1Xt,GX New Opp,Commercial,Commercial,Proposal,"NZD 12,376.65",False,United States
006Q800000RS4SX,Pro Service,Commercial,Commercial,Proposal,,False,United States
006Q800000RS5Ev,HW 718 5th Ave updated 6 30 25,Commercial,Commercial,Proposal,"NZD 9,819.87",False,United States
006Q800000RS7v3,27 Doors,Commercial,Commercial,Proposal,"NZD 23,771.81",False,United States
006Q800000RS8Sv,211 Building Detroit,Commercial,Commercial,Proposal,"NZD 8,344.84",False,United States
006Q800000RS8j3,2 door panel,Commercial,Commercial,Proposal,"NZD 1,751.54",False,United States
006Q800000RS9on,input expander,Commercial,Commercial,Proposal,"NZD 1,570.26",False,United States
006Q800000RSABN,Esquimalt Project - TSL-EXTRA-RR-HL,Multi Family,Multi Family,Closed Won,,True,Canada
006Q800000RSBAf,WX 2 Door Kit,Commercial,Commercial,Proposal,"NZD 1,542.97",False,United States
006Q800000RSBgv,Demo/ test kit option 2,Commercial,Commercial,Closed Lost,"NZD 5,109.68",False,United States
006Q800000RSC1t,Massey College Dorm w/Allegion,Education,Education,Closed Lost,"NZD 10,013.91",False,Canada
006Q800000RSCMr,2 Expanders,Government,Government,Closed Won,"NZD 2,214.84",True,United States
006Q800000RSCeb,Demo/ test kit option 3,Commercial,Commercial,Closed Lost,"NZD 6,419.03",False,United States
006Q800000RSCgD,Alliance Credit Union expander,Government,Government,Closed Won,"NZD 1,107.42",True,United States
006Q800000RSEuv,Klahanie Strata Complex - MF to DF,Multi Family,Multi Family,Closed Won,"NZD 85,332.77",True,Canada
006Q800000RSRSL,WX add-on,Residential,Residential,Closed Won,"NZD 3,360.55",True,United States
006Q800000RSyjF,Security_NZ_WXClub_Renata,Commercial,Commercial,Closed Lost,,False,New Zealand
006Q800000RSzyh,RossGalt_Training_Ahna,Commercial,Commercial,Closed Lost,"NZD 3,250.18",False,New Zealand
006Q800000RT9l7,Reagan County,Government,Government,Closed Won,"NZD 35,250.76",True,United States
006Q800000RTDjt,datacom_cables_Dougall,Commercial,Commercial,Closed Lost,NZD 48.50,False,New Zealand
006Q800000RTPWY,Red Wolf_WX_Reck,Commercial,Commercial,Closed Lost,"NZD 7,352.13",False,New Zealand
006Q800000RUFRt,GX Training Aug 6-8,Training,Training,Closed Won,"NZD 2,336.12",True,Australia
006Q800000RUTQ1,Brighton 1_7_25,Commercial,Commercial,Closed Won,"NZD 11,376.92",True,Australia
006Q800000RVwHt,HCT - Suprema,Education,Education,Closed Won,"NZD 82,714.43",True,EMEA
006Q800000RW0uz,iSales 2025 MOQ Pricing,Commercial,Commercial,Closed Won,"NZD 74,597.57",True,EMEA
006Q800000RW5WU,3X CTRL,Commercial,Commercial,Proposal,"NZD 4,080.37",False,United States
006Q800000RW93p,Meyer Inc.,Commercial,Commercial,Proposal,"NZD 33,917.02",False,United States
006Q800000RWCOH,GX DOR license Redford,Government,Government,Proposal,NZD 807.97,False,United States
006Q800000RWCxl,GX Training,Government,Government,Procurement,NZD 0.00,False,United States
006Q800000RWDDt,Demo Kit For Training,Training,Training,Closed Won,"NZD 1,537.25",True,United States
006Q800000RWDx3,Pool Area,Multi Family,Multi Family,Closed Won,"NZD 2,066.68",True,United States
006Q800000RWZW9,Chubb_Training_Rafi,Training,Training,Closed Won,"NZD 12,069.95",True,New Zealand
006Q800000RWghJ,SecurityNZ_SCH_Bo,Commercial,Commercial,Closed Lost,"NZD 16,057.00",False,New Zealand
006Q800000RXAHB,Reader Costing,Commercial,Commercial,Closed Won,NZD 339.05,True,Australia
006Q800000RXE33,Redwolf_Upgrade_Riaan,Commercial,Commercial,Closed Lost,"NZD 16,057.00",False,New Zealand
006Q800000RXmfp,GX Quotation 2.7.25,Commercial,Commercial,Closed Won,"NZD 2,343.02",True,Australia
006Q800000RZHjB,UOC Geography - Client License,Education,Education,Closed Won,NZD 924.46,True,EMEA
006Q800000RZePf,Mini Reader,Multi Family,Multi Family,Procurement,NZD 534.83,False,United States
006Q800000RZh7P,Pine & Glen - Cartridge Mortise Locks - No Deadbolt,Multi Family,Multi Family,Proposal,"NZD 48,080.49",False,Canada
006Q800000RZprJ,MIParts,Commercial,Commercial,Proposal,"NZD 19,768.10",False,United States
006Q800000RZvNF,Pine & Glen ProtegeGX Project,Multi Family,Multi Family,Proposal,"NZD 213,720.75",False,Canada
006Q800000RZvTh,Westerra CU -- Door Adds,Banking & Finance,Banking & Finance,Procurement,"NZD 5,229.02",False,United States
006Q800000RZy8Z,Chubb_SCH_Stephen,Commercial,Commercial,Closed Lost,"NZD 16,057.00",False,New Zealand
006Q800000Ra20h,Chubb_WXupgrade_Phillip,Commercial,Commercial,Closed Lost,"NZD 1,997.04",False,New Zealand
006Q800000RbRXy,TSL-Pricing,Commercial,Commercial,Closed Lost,,False,New Zealand
006Q800000Rcg58,Quotation for Stock Items,Commercial,Commercial,Closed Won,"NZD 3,845.82",True,Asia Pacific
006Q800000RdijB,Rhenus - 200 x PRX-ISO-DF-EV3-2K,Transportation,Transportation,Closed Lost,"NZD 2,723.91",False,EMEA
006Q800000Rdm8T,Fobs,Multi Family,Multi Family,Closed Won,NZD 687.90,True,United States
006Q800000RdoJx,YCC76,Multi Family,Multi Family,Closed Won,"NZD 52,703.57",True,Canada
006Q800000Rdsc5,Western University,Education,Education,Proposal,"NZD 5,822.66",False,Canada
006Q800000Re2A1,Grove St - Building A - Base Building,Multi Family,Multi Family,Proposal,"NZD 81,909.01",False,Canada
006Q800000Re39J,Grove St - Building A - Wireless Locks,Multi Family,Multi Family,Proposal,"NZD 114,260.49",False,Canada
006Q800000Re3MD,Grove St - Building B - Base Building,Multi Family,Multi Family,Proposal,"NZD 48,192.30",False,Canada
006Q800000Re5UT,Grove St - Building B - Wireless Locks,Multi Family,Multi Family,Proposal,"NZD 100,677.07",False,Canada
006Q800000Re6or,Redwolf_WX_Reck,Commercial,Commercial,Closed Lost,"NZD 7,826.98",False,New Zealand
006Q800000ReIWY,Amica - Avenue - WX?,Multi Family,Multi Family,Closed Lost,"NZD 9,362.37",False,Canada
006Q800000ReMtV,Amica - Avenue - GX,Multi Family,Multi Family,Closed Won,"NZD 13,166.68",True,Canada
006Q800000ReeX3,Thunder Bay Hospital,Healthcare,Healthcare,Proposal,"NZD 196,395.58",False,Canada
006Q800000RhenR,UOC Quayside - Server,Education,Education,Closed Won,"NZD 2,738.49",True,EMEA
006Q800000Rhrnu,GX - 23 Doors,Commercial,Commercial,Proposal,"NZD 27,755.10",False,Canada
006Q800000Rhtph,ICT WX Kit Project - Wesbell Technologies - Burnaby,Commercial,Commercial,Proposal,"NZD 5,472.42",False,Canada
006Q800000RhyPb,Two Tower Project - ICT Cartridge Mortise Locks - Suite Option,Multi Family,Multi Family,Proposal,"NZD 134,645.12",False,Canada
006Q800000Rhzez,Two Tower Project,Multi Family,Multi Family,Proposal,"NZD 262,874.04",False,Canada
006Q800000Rikcg,Samail Hospital - without Lift,Healthcare,Healthcare,Closed Lost,NZD 0.00,False,EMEA
006Q800000RioET,Samail Hospital - Without Lift,Healthcare,Healthcare,Closed Lost,NZD 0.00,False,EMEA
006Q800000Rkk0H,Additional Equip for Harry Winston Project in Taiwan,Retail,Retail,Closed Won,NZD 388.61,True,Asia Pacific
006Q800000Rl7bB,New AFx Enterprise System for Two Xian Offices of EY China,Banking & Finance,Banking & Finance,Closed Won,"NZD 6,698.54",True,Asia Pacific
006Q800000Rn58f,ICT Mobile Credentials,Government,Government,Closed Lost,NZD 327.58,False,Asia Pacific
006Q800000Ro9YP,Dakla Saline Plant,Critical Infrastructure,Critical Infrastructure,Closed Won,"NZD 33,710.84",True,EMEA
006Q800000RoFif,Red Cliff Tribal Elderly Housing,Multi Family,Multi Family,Proposal,"NZD 12,013.07",False,United States
006Q800000RoH9Q,1 Door Opportunity - Church,Religious,Religious,Closed Won,"NZD 3,278.35",True,United States
006Q800000RoKAU,Training kit license,Commercial,Commercial,Closed Won,NZD 791.74,True,United States
006Q800000Rob01,ICT WX Kit Project - Wesbell Technologies - Calgary,Commercial,Commercial,Proposal,"NZD 7,207.45",False,Canada
006Q800000RpmJB,Ahead_WX intrusion_Errol,Commercial,Commercial,Closed Won,"NZD 1,602.60",True,New Zealand
006Q800000Rpxxl,HLF Offices (Raffles Quay and Robinson Road) ACS Upgrade in Singapore,Commercial,Commercial,Proposal,"NZD 10,641.53",False,Asia Pacific
006Q800000Rr6vm,New AFx Enterprise Server Demo License,Training,Training,Closed Won,,True,Asia Pacific
006Q800000Rrt0R,Compass Mortgage,Commercial,Commercial,Proposal,"NZD 6,589.62",False,United States
006Q800000RrvIM,New AFx Enterprise Starter Server License for PWC QD Project in China,Banking & Finance,Banking & Finance,Closed Won,NZD 351.41,True,Asia Pacific
006Q800000RrvS4,HCSA Wirra Mikangka Apartments,Multi Family,Multi Family,Closed Lost,"NZD 61,731.67",False,Australia
006Q800000RsEZV,ProtegeGX Partner Training Pack,Multi Family,Multi Family,Decision,"NZD 6,671.55",False,Canada
006Q800000RsEuT,West Acton Village Works,Commercial,Commercial,Decision,"NZD 4,569.49",False,United States
006Q800000RsJFp,Amica - Northshore,Healthcare,Healthcare,Proposal,"NZD 128,578.05",False,Canada
006Q800000RsKTd,ICT Entry Stations,Multi Family,Multi Family,Proposal,"NZD 18,097.32",False,Canada
006Q800000RsLKr,3 Door System,Commercial,Commercial,Decision,"NZD 5,681.11",False,United States
006Q800000RsLhR,GX controller,Commercial,Commercial,Closed Won,"NZD 7,578.92",True,United States
006Q800000RsNjF,RF-REM2-433 Remotes,Multi Family,Multi Family,Closed Won,"NZD 14,407.08",True,Canada
006Q800000RsPJe,4 Door Kit Quote,Commercial,Commercial,Closed Lost,"NZD 3,849.85",False,United States
006Q800000RsQ1B,Salt & Meadow - Remotes,Multi Family,Multi Family,Closed Won,"NZD 1,450.91",True,Canada
006Q800000RsRQI,FOBS 070825,Commercial,Commercial,In Process,NZD 206.37,False,United States
006Q800000RsSFt,Particle Measuring Systems - Cards,Commercial,Commercial,Procurement,NZD 875.32,False,United States
006Q800000RsUXp,BT Readers,Commercial,Commercial,Closed Lost,"NZD 1,844.32",False,United States
006Q800000Rstb4,AAT_Kingsview_Andre,Commercial,Commercial,Closed Lost,"NZD 12,504.98",False,New Zealand
006Q800000Rt1gh,NexAxis 123 Replacement,Retail,Retail,Proposal,"NZD 13,982.60",False,United States
006Q800000Rvw9N,SD Convergint,Commercial,Commercial,Closed Lost,"NZD 1,709.29",False,United States
006Q800000Rw3M9,Demo - GX License,Commercial,Commercial,Closed Won,"NZD 3,294.92",True,United States
006Q800000Rw3qn,Dickson Manor - ProtegeGX project,Multi Family,Multi Family,Proposal,"NZD 40,307.88",False,Canada
006Q800000Rw4AB,IGM - Credentials,Commercial,Commercial,Closed Won,NZD 377.42,True,United States
006Q800000RwTDN,internal mobile credential,Commercial,Commercial,Closed Won,NZD 26.16,True,United States
006Q800000RwUxR,2350 Broadway Street,Commercial,Commercial,Closed Won,"NZD 6,106.13",True,United States
006Q800000RwYeU,Stockade Ave 10_7_25,Multi Family,Multi Family,Closed Lost,"NZD 15,113.40",False,Australia
006Q800000RxHWj,JCI GX Facilitated GX Training 6-8th of Aug,Training,Training,Closed Won,"NZD 1,168.06",True,Australia
006Q800000RyFz7,Prac-Sec Brisbane Consulate,Government,Government,Closed Won,"NZD 13,190.16",True,Australia
006Q800000RzmmY,Faros Properties,Commercial,Commercial,Proposal,"NZD 59,480.77",False,United States
006Q800000Rzmpl,Aperio Hub,Critical Infrastructure,Critical Infrastructure,Proposal,"NZD 1,314.52",False,United States
006Q800000RzyxN,RF-REM2,Commercial,Commercial,Proposal,NZD 603.87,False,United States
006Q800000RzzDV,Protege WX,Commercial,Commercial,Proposal,"NZD 9,662.52",False,United States
006Q800000RzztS,Readers,Commercial,Commercial,Proposal,"NZD 2,013.01",False,United States
006Q800000S00UX,Allingtown,Commercial,Commercial,Proposal,"NZD 25,168.25",False,United States
006Q800000S03Lx,Dualguard_ICT Hardware_Riaan,Commercial,Commercial,Closed Lost,"NZD 12,098.70",False,New Zealand
006Q800000S06lG,Prixcar Truganina,Commercial,Commercial,Closed Lost,NZD 746.01,False,Australia
006Q800000S0ovy,Prixcar Altona,Commercial,Commercial,Closed Won,NZD 772.09,True,Australia
006Q800000S0pX3,Avant Expansion,Commercial,Commercial,Closed Lost,NZD 467.32,False,Australia
006Q800000S1AtG,Toplock NT Readers,Commercial,Commercial,Closed Lost,,False,Australia
006Q800000S1GVj,Frontier Voice & Data WX TRN KIT,Training,Training,Closed Won,"NZD 1,675.32",True,Australia
006Q800000S1Lv7,School Add Doors 11_7_25,Education,Education,Closed Won,"NZD 1,398.29",True,Australia
006Q800000S3B8T,YRDSB - Wismer PS,Education,Education,Closed Won,,True,Canada
006Q800000S3GjG,Fire Alarm Mapping Project,Heavy Industry,Heavy Industry,Closed Won,"NZD 11,296.08",True,United States
006Q800000S3KtJ,Lakeview DXE Club V2 - July Pricing + Client,Multi Family,Multi Family,Closed Lost,NZD 980.17,False,Canada
006Q800000S3LHV,TSEC EXTRA,Commercial,Commercial,Proposal,NZD 774.27,False,United States
006Q800000S3OQf,HomeSpace Whitehorn,Multi Family,Multi Family,Proposal,"NZD 24,009.84",False,Canada
006Q800000S3UO1,071125,Commercial,Commercial,Procurement,"NZD 1,820.67",False,United States
006Q800000S3VQX,TEST - GX Training Quote,Government,Government,Proposal,"NZD 1,669.03",False,United States
006Q800000S5qnR,Symal HQ 14_7_25,Commercial,Commercial,Closed Won,"NZD 8,082.42",True,Australia
006Q800000S5tQL,HCT - Add. 1,Education,Education,Closed Won,"NZD 222,154.48",True,EMEA
006Q800000S6SpV,Stowe 2 Door Expander,Commercial,Commercial,Closed Won,NZD 701.28,True,Australia
006Q800000S76Bs,Ginnen_wx_Jonathan,Commercial,Commercial,Closed Lost,,False,New Zealand
006Q800000S7BBV,Tall Tech Showroom Reader,Commercial,Commercial,Closed Won,NZD 515.82,True,Australia
006Q800000S8Cjp,GJH Brightwater Upgrade Revised,Commercial,Commercial,Closed Lost,"NZD 6,622.54",False,Australia
006Q800000S8Yu1,IVF Clinic,Healthcare,Healthcare,Closed Lost,"NZD 12,042.75",False,Australia
006Q800000S8s1V,Vision_GX opporunity_Will,Healthcare,Healthcare,Closed Lost,"NZD 15,164.41",False,New Zealand
006Q800000S9Grq,Thunder Bay Hospital - CVS Building,Healthcare,Healthcare,Proposal,"NZD 34,669.06",False,Canada
006Q800000S9J4v,Moore's - Fredericton,Retail,Retail,Closed Lost,"NZD 1,732.09",False,Canada
006Q800000S9OZF,UOC Architecture - Licenses,Education,Education,Closed Won,"NZD 2,585.87",True,EMEA
006Q800000S9WIH,tags 7.14.25,Commercial,Commercial,Closed Won,"NZD 3,774.19",True,United States
006Q800000S9g4j,Parkside apartments,Multi Family,Multi Family,Closed Lost,"NZD 316,866.47",False,United States
006Q800000SCPov,New AFx Enterprise System for Office Project in Macau,Commercial,Commercial,Closed Won,"NZD 5,057.64",True,Asia Pacific
006Q800000SCj4T,Cornwall Council Door Licenses,Government,Government,Closed Won,NZD 553.80,True,EMEA
006Q800000SCjUI,RF,Commercial,Commercial,Proposal,,False,United States
006Q800000SCt3p,Westlake,Commercial,Commercial,Proposal,NZD 179.86,False,United States
006Q800000SCwUj,Sudan Gateways,Education,Education,Closed Won,"NZD 1,443.55",True,United States
006Q800000SD0IE,Harold ISD GX,Education,Education,Closed Lost,"NZD 7,578.92",False,United States
006Q800000SD7Rl,Thunder Bay Hospital,Healthcare,Healthcare,Proposal,"NZD 237,816.31",False,Canada
006Q800000SD7YD,Thunder Bay Hospital - CVS Building,Healthcare,Healthcare,Proposal,"NZD 28,333.30",False,Canada
006Q800000SD9a2,University of Western,Education,Education,Proposal,"NZD 37,137.96",False,Canada
006Q800000SDB3x,Valhalla 2,Multi Family,Multi Family,Closed Lost,NZD 821.93,False,Canada
006Q800000SDBC1,Touchscreen Keypad,Banking & Finance,Banking & Finance,Closed Lost,,False,United States
006Q800000SDKbt,Astria Storage Facility,Commercial,Commercial,New,"NZD 85,784.35",False,Canada
006Q800000SGfwk,Sommerville,Commercial,Commercial,Closed Lost,"NZD 29,229.91",False,Canada
006Q800000SGimX,Ville de Ste-Therese,Other,Other,Closed Won,,True,Canada
006Q800000SGwXl,RJ Beck Quote,Commercial,Commercial,Proposal,,False,United States
006Q800000SGx2P,RJ Beck Quote,Commercial,Commercial,Proposal,"NZD 2,819.85",False,United States
006Q800000SGzQo,Camera License,Critical Infrastructure,Critical Infrastructure,Closed Lost,"NZD 1,612.54",False,United States
006Q800000SH8Aj,SCH,Multi Family,Multi Family,Proposal,"NZD 4,723.79",False,United States
006Q800000SHza1,Honeywell_Readers_Riaz,Government,Government,Closed Won,,True,New Zealand
006Q800000SIrtl,ICT ProtegeGX Training Kit for ESSCOR in Philippines,Training,Training,Procurement,"NZD 3,227.90",False,Asia Pacific
006Q800000SKPv0,Thunder Bay Hospital,Healthcare,Healthcare,Closed Lost,"NZD 235,093.13",False,Canada
006Q800000SKWlB,Thunder Bay Hospital - CVS Building,Healthcare,Healthcare,Proposal,"NZD 33,319.58",False,Canada
006Q800000SKXm7,Alliance BH,Healthcare,Healthcare,Closed Won,"NZD 4,399.52",True,United States
006Q800000SKYzt,Stouffville Masjid,Commercial,Commercial,Proposal,"NZD 8,554.69",False,Canada
006Q800000SKdMr,Alt Jackson - ICT Wireless Locks - Jasper in Flat Black,Multi Family,Multi Family,Closed Lost,"NZD 181,800.98",False,Canada
006Q800000SKiO9,Insight_GXonline_Maria,Training,Training,Closed Lost,,False,New Zealand
006Q800000SL04v,WDRC TSL Keypad Reader with BT,Government,Government,Closed Won,NZD 427.72,True,Australia
006Q800000SLZyj,18 Murphy St 18_7_25,Multi Family,Multi Family,Closed Lost,"NZD 2,021.38",False,Australia
006Q800000SLb9J,Additional ICT Protege System Hardware for Kantor Kementrian PUPR W2 IKN Project,Government,Government,Closed Won,"NZD 136,439.26",True,Asia Pacific
006Q800000SLdkd,ProtegeWX Access Control System for Office Project in HK,Commercial,Commercial,Proposal,,False,Asia Pacific
006Q800000SLqI1,Card Encryption,Commercial,Commercial,Closed Lost,NZD 674.23,False,Australia
006Q800000SNZWP,Reader and cover,Government,Government,Closed Won,"NZD 1,360.73",True,United States
006Q800000SNihl,Major Vaughan,Other,Other,Proposal,"NZD 2,644.68",False,Canada
006Q800000SNjxC,Animal Care Systems,Commercial,Commercial,Proposal,"NZD 4,189.21",False,United States
006Q800000SNlR8,Ewing B56,Multi Family,Multi Family,New,"NZD 1,490.34",False,United States
006Q800000SNlir,Vahalla - Phase 2,Multi Family,Multi Family,Proposal,"NZD 377,309.92",False,Canada
006Q800000SNncb,Take Over,Commercial,Commercial,Proposal,"NZD 6,308.85",False,United States
006Q800000SNpcn,Ewing 2,Multi Family,Multi Family,Proposal,"NZD 9,763.42",False,United States
006Q800000SNpsv,Car Bay Temp Sensor,Commercial,Commercial,Proposal,NZD 457.88,False,United States
006Q800000SNtbZ,Grimes Doors,Government,Government,Closed Won,"NZD 1,104.42",True,United States
006Q800000SRV61,Supply of AFx Enterprise Controller,Commercial,Commercial,Closed Won,NZD 882.14,True,Asia Pacific
006Q800000SSAqj,Northpharm MODOLS S2,Commercial,Commercial,Closed Won,"NZD 10,120.43",True,Australia
006Q800000SSEuL,ICT ProtegeGX Training/Demo Kit and Tech Training Course (Online Based),Training,Training,Proposal,,False,Asia Pacific
006Q800000SSXLt,UOC Library - 1 x PRX-TSEC-EXTRA-KP-BT-B,Education,Education,Closed Won,"NZD 1,415.33",True,EMEA
006Q800000SSXP8,Murray Edwards College - 1 Door Controller & Enclosure,Education,Education,Closed Won,NZD 969.39,True,EMEA
006Q800000SSw7N,Kuehne + Nagel - 77 Foster Crescent,Commercial,Commercial,Closed Won,"NZD 30,706.27",True,Canada
006Q800000ST1AH,Urban Edge,Multi Family,Multi Family,Closed Won,"NZD 27,303.91",True,United States
006Q800000STCaL,Custom Card,Commercial,Commercial,Proposal,NZD 231.38,False,United States
006Q800000STDxp,2 door kit,Commercial,Commercial,Closed Lost,"NZD 8,271.61",False,United States
006Q800000STEM1,Reader quote,Commercial,Commercial,Closed Won,"NZD 51,857.35",True,United States
006Q800000STEVh,DACS,Commercial,Commercial,Proposal,"NZD 5,147.59",False,United States
006Q800000STFQ9,RF-REM2-433-MF,Multi Family,Multi Family,Closed Won,"NZD 6,894.35",True,United States
006Q800000STIvt,Site Code 20705,Commercial,Commercial,Proposal,"NZD 1,069.84",False,United States
006Q800000STNQv,Server Three 22_7_25,Commercial,Commercial,Closed Lost,"NZD 117,733.80",False,Australia
006Q800000STNql,Verex - WX,Commercial,Commercial,Closed Lost,"NZD 1,536.74",False,Canada
006Q800000STSqP,RS485 Wire,Other,Other,Closed Lost,"NZD 1,627.64",False,Canada
006Q800000STpzt,121 Ewing Street Upgrade,Commercial,Commercial,Closed Lost,"NZD 3,266.81",False,Australia
006Q800000SU9SM,Sept Training,Training,Training,Proposal,"NZD 8,345.16",False,United States
006Q800000SUaQv,ICT Access Control System for Alliance Pharma in Singapore,Commercial,Industrial,Proposal,,False,Asia Pacific
006Q800000SVMP7,Test,Aviation,Aviation,New,"NZD 2,524.45",False,Australia
006Q800000SVvrV,Hutt Street Health Centre,Healthcare,Healthcare,Closed Lost,"NZD 88,075.05",False,Australia
006Q800000SXKZJ,A&J Comms TRC Input Expanders,Government,Government,Closed Won,NZD 470.60,True,Australia
006Q800000SXY62,Ilot Balmoral,Heavy Industry,Heavy Industry,Closed Won,,True,Canada
006Q800000SXl1d,PO 4772,Other,Other,Closed Won,"NZD 6,838.13",True,United States
006Q800000SXmtl,Orbit Fab,Commercial,Commercial,Procurement,NZD 798.39,False,United States
006Q800000SXp3d,Hayes HOA,Multi Family,Multi Family,Closed Won,"NZD 1,143.93",True,United States
006Q800000SXt7F,Valhalla - Phase 2,Multi Family,Multi Family,Proposal,"NZD 442,751.35",False,Canada
006Q800000SXyGb,1 Door System,Commercial,Commercial,Closed Lost,"NZD 2,674.48",False,United States
006Q800000SY0QU,Grow Facility,Healthcare,Healthcare,Working,"NZD 23,198.54",False,United States
006Q800000SYG3p,training,Training,Training,Closed Won,"NZD 5,007.10",True,United States
006Q800000SYIFJ,WX training demo kit,Training,Training,Closed Won,"NZD 5,483.81",True,United States
006Q800000SYJT7,GX license for demo kit,Training,Training,Closed Won,NZD 791.74,True,United States
006Q800000SYYC1,TheSecurityCompany_ConceptReplacement_Bearnie,Multi Family,Multi Family,Closed Lost,"NZD 3,027.57",False,New Zealand
006Q800000SYdLN,AAT_Warehouse_andre,Commercial,Industrial - Logistics,Closed Lost,"NZD 2,040.91",False,New Zealand
006Q800000SZPwH,Sefton_Airport_Roland,Aviation,Aviation,Closed Lost,"NZD 6,455.61",False,New Zealand
006Q800000SZr4a,GX Training,Commercial,Commercial,Closed Lost,"NZD 4,218.02",False,Australia
006Q800000ScBK5,Station Park Base Building Add-on,Multi Family,Multi Family,Closed Won,"NZD 3,883.17",True,Canada
006Q800000ScOu1,1 Door Add,Commercial,Commercial,Proposal,"NZD 1,604.69",False,United States
006Q800000SccP8,10 x EN-DIN-MYLAR,Commercial,Commercial,Closed Won,NZD 230.43,True,EMEA
006Q800000Scd0D,Church - WX,Religious,Religious,Closed Won,"NZD 2,617.62",True,Canada
006Q800000Scelu,PRT-WX-DIN,Commercial,Commercial,Proposal,NZD 857.95,False,United States
006Q800000ScgkT,Artwalk,Multi Family,Multi Family,Proposal,"NZD 820,531.47",False,Canada
006Q800000Scq2K,Mobile Credentials,Commercial,Commercial,Closed Lost,NZD 0.00,False,Australia
006Q800000SdVYT,Northpharm Door Licences,Healthcare,Healthcare,Closed Won,NZD 580.54,True,Australia
006Q800000Sdjef,The Globe Current,Multi Family,Multi Family,Closed Won,"NZD 23,770.51",True,Australia
006Q800000SeOTK,Pac Security 111 Quay Street,Commercial,Commercial,Closed Won,"NZD 5,018.45",True,Australia
006Q800000SfM4V,Military dormitory,Government,Government,Discovery,,False,EMEA
006Q800000SfkbR,AVI Expansion,Commercial,Commercial,Closed Won,"NZD 6,923.77",True,Australia
006Q800000SfmWn,"ITO NOBU PHILIPPINES, INC. in Philippines",Commercial,Commercial,Proposal,"NZD 2,582.73",False,Asia Pacific
006Q800000Sh62z,Quote - Eric - Verum 2D,Commercial,Commercial,Proposal,"NZD 1,513.07",False,United States
006Q800000Sh6NV,Spare Parts Quote,Commercial,Commercial,Closed Won,"NZD 7,347.37",True,Canada
006Q800000Sh82D,REM2 Remote - Salto,Multi Family,Multi Family,Procurement,NZD 371.38,False,United States
006Q800000Sh8qv,5 Doors,Commercial,Commercial,Proposal,"NZD 5,094.17",False,United States
006Q800000ShK0I,3 Boxes Multi Tech Tags,Commercial,Commercial,Proposal,"NZD 1,238.23",False,United States
006Q800000ShKa9,Arbutus & Broadway - Common Area Locks,Multi Family,Multi Family,Closed Won,"NZD 1,242.61",True,Canada
006Q800000ShKwr,Superior Brewery,Commercial,Hospitality - Food & Beverage,Proposal,"NZD 3,251.68",False,United States
006Q800000ShRw6,F&S power supplies,Commercial,Commercial,Proposal,"NZD 5,088.62",False,United States
006Q800000ShThl,Client Server - Parker,Multi Family,Multi Family,Procurement,"NZD 2,223.45",False,United States
006Q800000ShUab,FS 200 Fob,Commercial,Commercial,Proposal,"NZD 1,650.97",False,United States
006Q800000ShW4Y,Harbour Castle Hilton,Commercial,Hospitality - Hotels,Closed Lost,"NZD 26,820.39",False,Canada
006Q800000ShWAz,Amica - Dundas,Healthcare,Healthcare,Closed Won,"NZD 24,718.60",True,Canada
006Q800000ShYW9,PRX-ISO-MF,Commercial,Commercial,Closed Won,NZD 972.58,True,United States
006Q800000Shag1,Revolution_WX Quote_Nicolas,Commercial,Commercial,Closed Won,"NZD 3,637.27",True,New Zealand
006Q800000SlrtZ,MGMA Cards,Healthcare,Healthcare,Proposal,NZD 830.24,False,United States
006Q800000SlsWH,GX demo license,Training,Training,Closed Won,NZD 0.00,True,United States
006Q800000SmFcX,8 door WX kit,Commercial,Commercial,Closed Lost,"NZD 10,151.70",False,United States
006Q800000SowFD,Red Wolf_WX Manui Place_Rinks,Commercial,Commercial,Closed Lost,"NZD 2,319.38",False,New Zealand
006Q800000SqkLB,A&J Comms PRT-GX-DB-SYNC,Government,Government,Closed Won,"NZD 1,788.60",True,Australia
006Q800000SrCHT,K-Box Adelaide,Healthcare,Healthcare,Closed Lost,"NZD 7,439.68",False,Australia
006Q800000SrFOz,Troy Cummings WX Systems with VRC KP,Commercial,Commercial,Closed Won,"NZD 4,352.24",True,Australia
006Q800000Ss7Sq,ICT Facilitated ProtegeGX Installer (Level 1) Tech Training Course,Training,Training,Closed Won,"NZD 2,336.12",True,Asia Pacific
006Q800000St41F,Cambs Uni Post Doc Server License,Education,Education,Closed Won,"NZD 2,738.49",True,EMEA
006Q800000StFcb,Sidney Sussex College Additions,Education,Education,Closed Won,"NZD 2,624.98",True,EMEA
006Q800000StIIj,WX - 12D,Commercial,Commercial,Closed Lost,"NZD 7,928.07",False,Canada
006Q800000StMiv,Biometric Opp.,Commercial,Commercial,Proposal,"NZD 5,877.63",False,United States
006Q800000StRPF,APS Reader Quote,Commercial,Commercial,Closed Lost,NZD 752.78,False,United States
006Q800000StUa1,SX USB Ethernet UL Multi-listing,Other,Other,Proposal,"NZD 5,322.58",False,OEM
006Q800000StVfm,LCNB Bank Project,Banking & Finance,Banking & Finance,Proposal,"NZD 11,020.78",False,United States
006Q800000StVnp,3030 St Joseph - Theberge Group,Multi Family,Multi Family,Proposal,"NZD 215,364.02",False,Canada
006Q800000StWiH,141-PlayKeyless,Commercial,Commercial,Closed Won,"NZD 6,147.74",True,United States
006Q800000StXcj,Valhalla Phase 2,Multi Family,Multi Family,Proposal,"NZD 442,682.93",False,Canada
006Q800000StXkn,C.I.E.L et Zone Agtech,Commercial,Commercial,In Process,"NZD 65,853.66",False,Canada
006Q800000StY5l,SAQ New Warehouse SP_229687,Retail,Retail,In Process,"NZD 30,487.80",False,Canada
006Q800000StYKH,Eaton Centre Montreal,Commercial,Commercial,In Process,"NZD 36,585.37",False,Canada
006Q800000StYNW,HBML,Multi Family,Multi Family,Closed Lost,"NZD 91,076.17",False,Canada
006Q800000StZY5,Thunder Bay Health Sciences Centre,Government,Government,Decision,"NZD 184,146.34",False,Canada
006Q800000Sta4L,RS485 Wire,Other,Other,Closed Won,"NZD 1,627.64",True,Canada
006Q800000Std8f,Wireless Lock Opportunity - Darren Boser,Multi Family,Multi Family,Proposal,"NZD 72,987.10",False,Canada
006Q800000Stg6X,HBML-Salto,Multi Family,Multi Family,Closed Lost,"NZD 239,648.92",False,Canada
006Q800000Stgph,WAA T-286 MTACLF,Other,Other,Proposal,"NZD 15,480.45",False,Canada
006Q800000SthSP,2276 Pricesmart,Retail,Retail,Closed Won,"NZD 10,310.87",True,Canada
006Q800000StkTV,DC Alarms Storage Choice Yeppoon,Commercial,Commercial,Closed Won,"NZD 7,360.41",True,Australia
006Q800000Su7bN,Red Lightening GX CTRL & 8A,Commercial,Commercial,Closed Won,"NZD 1,760.95",True,Australia
006Q800000SuvBa,Data Pacific_Upgrade Quote_Ian,Commercial,Commercial,Closed Lost,"NZD 5,706.68",False,New Zealand
006Q800000Sxihd,HBML-Salto-test,Multi Family,Multi Family,Closed Lost,,False,Canada
006Q800000SxpRN,Water's Edge -WX Intrusion,Commercial,Commercial,Closed Won,"NZD 1,238.01",True,Canada
006Q800000Sxtl7,Ameripouch,Commercial,Commercial,Closed Lost,"NZD 2,674.48",False,United States
006Q800000Sxw9V,Cards,Commercial,Commercial,Closed Lost,NZD 972.58,False,United States
006Q800000Sy20Q,Credentials & readers,Commercial,Commercial,Closed Won,"NZD 6,731.16",True,United States
006Q800000Sy2tF,Pistoia II,Multi Family,Multi Family,Closed Won,"NZD 100,426.84",True,United States
006Q800000SyCFt,PRT-GX-SRVR,Other,Other,Closed Won,"NZD 2,745.77",True,United States
006Q800000SyFVW,4amp QTY 8,Commercial,Commercial,Proposal,"NZD 6,626.48",False,United States
006Q800000SyFld,PB Tech_2 Doors_Max,Commercial,Commercial,Closed Won,"NZD 1,052.07",True,New Zealand
006Q800000SyNWH,Redford Water Dep. Single door Add,Government,Government,Proposal,"NZD 2,628.45",False,United States
006Q800000Syzi1,APS Mobile Credentials,Commercial,Commercial,Closed Won,NZD 74.42,True,Australia
006Q800000SzqrC,SE Upgrade Kew 30_7_25,Multi Family,Multi Family,Closed Lost,,False,Australia
006Q800000T1vEr,Quote 30/07/25,Government,Government,Closed Won,"NZD 1,841.14",True,Australia
006Q800000T2EUQ,July Cards,Education,Education,Closed Won,"NZD 1,945.16",True,United States
006Q800000T2IY2,2 Door Kit for 1125 17th Street,Residential,Residential,Procurement,"NZD 2,674.48",False,United States
006Q800000T2VlN,reader quote,Multi Family,Multi Family,Closed Won,"NZD 7,216.21",True,United States
006Q800000T2Waz,St Michaels phase 1,Multi Family,Multi Family,Closed Won,"NZD 126,058.26",True,United States
006Q800000T2Y9l,Christ Church 1 door addition,Religious,Religious,Closed Lost,"NZD 1,565.69",False,United States
006Q800000T2Zx3,Multi-tech Credentials,Commercial,Commercial,Closed Won,NZD 34.43,True,United States
006Q800000T2bvd,Quote for 4978,Other,Other,Closed Won,NZD 575.85,True,United States
006Q800000T2eTh,REagan CO Cards July 25,Government,Government,Closed Won,"NZD 1,945.16",True,United States
006Q800000T3AAD,RIAC cards,Aviation,Aviation,Closed Won,"NZD 9,725.81",True,United States
006Q800000T4Y7F,test,Government,Government,Closed Lost,,False,Australia
006Q800000T4mi5,BLA Storage Choice Yeppoon,Commercial,Commercial,Closed Won,"NZD 3,673.05",True,Australia
006Q800000T4qp9,SAHA Seaton,Multi Family,Multi Family,Closed Lost,"NZD 4,572.03",False,Australia
006Q800000T7D34,4G Module,Commercial,Commercial,Proposal,NZD 452.73,False,United States
006Q800000T7DzH,pricing,Commercial,Commercial,Proposal,,False,United States
006Q800000T7FUg,Harry Winston 580 5th Ave 7 31 25,Commercial,Commercial,Proposal,"NZD 22,431.56",False,United States
006Q800000T7GP7,RS485 Wire,Commercial,Commercial,Closed Lost,"NZD 1,302.11",False,Canada
006Q800000T7IxD,50 PRX Tag HID26,Commercial,Commercial,Proposal,NZD 342.10,False,United States
006Q800000T7KFp,Rear Mount Mortise - Lowest Options,Commercial,Commercial,Closed Won,NZD 0.00,True,Canada
006Q800000T7MzB,Morgan Stanley,Banking & Finance,Banking & Finance,Proposal,"NZD 5,868.62",False,United States
006Q800000T7Quj,Ottawa Newcomer Health Centre,Healthcare,Healthcare,Proposal,"NZD 4,611.99",False,Canada
006Q800000T7R2o,Reader replacement,Commercial,Commercial,Closed Won,"NZD 1,222.84",True,United States
006Q800000T7a9J,DNR Spare ICT Parts,Government,Government,Closed Won,"NZD 3,426.20",True,United States
006Q800000T828n,Palmerston House,Healthcare,Healthcare,Closed Lost,"NZD 14,821.66",False,Australia
006Q800000T8zC6,Data Pacific_WX Starter_Ian,Commercial,Commercial,Closed Lost,"NZD 13,543.83",False,New Zealand
006Q800000T9m7z,Tecom Upgrade with Door Control,Commercial,Commercial,Closed Lost,"NZD 2,679.52",False,Australia
006Q800000TAR7v,HCT - Suprema RFID,Education,Education,Closed Won,"NZD 91,373.71",True,EMEA
006Q800000TBz5t,Grata XS4 Project,Multi Family,Multi Family,Closed Lost,"NZD 6,286.98",False,United States
006Q800000TC3av,RDM2 - CTRL,Commercial,Commercial,Proposal,"NZD 3,886.92",False,United States
006Q800000TC7jO,Delano Airport,Aviation,Aviation,Closed Won,"NZD 7,718.52",True,United States
006Q800000TF4ll,Sectek_UBT Controller_Ryan,Commercial,Commercial,Closed Won,"NZD 2,130.80",True,New Zealand
006Q800000TFBTx,Chubb WX Protege Expansion,Commercial,Commercial,Closed Lost,"NZD 2,978.16",False,Australia
006Q800000TFPIM,Red Lightning Cards &Fobs Site code 137,Commercial,Commercial,Closed Won,NZD 12.98,True,Australia
006Q800000TG3Z7,GX Level 1 Training 4_8_25,Training,Training,Closed Won,"NZD 2,232.29",True,Australia
006Q800000TGV3x,GX Level 1 Training 4_8_25,Training,Training,Closed Lost,"NZD 2,595.69",False,Australia
006Q800000TJ9tT,Suprema Pricing,Banking & Finance,Banking & Finance,Proposal,"NZD 3,539.42",False,United States
006Q800000TJG5D,Almac Ebrington,Healthcare,Healthcare,Closed Won,"NZD 3,814.45",True,EMEA
006Q800000TJNUs,Derriford Hospital - 1 x PRT-HRDM-DIN,Healthcare,Healthcare,Closed Won,NZD 652.66,True,EMEA
006Q800000TJQcP,Swedbank SOAP API,Banking & Finance,Banking & Finance,Closed Lost,"NZD 3,594.82",False,EMEA
006Q800000TJYri,Covantage,Banking & Finance,Banking & Finance,Closed Lost,"NZD 1,411.86",False,United States
006Q800000TJcqT,4G Data Service,Banking & Finance,Banking & Finance,Closed Lost,NZD 10.51,False,United States
006Q800000TLNXZ,APS New Install GX System,Commercial,Commercial,Closed Won,"NZD 19,355.45",True,Australia
006Q800000TLPKT,Ahead_Reader and Expander_Errol,Healthcare,Healthcare,Closed Won,"NZD 1,371.28",True,New Zealand
006Q800000TLY1B,"Dental & Beauty Clinic - 197 Magil Rd, Maylands SA 5069",Healthcare,Healthcare,Closed Lost,"NZD 2,431.05",False,Australia
006Q800000TLYKX,Oral and Maxillofacial Surgery,Healthcare,Healthcare,Closed Lost,"NZD 11,464.70",False,Australia
006Q800000TO7vh,"Dental & Beauty Clinic - 197 Magil Rd, Maylands SA 5069",Healthcare,Healthcare,Closed Lost,"NZD 2,701.17",False,Australia
006Q800000TONfV,Somerset West Medical Clinic,Healthcare,Healthcare,Proposal,"NZD 11,439.82",False,Canada
006Q800000TOY7t,Focus Surveillance_AS Cards_Matt,Commercial,Commercial,Closed Won,"NZD 5,431.25",True,New Zealand
006Q800000TObSL,DAR WX System 6_8_25,Multi Family,Multi Family,Closed Won,"NZD 21,187.99",True,Australia
006Q800000TPgL7,Single Door WX 6_8_25,Commercial,Commercial,Closed Lost,"NZD 1,876.69",False,Australia
006Q800000TPnBK,Cornerstone_New Opp_Shannon_updated,Commercial,Commercial,Closed Lost,"NZD 17,159.78",False,New Zealand
006Q800000TQgKf,Mansol Facilitated GX Course,Training,Training,Closed Won,"NZD 2,595.69",True,Australia
006Q800000TSjPh,50 apartments,Multi Family,Multi Family,Closed Lost,"NZD 28,850.71",False,Canada
006Q800000TSl6X,Mainstream Corp,Commercial,Commercial,Proposal,"NZD 7,727.49",False,United States
006Q800000TSrYX,PRX  ISO MF,Commercial,Commercial,Proposal,,False,United States
006Q800000TSsso,18 Door Protege WX Project,Multi Family,Multi Family,Proposal,"NZD 21,734.77",False,Canada
006Q800000TT38H,Leeward AC,Commercial,Commercial,Closed Won,"NZD 5,488.85",True,United States
006Q800000TT45x,Key FOBs,Commercial,Commercial,Closed Lost,"NZD 1,445.97",False,United States
006Q800000TT4U9,Fremont Hospital,Healthcare,Healthcare,Closed Lost,"NZD 3,739.98",False,United States
006Q800000TT55F,Tags 8.6.25,Commercial,Commercial,Closed Won,NZD 343.95,True,United States
006Q800000TT5wT,Brainerd Place,Commercial,Commercial,Proposal,"NZD 13,792.69",False,United States
006Q800000TT6xN,8D DVL,Commercial,Commercial,Closed Won,"NZD 14,211.22",True,United States
006Q800000TT98w,Mifare Tags Harvest Bible,Religious,Religious,Procurement,"NZD 2,751.61",False,United States
006Q800000TTBPB,2 Door ProtegeWX Kit,Training,Training,Proposal,"NZD 2,132.61",False,Canada
006Q800000TTCGP,Rear Mount Mortise,Multi Family,Multi Family,Proposal,"NZD 61,265.77",False,United States
006Q800000TUxWc,Bla Security WX Kit,Commercial,Commercial,Closed Lost,"NZD 1,643.74",False,Australia
006Q800000TWNyU,Melvista Extra SALTO Wireless Door,Healthcare,Healthcare,Closed Lost,"NZD 2,155.67",False,Australia
006Q800000TWjMH,Melvista Extra SALTO Wired Door,Healthcare,Healthcare,Closed Lost,"NZD 3,801.35",False,Australia
006Q800000TXMDz,Cartridge Mortise Example - Lowest Cost Options,Healthcare,Healthcare,Closed Won,NZD 746.76,True,Canada
006Q800000TXW6s,50 x PRX-TAG-MF-B,Commercial,Commercial,Closed Won,,True,EMEA
006Q800000TXalZ,CPII_V2,Commercial,Commercial,Procurement,"NZD 8,893.85",False,United States
006Q800000TXecH,3 Door Kit,Commercial,Commercial,Closed Won,"NZD 12,736.65",True,United States
006Q800000TXqC1,Chubb_Sommerville_Phillip,Education,Education,Closed Lost,"NZD 147,529.62",False,New Zealand
006Q800000TYeOv,BLA Sec Protege Parts,Commercial,Commercial,Closed Won,"NZD 3,358.74",True,Australia
006Q800000TcIRR,KBI Quote,Healthcare,Healthcare,Proposal,"NZD 3,009.12",False,United States
006Q800000TcU1B,Expansion Kits,Healthcare,Healthcare,Closed Won,"NZD 10,070.70",True,United States
006Q800000TcWz4,BCH1,Education,Education,Closed Won,"NZD 25,064.80",True,United States
006Q800000TcdsT,The Park on Morton MNR2 Rush Order,Residential,Residential,Closed Won,"NZD 13,587.10",True,United States
006Q800000ThVEL,IRT Living,Multi Family,Multi Family,Proposal,"NZD 16,171.71",False,United States
006Q800000ThY2Y,C.I.E.L. et Zone Agtech for MJM,Commercial,Commercial,Closed Won,"NZD 67,308.26",True,Canada
006Q800000ThaZ1,18 Door Project,Commercial,Commercial,Closed Lost,"NZD 46,977.48",False,United States
006Q800000Thent,Groupe Central GX Training,Training,Training,Closed Won,"NZD 6,671.55",True,Canada
006Q800000Thf5d,Wire/Power,Other,Other,Closed Lost,"NZD 3,485.35",False,Canada
006Q800000ThgJR,Acces Intercom GX training,Training,Training,Closed Won,"NZD 6,671.55",True,Canada
006Q800000ThjM9,Focus Surveillance_AD Licences_Matt,Healthcare,Healthcare,Closed Lost,"NZD 5,732.01",False,New Zealand
006Q800000Thkn3,Credentials and power supply,Commercial,Commercial,Closed Lost,"NZD 14,773.77",False,United States
006Q800000Thl9R,107 Redpath,Commercial,Commercial,Proposal,"NZD 1,700.88",False,Canada
006Q800000Thmgb,Convergint - Alarm,Commercial,Commercial,Closed Lost,"NZD 5,137.37",False,United States
006Q800000Thp9p,Tyndall Long Term Care,Other,Other,Proposal,"NZD 315,854.67",False,Canada
006Q800000TjGsk,Wakefield Day Hospital AMOS,Healthcare,Healthcare,Closed Lost,"NZD 10,319.58",False,Australia
006Q800000TjP4o,Melvista Extra SALTO Wireless Door,Healthcare,Healthcare,Closed Lost,"NZD 1,334.90",False,Australia
006Q800000TjVwb,Add Doors 12_8_25,Multi Family,Multi Family,Proposal,"NZD 2,981.81",False,Australia
006Q800000Tl08j,smartpro 18 doors,Commercial,Commercial,Closed Won,"NZD 20,954.66",True,United States
006Q800000Tl1kj,FZ Ventures LLC,Commercial,Commercial,Proposal,"NZD 1,630.79",False,United States
006Q800000Tl4dl,LCNB Main Office  *special pricing*,Banking & Finance,Banking & Finance,Closed Won,"NZD 58,300.38",True,United States
006Q800000Tl7i5,R F New Building,Residential,Residential,Proposal,"NZD 10,134.05",False,Canada
006Q800000Tl8EL,West Acton Village *Revised 8 12 25*,Commercial,Commercial,Proposal,"NZD 4,553.54",False,United States
006Q800000TlEI9,Demo for Minot School District,Education,Education,Closed Won,NZD 0.00,True,United States
006Q800000Tlhop,Wisconsin Drop Ship Reader,Commercial,Commercial,Proposal,NZD 381.77,False,United States
006Q800000TljCI,Tecomat,Commercial,Commercial,Proposal,"NZD 1,906.55",False,United States
006Q800000TmTBt,24 door kit,Commercial,Commercial,Closed Won,"NZD 24,309.16",True,United States
006Q800000TmU9Z,200  cards 8/11/25,Commercial,Commercial,Closed Won,"NZD 2,616.13",True,United States
006Q800000TmV0n,Oral and Maxillofacial Surgery PLUS AUX,Healthcare,Healthcare,Closed Lost,"NZD 13,116.56",False,Australia
006Q800000Tn1ez,Spycloud - ACS,Commercial,Commercial,Closed Lost,"NZD 14,017.54",False,EMEA
006Q800000Tn8QL,Vierra apartments 2,Multi Family,Multi Family,Closed Lost,"NZD 5,237.05",False,Australia
006Q800000TnSaM,Sutherland Apartments,Multi Family,Multi Family,Closed Lost,"NZD 8,147.95",False,Australia
006Q800000ToKHN,25939 Bella Station,Commercial,Commercial,Proposal,"NZD 216,768.16",False,Canada
006Q800000ToKsU,GX - Fire Monitoring,Multi Family,Multi Family,Closed Won,"NZD 2,245.41",True,Canada
006Q800000ToNC1,415 Legget Drive,Commercial,Commercial,Proposal,"NZD 3,836.82",False,Canada
006Q800000ToZhr,GX Level 1 Facilitated Training,Training,Training,Closed Won,"NZD 3,893.53",True,Australia
006Q800000Tog0A,CAS_TeManuka_Michelle,Religious,Religious,Closed Lost,"NZD 8,443.53",False,New Zealand
006Q800000Tolfs,Pistoia 8.13.25,Multi Family,Multi Family,Closed Won,"NZD 79,123.30",True,United States
006Q800000Too2h,United Cerebral Palsy,Commercial,Commercial,Closed Won,"NZD 41,596.48",True,United States
006Q800000Tp1UP,reader,Commercial,Commercial,Closed Won,NZD 780.68,True,United States
006Q800000TpFPJ,Trak_Rebelsport_Dean,Retail,Retail,Closed Lost,"NZD 3,646.06",False,New Zealand
006Q800000Tq5qv,Prac-Sec Tsec Readers,Commercial,Commercial,Closed Won,"NZD 13,101.59",True,Australia
006Q800000TqjjW,Bosch - ACS,Commercial,Commercial,Closed Lost,"NZD 11,195.77",False,EMEA
006Q800000TsO9V,20 appartments,Multi Family,Multi Family,Closed Lost,"NZD 12,757.95",False,Canada
006Q800000Tukc9,Levelland Controller,Education,Education,Closed Won,"NZD 2,087.39",True,United States
006Q800000Tv0gv,Amica - Thornhill,Healthcare,Healthcare,Proposal,"NZD 25,165.88",False,Canada
006Q800000Tv5yL,Readers and Cards,Commercial,Commercial,Closed Won,"NZD 5,804.52",True,United States
006Q800000TvU2J,Lobby Turnstile Access Control for ROBINSONS ILOCOS BPO BUILDING,Commercial,Commercial,Proposal,"NZD 13,236.94",False,Asia Pacific
006Q800000Tw0zq,Rabone 175 Eagle St Revised August,Commercial,Commercial,Closed Lost,"NZD 49,965.07",False,Australia
006Q800000Tw2jx,GE_KiethPark_James,Education,Education,Closed Lost,,False,New Zealand
006Q800000TwiUb,Aperio Lockers,Commercial,Commercial,Closed Lost,"NZD 2,930.32",False,Australia
006Q800000Tx1PB,Supply Only Protege Reader Expander,Commercial,Commercial,In Process,"NZD 1,475.67",False,Asia Pacific
006Q800000TxU7p,Manoir Cap santé,Commercial,Commercial,Closed Lost,"NZD 7,041.41",False,Canada
006Q800000Txb9J,50 Mobile Credentials,Training,Training,Closed Won,NZD 523.48,True,Canada
006Q800000Txbin,SmartPro 12 Door,Commercial,Commercial,Closed Won,"NZD 29,742.92",True,United States
006Q800000Txf3F,Parts Quote - August 2025,Commercial,Commercial,Proposal,,False,Canada
006Q800000Ty8YH,GX reset,Commercial,Commercial,Closed Won,"NZD 2,227.95",True,United States
006Q800000U0esD,Turnstile Access Control for Suyen Corporation,Commercial,Commercial,Proposal,,False,Asia Pacific
006Q800000U3r9m,Heysen Gallery,Other,Other,Closed Lost,"NZD 4,537.93",False,Australia
006Q800000U6Fr8,European Presidency 2026 Building,Government,Government,Closed Won,"NZD 21,740.41",True,EMEA
006Q800000U6Tvr,HL readers,Commercial,Commercial,Closed Lost,"NZD 2,452.39",False,United States
006Q800000U6UP3,Order No JE/15312,Healthcare,Healthcare,Closed Won,"NZD 8,469.58",True,EMEA
006Q800000U6Ua2,WX Controller,Banking & Finance,Banking & Finance,Closed Lost,"NZD 1,143.93",False,United States
006Q800000U6VKo,Crowe Companies - Intersect,Multi Family,Multi Family,Proposal,"NZD 12,019.77",False,United States
006Q800000U6Xfz,Y&S Quote,Commercial,Commercial,Closed Won,"NZD 74,817.57",True,Canada
006Q800000U6Y5m,Plaza on Yonge,Commercial,Retail,Closed Won,"NZD 76,529.77",True,Canada
006Q800000U6YTx,Amica - Glen Abey,Healthcare,Healthcare,Proposal,"NZD 103,683.85",False,Canada
006Q800000U6by5,IGM - Matteson,Commercial,Commercial,Closed Won,"NZD 1,360.12",True,United States
006Q800000U6dJy,Fort Mckinnley Church ,Religious,Religious,Proposal,"NZD 10,123.55",False,United States
006Q800000U6kBl,Mt. Sinai - DF Credentials,Healthcare,Healthcare,Proposal,"NZD 134,381.62",False,Canada
006Q800000U7Fgz,Brentwood by SHAPE - Tower 7 - MDB,Multi Family,Multi Family,Proposal,"NZD 472,997.07",False,Canada
006Q800000U7fQ9,Mobile Credentials,Commercial,Commercial,Closed Won,NZD 99.23,True,Australia
006Q800000U8xb7,Eastek_Readers_Jason,Commercial,Commercial,Closed Won,"NZD 1,222.41",True,New Zealand
006Q800000U90XO,Service PX8's,Government,Government,Closed Lost,"NZD 1,316.57",False,Australia
006Q800000UAyG9,Pumps Plus - Prelim,Commercial,Commercial,Closed Won,NZD 997.89,True,Australia
006Q800000UBdj9,SSN 2V7TW-LP5JR-LNWMN-BOGN4-ELFI6   Upgrade,Retail,Retail,Closed Lost,"NZD 5,532.66",False,EMEA
006Q800000UBkFx,1201 de la Montagne Dead bolt,Multi Family,Multi Family,Closed Lost,"NZD 130,324.70",False,Canada
006Q800000UC2E7,Northshore,Commercial,Commercial,Closed Won,"NZD 46,278.67",True,Canada
006Q800000UC9B7,WX Controller,Banking & Finance,Banking & Finance,Closed Won,"NZD 1,143.93",True,United States
006Q800000UC9eA,Charisma C,Commercial,Commercial,Closed Won,"NZD 94,224.24",True,Canada
006Q800000UCAbq,Cornerstone_WXtender_Shannon,Commercial,Commercial,Closed Lost,"NZD 6,734.79",False,New Zealand
006Q800000UCAwo,MA Project #542,Commercial,Commercial,Closed Won,"NZD 24,544.02",True,United States
006Q800000UCEQv,Electronic Interiors_Suprema_Peter,Commercial,Commercial,Closed Won,"NZD 2,834.02",True,New Zealand
006Q800000UClY9,ArmorIP Version 3 Annual Subscription,Other,Other,Proposal,"NZD 3,177.03",False,United States
006Q800000UDAJe,Project Kangaroo,Commercial,Commercial,Working,"NZD 49,818.71",False,Australia
006Q800000UDCq5,Chubb NT 4 & 8 Amp PSUs,Commercial,Commercial,Closed Lost,"NZD 2,842.05",False,Australia
006Q800000UFl2A,EEAST Colchester AS - 1 x PRT-GX-DOR-1,Healthcare,Healthcare,Closed Won,NZD 111.92,True,EMEA
006Q800000UFyKL,Dormakaba_Desfire_Grant,Commercial,Commercial,Closed Won,NZD 376.99,True,New Zealand
006Q800000UH0ry,Alternate Reader Supply,Commercial,Commercial,Closed Lost,"NZD 2,211.86",False,Australia
006Q800000UHHJJ,Quotation for RFQ246204 - ICT Protege System,Commercial,Commercial,Proposal,"NZD 5,019.90",False,Asia Pacific
006Q800000UHL1x,Trail Outfitter,Commercial,Commercial,Proposal,"NZD 1,438.40",False,United States
006Q800000UHLOg,test card,Commercial,Commercial,Proposal,,False,United States
006Q800000UHVZC,Sector 15 configuration,Critical Infrastructure,Critical Infrastructure,Closed Won,NZD 70.11,True,United States
006Q800000UHyxl,BLC Crookston Cards,Healthcare,Healthcare,Closed Won,NZD 534.92,True,United States
006Q800000UJVDJ,Sterling Security_WX Expansion_Kanoj,Education,Education,Closed Lost,"NZD 1,740.61",False,New Zealand
006Q800000ULQUV,Additional Equipment for SONGNAM-ICT-20240815_A09 - Ministry of Public Security Project,Government,Government,Closed Won,"NZD 8,834.10",True,Asia Pacific
006Q800000UMbKb,TW Dartmouth,Commercial,Commercial,Closed Won,"NZD 3,357.41",True,Canada
006Q800000UMd6I,Quadreal Commercial - Mr. Ebad,Multi Family,Multi Family,Proposal,"NZD 5,290.81",False,Canada
006Q800000UMk9N,Controller replacement,Commercial,Commercial,Closed Won,"NZD 2,087.39",True,United States
006Q800000UMl73,WX Demo Kit,Training,Training,Closed Won,NZD 807.22,True,United States
006Q800000UMozO,Pistoia reader quote,Multi Family,Multi Family,Closed Won,"NZD 15,529.08",True,United States
006Q800000UMqjS,West 42nd by Marcon - Phase #2 - Rear Mount Mortise Locks,Multi Family,Multi Family,Decision,"NZD 2,761.95",False,Canada
006Q800000UOfgg,ProtegeGX & ProtegeWX System Equip for Indonesia Project,Commercial,Commercial,Closed Won,,True,Asia Pacific
006Q800000UPOvV,Armor IP V3 Annual Subscription,Commercial,Commercial,Closed Won,NZD 982.81,True,Australia
006Q800000UQ1Ll,Encode SALTO Wristbands,Healthcare,Healthcare,Closed Won,NZD 393.28,True,Australia
006Q800000URg3V,SAIL Quebec,Commercial,Commercial,Closed Won,"NZD 5,930.16",True,Canada
006Q800000URlSz,SAIL Beloeil,Commercial,Commercial,Closed Won,"NZD 5,762.59",True,Canada
006Q800000URpYD,LCNB Main Office *special pricing 2*,Banking & Finance,Banking & Finance,Closed Won,"NZD 19,957.67",True,United States
006Q800000URvvN,RFQ for Protege for Cignal TV in Philippines,Commercial,Commercial,Proposal,"NZD 2,955.33",False,Asia Pacific
006Q800000URwUr,Amica - Little Lake - Unity,Healthcare,Healthcare,Proposal,"NZD 42,517.18",False,Canada
006Q800000URx18,ProtegeWX 2 Door Kit Proposal,Multi Family,Multi Family,Proposal,"NZD 1,066.30",False,Canada
006Q800000URxIr,Amica - Little Lake,Healthcare,Healthcare,Proposal,"NZD 45,776.37",False,Canada
006Q800000URylB,Tier 3,Commercial,Commercial,Closed Lost,"NZD 24,301.77",False,United States
006Q800000USH9V,2025-IQ-06-SEC Region of Durham,Government,Government,Proposal,"NZD 246,824.38",False,Canada
006Q800000UStwL,Beacon Medical Research Fresno,Healthcare,Healthcare,Closed Lost,"NZD 6,830.56",False,United States
006Q800000UWVNZ,CME Pricing TEst,Multi Family,Multi Family,Discovery,,False,Canada
006Q800000UWaVK,ProtegeGX Access Control System for Aspiro Sdn Bhd,Commercial,Commercial,Proposal,,False,Asia Pacific
006Q800000UWb4n,CME Pricing Excercise,Multi Family,Multi Family,Proposal,,False,Canada
006Q800000UXaBV,JO106874 25_8_25,Aviation,Aviation,Closed Won,"NZD 7,524.64",True,Australia
006Q800000UXaY5,aat_WX_school,Education,Education,Closed Lost,"NZD 2,482.54",False,New Zealand
006Q800000UYwwL,ARC_Encoder Client_Matt,Commercial,Commercial,Closed Lost,"NZD 1,301.53",False,New Zealand
006Q800000UZCEj,Scone Legal New Pricing,Commercial,Commercial,Closed Won,"NZD 3,953.39",True,Australia
006Q800000UZaCD,GX Facilitated Training,Training,Training,Closed Won,"NZD 1,297.84",True,Australia
006Q800000UaOgr,Supply Access Tags,Healthcare,Healthcare,Closed Won,"NZD 1,234.95",True,Australia
006Q800000UaYxx,Standalone WX 4 Door Kit,Commercial,Commercial,Closed Lost,"NZD 4,879.73",False,Australia
006Q800000Ucbzm,Key Pad Replacement,Education,Education,Decision,NZD 476.73,False,United States
006Q800000UcsXZ,Larga Baffin,Multi Family,Multi Family,Proposal,"NZD 308,299.52",False,Canada
006Q800000Uct0b,Suprema Readers with Time and Attendance,Commercial,Commercial,Proposal,"NZD 14,817.95",False,Canada
006Q800000Ui18n,IMMOG,Multi Family,Multi Family,Closed Won,"NZD 16,976.48",True,Canada
006Q800000UiIRN,Concept Upgrade,Commercial,Commercial,Closed Lost,"NZD 5,921.89",False,Australia
006Q800000UiRpd,August Fobs,Commercial,Commercial,Closed Won,"NZD 1,375.81",True,United States
006Q800000UiTmb,Girton College - 1 Door Controller,Education,Education,Closed Won,NZD 780.42,True,EMEA
006Q800000UiUtx,DOS INL,Commercial,Commercial,Proposal,"NZD 23,277.63",False,United States
006Q800000UiaY0,Minot School District,Education,Education,Closed Won,"NZD 80,440.48",True,United States
006Q800000UidIv,Expander/ reader,Commercial,Commercial,Closed Won,NZD 935.70,True,United States
006Q800000UimNq,Promotuel,Commercial,Commercial,Closed Lost,"NZD 1,066.30",False,Canada
006Q800000UkzGv,Supply Only AFx Enterprise SME Kit,Commercial,Commercial,Proposal,,False,Asia Pacific
006Q800000UmmYv,QUOTATION FOR PRX-TSEC-MINI-DF-B-L,Commercial,Commercial,Closed Won,,True,Asia Pacific
006Q800000UpJyc,50 Camlocks with Keys,Commercial,Commercial,Closed Won,,True,Canada
006Q800000UpUFm,Tapestry Apartments,Residential,Residential,Proposal,"NZD 113,022.15",False,United States
006Q800000UpWSn,Resi-mercial,Commercial,Commercial,Proposal,"NZD 9,084.54",False,United States
006Q800000UpWr2,Existing Site WX Site,Commercial,Commercial,Closed Won,"NZD 3,295.05",True,Australia
006Q800000Upd66,4G Cell,Banking & Finance,Banking & Finance,Closed Won,NZD 507.64,True,United States
006Q800000Upeuz,Trucking Co,Commercial,Commercial,Working,"NZD 6,266.21",False,United States
006Q800000Upilh,Amica - White Rock,Healthcare,Healthcare,Closed Won,"NZD 43,333.85",True,Canada
006Q800000UqPp3,EV3 Tags for Tony,Commercial,Commercial,Closed Won,,True,Canada
006Q800000Uv51j,Grove St - Building A - Base Building,Multi Family,Multi Family,Proposal,"NZD 42,592.21",False,Canada
006Q800000Uv7pt,"Packaging Corporation of America (PCA) : PCA - Thornwood, OH: Full Line",Commercial,Commercial,Decision,"NZD 56,576.15",False,United States
006Q800000UvCft,Grata XS4 Project,Commercial,Commercial,Closed Won,"NZD 4,728.17",True,United States
006Q800000UvGzd,Jackson Police,Government,Government,Proposal,"NZD 6,188.49",False,United States
006Q800000UvGzf,PSU Replacement Unit,Training,Training,Procurement,"NZD 1,380.52",False,United States
006Q800000UvJHa,Stock,Commercial,Commercial,Closed Won,"NZD 1,133.44",True,United States
006Q800000UvRmz,Wyoming Downs Casino,Commercial,Entertainment - Gaming,Proposal,"NZD 89,928.92",False,United States
006Q800000UvSHd,STD Reader w KP,Commercial,Commercial,Closed Lost,"NZD 1,229.55",False,United States
006Q800000UvYN4,6 Door WX Kit,Education,Education,Discovery,"NZD 7,005.34",False,United States
006Q800000UvbKv,Sky Harbor,Commercial,Commercial,Proposal,"NZD 36,132.97",False,United States
006Q800000UveXJ,Woodland Group,Multi Family,Multi Family,Closed Won,"NZD 6,062.09",True,United States
006Q800000UxNCD,IQ_intercom_Kayla,Education,Education,Proposal,"NZD 8,793.00",False,New Zealand
006Q800000V0Y4g,Malvern Hills Science Park - Photo ID,Commercial,Commercial,Closed Won,"NZD 1,142.49",True,EMEA
006Q800000V0wLZ,Sacred Heart Parish,Religious,Religious,Proposal,"NZD 6,577.84",False,United States
006Q800000V0zuU,The Brick -,Retail,Retail,Proposal,"NZD 2,626.10",False,Canada
006Q800000V11BW,Grove St - Building A - Wireless Locks,Multi Family,Multi Family,Proposal,"NZD 134,597.56",False,Canada
006Q800000V11Ja,Grove St - Building B - Base Building,Multi Family,Multi Family,Proposal,"NZD 45,238.70",False,Canada
006Q800000V13Zt,Grove St - Building B - Wireless Locks,Multi Family,Multi Family,Proposal,"NZD 122,707.32",False,Canada
006Q800000V1DcT,VRC,Commercial,Commercial,Procurement,"NZD 1,229.55",False,United States
006Q800000V1Me9,Hope Flower Fob quote 8/29/25,Commercial,Commercial,Closed Won,"NZD 4,378.43",True,United States
006Q800000V1NLh,AV Gauge,Commercial,Commercial,Working,"NZD 9,690.72",False,United States
006Q800000V9YlO,Chubb_UnitecWaitakere_Neville,Education,Education,Working,"NZD 23,928.31",False,New Zealand
006Q800000VAN37,Aotea_NP Aperio Door_Mark,Commercial,Commercial,Closed Lost,"NZD 2,422.77",False,New Zealand
006Q800000VAkvl,Supply Only ICT Mobile Credentials for iSCAN Site,Commercial,Commercial,Closed Won,,True,Asia Pacific
006Q800000VB10X,WX Training Kit,Training,Training,Proposal,"NZD 1,675.32",False,Australia
006Q800000VBCGv,Redfern Project,Commercial,Commercial,Closed Won,"NZD 4,228.39",True,Australia
006Q800000VBTRT,Visqué,Commercial,Commercial,Closed Won,"NZD 3,067.54",True,Canada
006Q800000VBguv,Aide Juridique,Commercial,Commercial,Closed Won,"NZD 1,758.68",True,Canada
006Q800000VFETq,Tarnix_WX Opp_Chris,Commercial,Commercial,Closed Lost,"NZD 2,209.92",False,New Zealand
006Q800000VHGJS,TSL SMBs x 200 2 _9_25,Aviation,Aviation,Closed Won,"NZD 7,992.58",True,Australia
006Q800000VHHSQ,20 x Remotes 2_9_25,Commercial,Commercial,Closed Won,"NZD 1,218.87",True,Australia
006Q800000VHdnt,Site Takeover 2_9_25,Multi Family,Multi Family,Closed Lost,"NZD 4,020.37",False,Australia
006Q800000VKXfX,GX kits,Commercial,Commercial,Closed Lost,"NZD 42,413.51",False,United States
006Q800000VKe13,8 Door Project,Healthcare,Healthcare,Closed Won,"NZD 14,708.94",True,United States
006Q800000VKe4H,Tree Lane Apartments,Multi Family,Multi Family,Proposal,"NZD 28,486.58",False,United States
006Q800000VKjju,FOBS,Commercial,Commercial,Proposal,NZD 11.40,False,United States
006Q800000VKltl,SCI Telecom,Commercial,Commercial,Closed Lost,,False,United States
006Q800000VLU1G,365 Elec_WX MultiTenant_Blake,Commercial,Commercial,Closed Lost,"NZD 15,630.63",False,New Zealand
006Q800000VLzGL,Supply WX System for Bayer Client in Philippines,Healthcare,Healthcare,Proposal,"NZD 2,827.77",False,Asia Pacific
006Q800000VMu4v,Tip Top Bakeries Card Readers,Commercial,Commercial,Closed Won,"NZD 1,601.97",True,Australia
006Q800000VOAFi,3 x Standalone WX Tenancy's,Commercial,Commercial,Closed Lost,"NZD 2,892.55",False,Australia
006Q800000VPnQH,Quote Ref 786063 Metalor 1 - Suprema Readers,Commercial,Commercial,Closed Won,"NZD 17,146.56",True,EMEA
006Q800000VPpiD,Kuehne & Nagel,Commercial,Commercial,Closed Won,"NZD 3,952.75",True,Canada
006Q800000VPsmX,Lakeview Bible Church,Religious,Religious,Closed Won,"NZD 6,464.11",True,United States
006Q800000VPxXo,Cambridge Crossing,Healthcare,Healthcare,Proposal,"NZD 4,507.47",False,United States
006Q800000VQ7aH,FNBCT College Station,Banking & Finance,Banking & Finance,Closed Won,"NZD 1,074.73",True,United States
006Q800000VQGP3,37 Door System,Commercial,Commercial,Closed Lost,"NZD 30,045.69",False,EMEA
006Q800000VQKR9,Dawson st.,Multi Family,Multi Family,Closed Lost,"NZD 172,778.77",False,Canada
006Q800000VQMfo,Raynham Associates,Commercial,Commercial,Proposal,"NZD 34,283.89",False,United States
006Q800000VQnXv,Dawson st. Intercom,Multi Family,Multi Family,Closed Lost,"NZD 17,804.11",False,Canada
006Q800000VR00U,5000 Mobile Credential,Commercial,Commercial,Closed Won,"NZD 41,344.09",True,Australia
006Q800000VRRiE,16 door kit,Commercial,Commercial,Closed Lost,"NZD 17,550.12",False,United States
006Q800000VRTQf,IACS Kent,Commercial,Commercial,Closed Lost,"NZD 8,687.97",False,United States
006Q800000VRVp3,24 door expander,Commercial,Commercial,Closed Won,"NZD 18,578.37",True,United States
006Q800000VUD62,New WX Site,Commercial,Commercial,Closed Won,"NZD 5,310.41",True,Australia
006Q800000VVdXu,Training Kits & Training,Commercial,Commercial,Closed Won,"NZD 13,710.79",True,EMEA
006Q800000VVnfJ,PO: 4772-01,Commercial,Commercial,Closed Won,"NZD 3,807.91",True,United States
006Q800000VW4BV,tags 9.4.25,Commercial,Commercial,Closed Won,NZD 339.68,True,United States
006Q800000VW4TF,en din 24,Commercial,Commercial,Proposal,,False,United States
006Q800000VW4zW,WX DIN,Commercial,Commercial,Proposal,"NZD 15,390.60",False,United States
006Q800000VW6Bh,Peoples Admin Building,Commercial,Commercial,Decision,"NZD 15,848.94",False,United States
006Q800000VW6Rp,The Logan,Multi Family,Multi Family,Procurement,NZD 486.29,False,United States
006Q800000VW6d8,Veranda High Pointe,Multi Family,Multi Family,Procurement,"NZD 13,788.71",False,United States
006Q800000VWCSP,PO 660 Winchester,Commercial,Commercial,Proposal,"NZD 3,093.22",False,United States
006Q800000VWIKv,Almac - B1,Healthcare,Healthcare,Closed Won,"NZD 2,087.60",True,EMEA
006Q800000VWQdS,Pricing,Other,Other,Proposal,"NZD 33,315.27",False,Canada
006Q800000VWSwB,FOX Salto,Multi Family,Multi Family,Proposal,,False,United States
006Q800000VWVeP,2 door promo kit,Commercial,Commercial,Closed Won,"NZD 1,090.32",True,United States
006Q800000VWVjt,FOX Allegion,Multi Family,Multi Family,Proposal,"NZD 136,020.32",False,United States
006Q800000VWW2v,(30) PRX-TAG-MF-B,Commercial,Commercial,Working,NZD 185.73,False,United States
006Q800000VWXQZ,Ewing E2 Readers,Commercial,Commercial,Proposal,"NZD 1,987.12",False,United States
006Q800000VWYXt,Ralston,Multi Family,Multi Family,Proposal,"NZD 194,936.17",False,Canada
006Q800000VbbJh,8 Brownlow,Multi Family,Multi Family,Closed Lost,,False,Canada
006Q800000Vbcal,Test,Healthcare,Healthcare,Proposal,,False,United States
006Q800000Vbcin,Demo - NFR,Training,Training,Proposal,"NZD 4,734.91",False,Canada
006Q800000Vbi1p,remotes,Banking & Finance,Banking & Finance,Closed Lost,NZD 375.40,False,United States
006Q800000VbnpV,Redford Rec. Center,Government,Government,Proposal,"NZD 3,206.96",False,United States
006Q800000Vbxs5,GRE - Extra Readers,Critical Infrastructure,Critical Infrastructure,Closed Won,"NZD 24,332.13",True,United States
006Q800000Vbyub,Olivine Apts,Multi Family,Multi Family,Closed Won,"NZD 5,291.89",True,United States
006Q800000VcUPp,Reader,Commercial,Commercial,Proposal,NZD 737.73,False,United States
006Q800000VgGT7,RFQ - PRX-TSEC-STD-KP-B & PRT-WX-DIN for Project - NHGP WOODLAND POLYCLINICS NEW ANNEX BLOCK LEVEL 1,Commercial,Healthcare - Hospitals,Closed Won,"NZD 23,506.42",True,Asia Pacific
006Q800000Vj9Rt,GJH GX System,Commercial,Commercial,Closed Won,"NZD 2,244.26",True,Australia
006Q800000VlnUs,PRX-SWB-MF-W-L,Healthcare,Healthcare,Proposal,NZD 654.03,False,United States
006Q800000Vlqe2,Test,Commercial,Commercial,Proposal,,False,United States
006Q800000Vm19d,Door Lic for Episcopal,Education,Education,Closed Won,NZD 607.43,True,United States
006Q800000Vm1JJ,Blackhawk Security,Commercial,Commercial,Proposal,"NZD 5,672.71",False,United States
006Q800000Vm2NS,GN Hotel Sherbrooke,Multi Family,Multi Family,Proposal,NZD 657.54,False,Canada
006Q800000VmFJ3,Ville de Ste-Therese,Other,Other,In Process,"NZD 84,146.34",False,Canada
006Q800000VmHM9,2939 Portland,Commercial,Commercial,Proposal,"NZD 5,500.89",False,Canada
006Q800000VpxLx,Loram WA Office Upgrade,Commercial,Commercial,Closed Lost,"NZD 2,199.21",False,Australia
006Q800000VrL4U,Lock Down Button,Other,Other,Proposal,NZD 390.07,False,United States
006Q800000Vrua5,Happy Days,Commercial,Commercial,Proposal,"NZD 136,009.87",False,United States
006Q800000Vrzxy,Lucy Cavendish College - 10 x  PRT-HPX8-DIN,Education,Education,Closed Won,"NZD 4,168.72",True,EMEA
006Q800000Vs0Qz,Trinity mill,Commercial,Commercial,Closed Won,,True,United States
006Q800000Vs0xZ,Happy Days,Commercial,Commercial,Proposal,"NZD 161,582.85",False,United States
006Q800000Vs2yP,Burkebrook Place  - ProtegeWX,Multi Family,Multi Family,Closed Lost,"NZD 48,737.95",False,Canada
006Q800000VsEzj,More stock 9.9.25,Commercial,Commercial,Closed Won,"NZD 2,236.68",True,United States
006Q800000VsHil,Storage - Strathroy,Commercial,Commercial,Closed Lost,"NZD 20,436.31",False,Canada
006Q800000VsQAA,AV Gauge,Commercial,Commercial,Closed Won,"NZD 10,644.72",True,United States
006Q800000VsTWD,Common House Portsmouth,Commercial,Commercial,Proposal,"NZD 3,014.10",False,United States
006Q800000VsqHr,Yarra's Edge Tower 10_9_25,Multi Family,Multi Family,Closed Won,"NZD 34,412.07",True,Australia
006Q800000Vsrez,wx 4 dr,Commercial,Commercial,Proposal,"NZD 2,698.73",False,United States
006Q800000VuK2D,Gremlin WX Project,Commercial,Commercial,Closed Won,"NZD 4,831.27",True,Australia
006Q800000VudJP,ICT Online Self Learning for ProtegeGX Installer (Level 1) Tech Training,Training,Training,Proposal,,False,Asia Pacific
006Q800000VugfR,Insight_Inovonics_maria,Commercial,Commercial,Closed Won,NZD 304.15,True,New Zealand
006Q800000VuuP3,Quotation for ESSCOR RFQ | PJ-GC25-018 | ICT,Commercial,Commercial,Proposal,"NZD 1,655.10",False,Asia Pacific
006Q800000Vvk98,Protege Hardware and Licencing,Commercial,Commercial,Closed Lost,,False,Australia
006Q800000VwCWp,35 x Fused Panel Mounts 10_9_25,Commercial,Commercial,Closed Won,"NZD 1,475.25",True,Australia
006Q800000VwTUP,Loram WA Office Upgrade,Commercial,Commercial,Closed Won,"NZD 2,414.90",True,Australia
006Q800000Vx4gr,Sala Nadia,Commercial,Commercial,Closed Lost,"NZD 7,288.25",False,EMEA
006Q800000VxLPx,Levelland ISD Controller,Education,Education,Closed Won,"NZD 2,266.87",True,United States
006Q800000VxO4T,TSL,Commercial,Commercial,Proposal,NZD 556.57,False,United States
006Q800000VxovJ,Minot School District,Education,Education,Closed Lost,"NZD 98,316.14",False,United States
006Q800000VxyDH,Readers,Commercial,Commercial,Closed Won,"NZD 2,826.53",True,United States
006Q800000Vy1sD,WX 2D,Commercial,Commercial,Closed Won,"NZD 1,730.88",True,United States
006Q800000VyUZF,PRT-GX-BAC-CORE,Commercial,Commercial,Proposal,"NZD 2,215.61",False,United States
006Q800000VyVv7,National Bank of Commerce - 4G,Banking & Finance,Banking & Finance,Closed Won,"NZD 17,135.38",True,United States
006Q800000W0brZ,GX Level 1 Facilitated Training,Training,Training,Closed Lost,"NZD 1,297.84",False,Australia
006Q800000W3PNd,AFX Replacement License - Library,Government,Government,Proposal,"NZD 5,764.99",False,Canada
006Q800000W3XGp,AD License,Banking & Finance,Banking & Finance,Closed Won,"NZD 4,473.34",True,United States
006Q800000W3eCL,Cobalt_VRS_Extra_Eddie,Education,Education,Closed Won,NZD 525.58,True,New Zealand
006Q800000W3iFx,Miles add-on,Commercial,Commercial,Closed Won,NZD 691.03,True,United States
006Q800000W3iUK,Parts Order,Commercial,Commercial,Proposal,"NZD 1,151.71",False,United States
006Q800000W3mNl,4 Door WX Kit,Other,Other,Proposal,"NZD 2,696.54",False,United States
006Q800000W3uoV,APD - AA Kits,Multi Family,Multi Family,Closed Won,"NZD 8,313.66",True,United States
006Q800000W3xQv,Minot School District,Education,Education,Closed Lost,"NZD 102,785.05",False,United States
006Q800000W5Owv,Avant Mutual Add Doors,Banking & Finance,Banking & Finance,Closed Won,"NZD 1,601.91",True,Australia
006Q800000W5aoQ,WX Training Kit,Commercial,Commercial,Proposal,"NZD 1,675.32",False,Australia
006Q800000W8xLS,Busy Bee Daycare,Education,Education,Proposal,"NZD 4,774.97",False,United States
006Q800000W91P4,mobile credentials,Commercial,Commercial,Closed Won,NZD 65.40,True,United States
006Q800000W92RZ,wx ip replacement,Commercial,Commercial,Proposal,"NZD 1,052.34",False,United States
006Q800000W9axu,MiFare Clamshell,Commercial,Commercial,Proposal,NZD 663.87,False,United States
006Q800000W9bSX,RPS - 4D w/FRR,Commercial,Commercial,Proposal,"NZD 10,431.90",False,Canada
006Q800000WFN0H,406 Newcastle Street,Commercial,Commercial,Closed Lost,"NZD 4,972.42",False,Australia
006Q800000WGpIg,B01 - Research Institute of Science and Politics Project,Government,Government,Closed Won,"NZD 50,506.75",True,Asia Pacific
006Q800000WHMPu,tsec standard,Commercial,Commercial,Proposal,NZD 468.41,False,United States
006Q800000WHi73,7 EXTRA Size Mifare,Commercial,Commercial,Proposal,"NZD 2,020.54",False,United States
006Q800000WILJh,FNBCT College Station addon,Banking & Finance,Banking & Finance,Closed Won,"NZD 2,308.13",True,United States
006Q800000WIlZ7,Trak_WestHavenTags_Roy,Other,Other,Closed Won,"NZD 3,343.50",True,New Zealand
006Q800000WIwUX,Credentials 9.15.25,Commercial,Commercial,Closed Won,NZD 687.90,True,United States
006Q800000WJ477,300 credentials 9.15.25,Multi Family,Multi Family,Closed Won,"NZD 4,127.42",True,United States
006Q800000WJE01,10 door kit,Commercial,Commercial,Closed Lost,"NZD 11,866.50",False,United States
006Q800000WJcTl,PBtech_Credentials_Max,Residential,Residential,Closed Won,"NZD 1,073.00",True,New Zealand
006Q800000WJxef,Milltech_TSLchange_Danie,Commercial,Commercial,Closed Lost,"NZD 15,593.95",False,New Zealand
006Q800000WLuPl,Protege WX Training Kit,Commercial,Commercial,Proposal,"NZD 3,350.65",False,Australia
006Q800000WNcBp,Single Door Access System,Commercial,Commercial,Proposal,"NZD 1,907.45",False,United States
006Q800000WNnJ2,Christ's Church 2 Doors,Religious,Religious,Closed Lost,"NZD 1,565.69",False,United States
006Q800000WNqDz,Motley Nashville Unit Locks,Multi Family,Multi Family,Proposal,"NZD 327,936.02",False,United States
006Q800000WNxBv,Motley Nashville Base Building,Multi Family,Multi Family,Proposal,"NZD 124,764.92",False,United States
006Q800000WO1Me,quote,Commercial,Commercial,Proposal,"NZD 4,513.95",False,United States
006Q800000WO88n,New Prague Kit Add,Critical Infrastructure,Critical Infrastructure,Closed Won,"NZD 7,821.54",True,United States
006Q800000WOCC5,DNR Region 3 Intrusion,Government,Government,Closed Won,"NZD 33,499.51",True,United States
006Q800000WOeMt,New Canaan,Multi Family,Multi Family,Proposal,"NZD 57,741.82",False,United States
006Q800000WP7Gn,Online GX Training and Kit,Commercial,Commercial,Closed Won,"NZD 3,275.27",True,Australia
006Q800000WPFB7,Jasper RFP,Government,Government,Proposal,"NZD 50,245.15",False,Canada
006Q800000WQ4wn,milltech_tsecmini125khz_darnie,Commercial,Commercial,Closed Lost,"NZD 9,693.86",False,New Zealand
006Q800000WS64s,HCT - Sup RFID - Add. 1,Education,Education,Closed Won,"NZD 18,137.90",True,EMEA
006Q800000WSY2j,RSPB - replacement 2A PSU,Government,Government,Closed Won,NZD 321.87,True,EMEA
006Q800000WSpYD,"ZUS, Zdunska Wola",Government,Government,Closed Won,"NZD 15,807.70",True,EMEA
006Q800000WT557,4 Door WX w/ Allegion NDE,Commercial,Commercial,Proposal,"NZD 12,986.94",False,United States
006Q800000WTYYh,kit wx 4d,Commercial,Commercial,Proposal,"NZD 2,394.35",False,United States
006Q800000WUFTp,Aotea_Idemia_William,Commercial,Commercial,Closed Lost,"NZD 23,901.75",False,New Zealand
006Q800000WWH89,AFx Enterprise Demo License,Training,Training,Closed Won,NZD 0.00,True,Asia Pacific
006Q800000WXliT,Sample Quote - Port Headland,Heavy Industry,Heavy Industry,Closed Lost,"NZD 38,101.10",False,Australia
006Q800000WXmMn,Sample Quote - ECU,Education,Education,Closed Lost,"NZD 81,659.22",False,Australia
006Q800000WYzQ2,Ector County,Government,Government,Closed Lost,,False,United States
006Q800000WZ2Az,8D Non-Pre Kit,Commercial,Commercial,Proposal,"NZD 4,842.97",False,United States
006Q800000WZ3a5,Controller,Commercial,Commercial,Closed Lost,,False,United States
006Q800000WZ4rb,Motley Nashville Unit Locks,Multi Family,Multi Family,Proposal,"NZD 400,810.69",False,United States
006Q800000WZ9Zr,Ector County,Government,Government,Closed Lost,,False,ICT
006Q800000WZQWz,Motley Nashville Base Building,Multi Family,Multi Family,Proposal,"NZD 150,595.20",False,United States
006Q800000WZVgh,4 Door kit,Commercial,Commercial,Closed Won,,True,United States
006Q800000Wa0Gn,FCC_Eden Park GX6_Greg,Commercial,Commercial,Closed Lost,,False,New Zealand
006Q800000WaAhZ,Nedax_96 The Terrace_Cameron,Commercial,Commercial,Closed Lost,"NZD 16,604.35",False,New Zealand
006Q800000WeFp7,Binghatti - Burj,Commercial,Commercial,Closed Lost,,False,EMEA
006Q800000WenJ5,prt ctrl,Commercial,Commercial,Proposal,"NZD 3,542.16",False,United States
006Q800000WeyZJ,printable cards,Commercial,Commercial,Proposal,NZD 291.77,False,United States
006Q800000WjiiP,"New AFx Enterprise System for Honda R&D Southeast Asia Co.,Ltd in Thailand",Commercial,Commercial,Proposal,,False,Asia Pacific
006Q800000WksSn,Ahead_HPX_Errol,Healthcare,Healthcare,Closed Won,NZD 313.69,True,New Zealand
006Q800000Wlduj,Insight_InovonicsPIR_maria,Commercial,Commercial,Closed Won,NZD 423.66,True,New Zealand
006Q800000Wlfuv,BC_GX/Idemia_Matt,Commercial,Commercial,Closed Won,"NZD 28,415.05",True,New Zealand
006Q800000WmNvx,Expander and Enclosure,Commercial,Commercial,Closed Won,"NZD 1,008.52",True,Australia
006Q800000WmcoX,95 St Kilda Rd 22_9_25,Multi Family,Multi Family,Closed Won,"NZD 13,688.00",True,Australia
006Q800000WqLig,WX - 1 Door System,Commercial,Commercial,Closed Lost,NZD 816.45,False,EMEA
006Q800000WqZqT,Supply Only ICT tSec Reader (PRX-TSEC-STD-DF-KP-B),Government,Government,Closed Won,"NZD 12,316.16",True,Asia Pacific
006Q800000Wquuw,Arran Chemicals - Intruder Quote,Healthcare,Healthcare,Closed Lost,"NZD 2,369.46",False,EMEA
006Q800000WqyQf,Arran Chemicals - Access Quote,Healthcare,Healthcare,Closed Lost,"NZD 20,283.74",False,EMEA
006Q800000Wr1jW,Sept 25 Cards,Commercial,Commercial,Closed Won,NZD 9.73,True,United States
006Q800000WrC0b,CMCC,Commercial,Commercial,Proposal,"NZD 8,976.26",False,United States
006Q800000WrD3o,ES_OfficeFitout_Mark,Commercial,Commercial,Closed Won,"NZD 2,884.95",True,New Zealand
006Q800000WrFMf,Credential Replenishment,Other,Other,Closed Won,"NZD 2,382.26",True,United States
006Q800000WrmFN,ARA_96 Terrace_Gavin,Commercial,Commercial,Closed Won,"NZD 11,566.22",True,New Zealand
006Q800000WsKqX,PRT-PSU-DIN-4A,Commercial,Commercial,New,NZD 553.05,False,Australia
006Q800000WssYr,Stead St 23_9_25,Multi Family,Multi Family,Closed Won,"NZD 24,746.27",True,Australia
006Q800000Wt2Mv,Milltech_TSLEXTRA_Danie,Commercial,Commercial,Closed Won,"NZD 4,141.13",True,New Zealand
006Q800000WuosX,Westmoor Buildings Addition,Commercial,Commercial,Procurement,"NZD 46,250.13",False,United States
006Q800000Wuwmr,Capuchin Gate,Religious,Religious,Proposal,"NZD 1,306.97",False,United States
006Q800000WvFkf,SOAP API,Commercial,Commercial,Proposal,"NZD 5,296.72",False,United States
006Q800000WvGHF,266 College St,Multi Family,Multi Family,Proposal,"NZD 95,785.40",False,United States
006Q800000Wvb7g,Koinonia Christian Center,Religious,Religious,Proposal,"NZD 7,110.57",False,United States
006Q800000Wvu9V,Brown Baptist,Religious,Religious,Proposal,"NZD 4,171.94",False,United States
006Q800000Wvuiz,Apartment  w/ Multi-Tech Readers,Multi Family,Multi Family,Proposal,"NZD 5,007.76",False,United States
006Q800000WwPGX,GX Level 1 Facilitated Training,Training,Training,Closed Lost,"NZD 2,336.12",False,Australia
006Q800000X1ckz,Atlantic,Multi Family,Multi Family,Proposal,"NZD 22,209.96",False,United States
006Q800000X1lYV,AFX Replacement License - Communitech,Commercial,Commercial,Proposal,"NZD 3,412.58",False,Canada
006Q800000X1t5G,GX Add On,Commercial,Commercial,Closed Won,"NZD 11,581.94",True,United States
006Q800000X1wW9,Nexor - 50 x PRX-TAG-MF-B,Commercial,Commercial,Closed Won,NZD 394.02,True,EMEA
006Q800000X1wsF,Eagle Eye,Commercial,Commercial,Proposal,"NZD 6,113.95",False,United States
006Q800000X1zlw,Array Marketing - Second Office,Commercial,Commercial,Decision,"NZD 25,249.84",False,Canada
006Q800000X25qX,206 East 12th Street,Multi Family,Multi Family,Proposal,"NZD 34,375.54",False,Canada
006Q800000X2BVp,quote 4D,Commercial,Commercial,Closed Won,"NZD 5,918.74",True,United States
006Q800000X2rgL,FCC_Unitec Cards_Jenny,Education,Education,Closed Won,"NZD 15,588.00",True,New Zealand
006Q800000X4cGb,Toorak Rd 25_9_25,Multi Family,Multi Family,Closed Won,"NZD 13,065.68",True,Australia
006Q800000X4dHW,Chubb_GX Upgrade_Phil,Commercial,Commercial,Closed Lost,"NZD 7,916.21",False,New Zealand
006Q800000X4gYj,WalkerSol_WX_Mark,Commercial,Commercial,Closed Won,"NZD 6,490.58",True,New Zealand
006Q800000X8Ykf,Gx/20 - GoC Pricing.,Government,Government,Closed Won,"NZD 31,335.60",True,Canada
006Q800000X8rPb,Ector County Juvenile Project,Government,Government,Closed Lost,,False,United States
006Q800000X8si6,SE Upgrade and 10 Suite Alarms,Multi Family,Multi Family,Discovery,"NZD 6,828.85",False,Canada
006Q800000XBOSD,SecureU_98CarltonGoreElevatorHLI_Brad,Multi Family,Multi Family,Proposal,"NZD 12,591.90",False,New Zealand
006Q800000XDm3O,Cornwall Council - 6 x EN-DIN-24,Government,Government,Closed Won,"NZD 3,217.67",True,EMEA
006Q800000XDyub,Rhenus -  400 x PRX-ISO-MF,Transportation,Transportation,Closed Won,"NZD 2,004.35",True,EMEA
006Q800000XEl0r,GX Certified Training,Commercial,Commercial,Closed Won,"NZD 4,960.19",True,EMEA
006Q800000XEsgf,XS4 Panic,Commercial,Commercial,Closed Lost,,False,United States
006Q800000XEsqL,The Park on Morton,Commercial,Commercial,Proposal,NZD 615.95,False,United States
006Q800000XFE07,securplus adi order,Commercial,Commercial,Proposal,"NZD 6,421.57",False,United States
006Q800000XFPaz,GX - Muster/TNA,Commercial,Commercial,Closed Lost,"NZD 6,152.62",False,Canada
006Q800000XJh6J,ICT ProtegeGX Facilitated Tech Training Course for ESSCOR in Philippines,Training,Training,Closed Won,"NZD 6,424.21",True,Asia Pacific
006Q800000XKIH7,New AFx Enterprise System Expansion for EY Hua Ming in China,Banking & Finance,Banking & Finance,Proposal,"NZD 50,766.12",False,Asia Pacific
006Q800000XLXEA,Wicksee TSECT Readers,Commercial,Commercial,Closed Won,NZD 339.46,True,Australia
006Q800000XO8sg,3 GX Controllers,Commercial,Commercial,Closed Won,"NZD 1,840.54",True,Australia
006Q800000XQao1,PCA TEMPLATE,Heavy Industry,Heavy Industry,Discovery,"NZD 21,371.16",False,United States
006Q800000XQehx,St Michaels 1 reader,Multi Family,Multi Family,Procurement,"NZD 1,653.79",False,United States
006Q800000XQmK5,Bordeleau - LTHC,Healthcare,Healthcare,Proposal,"NZD 44,149.50",False,Canada
006Q800000XR16i,SUPREMA PRICING,Government,Government,Discovery,NZD 431.44,False,United States
006Q800000XR3fr,MPCA,Government,Government,Proposal,NZD 974.50,False,United States
006Q800000XR7Yf,Event Rents,Commercial,Commercial,Procurement,"NZD 7,640.61",False,United States
006Q800000XRBV1,MPCA,Government,Government,Closed Lost,,False,United States
006Q800000XRu7x,Dual Tech Cards,Commercial,Commercial,Proposal,"NZD 3,216.05",False,United States
006Q800000XRzvd,Nathans Office GX,Commercial,Commercial,Closed Won,"NZD 2,062.06",True,Australia
006Q800000XSDvX,Shoe Show Opportunity,Commercial,Commercial,Proposal,"NZD 28,738.21",False,United States
006Q800000XSOHJ,GX Facilitated Training 21-23 Oct,Training,Training,Closed Lost,"NZD 1,297.84",False,Australia
006Q800000XUSzx,ProtegeWX Access Control for Tissot Retail Shop in HK,Retail,Retail,Closed Lost,NZD 708.70,False,Asia Pacific
006Q800000XUUnF,ProtegeWX Access Control for Longines Retail Shop in HK,Retail,Retail,Closed Lost,NZD 708.70,False,Asia Pacific
006Q800000XXHVJ,Temple of Israel,Religious,Religious,Proposal,"NZD 12,922.31",False,Canada
006Q800000XXOk1,Card Order,Commercial,Commercial,Procurement,"NZD 2,917.74",False,United States
006Q800000XXgHS,Soundcraft_MSRP opportunity_Mick,Commercial,Commercial,Closed Lost,,False,New Zealand
006Q800000XbOLJ,300 PRX-ISO-MF,Healthcare,Healthcare,Closed Won,"NZD 1,458.87",True,United States
006Q800000XbYe1,NQVS Facilitated GX Course 21-23 Oct,Training,Training,Closed Lost,"NZD 1,168.06",False,Australia
006Q800000XblbF,Access Readers,Heavy Industry,Heavy Industry,Closed Won,"NZD 8,670.37",True,Australia
006Q800000Xc6cT,Walkersoultions_WX_Mark,Commercial,Commercial,Proposal,"NZD 7,663.89",False,New Zealand
006Q800000Xg11X,Rear Mount Mortise - Flat Black,Multi Family,Multi Family,Closed Lost,,False,Canada
006Q800000Xg9wj,Convergint Burnaby - Mariana Theoret,Commercial,Commercial,Closed Won,"NZD 5,234.79",True,Canada
006Q800000XgG3l,Motorized Deadbolt - Flat Black,Multi Family,Multi Family,Closed Lost,,False,Canada
006Q800000XgGBp,Cartridge Mortise - Flat Black,Multi Family,Multi Family,Closed Lost,,False,Canada
006Q800000XgU3V,1900 S. Chambers,Commercial,Commercial,Proposal,"NZD 46,932.50",False,United States
006Q800000XgWFA,MILESTONE PRICING,Government,Government,Proposal,,False,United States
006Q800000XggQ5,Motorized Deadbolt - Flat Black,Multi Family,Multi Family,Discovery,NZD 380.49,False,Canada
006Q800000Xgh3J,Power Supplies,Commercial,Commercial,Closed Won,"NZD 1,575.35",True,United States
006Q800000XgwXo,San Isabel Expansion V2,Commercial,Commercial,Decision,"NZD 23,807.61",False,United States
006Q800000Xh5EM,Rear Mount Mortise - Flat Black,Multi Family,Multi Family,Discovery,NZD 657.54,False,Canada
006Q800000XhQgz,Cartridge Mortise - Flat Black,Multi Family,Multi Family,Discovery,NZD 657.54,False,Canada
006Q800000XhSdx,Demo GX Controller,Training,Training,Closed Won,NZD 730.59,True,United States
006Q800000XhZ2j,Tarnix_WX 1 Door_Chris,Commercial,Commercial,Closed Lost,"NZD 1,977.30",False,New Zealand
006Q800000Xhqd3,Salto PPD,Multi Family,Multi Family,Closed Won,"NZD 2,088.71",True,United States
006Q800000Xigq9,GX Upgrade costs,Other,Other,Closed Lost,,False,New Zealand
006Q800000Xk337,GX Level 1 2_10_25,Training,Training,Closed Won,"NZD 4,964.28",True,Australia
006Q800000XmOLB,Monkton School - 30 x - PRX-SWB-MF-B-L,Government,Government,Closed Won,NZD 468.37,True,EMEA
006Q800000XmltD,Three Rivers Locks - Site 1,Government,Government,Decision,"NZD 9,099.44",False,United States
006Q800000XmnZh,tags,Commercial,Commercial,Proposal,NZD 206.37,False,United States
006Q800000XmszL,GRE - 2 Door Kits Add,Critical Infrastructure,Critical Infrastructure,Proposal,"NZD 21,321.68",False,United States
006Q800000XmtM5,Protege WX and Allegion,Multi Family,Multi Family,Proposal,,False,United States
006Q800000XmwyH,custom 16,Commercial,Commercial,Proposal,"NZD 2,793.24",False,United States
006Q800000Xn439,London Shelter - WL,Government,Government,Proposal,"NZD 1,582.12",False,Canada
006Q800000Xn5U1,London Shelter - S2 Takeover,Government,Government,Proposal,"NZD 24,488.05",False,Canada
006Q800000XnB8z,Clancy Community Center,Commercial,Commercial,Proposal,"NZD 6,260.48",False,United States
006Q800000Xs2I2,Tapestry,Multi Family,Multi Family,Proposal,"NZD 57,971.61",False,United States
006Q800000Xs8VR,RFQ-ProtegeGX Standard Server License,Commercial,Commercial,Working,,False,Asia Pacific
006Q800000XsNFx,OLS elevators,Commercial,Commercial,Proposal,"NZD 11,885.61",False,United States
006Q800000XsOiH,Fox Hill expanders quote  10 3 25,Multi Family,Multi Family,Proposal,"NZD 1,900.32",False,United States
006Q800000XsYVF,ACE-KYSH,Commercial,Commercial,Proposal,"NZD 42,717.89",False,Canada
006Q800000XsdLX,Barrington Estates,Multi Family,Multi Family,Proposal,"NZD 3,907.73",False,United States
006Q800000XssJv,GX Certification,Training,Training,Proposal,"NZD 6,671.55",False,Canada
006Q800000XsxUj,Jasper Parks Canada Project_Wireless Locks,Government,Government,Proposal,,False,Canada
006Q800000XtUFO,Old Ranch,Commercial,Commercial,Closed Won,"NZD 5,523.18",True,United States
006Q800000Xxu5R,Brighton Adds 6_10_25,Multi Family,Multi Family,Closed Won,"NZD 4,691.49",True,Australia
006Q800000Xz782,10A Power Supply,Government,Government,Closed Won,"NZD 1,057.20",True,Australia
006Q800000XzqLF,Thornleigh WX,Commercial,Commercial,Proposal,"NZD 4,181.94",False,Australia
006Q800000Y3qGD,HBML - Henri-Bourrasa Marcel-Laurin,Multi Family,Multi Family,Closed Lost,"NZD 48,780.49",False,Canada
006Q800000Y49XX,GREYOWL-000362,Commercial,Commercial,Closed Won,"NZD 1,559.82",True,United States
006Q800000Y4HSC,Dustfree Addon,Commercial,Commercial,Closed Won,"NZD 11,338.35",True,United States
006Q800000Y4KF5,Keypad Reader Combo Gate Project,Commercial,Commercial,Proposal,"NZD 1,097.44",False,United States
006Q800000Y4LR7,Randolph,Commercial,Commercial,Proposal,"NZD 5,707.88",False,United States
006Q800000Y4Ls3,Extension for WX site,Education,Education,Working,"NZD 2,375.68",False,Australia
006Q800000Y4M5I,8 Door Config,Commercial,Commercial,Proposal,"NZD 7,662.20",False,United States
006Q800000Y4NuM,UCIT_Readers and Credentials_Craig,Commercial,Commercial,Closed Won,"NZD 1,902.15",True,New Zealand
006Q800000Y4Qpx,Dollarama Power and tub 8 doors,Commercial,Commercial,Closed Won,"NZD 7,155.41",True,Canada
006Q800000Y4Rvq,Continental Takeover,Commercial,Commercial,Proposal,"NZD 1,470.97",False,United States
006Q800000Y60g6,C of P Addition,Commercial,Commercial,Closed Won,"NZD 13,097.25",True,Australia
006Q800000Y61dn,Focus Surveillance_Data Sync_Matt,Commercial,Commercial,Procurement,"NZD 4,127.40",False,New Zealand
006Q800000Y8ry2,Låssenteret AS Arendal - Kitron Project,Commercial,Commercial,Closed Won,"NZD 1,793.72",True,EMEA
006Q800000YBNsB,Almac - B9,Healthcare,Healthcare,Closed Won,"NZD 1,081.65",True,EMEA
006Q800000YBnVW,Guardian,Commercial,Commercial,Closed Won,"NZD 1,633.20",True,United States
006Q800000YBu0b,Nouvelle Ecole CS Central Quebec - CSDQ,Education,Education,Decision,,False,Canada
006Q800000YC1WF,Inovonics,Commercial,Commercial,Proposal,NZD 688.99,False,United States
006Q800000YC3rO,Convergint,Banking & Finance,Banking & Finance,Proposal,"NZD 7,404.60",False,United States
006Q800000YC8e9,WX DIN,Commercial,Commercial,New,NZD 953.27,False,United States
006Q800000YC8iz,Pattulo Condos,Multi Family,Multi Family,Discovery,"NZD 18,842.13",False,Canada
006Q800000YCgnt,Doka - 5 Sites,Commercial,Commercial,Proposal,"NZD 47,601.94",False,Canada
006Q800000YGrEV,Colliers-foster,Commercial,Commercial,Proposal,"NZD 27,498.77",False,United States
006Q800000YGyG0,Barrington Street dead bolt,Multi Family,Multi Family,Proposal,"NZD 57,073.17",False,Canada
006Q800000YHDqz,Kingston Youth,Government,Government,Proposal,"NZD 77,233.41",False,Canada
006Q800000YHGxI,Milestone Pricing,Government,Government,Proposal,"NZD 29,479.65",False,United States
006Q800000YHUni,Frandsen Financial,Banking & Finance,Banking & Finance,Proposal,"NZD 10,041.50",False,United States
006Q800000YHZHB,K&M 2D 8Z,Commercial,Commercial,Proposal,"NZD 4,412.90",False,United States
006Q800000YHc8X,KYSH - Kingston Youth Services HUB,Healthcare,Healthcare,Proposal,,False,Canada
006Q800000YIB4f,The Remington/DMA Plaza - VOIP Renewal,Commercial,Retail,Procurement,"NZD 1,581.13",False,United States
006Q800000YICIT,Flanagan Gate,Commercial,Commercial,Proposal,NZD 925.88,False,United States
006Q800000YICtZ,Micrologic - Healthcare Paxton Take-Over,Healthcare,Healthcare,Discovery,,False,United States
006Q800000YIKBC,GX_Training_09_10,Training,Training,Closed Lost,,False,Australia
006Q800000YIMbB,X2 Security_Single Door_Ian,Commercial,Commercial,Closed Lost,"NZD 1,717.31",False,New Zealand
006Q800000YId5l,GX Controllers,Government,Government,Closed Lost,"NZD 7,620.40",False,Australia
006Q800000YJYdW,Supply Control & Monitoring Hardware Only for HDB Smart Water Pump System (Phase 1) in Singapore,Government,Government,Procurement,"NZD 126,856.89",False,Asia Pacific
006Q800000YMK7l,Cambridge Uni Readers,Education,Education,Closed Won,"NZD 2,007.24",True,EMEA
006Q800000YMeUf,HCT - Suprema - BS3-DB - Add. 1,Education,Education,Closed Won,"NZD 260,242.88",True,EMEA
006Q800000YMiux,BMO - Option 2 - ULC Replacement,Banking & Finance,Banking & Finance,Proposal,"NZD 2,179,855.54",False,Canada
006Q800000YMnjF,BMO - Option 3 Complete Replacement,Banking & Finance,Banking & Finance,Proposal,"NZD 1,791,185.06",False,Canada
006Q800000YMtK2,Arran Chemical Company - GBP Quotation,Healthcare,Healthcare,Closed Won,"NZD 15,499.48",True,EMEA
006Q800000YMv6g,Project Pricing - Oslo,Government,Government,Closed Lost,"NZD 80,329.69",False,EMEA
006Q800000YMwaU,Power Supply,Multi Family,Multi Family,Closed Won,,True,Canada
006Q800000YN2UR,Supply ICT PSU - ESSCOR_REQUEST FOR QUOTATION_PJ-GC25-020,Commercial,Commercial,Proposal,,False,Asia Pacific
006Q800000YNBFJ,Cushing Terminal,Government,Government,Closed Won,"NZD 15,211.23",True,United States
006Q800000YNJzF,145 Kennedy Dr,Commercial,Commercial,Proposal,"NZD 3,675.15",False,United States
006Q800000YNPjh,Richmond Yards Phase Three add-on,Multi Family,Multi Family,Closed Won,"NZD 91,838.91",True,Canada
006Q800000YNu2j,Quote Ref 808716 - Metalor Variation No.1,Commercial,Commercial,Closed Won,"NZD 2,709.86",True,EMEA
006Q800000YNuab,Quote Ref 796431 - Metalor Allied Gold,Commercial,Commercial,Closed Won,"NZD 12,770.96",True,EMEA
006Q800000YOOKB,RFQ Bluetooth Readers,Commercial,Commercial,Proposal,"NZD 1,575.62",False,Australia
006Q800000YS8lU,WH Dale,Commercial,Commercial,Proposal,"NZD 3,059.13",False,United States
006Q800000YSUET,Bonded Transmition,Commercial,Commercial,Proposal,"NZD 1,922.34",False,United States
006Q800000YSyIb,BMO - Option 1 - CTRL/PSU/SNAPP,Banking & Finance,Banking & Finance,Proposal,"NZD 1,505,505.30",False,Canada
006Q800000YTWXD,4 door x garage quote,Transportation,Transportation,Closed Lost,"NZD 10,697.94",False,United States
006Q800000YdMZl,Brownfield ISD licenses,Education,Education,Closed Won,"NZD 2,208.84",True,United States
006Q800000YdcBV,Christ Church Credentials,Religious,Religious,Closed Lost,"NZD 1,157.26",False,United States
006Q800000YdeJl,Parts and pieces,Government,Government,Closed Won,"NZD 4,207.65",True,United States
006Q800000Ydh1V,PO7255 Fox Hill Allegion Engage Gateways,Multi Family,Multi Family,Proposal,"NZD 83,364.92",False,United States
006Q800000YeDHV,Vintage Fair Park,Multi Family,Multi Family,Proposal,"NZD 29,121.02",False,United States
006Q800000YeDKk,WX Quote,Commercial,Commercial,Proposal,"NZD 3,499.43",False,United States
006Q800000YeFCs,WX Quote - 7 Door,Commercial,Commercial,Proposal,"NZD 5,833.99",False,United States
006Q800000YfYRx,Cornerstone_mirageapartments_Shannon,Multi Family,Multi Family,Closed Won,"NZD 3,841.67",True,New Zealand
006Q800000YgVwf,Power Supply 14_10_25,Commercial,Commercial,Closed Won,NZD 0.00,True,Australia
006Q800000YkQok,CWPT - St Michaels Hospital - TSL vandal,Healthcare,Healthcare,Closed Won,"NZD 10,224.57",True,EMEA
006Q800000YkXlN,Odekan Headstart Building,Commercial,Commercial,Proposal,"NZD 12,195.12",False,Canada
006Q800000YkbVd,Mirabank a.d.,Banking & Finance,Banking & Finance,Closed Won,"NZD 11,365.14",True,EMEA
006Q800000YkoKo,St Gabriel Church - ProtegeWX Solution,Religious,Religious,Proposal,"NZD 6,678.05",False,Canada
006Q800000Ykxnt,replacement cards ship today,Commercial,Commercial,Proposal,"NZD 2,431.45",False,United States
006Q800000YkzmT,Fobs,Government,Government,Closed Won,NZD 343.95,True,United States
006Q800000Yl6Uc,KWS_WX_Dev,Commercial,Commercial,Closed Lost,"NZD 2,317.72",False,New Zealand
006Q800000Yl7ww,Mountain View site,Commercial,Commercial,Closed Won,"NZD 3,614.17",True,United States
006Q800000YliLN,BLC Regina - Expansion,Healthcare,Healthcare,Closed Won,"NZD 18,510.16",True,United States
006Q800000YmdgD,609 Wellington - Student Accomodation - Aperio,Multi Family,Multi Family,Closed Lost,"NZD 547,923.47",False,Australia
006Q800000YoH6v,Replacement PinProx Readers,Multi Family,Multi Family,Closed Won,"NZD 2,545.97",True,Australia
006Q800000YobLl,GX online Training and Kit,Training,Training,Closed Won,"NZD 3,275.27",True,Australia
006Q800000YrSQn,TVDSB - Zone 3,Education,Education,Closed Won,"NZD 125,415.02",True,Canada
006Q800000Yrb13,Wittenburg College Cards,Education,Education,Proposal,NZD 875.32,False,United States
006Q800000YrcBd,Jefferey Hale (Utile/Digitech),Multi Family,Multi Family,Proposal,"NZD 79,280.98",False,Canada
006Q800000YrifG,Stoughton FD,Government,Government,Proposal,"NZD 12,975.33",False,United States
006Q800000YrivN,181 Wynford Dr - 327 ELT Keypads,Multi Family,Multi Family,Proposal,"NZD 84,170.68",False,Canada
006Q800000YrjOR,A Place For Kids,Commercial,Commercial,Proposal,"NZD 10,275.55",False,United States
006Q800000Yroaz,Cards & CP,Commercial,Commercial,New,"NZD 1,501.34",False,United States
006Q800000YrxXp,All State,Government,Government,Closed Won,"NZD 2,292.45",True,United States
006Q800000Yrxxd,Lynn Sewer and Water,Government,Government,Proposal,"NZD 1,470.97",False,United States
006Q800000YsQd3,BLC - Licenses,Healthcare,Healthcare,Proposal,"NZD 8,782.05",False,United States
006Q800000YxLXt,Eter Solutions,Commercial,Commercial,Closed Won,"NZD 1,746.62",True,EMEA
006Q800000YyLCT,BMO - New Branch ICT Package,Banking & Finance,Banking & Finance,Proposal,"NZD 4,179.50",False,Canada
006Q800000YyQld,BMO - Individual Pricing,Banking & Finance,Banking & Finance,Proposal,"NZD 3,372.81",False,Canada
006Q800000YyXoj,Houk AC New Building,Commercial,Commercial,Closed Won,"NZD 3,544.56",True,United States
006Q800000YyeF7,Sanctuary Tower in Atlanta (265 Washington St. SW),Commercial,Commercial,Proposal,"NZD 23,631.35",False,United States
006Q800000YyjBZ,Llano Photo Lic,Education,Education,Closed Won,,True,United States
006Q800000Yyjhp,ProtegeGX Partner Certification Training,Training,Training,Proposal,"NZD 6,671.55",False,Canada
006Q800000Yyn2I,242 Milwaukee Readers,Commercial,Commercial,Proposal,"NZD 21,011.35",False,United States
006Q800000Yyx02,Honeycomb Living,Multi Family,Multi Family,Proposal,"NZD 45,536.88",False,Canada
006Q800000Z5cOg,60 Lake St,Commercial,Commercial,Proposal,NZD 620.35,False,United States
006Q800000Z5dHX,SJ Giants,Commercial,Commercial,Closed Won,"NZD 7,249.66",True,United States
006Q800000Z5gby,Valley Hub,Commercial,Commercial,Proposal,"NZD 2,918.12",False,United States
006Q800000Z5iIn,CVCS,Commercial,Commercial,Proposal,NZD 917.12,False,United States
006Q800000Z5jRl,Fox Hill 100 LEBMS  PO7303,Multi Family,Multi Family,Proposal,"NZD 189,616.94",False,United States
006Q800000Z5stF,3 Building System,Multi Family,Multi Family,Closed Won,"NZD 11,770.95",True,United States
006Q800000ZB6Fe,Kingston Youth,Government,Government,Proposal,"NZD 64,600.27",False,Canada
006Q800000ZC6yL,Waterford_Readers_Madi,Commercial,Commercial,Closed Won,"NZD 7,022.05",True,New Zealand
006Q800000ZEue5,Single Door Bundle,Commercial,Commercial,Closed Won,NZD 726.22,True,Australia
006Q800000ZJHFV,Kingston Youth,Government,Government,Proposal,"NZD 64,600.27",False,Canada
006Q800000ZJXk8,Communication & Power Industries LLC,Commercial,Commercial,Proposal,,False,United States
006Q800000ZK6oH,ProtegeWX Project,Commercial,Commercial,Proposal,"NZD 1,225.12",False,Canada
006Q800000ZKqnt,milltech_Belfast_Danie,Other,Other,New,,False,New Zealand
006Q800000ZPOar,Almac B16A expansion,Healthcare,Healthcare,Closed Won,"NZD 7,649.43",True,EMEA
006Q800000ZQUER,WX - 17D w/Panic,Commercial,Commercial,Proposal,"NZD 13,672.53",False,Canada
006Q800000ZQrcQ,Star Control - Office System,Commercial,Commercial,Closed Won,"NZD 25,417.36",True,United States
006Q800000ZR60N,UW Credit Union Gammon Pl,Banking & Finance,Banking & Finance,Closed Won,NZD 28.52,True,United States
006Q800000ZRPHi,1 Door Kit,Commercial,Commercial,Proposal,"NZD 1,468.00",False,United States
006Q800000ZRPcT,Campbell ISD Allegion Licenses,Education,Education,Closed Won,"NZD 3,752.13",True,United States
006Q800000ZRxaw,Fox Hill LEBMS 134 PO7255,Multi Family,Multi Family,Proposal,"NZD 235,721.13",False,United States
006Q800000ZRzjB,Fox Hill 134 LEBMS PO7303,Multi Family,Multi Family,Proposal,"NZD 235,721.13",False,United States
006Q800000ZS67x,Demo License,Training,Training,Closed Won,"NZD 3,378.17",True,United States
006Q800000ZS8mU,Rabone 175 Eagle St Revised October,Commercial,Commercial,Closed Won,"NZD 48,746.42",True,Australia
006Q800000ZSPfF,LSP,Commercial,Commercial,Closed Lost,"NZD 1,604.69",False,United States
006Q800000ZUzwL,GX Facilitated Course 11-13 November,Training,Training,Closed Lost,"NZD 1,297.84",False,Australia
006Q800000ZV8tB,Extend WX System,Commercial,Commercial,Proposal,"NZD 1,867.28",False,Australia
006Q800000ZYmSg,Hills Dallas Worship Center,Religious,Religious,Closed Won,,True,United States
006Q800000ZYsUt,The Park on Morton,Multi Family,Multi Family,Proposal,"NZD 3,466.26",False,United States
006Q800000ZYuy6,Frandsen Bank,Banking & Finance,Banking & Finance,Proposal,"NZD 5,372.14",False,United States
006Q800000ZZ5jz,Pepsi Bottling Group Modesto,Commercial,Commercial,Closed Lost,"NZD 21,708.21",False,United States
006Q800000ZZBvh,Reader pricing,Commercial,Commercial,Proposal,"NZD 2,350.74",False,United States
006Q800000ZZCqD,Harry Winston 718 5th Ave NYC,Commercial,Commercial,New,NZD 815.23,False,United States
006Q800000ZZtDZ,Entwistle,Commercial,Commercial,Proposal,"NZD 3,381.26",False,United States
006Q800000Zbde9,Chubb_Unitec_Quinton,Education,Education,Closed Won,"NZD 11,022.89",True,New Zealand
006Q800000ZgIxF,Protege WX Training Kit,Commercial,Commercial,Proposal,"NZD 3,350.65",False,Australia
006Q800000ZgyEw,Stock order Oct,Commercial,Commercial,Closed Won,"NZD 4,174.77",True,United States
006Q800000Zh5LF,4G Cell,Commercial,Commercial,Proposal,NZD 584.90,False,United States
006Q800000Zh5rV,Ramjacks,Commercial,Commercial,Proposal,"NZD 14,264.24",False,United States
006Q800000Zh6ij,Mifare Key Tag Replacement,Commercial,Commercial,Proposal,,False,United States
006Q800000Zh7LS,Broadway & Alma - Replacement of 26 water damaged locks,Multi Family,Multi Family,Procurement,"NZD 17,096.08",False,Canada
006Q800000ZhBIb,Joyce 2 - Denali SS - Final order of 90 locks,Multi Family,Multi Family,PO Received,"NZD 61,225.90",False,Canada
006Q800000ZhGQM,Mercer County Sherriff's Dept,Government,Government,Proposal,NZD 483.10,False,United States
006Q800000Zi59V,Metal Cabinet: Batteries or Accessoriesr,Commercial,Commercial,Closed Won,,True,Australia
006Q800000ZjjjB,Quotation for ESSCOR_REQUEST FOR QUOTATION_PJ-DL25-014,Commercial,Commercial,Proposal,,False,Asia Pacific
006Q800000ZlVNZ,HRDM Expanders,Commercial,Commercial,Procurement,"NZD 3,115.48",False,Australia
006Q800000Znq9N,Keepmoat - 100 x Mobile Credentials,Commercial,Commercial,Closed Won,NZD 621.74,True,EMEA
006Q800000ZogUd,Church House,Residential,Residential,Closed Lost,,False,United States
006Q800000Zov5N,Delta Bingo Gaming TAGS,Gaming,Gaming,Proposal,,False,United States
006Q800000ZovQL,13.5 Mhz Key Fobs,Commercial,Commercial,Proposal,NZD 206.37,False,United States
006Q800000Zp1yo,Inovonics Add-On,Commercial,Commercial,Closed Won,"NZD 1,244.70",True,Canada
006Q800000Zpcbl,AZ project,Multi Family,Multi Family,Closed Won,"NZD 17,071.03",True,United States
006Q800000ZpcqH,Credential Encoding,Multi Family,Multi Family,Closed Lost,"NZD 13,278.76",False,Canada
006Q800000ZvmYP,Hume Grammar Aperio 27_10_25,Education,Education,Proposal,"NZD 9,739.05",False,Australia
006Q800000ZwMNN,ACES Tags & Readers,Commercial,Commercial,Closed Won,NZD 906.92,True,Australia
006Q800000Zy5Th,Reader Replacement,Commercial,Commercial,Proposal,"NZD 7,195.45",False,Australia
006Q800000Zy7Dl,Reader Replacement (BLANK),Commercial,Commercial,Proposal,"NZD 7,187.55",False,Australia
006Q800000a2U0U,DNR Hibbing Tanker Base,Government,Government,Proposal,"NZD 4,252.32",False,United States
006Q800000a2ZeT,GX LIC,Commercial,Commercial,Closed Won,"NZD 8,060.34",True,United States
006Q800000a2d2A,GX Certification,Training,Training,Closed Won,"NZD 6,671.55",True,Canada
006Q800000a2dzq,EEAST 1 Door License,Healthcare,Healthcare,Closed Won,NZD 111.92,True,EMEA
006Q800000a2mIL,St Michaels Replacement Salto Parts,Multi Family,Multi Family,Closed Won,,True,United States
006Q800000a2sHJ,Woodland Park School District,Education,Education,Proposal,,False,United States
006Q800000a2zAj,System Adds 28_10_25,Commercial,Commercial,Closed Won,"NZD 1,853.87",True,Australia
006Q800000a6OCb,Auroa apartments 28_10_25,Residential,Residential,Closed Won,,True,Australia
006Q800000a75z7,ImperioLock with Keypad,Commercial,Commercial,Closed Won,NZD 858.56,True,Australia
006Q800000aAAe7,Arboris,Commercial,Commercial,Proposal,"NZD 24,386.12",False,Canada
006Q800000aANjN,NuBuilt,Commercial,Commercial,Proposal,,False,United States
006Q800000aAYwX,Maison des Soeurs Ste-Anne,Education,Education,Proposal,"NZD 22,773.49",False,Canada
006Q800000aAZEI,BMO - New Branch ICT Package,Banking & Finance,Banking & Finance,Proposal,"NZD 7,587.35",False,Canada
006Q800000aAx0U,US P 2,Commercial,Commercial,Closed Won,,True,United States
006Q800000aB4ra,Urban Peak Mothership Card Quote,Education,Education,Proposal,,False,United States
006Q800000aExGP,Wilson Riverdale Art Gallery,Commercial,Commercial,Closed Won,"NZD 2,237.39",True,Australia
006Q800000aIMLV,Hillington Primary School - EN-DIN-11,Education,Education,Closed Won,NZD 232.45,True,EMEA
006Q800000aIaY9,FreshCo West Broadway,Retail,Retail,Proposal,"NZD 9,131.44",False,Canada
006Q800000aIp0v,The Hill House,Commercial,Commercial,New,,False,United States
006Q800000aItKh,10104 Lincoln Place,Commercial,Commercial,Proposal,"NZD 4,324.71",False,United States
006Q800000aIte1,Veranda credentials,Multi Family,Multi Family,Closed Won,"NZD 8,273.23",True,United States
006Q800000aJBvt,Test Kit,Other,Other,Proposal,"NZD 7,598.77",False,United States
006Q800000aMDQ5,Lifestyle working Collins Street,Commercial,Commercial,Proposal,"NZD 19,475.95",False,Australia
006Q800000aOss9,Quotation for GX Access Control System for Office Project in HK (Konwest Security Systems Limited),Commercial,Commercial,Proposal,"NZD 4,868.66",False,Asia Pacific
006Q800000aPcoX,Supply Only 16 Input Expander for RE: UNS257036 Project in Philippines,Commercial,Commercial,Proposal,NZD 530.97,False,Asia Pacific
006Q800000aPniL,GX Training and Kit,Training,Training,Closed Lost,"NZD 8,436.03",False,Australia
006Q800000aQL8v,Hotel Accomodation,Commercial,Hospitality - Hotels,Closed Lost,"NZD 50,885.67",False,Australia
006Q800000aR3bN,Bowen Flats Apartments,Multi Family,Multi Family,Proposal,,False,United States
006Q800000aRBlp,Leiters Card Quote,Commercial,Commercial,Procurement,"NZD 14,293.55",False,United States
006Q800000aRByj,Test 123,Aviation,Aviation,Closed Lost,NZD 0.00,False,Canada
006Q800000aU4W5,Data Pacific_WX_Ashley,Commercial,Commercial,Closed Lost,"NZD 12,846.92",False,New Zealand
006Q800000aUgEo,WX Expansion 31_10_25,Commercial,Commercial,Closed Won,"NZD 2,151.30",True,Australia
006Q800000aUjm9,Protege GX Solution,Commercial,Commercial,Working,,False,Australia
006Q800000aZAW2,TAG-MF-B 1000,Commercial,Commercial,Proposal,"NZD 4,815.32",False,United States
006Q800000aZFcC,Marinatha Gardens - Base Buidling,Multi Family,Multi Family,Closed Won,"NZD 17,960.16",True,Canada
006Q800000aZNLC,United Way,Multi Family,Multi Family,Proposal,"NZD 39,111.38",False,Canada
006Q800000aZYWj,Credentials,Commercial,Commercial,Closed Won,,True,United States
006Q800000alkNg,255 N Washington Replacement Fobs,Multi Family,Multi Family,Decision,,False,United States
006Q800000altqw,6 door kit,Commercial,Commercial,Closed Won,"NZD 8,604.19",True,United States
006Q800000am1gD,Pistoia 24D kits,Multi Family,Multi Family,Closed Won,"NZD 21,878.25",True,United States
006Q800000am49S,10 Clients,Commercial,Commercial,Proposal,"NZD 6,485.05",False,United States
006Q800000amOXy,Fox Hill Gateways and FOBs,Multi Family,Multi Family,Proposal,"NZD 32,403.63",False,United States
006Q800000amR7d,LSIC Grow House,Commercial,Commercial,Procurement,"NZD 31,158.62",False,United States
006Q800000amWNR,Ross Galt_GX Quote_Nick,Commercial,Commercial,Closed Lost,"NZD 1,987.05",False,New Zealand
006Q800000anYS1,RFQ - DESFire Upgrade,Commercial,Commercial,Proposal,"NZD 13,488.92",False,Australia
006Q800000aoKoP,DESFire Upgrade with Encoder,Commercial,Commercial,Proposal,"NZD 16,261.98",False,Australia
006Q800000aqH6T,The Avenue Canberra,Commercial,Commercial,Closed Won,"NZD 25,369.56",True,Australia
006Q800000auM4M,Straz Center for Performing Arts,Commercial,Commercial,Proposal,,False,United States
006Q800000auN3i,Controller,Commercial,Commercial,Closed Won,"NZD 1,360.12",True,United States
006Q800000auisr,"Heat and Control Lancaster, PA",Commercial,Commercial,Proposal,,False,United States
006Q800000aujFR,Suprema Reader,Commercial,Commercial,Proposal,,False,United States
006Q800000avWcj,GX Online & Training Kit 5_11_25,Training,Training,Closed Won,"NZD 2,470.97",True,Australia
006Q800000avdeD,Salt & Meadow - Credential Order,Multi Family,Multi Family,Procurement,"NZD 6,565.85",False,Canada
006Q800000awwTV,PIN Readers - TSEC,Commercial,Commercial,Proposal,NZD 753.44,False,Australia
006Q800000ayd8R,Electric Strikes,Commercial,Commercial,Proposal,"NZD 1,058.72",False,Australia
006Q800000ayhF3,Replacement LCD Keypads,Commercial,Commercial,Proposal,NZD 974.60,False,Australia
006Q800000b0anl,Hardware Budget 2025,Commercial,Commercial,Working,"NZD 19,266.88",False,Australia
006Q800000b2UPh,Lantana Apartments,Multi Family,Multi Family,Closed Won,"NZD 1,288.93",True,United States
006Q800000b2VqP,Cushing Terminal 2,Government,Government,Closed Won,,True,United States
006Q800000b2g4I,salto reader and PS,Multi Family,Multi Family,Closed Won,"NZD 2,646.65",True,United States
006Q800000b2jer,PRX-TSEC-EXTRA-BT-B,Commercial,Commercial,Closed Won,"NZD 1,013.84",True,United States
006Q800000b2loj,St Michaels building 2 and 3 entries,Multi Family,Multi Family,Closed Won,,True,United States
006Q800000b30cU,ZX16 Swap,Commercial,Commercial,Proposal,"NZD 6,309.70",False,United States
006Q800000b3Oi1,Reader Quote 06_11_25,Commercial,Commercial,Closed Lost,"NZD 3,266.44",False,Australia
006Q800000b3cRd,Mobile Credentials,Commercial,Commercial,Proposal,NZD 413.44,False,Australia
006Q800000b3igo,Parts Order - John Molnar,Education,Education,Procurement,"NZD 25,376.44",False,Canada
006Q800000b6Qk5,S5553 POINT LEO RD 06_11_25,Education,Education,Closed Won,,True,Australia
006Q800000b8NdF,20-Cards for Y School,Education,Education,Closed Won,NZD 129.46,True,Australia
006Q800000bFzYx,Champion Windows,Commercial,Commercial,Proposal,,False,United States
006Q800000bG6Va,Mt. Sinai - DF Credentials for testing,Healthcare,Healthcare,Closed Won,"NZD 2,119.02",True,Canada
006Q800000bGLnx,Lantana Apartments,Multi Family,Multi Family,Proposal,,False,United States
006Q800000bOHjy,Redford Police Dept - GX License Add,Government,Government,Decision,"NZD 3,543.31",False,United States
006Q800000bXjkD,CSL_GX2doorupgrade_Phil,Commercial,Commercial,Closed Lost,"NZD 1,697.16",False,New Zealand
006Q800000baDSr,WX Solution,Commercial,Commercial,Proposal,"NZD 2,676.69",False,Australia
006Q800000bc8ti,Bocce Biometrics,Commercial,Commercial,Proposal,NZD 431.44,False,United States
006Q800000bcBy1,Nov Cards,Commercial,Commercial,Closed Won,,True,United States
006Q800000bcN39,MSH - Small Project 1,Healthcare,Healthcare,Procurement,"NZD 3,628.45",False,Canada
006Q800000bcYpm,MSH - Small Project 2,Healthcare,Healthcare,Decision,"NZD 2,252.87",False,Canada
006Q800000bcbyw,Reiser Warehouse,Commercial,Industrial - Logistics,Closed Won,"NZD 8,101.68",True,Canada
006Q800000bdIm9,Coburns House of Pizza,Commercial,Commercial,Closed Won,"NZD 14,649.16",True,United States
006Q800000bdWJj,ctrl din x2,Commercial,Commercial,Proposal,"NZD 2,493.56",False,United States
006Q800000biYQU,Rutland Council - 1 Door License,Government,Government,Closed Won,NZD 111.92,True,EMEA
006Q800000bisLx,Stock,Commercial,Commercial,Proposal,"NZD 7,859.59",False,United States
006Q800000bizAY,Amp United,Commercial,Commercial,Proposal,"NZD 3,583.16",False,United States
006Q800000bjcDV,GX Unlock for Village of Belmar,Commercial,Commercial,Proposal,,False,United States
006Q800000bjfJR,671 Chapel Street,Residential,Residential,Proposal,NZD 0.00,False,Australia
006Q800000bk6eb,I and A office - Testing Kit,Other,Other,Closed Won,,True,Australia
006Q800000bk8tJ,Sea Foam,Commercial,Commercial,Proposal,"NZD 5,749.45",False,United States
006Q800000bkDzR,BES Office System,Other,Other,Proposal,"NZD 4,773.46",False,United States
006Q800000bkeWc,Campus,Education,Education,Procurement,"NZD 135,197.07",False,United States
006Q800000bpeJ6,PEC,Commercial,Commercial,Proposal,,False,United States
006Q800000bpuUH,NRT Technology Corp.,Commercial,Commercial,Closed Won,"NZD 15,244.60",True,Canada
006Q800000bq0PE,Park George - Mobile Credentials,Multi Family,Multi Family,Proposal,"NZD 11,491.34",False,Canada
006Q800000bqEHi,Germania,Commercial,Commercial,Working,"NZD 1,337.24",False,United States
006Q800000br6GU,Zane State College Upgrade,Education,Education,Proposal,"NZD 2,188.43",False,United States
006Q800000brGir,Church,Commercial,Religious,Proposal,"NZD 5,230.23",False,United States
006Q800000brKFQ,School Controller Replacement,Education,Education,Proposal,NZD 876.95,False,United States
006Q800000brMDB,APS 50 Door Licences,Government,Government,Closed Won,"NZD 1,351.66",True,Australia
006Q800000bwhor,EEAST Door Licenses,Healthcare,Healthcare,Closed Won,"NZD 1,283.50",True,EMEA
006Q800000bx7hh,TSEC EXTRA BT B,Commercial,Commercial,Proposal,"NZD 2,230.45",False,United States
006Q800000bxHxB,Nov PS,Commercial,Commercial,Closed Won,"NZD 2,761.03",True,United States
006Q800000bxiNt,RVG Edinburgh nicu 2,Commercial,Commercial,Proposal,"NZD 37,791.03",False,United States
006Q800000c0gkX,Encoding Credits,Commercial,Commercial,Procurement,"NZD 1,035.30",False,Australia
006Q800000c3qfK,Salto Licenses,Multi Family,Multi Family,Closed Won,NZD 346.63,True,United States
006Q800000c4JPb,Boutique Hotel Fiesole,Commercial,Hospitality - Hotels,Proposal,,False,United States
006Q800000c4L6P,CFIA Security - ProtegeWX,Commercial,Commercial,Closed Won,"NZD 11,997.79",True,Canada
006Q800000c4U6T,Long Range Wireless - Office,Commercial,Commercial,Proposal,"NZD 2,300.60",False,United States
006Q800000c4YDJ,Boutique Hotel Fiesole Final,Commercial,Hospitality - Hotels,Proposal,"NZD 34,516.45",False,United States
006Q800000c9y77,Elevator 6 Cabs 22 Floors,Multi Family,Multi Family,Proposal,"NZD 16,772.57",False,United States
006Q800000cH6r7,PO: 6297,Commercial,Commercial,Proposal,,False,United States
006Q800000cHGIc,ICT Apps--Quote Request 25101011,Commercial,Commercial,Proposal,"NZD 19,597.01",False,United States
006Q800000cHaaf,GX Door License Expansion,Commercial,Commercial,Working,,False,United States
006Q800000cID49,Reader Quote 18_11_25,Residential,Residential,Closed Won,,True,Australia
006Q800000cKmnN,Solstice apartments 18_11_25,Residential,Residential,Proposal,"NZD 6,516.62",False,Australia
006Q800000cOJlB,Tier 3 License,Commercial,Commercial,Proposal,"NZD 10,515.19",False,United States
006Q800000cOnOJ,Community Care Buckhannon,Healthcare,Healthcare,Proposal,"NZD 50,754.61",False,United States
006Q800000cOpuj,HW NY718 Retail,Retail,Retail,Proposal,"NZD 12,142.19",False,United States
006Q800000cOvGz,Redford Water Dep.,Government,Government,Proposal,NZD 383.05,False,United States
006Q800000cPOsV,Basic System Pricing Inquiry,Commercial,Commercial,Proposal,"NZD 1,358.30",False,United States
006Q800000cVMcf,Queens College - 1 Door License,Education,Education,Closed Won,NZD 111.92,True,EMEA
006Q800000cVb0c,St. David Apartments,Multi Family,Multi Family,Proposal,"NZD 5,591.91",False,Canada
006Q800000cc2cQ,Marlstone construction cards,Multi Family,Multi Family,Closed Won,NZD 83.85,True,Canada
006Q800000ccJzp,TransAqua Moncton Blower building,Commercial,Commercial,Proposal,"NZD 5,881.08",False,Canada
006Q800000ccU2P,Fox Hills Invoiced Parts,Multi Family,Multi Family,Proposal,"NZD 135,378.16",False,United States
006Q800000ccYaf,Fox Hills NOT Invoiced Parts,Multi Family,Multi Family,Proposal,"NZD 314,196.53",False,United States
006Q800000cd2vK,Demo Kit,Training,Training,Closed Won,NZD 806.67,True,United States
006Q800000cdYgh,Mobile Credentials,Commercial,Commercial,Closed Won,,True,United States
006Q800000cdfbh,Fox Hill Change Order,Multi Family,Multi Family,Proposal,"NZD 8,613.89",False,United States
006Q800000ceOc1,Floating Card Encoding Pack (100 Units),Commercial,Commercial,Proposal,,False,United States
006Q800000cfRET,X2_New World Brookfield_Ian,Commercial,Commercial,Working,"NZD 3,041.25",False,New Zealand
006Q800000cjrv7,Nov 21 Stock Quote,Commercial,Commercial,Proposal,"NZD 3,135.50",False,United States
006Q800000ck1Mb,Door Monitoring,Commercial,Commercial,Closed Lost,"NZD 3,875.52",False,United States
006Q800000ckG8j,TSL Reader,Commercial,Commercial,Proposal,NZD 927.61,False,United States
006Q800000cnMj3,GX Training & Console,Commercial,Commercial,Closed Won,"NZD 3,255.77",True,EMEA
006Q800000csq6z,Access Tags,Government,Government,Closed Won,NZD 795.16,True,Australia
006Q800000cvDnS,Three Rivers - RM Mortise,Government,Government,Proposal,"NZD 1,887.75",False,United States
006Q800000cvTk9,Evoke (Harlan),Commercial,Commercial,Proposal,,False,United States
006Q800000cvTll,1531 Barrington - VIP Security,Commercial,Commercial,Proposal,"NZD 4,081.41",False,United States
006Q800000cw1cB,Stable,Commercial,Commercial,Proposal,,False,United States
006Q800000cx4WM,The Security Co_WX System_Jens,Multi Family,Multi Family,Working,"NZD 9,421.66",False,New Zealand
006Q800000cxf7h,Drury 25_11_25,Commercial,Commercial,Closed Won,"NZD 3,865.69",True,Australia
006Q800000cyp09,Red Lightening Cards & Fobs Revised,Commercial,Commercial,Closed Won,NZD 12.98,True,Australia
006Q800000d3IjZ,Tri-State Card Stock,Commercial,Commercial,Procurement,,False,United States
006Q800000d4KrL,Inovonics Wireless Pricing,Commercial,Commercial,Discovery,"NZD 1,311.05",False,Canada
006Q800000d5uUZ,Stock Item,Commercial,Commercial,Proposal,NZD 427.06,False,United States
006Q800000dEHov,Test,Education,Education,Proposal,NZD 17.52,False,United States
006Q800000dETRv,UHS Disaster Kit,Healthcare,Healthcare,Proposal,,False,United States
006Q800000dW06T,Entrepôts Beauharnois,Commercial,Commercial,Closed Won,"NZD 8,061.61",True,Canada
006Q800000dh5Vp,Maersk 1_12_25,Commercial,Commercial,Closed Won,"NZD 58,916.73",True,Australia
006Q800000dmhfJ,Stocking order,Other,Other,Closed Won,"NZD 18,881.71",True,EMEA
006Q800000dnFqg,EHS Dec 25 Addition,Education,Education,Closed Won,,True,United States
006Q800000dnIer,Ukrenergo- expansion add,Critical Infrastructure,Critical Infrastructure,Decision,"NZD 1,246.72",False,EMEA
006Q800000dnRwf,EHS Dec 25 Addition,Education,Education,Closed Won,,True,United States
006Q800000dnUD0,Extra Size Readers - Stock List Update,Commercial,Commercial,Proposal,NZD 878.84,False,United States
006Q800000dng67,MILL #3,Multi Family,Multi Family,Closed Lost,NZD 0.00,False,Canada
006Q800000dnppK,FOX Hill tag df ev3 2k,Multi Family,Multi Family,Proposal,"NZD 10,934.20",False,United States
006Q800000doGMU,System Expansion Kit,Commercial,Commercial,In Process,"NZD 56,414.23",False,United States
006Q800000duYa1,WX Project,Commercial,Commercial,Closed Won,"NZD 25,527.84",True,Australia
006Q800000dvwGw,"Pricing - Barb - Dec 02, 2025",Other,Other,Working,,False,Canada
006Q800000e3dIk,Greene_jewelry_gavin,Retail,Retail,Closed Lost,,False,New Zealand
006Q800000e3lOL,Redford Rec. Center,Government,Government,Proposal,"NZD 1,284.40",False,United States
006Q800000e9iKZ,Quote for potential client,Commercial,Commercial,Proposal,"NZD 1,890.73",False,United States
006Q800000e9ynV,4 button fobs,Commercial,Commercial,Closed Won,NZD 867.58,True,United States
006Q800000eA8yA,Atlantic Tower,Commercial,Commercial,Proposal,"NZD 40,841.83",False,United States
006Q800000eB2fN,Grace Revolution Church Creds,Religious,Religious,Closed Won,,True,United States
006Q800000eGhht,17 Door System,Commercial,Commercial,Proposal,"NZD 18,303.28",False,United States
006Q800000eH1VJ,Madison at Stetson Hills,Multi Family,Multi Family,Proposal,"NZD 6,134.73",False,United States
006Q800000eHDrR,Single door add on,Commercial,Commercial,Closed Won,"NZD 4,978.20",True,United States
006Q800000eHzOD,AV Gauge Credentials,Commercial,Commercial,Proposal,NZD 380.03,False,United States
006Q800000eNHYz,PB Tech_HID Cards 2_Martin,Commercial,Commercial,Closed Won,NZD 965.70,True,New Zealand
006Q800000eTZD4,Musee condo,Multi Family,Multi Family,Closed Won,"NZD 4,611.84",True,Canada
006Q800000eWWNW,Facilitated GX Training Course Jan 13-15th,Training,Training,Closed Won,"NZD 5,191.38",True,Australia
006Q800000easaj,GX Demo Kit,Commercial,Commercial,Proposal,"NZD 2,336.53",False,United States
006Q800000eb1R7,Solterra,Commercial,Commercial,Proposal,"NZD 5,411.69",False,United States
006Q800000ehnxj,Evoke (Harlan),Healthcare,Healthcare,Proposal,"NZD 20,527.26",False,United States
006Q800000ehymf,Reader and credentials options,Commercial,Commercial,Closed Lost,"NZD 1,133.60",False,United States
006Q800000ei54z,Shalom Equipment,Commercial,Commercial,Closed Won,,True,United States
006Q800000epM4J,Atomic,Commercial,Commercial,PO Received,"NZD 3,630.67",False,United States
006Q800000epYQS,Quote 1,Commercial,Commercial,Proposal,"NZD 1,636.87",False,United States
006Q800000epYgZ,HRDM2 Quote,Commercial,Commercial,Closed Won,,True,Australia
006Q800000epZ7x,Waterford_GX Upgrade_Madi,Commercial,Commercial,Working,"NZD 12,753.48",False,New Zealand
006Q800000esdWn,Melvista BLUEnet Licences,Healthcare,Healthcare,Closed Won,"NZD 1,213.61",True,Australia
006Q800000ew6CT,Shalom Equipment 2,Commercial,Commercial,Closed Won,NZD 914.53,True,United States
006Q800000ewOED,Atlantic Openpath to ICT Conversion,Commercial,Commercial,Proposal,"NZD 18,119.31",False,United States
006Q800000ez3LK,12 Door Kit,Commercial,Commercial,Closed Won,"NZD 16,411.80",True,United States
006Q800000f3DCP,Card Reader Options,Commercial,Commercial,Proposal,NZD 684.41,False,Australia
006Q800000f3ttC,Connix_WX Expansion_Darshan,Commercial,Commercial,Closed Won,"NZD 1,490.42",True,New Zealand
006Q800000f8urp,"PCW Management ""GX Client""",Commercial,Commercial,Proposal,NZD 0.00,False,United States
006Q800000f9HQD,Redford Police Dept. adds,Commercial,Commercial,Proposal,,False,United States
006Q800000f9hfd,Quote PRX ISO MF,Commercial,Commercial,Proposal,,False,United States
006Q800000fFwP6,Bonnell Aluminum,Commercial,Commercial,Proposal,,False,United States
006Q800000fG9vl,VSC Showroom,Commercial,Commercial,New,"NZD 12,677.64",False,United States
006Q800000fGSbp,Whitman Schools non pre wired,Education,Education,New,"NZD 62,610.18",False,United States
006Q800000fGT01,Whitman Middle School Custom Pre Wired Kits,Education,Education,Proposal,"NZD 72,042.98",False,United States
006Q800000fGUiT,Alive Church revised,Religious,Religious,Proposal,"NZD 7,201.65",False,United States
006Q800000fI17n,POE Module,Commercial,Commercial,Proposal,NZD 704.71,False,United States
006Q800000fO0AZ,Mifare Cards,Commercial,Commercial,Closed Won,"NZD 1,242.68",True,Canada
006Q800000fOClB,Ewing TC - Type A Buildings,Commercial,Commercial,Proposal,"NZD 42,187.15",False,United States
006Q800000fVRXN,Nelson Alarms_WX upgrade_Chris,Commercial,Commercial,Proposal,"NZD 1,496.25",False,New Zealand
006Q800000fc8OM,Cell Modem and service,Commercial,Commercial,Closed Won,,True,United States
006Q800000fd4aP,Single Door License,Commercial,Commercial,Proposal,NZD 101.00,False,United States
006Q800000foha3,1 door license,Multi Family,Multi Family,Procurement,NZD 101.00,False,United States
006Q800000fuQ6f,Bedford House - 250 x Mobile Credentials,Commercial,Commercial,Closed Won,"NZD 1,554.35",True,EMEA
006Q800000gNxon,West ISD expansion,Education,Education,Closed Won,,True,United States
006Q800000gOW09,Court House Canada,Government,Government,Procurement,"NZD 54,878.05",False,Canada
