Opportunity ID,SAP Code,Account Region,Closed Lost Reason,Closed Lost Reason Comments,IDN Status
0067F00000MXuP8,,United States,Other (Add detail to Other Closed Lost Reason),,Not a Member
0067F00000Mhi89,1004689,United States,Other (Add detail to Other Closed Lost Reason),,Not a Member
0067F000011t5mz,1004869,United States,Other (Add detail to Other Closed Lost Reason),,Active
0067F000011tdOv,1004798,United States,Other (Add detail to Other Closed Lost Reason),,Not a Member
0067F000011txYS,,United States,,,Active
0067F000011u1fe,1003379,Australia,Competition,,Active
0067F000011uqV6,1004526,United States,,,Active
0067F000011vWxR,,New Zealand,Lack of Budget,,Not a Member
0067F000011vcNg,1004694,United States,,,Active
0067F000011vcSv,,New Zealand,Change of Circumstances,,Not a Member
0067F000011vmgz,1000746,Canada,,,Active
006A90000026AJ7,1002210,Asia Pacific,Cheaper solution,,Not a Member
006A90000026Y55,1000845,New Zealand,Change of Circumstances,,Active
006A90000026Y5P,1000450,New Zealand,Other (Add detail to Other Closed Lost Reason),,Active
006A900000284rO,1003675,Asia Pacific,Cheaper solution,,Active
006A90000029fuP,1003675,Asia Pacific,,,Active
006A9000002AYi7,1002151,New Zealand,No Decision,,Not a Member
006A9000002AhcT,1003675,Asia Pacific,Cheaper solution,,Active
006A9000002BYVj,1003878,Canada,No Decision,,Not a Member
006A9000002Benx,1003878,Canada,No Decision,,Not a Member
006A9000002C7Tn,1003878,Canada,No Decision,,Not a Member
006A9000002CBuW,1000938,Asia Pacific,,,Not a Member
006A9000002CBzs,1000938,Asia Pacific,Unresponsive Contacts,,Not a Member
006A9000002CaLs,1003675,Asia Pacific,,,Active
006A9000002DgKr,1000667,Asia Pacific,Pricing,,Active
006A9000002DkvP,1005452,United States,,,Pending
006A9000002G94j,1000656,New Zealand,Other (Add detail to Other Closed Lost Reason),,Active
006A9000002INxK,1000938,Asia Pacific,Unresponsive Contacts,,Not a Member
006A9000002INxj,1000938,Asia Pacific,Unresponsive Contacts,,Not a Member
006A9000002INyc,1000938,Asia Pacific,Unresponsive Contacts,,Not a Member
006A9000002J3N2,1000831,New Zealand,,,Active
006A9000002JZrK,1002467,Asia Pacific,Other (Add detail to Other Closed Lost Reason),,Active
006A9000002Jo6O,1000938,Asia Pacific,,,Not a Member
006A9000002Njhy,1003878,Canada,No Decision,,Not a Member
006A9000002PVFD,1005167,United States,,,Active
006A9000002Qplg,1003049,Australia,,,Active
006A9000002QqOb,1003049,Australia,,,Active
006A9000002ROuy,1003675,Asia Pacific,,,Active
006A9000002WMjn,1000938,Asia Pacific,,,Not a Member
006A9000002X2St,1000667,Asia Pacific,Pricing,,Active
006A9000002XvCM,1003878,Canada,No Decision,,Not a Member
006A9000002YZPC,1003878,Canada,No Decision,,Not a Member
006A9000002aZWn,1004770,United States,,,Pending
006A9000002aZaa,1004799,United States,,,Active
006A9000002asJK,1003261,Australia,Other (Add detail to Other Closed Lost Reason),,Active
006A9000002bGqJ,1007811,Asia Pacific,,,Not a Member
006A9000002duO6,1003675,Asia Pacific,Pricing,,Active
006A9000002jbQF,1002967,Australia,Competition,,Active
006A9000002jy2I,1007771,United States,Other (Add detail to Other Closed Lost Reason),,Not a Member
006A9000002khxT,1003983,Canada,Competition,,Not a Member
006A9000002lJDp,1003527,Australia,,,Active
006A9000002nCYK,1001919,Asia Pacific,,,Active
006A9000002npmP,1002795,Australia,,,Active
006A9000002oFMo,1006246,Canada,Unresponsive Contacts,,Active
006A9000002omXn,1000477,New Zealand,No Decision,,Active
006A9000002pFwO,1003675,Asia Pacific,Competition,,Active
006A9000002qe3m,,Canada,Other (Add detail to Other Closed Lost Reason),,Not a Member
006A9000002rKuD,1003952,Canada,,,Active
006A9000002rlbL,1003675,Asia Pacific,Other (Add detail to Other Closed Lost Reason),,Active
006A9000002tFFH,1002695,Australia,,,Active
006A9000002tFXj,1000447,Asia Pacific,Pricing,,Active
006A9000002toUR,1006246,Canada,,,Active
006A9000002trOB,1004887,United States,,,Active
006A9000002uAI5,1006250,United States,,,Active
006A9000002ub1j,1003113,Australia,Other (Add detail to Other Closed Lost Reason),,Active
006A9000002uj3y,1005067,United States,Other (Add detail to Other Closed Lost Reason),,Active
006A9000002ukS9,1003261,Australia,Other (Add detail to Other Closed Lost Reason),,Active
006A9000002ukUV,1003261,Australia,Other (Add detail to Other Closed Lost Reason),,Active
006A9000002vhgR,1000834,New Zealand,Unresponsive Contacts,,Not a Member
006A9000002wgPI,1004938,United States,Lack of Budget,,Not a Member
006A9000002xKbs,1002191,New Zealand,Unresponsive Contacts,,Not a Member
006A9000002xKdK,1002191,New Zealand,Other (Add detail to Other Closed Lost Reason),,Not a Member
006A9000002xKeD,1001006,New Zealand,Other (Add detail to Other Closed Lost Reason),,Active
006A9000002xKwH,1000736,New Zealand,Other (Add detail to Other Closed Lost Reason),,Active
006A9000002xKx0,1000475,New Zealand,Other (Add detail to Other Closed Lost Reason),,Active
006A9000002yFlv,1004782,United States,,,Active
006A9000002yFnd,1005690,United States,Competition,,Active
006A9000002yFoL,1005690,United States,Competition,,Active
006A9000002yFok,1005690,United States,Competition,,Active
006A9000002yFoq,1005690,United States,Competition,,Active
006A9000002yFpY,1005690,United States,Competition,,Active
006A9000002yFps,1005690,United States,Competition,,Active
006A9000002yFq2,1005690,United States,Competition,,Active
006A9000002yKSf,1002695,Australia,No Decision,,Active
006A9000002ymfN,1006453,Canada,Unresponsive Contacts,,Not a Member
006A9000002yoBq,1005891,Canada,,,Active
006A9000002yoDI,1005891,Canada,,,Active
006A9000002ypnp,1001919,Asia Pacific,Competition,,Active
006A9000002ypuQ,1001919,Asia Pacific,Cheaper solution,,Active
006A9000002ypvx,1001919,Asia Pacific,Competition,,Active
006A9000002zRFy,1000952,Canada,,,Active
006A9000002zntF,,Canada,Unresponsive Contacts,,Not a Member
006A900000307DA,1003049,Australia,,,Active
006A90000030PlX,,Canada,Other (Add detail to Other Closed Lost Reason),No follow up by the client,Not a Member
006A900000317YK,1003280,Australia,Unresponsive Contacts,,Not a Member
006A900000319lI,1003261,Australia,Other (Add detail to Other Closed Lost Reason),,Active
006A90000031Jh9,1003885,Canada,,,Active
006A90000031N3b,1000938,Asia Pacific,,,Not a Member
006A90000031N4j,1000938,Asia Pacific,No Decision,,Not a Member
006A90000031YF1,1005167,United States,,,Active
006A90000031r0M,1004309,Canada,Unresponsive Contacts,,Active
006A90000031vNK,1003441,Australia,No Decision,,Not a Member
006A900000327U0,1007513,Canada,,,Not a Member
006A900000329BD,1006246,Canada,Unresponsive Contacts,,Active
006A90000032CtG,1008431,Australia,Lack of internal consensus,,Not a Member
006A90000032M8C,1003878,Canada,No Decision,,Not a Member
006A90000032ks4,1003088,Australia,,,Active
006A90000032pxs,1003209,EMEA,No Decision,,Active
006A90000032xa0,1000477,New Zealand,Other (Add detail to Other Closed Lost Reason),,Active
006A90000032xay,1000477,New Zealand,Other (Add detail to Other Closed Lost Reason),,Active
006A90000033Jal,1000475,New Zealand,,,Active
006A90000033Jg0,1000475,New Zealand,,,Active
006A90000033Jj4,1000475,New Zealand,,,Active
006A90000033JkZ,1000475,New Zealand,Other (Add detail to Other Closed Lost Reason),,Active
006A90000033Jlg,1000475,New Zealand,,,Active
006A90000033Jlq,1000475,New Zealand,,,Active
006A90000033Jlv,1000475,New Zealand,,,Active
006A90000033Jm0,1000475,New Zealand,,,Active
006A90000033JmK,1000475,New Zealand,,,Active
006A90000033JmP,1000475,New Zealand,Other (Add detail to Other Closed Lost Reason),,Active
006A90000033JmU,1000475,New Zealand,Other (Add detail to Other Closed Lost Reason),,Active
006A90000033Jme,1000475,New Zealand,Other (Add detail to Other Closed Lost Reason),,Active
006A90000033Jmy,1000475,New Zealand,Other (Add detail to Other Closed Lost Reason),,Active
006A90000033Jn3,1000475,New Zealand,Other (Add detail to Other Closed Lost Reason),,Active
006A90000033JnD,1000475,New Zealand,Other (Add detail to Other Closed Lost Reason),,Active
006A90000033aYU,1003527,Australia,No Decision,,Active
006A90000033cvm,1005532,United States,,,Active
006A90000033cwf,1005532,United States,,,Active
006A90000033cx9,1005532,United States,,,Active
006A90000033pHq,1006246,Canada,Competition,,Active
006A90000033qib,,Australia,Pricing,,Not a Member
006A900000340qa,1004694,United States,,,Active
006A90000035DuK,1003209,EMEA,,,Active
006A900000365t8,,United States,,,Pending
006A90000036RO3,1004231,EMEA,No Decision,,Not a Member
006A90000037Y1W,,Canada,,,Not a Member
006A90000037Y3j,,Canada,,,Not a Member
006A90000037YXc,,Canada,,,Not a Member
006A90000037YfF,,Canada,,,Not a Member
006A900000382Uf,1005720,Canada,Lack of Budget,,Active
006A90000038mSY,1000736,New Zealand,Unresponsive Contacts,,Active
006A90000038od1,1002860,Australia,Cheaper solution,,Not a Member
006A90000038z4C,,United States,,,Not a Member
006A90000039j0Z,1000952,Canada,Competition,,Active
006A90000039j1v,1000952,Canada,Competition,,Active
006A90000039j3m,1000952,Canada,Competition,,Active
006A9000003AMpd,1000956,Asia Pacific,,,Not a Member
006A9000003AMsD,1000956,Asia Pacific,Competition,,Not a Member
006A9000003AMwx,1000956,Asia Pacific,Competition,,Not a Member
006A9000003B4JA,1002339,New Zealand,Competition,,Active
006A9000003BtCo,1003261,Australia,Other (Add detail to Other Closed Lost Reason),,Active
006A9000003C0hc,1003952,Canada,,,Active
006A9000003CTyb,1003878,Canada,No Decision,,Not a Member
006A9000003CseN,,United States,,,Not a Member
006A9000003Devj,1006056,United States,Unresponsive Contacts,,Not a Member
006A9000003Dfrn,1005293,United States,Other (Add detail to Other Closed Lost Reason),,Active
006A9000003EQu1,,Canada,,,Not a Member
006A9000003ET4h,1003952,Canada,,,Active
006A9000003FD0b,1005539,United States,No Decision,,Active
006A9000003G1mm,1006246,Canada,,,Active
006A9000003G1r2,1006246,Canada,,,Active
006A9000003G2cU,1006246,Canada,,,Active
006A9000003Givk,1003983,Canada,No Decision,,Not a Member
006A9000003HDQo,1006246,Canada,,,Active
006A9000003HIIN,1003347,Australia,Other (Add detail to Other Closed Lost Reason),,Active
006A9000003HR9T,1000534,Asia Pacific,Pricing,,Not a Member
006A9000003HV7t,1003088,Australia,No Decision,,Active
006A9000003HryJ,1002876,Australia,Other (Add detail to Other Closed Lost Reason),,Not a Member
006A9000003I8gE,1005532,United States,,,Active
006A9000003IJ9j,1003878,Canada,No Decision,,Not a Member
006A9000003IJPR,1003878,Canada,No Decision,,Not a Member
006A9000003IT5r,1004547,United States,Competition,,Not a Member
006A9000003IZ1B,1001004,Asia Pacific,No Decision,,Active
006A9000003IZEE,1001004,Asia Pacific,Pricing,,Active
006A9000003Ic1t,1004039,Canada,Pricing,,Active
006A9000003IcV2,1003878,Canada,No Decision,,Not a Member
006A9000003IzfY,1003865,Canada,,,Active
006A9000003Izy2,,Canada,Competition,,Not a Member
006A9000003Jbio,1004856,United States,Other (Add detail to Other Closed Lost Reason),,Active
006A9000003JgNu,,ICT,Other (Add detail to Other Closed Lost Reason),,Active
006A9000003JkLc,1003288,Australia,Cheaper solution,,Active
006A9000003JyFj,1003347,Australia,No Decision,,Active
006A9000003JyRV,1003347,Australia,No Decision,,Active
006A9000003K0TX,1002210,Asia Pacific,Competition,,Not a Member
006A9000003KOJ0,,United States,,,Not a Member
006A9000003KOXU,,United States,,,Not a Member
006A9000003KQTW,1000451,New Zealand,,,Active
006A9000003KQhD,1000563,New Zealand,,,Active
006A9000003KRwV,1001919,Asia Pacific,,,Active
006A9000003KkO0,1003049,Australia,,,Active
006A9000003L1lj,1005801,United States,Competition,,Active
006A9000003LMLv,1000952,Canada,,,Active
006A9000003LO3y,1003886,Canada,Other (Add detail to Other Closed Lost Reason),,Active
006A9000003LOYk,1000952,Canada,,,Active
006A9000003LPHO,1000952,Canada,,,Active
006A9000003LPxU,1003049,Australia,,,Active
006A9000003LQ5p,1000952,Canada,,,Active
006A9000003M409,1003049,Australia,,,Active
006A9000003M79E,1003444,Australia,No Decision,,Pending
006A9000003Mbk0,1004540,United States,Competition,,Not a Member
006A9000003MblL,1006303,United States,Change of Circumstances,,Active
006A9000003Mbnj,1005299,United States,Other (Add detail to Other Closed Lost Reason),,Not a Member
006A9000003MlFh,1003209,EMEA,,,Active
006A9000003MmzQ,1002171,New Zealand,Competition,,Active
006A9000003N64u,1006080,Asia Pacific,Lack of Budget,,Not a Member
006A9000003N6SN,1006080,Asia Pacific,Pricing,,Not a Member
006A9000003N6c1,1006080,Asia Pacific,Pricing,,Not a Member
006A9000003NLWV,1000477,New Zealand,Other (Add detail to Other Closed Lost Reason),,Active
006A9000003NTqp,1005563,United States,Unresponsive Contacts,,Not a Member
006A9000003NjqH,1003441,Australia,No Decision,,Not a Member
006A9000003NkIE,1003878,Canada,No Decision,,Not a Member
006A9000003NsCM,1006618,United States,Lack of Budget,,Not a Member
006A9000003NuBD,1003983,Canada,,,Not a Member
006A9000003NufA,1003175,Australia,No Decision,,Not a Member
006A9000003O2lx,1004309,Canada,Competition,,Active
006A9000003OmLX,1006080,Asia Pacific,Pricing,,Not a Member
006A9000003PAte,1004939,United States,Competition,,Not a Member
006A9000003PGn0,1000683,Asia Pacific,Pricing,,Active
006A9000003PoS3,1003997,Canada,,,Not a Member
006A9000003Poe2,1003997,Canada,,,Not a Member
006A9000003PxlN,1005369,United States,Other (Add detail to Other Closed Lost Reason),,Not a Member
006A9000003Q0uj,1003267,Australia,Other (Add detail to Other Closed Lost Reason),,Not a Member
006A9000003QQqa,1002860,Australia,,,Not a Member
006A9000003QX99,1006027,United States,Other (Add detail to Other Closed Lost Reason),,Active
006A9000003QYB0,1004537,United States,Competition,,Pending
006A9000003QYQd,1004537,United States,Competition,,Pending
006A9000003QYjk,1006257,United States,Other (Add detail to Other Closed Lost Reason),"Project was WON, but being purchased building by building and dealer is purchasing through Graybar (at his request). He just submitted a PO to Graybar for some gear at one location (St James School) and should see it come through for this month (Oct 2024)",Not a Member
006A9000003QttY,1003886,Canada,Other (Add detail to Other Closed Lost Reason),,Active
006A9000003RN5v,1006303,United States,Other (Add detail to Other Closed Lost Reason),,Active
006A9000003RWiz,1004884,United States,,,Active
006A9000003RWoh,1003428,EMEA,,"Opp reviewed, once frozen for political budget reasons",Active
006A9000003RbJO,1003446,Australia,,,Not a Member
006A9000003S30I,1003864,Canada,,,Not a Member
006A9000003S6kK,1000447,Asia Pacific,Cheaper solution,,Active
006A9000003SM2w,1006154,EMEA,Other (Add detail to Other Closed Lost Reason),,Not a Member
006A9000003SObJ,1006300,United States,Other (Add detail to Other Closed Lost Reason),,Not a Member
006A9000003SZCM,1006303,United States,Other (Add detail to Other Closed Lost Reason),,Active
006A9000003SbNa,1004519,United States,Lack of Budget,,Not a Member
006A9000003TJ8k,1003049,Australia,Other (Add detail to Other Closed Lost Reason),,Active
006A9000003TSsC,1006618,United States,Unresponsive Contacts,,Not a Member
006A9000003ThXY,1005550,United States,Lack of Budget,,Active
006A9000003Tk7L,1003023,Australia,,,Not a Member
006A9000003Tp1G,1004936,United States,,,Not a Member
006A9000003TpSL,1003885,Canada,,,Active
006A9000003U397,,New Zealand,No Decision,,Not a Member
006A9000003UAKx,1003209,EMEA,,,Active
006A9000003UD3R,1004888,United States,,,Not a Member
006A9000003UNnT,1004600,United States,,,Not a Member
006A9000003UPz2,1003023,Australia,No Decision,,Not a Member
006A9000003UXyo,1003965,Canada,Other (Add detail to Other Closed Lost Reason),,Active
006A9000003UxcA,1006967,Canada,Unresponsive Contacts,,Not a Member
006A9000003Uyvd,1006394,Canada,Competition,,Not a Member
006A9000003UywR,1005801,United States,,,Active
006A9000003Uz1M,1005801,United States,Competition,,Active
006A9000003Uz2Z,,Canada,,,Not a Member
006A9000003VJzz,1006510,Canada,Unresponsive Contacts,,Not a Member
006A9000003VKlo,,United States,Competition,,Not a Member
006A9000003Viu4,1006545,Australia,Unresponsive Contacts,,Not a Member
006A9000003VvTa,1003543,Australia,,,Active
006A9000003VwgF,1002790,Australia,Other (Add detail to Other Closed Lost Reason),,Not a Member
006A9000003VxzP,1006545,Australia,Unresponsive Contacts,,Not a Member
006A9000003Vy5K,1006545,Australia,Unresponsive Contacts,,Not a Member
006A9000003W07W,1002978,EMEA,No Decision,,Not a Member
006A9000003W0kF,1004349,Canada,Unresponsive Contacts,,Not a Member
006A9000003WLhK,1006541,United States,,,Active
006A9000003WMwj,1006027,United States,Lack of Budget,,Active
006A9000003WVeg,1005776,United States,Other (Add detail to Other Closed Lost Reason),Project has already been completed/Not closed in SF,Active
006A9000003WXiz,1000667,Asia Pacific,No Decision,,Active
006A9000003Wd4k,1000447,Asia Pacific,Pricing,,Active
006A9000003Wh4l,1004039,Canada,,,Active
006A9000003WnQU,1003441,Australia,,,Not a Member
006A9000003X74k,1003886,Canada,Change of Circumstances,,Active
006A9000003XdEC,1006528,EMEA,Lack of Budget,,Not a Member
006A9000003Xswb,1007243,Canada,,,Active
006A9000003Y2ug,1001919,Asia Pacific,,,Active
006A9000003Y85d,1006085,United States,Unresponsive Contacts,,Active
006A9000003Y8f4,1006085,United States,Unresponsive Contacts,,Active
006A9000003YuYh,1006058,United States,No Decision,,Active
006A9000003Z6Vd,1006510,Canada,,,Not a Member
006A9000003ZBSC,1003175,Australia,Lack of internal consensus,,Not a Member
006A9000003ZLyG,1003527,Australia,No Decision,,Active
006A9000003ZMrk,1000938,Asia Pacific,,,Not a Member
006A9000003ZV3H,1005257,United States,,,Active
006A9000003ZWq6,1004309,Canada,Competition,,Active
006A9000003ZYIs,1000475,New Zealand,Other (Add detail to Other Closed Lost Reason),,Active
006A9000003ZfSQ,1004309,Canada,Competition,,Active
006A9000003Zvh3,,New Zealand,Other (Add detail to Other Closed Lost Reason),,Not a Member
006A9000003Zvsu,1000669,New Zealand,Unresponsive Contacts,,Not a Member
006A9000003ZwkQ,1000566,New Zealand,Other (Add detail to Other Closed Lost Reason),,Active
006A9000003Zyju,1002712,Australia,Lack of Budget,,Active
006A9000003a1ko,1003369,EMEA,,,Active
006A9000003a6IW,1006816,Canada,Other (Add detail to Other Closed Lost Reason),,Active
006A9000003a83G,1005166,United States,Other (Add detail to Other Closed Lost Reason),"Spoke with dealer, project was lost to unknown competitor",Pending
006A9000003aFN6,1003209,EMEA,,,Active
006A9000003aL5C,1005794,United States,,,Active
006A9000003aulQ,1005452,United States,Other (Add detail to Other Closed Lost Reason),,Pending
006A9000003awzA,1005547,United States,Lack of Budget,,Not a Member
006A9000003azSb,1000683,Asia Pacific,Pricing,,Active
006A9000003b8q7,1005690,United States,Unresponsive Contacts,,Active
006A9000003bBTH,1005873,United States,,,Active
006A9000003bSPl,1000938,Asia Pacific,Unresponsive Contacts,,Not a Member
006A9000003bSQj,1000938,Asia Pacific,Unresponsive Contacts,,Not a Member
006A9000003bSXp,1000938,Asia Pacific,Unresponsive Contacts,,Not a Member
006A9000003bSaZ,1000938,Asia Pacific,,,Not a Member
006A9000003bShZ,1000938,Asia Pacific,Change of Circumstances,,Not a Member
006A9000003baqz,1004323,Canada,Unresponsive Contacts,,Active
006A9000003bkip,1003261,Australia,Other (Add detail to Other Closed Lost Reason),,Active
006A9000003bpz5,1007197,United States,,,Active
006A9000003c29P,1003886,Canada,Other (Add detail to Other Closed Lost Reason),,Active
006A9000003cBTe,1004850,United States,Other (Add detail to Other Closed Lost Reason),,Active
006A9000003cBel,,Canada,,,Not a Member
006A9000003cDJE,1005455,United States,,,Active
006A9000003cDTs,1005392,United States,Unresponsive Contacts,,Active
006A9000003cGfz,1003261,Australia,,,Active
006A9000003cMcg,,Canada,No Decision,,Not a Member
006A9000003cO9O,1005051,United States,,,Active
006A9000003cd5P,1001029,New Zealand,Missing Features (Add detail to Other Closed Lost Reason),,Active
006A9000003d2xi,1006510,Canada,No Decision,,Not a Member
006A9000003d3Rw,1005776,United States,No Decision,,Active
006A9000003d3ro,1005293,United States,,,Active
006A9000003dS21,1005530,United States,Other (Add detail to Other Closed Lost Reason),,Not a Member
006A9000003dZko,1003886,Canada,No Decision,,Active
006A9000003damg,,Canada,Unresponsive Contacts,,Not a Member
006A9000003dbA8,1003886,Canada,,,Active
006A9000003djWP,1003209,EMEA,Unresponsive Contacts,,Active
006A9000003djqh,1003864,Canada,,,Not a Member
006A9000003dk8D,1006271,United States,,,Active
006A9000003dl61,1005690,United States,Lack of Budget,,Active
006A9000003dmIK,1005690,United States,Lack of Budget,no budget,Active
006A9000003eSe0,,United States,,,Not a Member
006A9000003eU5x,1004928,United States,Competition,Butterfly,Pending
006A9000003eWjO,1003049,Australia,No Decision,,Active
006A9000003eXRT,,New Zealand,Other (Add detail to Other Closed Lost Reason),,Not a Member
006A9000003eXVZ,,New Zealand,Unresponsive Contacts,,Not a Member
006A9000003eXpG,,New Zealand,Other (Add detail to Other Closed Lost Reason),,Not a Member
006A9000003eqHS,1003209,EMEA,,,Active
006A9000003etFd,,Canada,Competition,,Not a Member
006A9000003f7gf,1003538,Australia,Competition,,Not a Member
006A9000003fCcT,1003209,EMEA,Lack of Budget,,Active
006A9000003fJ2j,1004039,Canada,,,Active
006A9000003ffdr,1000938,Asia Pacific,Competition,,Not a Member
006A9000003fh6X,1003884,Canada,Unresponsive Contacts,,Active
006A9000003fhQ7,1003952,Canada,,,Active
006A9000003fhQy,1003209,EMEA,No Decision,,Active
006A9000003fi61,1004964,United States,,,Active
006A9000003fi8p,,United States,,,Not a Member
006A9000003fiKM,1003209,EMEA,,,Active
006A9000003fjpQ,1003209,EMEA,Lack of Budget,,Active
006A9000003fk0c,1000559,New Zealand,No Decision,,Active
006A9000003fuJc,1004968,United States,Unresponsive Contacts,,Active
006A9000003g37v,1006455,Australia,,,Active
006A9000003g8gw,1000451,New Zealand,,,Active
006A9000003g8sc,,United States,,,Not a Member
006A9000003gNAl,1006501,Asia Pacific,Competition,,Not a Member
006A9000003gPl4,1006246,Canada,,,Active
006A9000003gR0J,,Canada,No Decision,,Not a Member
006A9000003gd4M,1007706,United States,,,Not a Member
006A9000003gdSp,1005935,United States,,,Active
006A9000003gw5g,1002191,New Zealand,No Decision,,Not a Member
006A9000003h36M,1003369,EMEA,,,Active
006A9000003h8L2,1000648,New Zealand,Other (Add detail to Other Closed Lost Reason),,Active
006A9000003hAXy,1006681,Australia,No Decision,,Not a Member
006A9000003hL3y,1001035,Asia Pacific,,,Not a Member
006A9000003hP2p,1002467,Asia Pacific,Cheaper solution,,Active
006A9000003hPMJ,1000646,Asia Pacific,,,Pending
006A9000003hSaQ,1003209,EMEA,,,Active
006A9000003hVYx,1003050,Australia,Lack of Budget,,Not a Member
006A9000003hXOJ,1006661,New Zealand,,,Not a Member
006A9000003hb61,1003543,Australia,No Decision,,Active
006A9000003hewf,,United States,,,Pending
006A9000003hkXg,1000450,New Zealand,,,Active
006A9000003hrd2,1003884,Canada,Unresponsive Contacts,,Active
006A9000003hsjv,1003908,Canada,,,Not a Member
006A9000003htlC,1004876,United States,Unresponsive Contacts,,Active
006A9000003htvX,1000952,Canada,,,Active
006A9000003huQe,1005935,United States,Unresponsive Contacts,,Active
006A9000003i6JX,1002210,Asia Pacific,Competition,,Not a Member
006A9000003i6L8,1002210,Asia Pacific,No Decision,,Not a Member
006A9000003i6Mr,1002210,Asia Pacific,Competition,,Not a Member
006A9000003i6PQ,1006080,Asia Pacific,Competition,,Not a Member
006A9000003iASi,1003288,Australia,Pricing,,Active
006A9000003iMqO,1005804,United States,,,Not a Member
006A9000003iNmU,1006246,Canada,,,Active
006A9000003iXbf,1003543,Australia,No Decision,,Active
006A9000003iYra,1005804,United States,Other (Add detail to Other Closed Lost Reason),,Not a Member
006A9000003iYsk,1006091,Canada,,,Active
006A9000003iZge,1004027,Canada,No Decision,,Active
006A9000003ibgM,1005293,United States,Lack of Budget,,Active
006A9000003icS5,1000450,New Zealand,Competition,,Active
006A9000003idps,1000950,New Zealand,,,Not a Member
006A9000003igBi,1003543,Australia,No Decision,,Active
006A9000003ipNB,1004710,United States,,,Active
006A9000003iqvi,1005454,United States,,,Not a Member
006A9000003j7Qg,,United States,Other (Add detail to Other Closed Lost Reason),,Active
006A9000003jHeb,1006633,United States,Unresponsive Contacts,,Not a Member
006A9000003jKJt,1006250,United States,,,Active
006A9000003jKNZ,1004850,United States,Other (Add detail to Other Closed Lost Reason),,Active
006A9000003jKQX,1004850,United States,Other (Add detail to Other Closed Lost Reason),,Active
006A9000003jKUE,1003885,Canada,,,Active
006A9000003jdpk,1000559,New Zealand,,,Active
006A9000003jkBg,1006610,Canada,Competition,,Not a Member
006A9000003kJSE,1006613,United States,,,Not a Member
006A9000003kY3R,1003570,EMEA,No Decision,,Active
006A9000003kcgM,1004600,United States,,,Not a Member
006A9000003kjSf,1002979,Australia,Lack of Budget,,Active
006A9000003kqxc,1004779,United States,,,Active
006A9000003ks7l,1005785,United States,,,Pending
006A9000003ks9H,1005785,United States,Other (Add detail to Other Closed Lost Reason),,Pending
006A9000003ksMW,1000952,Canada,,,Active
006A9000003kvf1,1004300,New Zealand,,,Not a Member
006A9000003kwRr,1000475,New Zealand,,,Active
006A9000003lRiS,1002778,Australia,,,Active
006A9000003lWf3,1006821,United States,,,Not a Member
006A9000003lmhM,1003043,Australia,,,Active
006A9000003m04O,1005544,United States,Other (Add detail to Other Closed Lost Reason),,Active
006A9000003m3JD,1003195,Australia,Other (Add detail to Other Closed Lost Reason),,Not a Member
006A9000003m8KT,1000956,Asia Pacific,Pricing,,Not a Member
006A9000003mAGw,,United States,Other (Add detail to Other Closed Lost Reason),,Not a Member
006A9000003mAsQ,1005293,United States,Competition,,Active
006A9000003mB4l,1006246,Canada,Unresponsive Contacts,,Active
006A9000003mB9R,1006303,United States,Other (Add detail to Other Closed Lost Reason),,Active
006A9000003mCdI,,United States,Competition,,Pending
006A9000003mCgJ,1006586,Canada,,,Not a Member
006A9000003mig9,1004039,Canada,No Decision,,Active
006A9000003mkAR,,United States,Unresponsive Contacts,,Not a Member
006A9000003mkOK,,Canada,No Decision,,Not a Member
006A9000003mkqj,1004850,United States,Other (Add detail to Other Closed Lost Reason),,Active
006A9000003mm5F,1000452,New Zealand,,,Active
006A9000003mpM7,,United States,Competition,,Not a Member
006A9000003mpQc,,United States,Competition,,Not a Member
006A9000003muxa,1005839,Canada,,,Not a Member
006A9000003mx9R,1004715,United States,,,Pending
006A9000003n0zC,1000761,Asia Pacific,No Decision,,Not a Member
006A9000003n2o5,1003113,Australia,,,Active
006A9000003nXht,1005864,Australia,No Decision,,Not a Member
006A9000003nYJt,1003209,EMEA,,,Active
006A9000003nbOx,1004701,United States,,,Active
006A9000003nphl,1000477,New Zealand,Other (Add detail to Other Closed Lost Reason),,Active
006A9000003nwGt,,New Zealand,Other (Add detail to Other Closed Lost Reason),,Not a Member
006A9000003nwXx,1002778,Australia,Other (Add detail to Other Closed Lost Reason),,Active
006A9000003nx0e,1005864,Australia,No Decision,,Not a Member
006A9000003nyTg,1006251,Asia Pacific,,,Not a Member
006A9000003nyX8,1007410,Asia Pacific,,,Not a Member
006A9000003nyln,1007410,Asia Pacific,,,Not a Member
006A9000003nynU,1006666,Australia,Competition,,Not a Member
006A9000003o3ly,1005293,United States,,,Active
006A9000003o8st,1003049,Australia,,,Active
006A9000003oO13,1002769,EMEA,Competition,,Not a Member
006A9000003oUss,1003369,EMEA,,,Active
006A9000003oUvD,1004959,United States,,,Not a Member
006A9000003oViH,1004959,United States,,,Not a Member
006A9000003oYfV,1004948,United States,Lack of Budget,,Pending
006A9000003oiwO,1005920,Canada,,,Not a Member
006A9000003okWq,1005801,United States,,,Active
006A9000003oq60,1003193,Australia,Other (Add detail to Other Closed Lost Reason),,Pending
006A9000003oqkY,1003038,Australia,No Decision,,Active
006A9000003oy3Z,1004959,United States,,,Not a Member
006A9000003oz5j,1000952,Canada,Other (Add detail to Other Closed Lost Reason),,Active
006A9000003pJ76,1002191,New Zealand,Other (Add detail to Other Closed Lost Reason),,Not a Member
006A9000003pJSJ,1003283,Australia,,,Active
006A9000003pOYW,1003198,Australia,Pricing,,Active
006A9000003pSux,,United States,,,Not a Member
006A9000003pTBd,1005532,United States,,,Active
006A9000003pVBB,,United States,Other (Add detail to Other Closed Lost Reason),Lost to competitor (PDK) due to pricing,Not a Member
006A9000003pVFN,,United States,Lack of Budget,,Not a Member
006A9000003phtA,1005801,United States,,,Active
006A9000003piqq,,Canada,Unresponsive Contacts,,Not a Member
006A9000003pnHs,1002467,Asia Pacific,Cheaper solution,,Active
006A9000003ptMj,1005566,United States,No Decision,,Not a Member
006A9000003pu7w,,United States,Unresponsive Contacts,,Not a Member
006A9000003puzK,1007686,United States,Poor follow-up,,Active
006A9000003pvSC,1007189,Canada,,,Not a Member
006A9000003pvT2,1004714,United States,,,Not a Member
006A9000003q1h9,1003675,Asia Pacific,Cheaper solution,,Active
006A9000003q6x5,1006085,United States,Unresponsive Contacts,,Active
006A9000003q6yE,1006085,United States,Unresponsive Contacts,,Active
006A9000003q6zG,1006085,United States,Unresponsive Contacts,,Active
006A9000003q7M0,1006085,United States,Unresponsive Contacts,,Active
006A9000003q7np,1005392,United States,,,Active
006A9000003qPzU,1005598,United States,,,Active
006A9000003qqcy,1000832,New Zealand,,,Active
006A9000003qs5Y,1000559,New Zealand,Competition,,Active
006A9000003qtKC,1006931,New Zealand,No Decision,,Not a Member
006A9000003qx4e,1001029,New Zealand,Missing Features (Add detail to Other Closed Lost Reason),,Active
006A9000003rAHg,1002778,Australia,,,Active
006A9000003rJjl,1003864,Canada,,,Not a Member
006A9000003rLHT,1006711,United States,,,Not a Member
006A9000003rLIF,1003890,Canada,,,Active
006A9000003rMcA,1004938,United States,Other (Add detail to Other Closed Lost Reason),,Not a Member
006A9000003rWkV,1003890,Canada,No Decision,,Active
006A9000003rX6I,1003209,EMEA,,,Active
006A9000003rXqa,1005046,United States,Other (Add detail to Other Closed Lost Reason),,Active
006A9000003raNT,1003668,Australia,No Decision,,Not a Member
006A9000003rb0a,1006271,United States,Other (Add detail to Other Closed Lost Reason),,Active
006A9000003re2K,1003527,Australia,Other (Add detail to Other Closed Lost Reason),,Active
006A9000003rn3v,1003562,New Zealand,Unresponsive Contacts,,Active
006A9000003rn4e,1003562,New Zealand,Unresponsive Contacts,,Active
006A9000003rn5S,1003562,New Zealand,Unresponsive Contacts,,Active
006A9000003rnBH,1003562,New Zealand,Unresponsive Contacts,,Active
006A9000003rnCi,1003562,New Zealand,Unresponsive Contacts,,Active
006A9000003rnM9,1003562,New Zealand,Unresponsive Contacts,,Active
006A9000003rnP3,1003562,New Zealand,Unresponsive Contacts,,Active
006A9000003ro4x,1006706,Australia,No Decision,,Active
006A9000003rxC2,1003209,EMEA,No Decision,,Active
006A9000003sS1l,1005776,United States,No Decision,,Active
006A9000003sTDy,1000440,New Zealand,Competition,,Active
006A9000003sVlL,1003359,Australia,Other (Add detail to Other Closed Lost Reason),,Not a Member
006A9000003sWrq,1003359,Australia,Other (Add detail to Other Closed Lost Reason),,Not a Member
006A9000003sXgb,1005864,Australia,Other (Add detail to Other Closed Lost Reason),,Not a Member
006A9000003sY8O,1001919,Asia Pacific,,,Active
006A9000003sYBB,1001919,Asia Pacific,Competition,,Active
006A9000003sYJc,1001919,Asia Pacific,Pricing,,Active
006A9000003sYY9,1001919,Asia Pacific,,,Active
006A9000003sYZH,1001919,Asia Pacific,Competition,,Active
006A9000003sYfb,1001919,Asia Pacific,Competition,,Active
006A9000003seLz,1004697,United States,Other (Add detail to Other Closed Lost Reason),,Active
006A9000003sfJ4,1005283,United States,No Decision,,Not a Member
006A9000003skmD,1000855,New Zealand,Unresponsive Contacts,,Not a Member
006A9000003szWL,1002793,Australia,Lack of internal consensus,,Active
006A9000003szkN,1003441,Australia,No Decision,,Not a Member
006A9000003t0MN,1003117,Australia,Other (Add detail to Other Closed Lost Reason),,Not a Member
006A9000003t0pZ,,Australia,Other (Add detail to Other Closed Lost Reason),,Active
006A9000003tD0C,1005530,United States,Other (Add detail to Other Closed Lost Reason),,Not a Member
006A9000003tEhv,1000645,New Zealand,Lack of Budget,,Not a Member
006A9000003tEq5,1005293,United States,,,Active
006A9000003tEqK,,United States,,,Not a Member
006A9000003tF78,1005293,United States,Unresponsive Contacts,,Active
006A9000003tNBs,1002467,Asia Pacific,,,Active
006A9000003tPcA,1004867,United States,Pricing,lost to DMP cost,Active
006A9000003tQLn,1006246,Canada,Other (Add detail to Other Closed Lost Reason),,Active
006A9000003tjvV,1003095,Australia,Cheaper solution,,Not a Member
006A9000003tk7L,1003095,Australia,Cheaper solution,,Not a Member
006A9000003tkGQ,,New Zealand,Other (Add detail to Other Closed Lost Reason),,Not a Member
006A9000003trkE,1004867,United States,Lack of Budget,,Active
006A9000003trra,1004867,United States,Pricing,lost to DMP due to cost,Active
006A9000003tutW,1003890,Canada,No Decision,,Active
006A9000003tvID,,Canada,Competition,,Not a Member
006A9000003twJX,1003445,Australia,Competition,,Not a Member
006A9000003twMQ,1003445,Australia,Competition,,Not a Member
006A9000003u5Jg,1004028,Canada,Competition,,Active
006A9000003u7Ic,1003952,Canada,,,Active
006A9000003u7aq,,United States,,,Active
006A9000003u80A,1005451,United States,Lack of Budget,,Not a Member
006A9000003uBKf,1004879,United States,Other (Add detail to Other Closed Lost Reason),,Active
006A9000003uBSx,1000841,New Zealand,,,Not a Member
006A9000003uEuL,1003445,Australia,,,Not a Member
006A9000003uGOj,1004028,Canada,Competition,,Active
006A9000003uIxe,1007866,United States,Lack of Budget,,Not a Member
006A9000003uVR2,1005546,United States,,,Active
006A9000003uVoY,1006510,Canada,Competition,,Not a Member
006A9000003uZY6,1003117,Australia,No Decision,,Not a Member
006A9000003ucEb,1003660,Australia,Unresponsive Contacts,,Not a Member
006A9000003ujpp,1005293,United States,,,Active
006A9000003v3BX,1006808,Australia,Pricing,,Not a Member
006A9000003v3DO,1006808,Australia,Other (Add detail to Other Closed Lost Reason),,Not a Member
006A9000003v7w5,1006896,Asia Pacific,Pricing,,Not a Member
006A9000003vA7C,1003885,Canada,Other (Add detail to Other Closed Lost Reason),,Active
006A9000003vAAb,1005046,United States,Lack of Budget,,Active
006A9000003vBnO,1004856,United States,,,Active
006A9000003vC5W,1006740,United States,,,Active
006A9000003vCNm,1004685,United States,,,Not a Member
006A9000003vCVl,,United States,,,Pending
006A9000003vCly,,United States,,,Pending
006A9000003vD04,1007196,Canada,,,Not a Member
006A9000003vQxd,1004715,United States,Other (Add detail to Other Closed Lost Reason),,Pending
006A9000003vTpS,1005027,United States,,,Active
006A9000003vTqv,1006913,United States,,,Active
006A9000003vULp,1003527,Australia,,,Active
006A9000003vUPb,1005293,United States,,,Active
006A9000003vV7x,1003527,Australia,Other (Add detail to Other Closed Lost Reason),,Active
006A9000003vZ2o,1003295,Australia,,,Active
006A9000003vbIt,1006430,Australia,No Decision,,Active
006A9000003vipe,1000561,New Zealand,Competition,,Active
006A9000003vjJs,1005293,United States,,,Active
006A9000003vkA6,1002979,Australia,,,Active
006A9000003vkJ8,1000656,New Zealand,Lack of Budget,,Active
006A9000003vkLJ,1000656,New Zealand,Other (Add detail to Other Closed Lost Reason),,Active
006A9000003vn24,1006896,Asia Pacific,Competition,,Not a Member
006A9000003vtPD,1004715,United States,,,Pending
006A9000003vtaZ,1004715,United States,,,Pending
006A9000003vtrB,,Canada,Other (Add detail to Other Closed Lost Reason),,Not a Member
006A9000003vvfZ,1004715,United States,,,Pending
006A9000003vvjD,1004715,United States,,,Pending
006A9000003vvlT,1004715,United States,,,Pending
006A9000003vvmo,1008810,Canada,Unresponsive Contacts,,Not a Member
006A9000003vvoD,1004715,United States,,,Pending
006A9000003vvqy,1006527,United States,Unresponsive Contacts,,Active
006A9000003vvse,1004715,United States,,,Pending
006A9000003vvtq,1004715,United States,,,Pending
006A9000003vxa4,1000656,New Zealand,Competition,,Active
006A9000003vyOL,1004867,United States,Pricing,lost to DMP due to cost,Active
006A9000003wTNB,1000559,New Zealand,Competition,,Active
006A9000003wYZ8,1000559,New Zealand,,,Active
006A9000003wngR,1003209,EMEA,No Decision,,Active
006A9000003woHW,1005801,United States,,,Active
006A9000003ws1p,1006271,United States,,,Active
006A9000003wwfS,1003049,Australia,Other (Add detail to Other Closed Lost Reason),,Active
006A9000003x0RY,1006501,Asia Pacific,Pricing,,Not a Member
006A9000003x13L,1000956,Asia Pacific,,,Not a Member
006A9000003x3SP,1003885,Canada,,,Active
006A9000003x5SP,1004714,United States,,,Not a Member
006A9000003x5TQ,1006326,United States,Other (Add detail to Other Closed Lost Reason),,Not a Member
006A9000003x5rD,1000952,Canada,,,Active
006A9000003x6Lu,1005293,United States,,,Active
006A9000003xA8w,1003387,Australia,Lack of Budget,,Active
006A9000003xBRd,1003049,Australia,,,Active
006A9000003xGoj,1006805,EMEA,,,Active
006A9000003xHEj,1006805,EMEA,,,Active
006A9000003xHSr,1006805,EMEA,,,Active
006A9000003xJtY,,United States,Other (Add detail to Other Closed Lost Reason),,Not a Member
006A9000003xKjj,1005864,Australia,No Decision,,Not a Member
006A9000003xM5Q,1006706,Australia,No Decision,,Active
006A9000003xQ2L,1002795,Australia,,,Active
006A9000003xTe1,1005598,United States,,,Active
006A9000003xU3G,1003949,Canada,Unresponsive Contacts,,Not a Member
006A9000003xUHL,1006246,Canada,Unresponsive Contacts,,Active
006A9000003xUNv,1006246,Canada,Other (Add detail to Other Closed Lost Reason),,Active
006A9000003xUZA,1003882,Canada,Unresponsive Contacts,,Not a Member
006A9000003xUZC,1004615,United States,,,Active
006A9000003xXHa,1000924,New Zealand,,,Active
006A9000003xXbw,1000924,New Zealand,,,Active
006A9000003xXc6,1000924,New Zealand,,,Active
006A9000003xYMb,1006455,Australia,No Decision,,Active
006A9000003xZRR,1006897,Asia Pacific,Unresponsive Contacts,,Not a Member
006A9000003xZls,1005591,United States,,,Active
006A9000003xi2P,1005350,United States,,,Active
006A9000003y4aH,1006948,Asia Pacific,Competition,,Not a Member
006A9000003y7L0,1004850,United States,,,Active
006A9000003y89k,1004876,United States,Competition,,Active
006A9000003y8eU,,United States,,,Not a Member
006A9000003y8nu,1005530,United States,Other (Add detail to Other Closed Lost Reason),,Not a Member
006A9000003y9aW,1000475,New Zealand,No Decision,,Active
006A9000003y9zX,1000559,New Zealand,,,Active
006A9000003yFJI,1006948,Asia Pacific,,,Not a Member
006A9000003yKGB,,United States,Unresponsive Contacts,,Not a Member
006A9000003yKhq,,United States,,,Not a Member
006A9000003yLwh,,United States,Other (Add detail to Other Closed Lost Reason),,Not a Member
006A9000003yN3P,1005451,United States,Other (Add detail to Other Closed Lost Reason),,Not a Member
006A9000003yNTc,,United States,,,Pending
006A9000003yOK2,,Australia,Lack of internal consensus,,Not a Member
006A9000003yOhl,,Australia,Other (Add detail to Other Closed Lost Reason),,Not a Member
006A9000003yP2Z,,Australia,Other (Add detail to Other Closed Lost Reason),,Not a Member
006A9000003ySn4,1002979,Australia,Unresponsive Contacts,,Active
006A9000003yV0M,1003675,Asia Pacific,,,Active
006A9000003yVcX,1006877,Asia Pacific,Competition,,Not a Member
006A9000003yX5B,1003892,Canada,No Decision,,Active
006A9000003yZiK,1005293,United States,Unresponsive Contacts,,Active
006A9000003ybD7,1005257,United States,Lack of Budget,,Active
006A9000003yeeI,1003088,Australia,Lack of Budget,,Active
006A9000003yepF,1005293,United States,,,Active
006A9000003yfDM,1002938,Australia,Lack of Budget,,Active
006A9000003yiy9,1003176,Australia,Unresponsive Contacts,,Active
006A9000003ylIr,1005795,EMEA,No Decision,,Active
006A9000003ylKF,1005795,EMEA,Competition,,Active
006A9000003ymUG,1004793,United States,,,Not a Member
006A9000003ymoJ,,Canada,,,Not a Member
006A9000003yntN,1005293,United States,,,Active
006A9000003yspS,1003189,Australia,Pricing,,Not a Member
006A9000003yut4,1006666,Australia,No Decision,,Not a Member
006A9000003z3tt,1006301,United States,Competition,,Not a Member
006A9000003z6uo,1006811,United States,Competition,,Not a Member
006A9000003zUcX,1006841,Australia,Other (Add detail to Other Closed Lost Reason),,Not a Member
006A9000003zhFl,1006510,Canada,Competition,,Not a Member
006A9000003ziTK,1005112,United States,Long sales cycle,,Not a Member
006A9000003zjWf,1004592,United States,,,Active
006A9000003zk6D,,Canada,Lack of Budget,,Not a Member
006A9000003zkCA,1006841,Australia,Lack of Budget,,Not a Member
006A9000003zmiJ,1003175,Australia,No Decision,,Not a Member
006A9000003zpGU,1003111,Australia,Lack of Budget,,Not a Member
006A9000003zpdP,1003571,EMEA,No Decision,,Not a Member
006A9000003zwvS,1004887,United States,Competition,,Active
006A900000409ZK,,United States,Competition,,Not a Member
006A90000040AXL,1005795,EMEA,Competition,,Active
006A90000040Avj,1005287,United States,,,Active
006A90000040B3H,1005984,United States,,,Not a Member
006A90000040BEZ,1005293,United States,,,Active
006A90000040DB5,1004309,Canada,Unresponsive Contacts,,Active
006A90000040DG9,1004309,Canada,Unresponsive Contacts,,Active
006A90000040DS2,1004309,Canada,Unresponsive Contacts,,Active
006A90000040E9f,1006913,United States,,,Active
006A90000040HLP,1000956,Asia Pacific,Competition,,Not a Member
006A90000040Meu,1004294,Australia,No Decision,,Pending
006A90000040OXe,1005795,EMEA,Competition,,Active
006A90000040Odj,1005795,EMEA,,,Active
006A90000040Ohd,1003968,Canada,Unresponsive Contacts,,Active
006A90000040Ppk,,United States,Unresponsive Contacts,,Not a Member
006A90000040Qot,,United States,Other (Add detail to Other Closed Lost Reason),,Not a Member
006A90000040Que,1006246,Canada,Lack of Budget,,Active
006A90000040R2Q,,United States,Unresponsive Contacts,,Not a Member
006A90000040R9W,1005588,United States,Unresponsive Contacts,,Active
006A90000040Zqu,1003952,Canada,,,Active
006A90000040eOf,1004856,United States,,,Active
006A90000040fLh,1005186,United States,Unresponsive Contacts,,Active
006A90000040fLw,1006877,Asia Pacific,Competition,,Not a Member
006A90000040guU,1005690,United States,Pricing,,Active
006A90000040hEZ,,United States,,,Not a Member
006A900000413S0,1002695,Australia,Pricing,,Active
006A900000414E5,1003543,Australia,No Decision,,Active
006A900000418bF,1005051,United States,,,Active
006A900000419c8,1005848,United States,Lack of Budget,,Active
006A90000041Agf,1007005,United States,Pricing,,Not a Member
006A90000041NWF,1005268,United States,Lack of Budget,,Active
006A90000041Ojc,1005293,United States,,,Active
006A90000041T9v,1000475,New Zealand,Poor follow-up,,Active
006A90000041ZWs,1003176,Australia,Unresponsive Contacts,,Active
006A90000041enm,1000450,New Zealand,Unresponsive Contacts,,Active
006A90000041gKI,1002701,Australia,Lack of internal consensus,,Not a Member
006A90000041iTV,1002974,Australia,Other (Add detail to Other Closed Lost Reason),,Active
006A900000421NP,1004230,New Zealand,Unresponsive Contacts,,Not a Member
006A90000042Eyi,1003997,Canada,,,Not a Member
006A90000042UZO,1001002,New Zealand,Competition,,Not a Member
006A90000042Xqv,1002967,Australia,No Decision,,Active
006A90000042Y6i,1002967,Australia,,,Active
006A90000042j1G,,Canada,Unresponsive Contacts,,Not a Member
006A90000042jZ7,,United States,Unresponsive Contacts,,Not a Member
006A90000042jep,,United States,,,Not a Member
006A90000042jrd,,United States,,,Not a Member
006A90000042kUb,1000952,Canada,,,Active
006A90000042nND,,Australia,No Decision,,Active
006A90000042qN4,1007203,Australia,Cheaper solution,,Not a Member
006A90000042utl,1005167,United States,,,Active
006A90000042wZb,1005546,United States,No Decision,,Active
006A90000042wp8,1003209,EMEA,No Decision,,Active
006A90000042x6p,1006091,Canada,No Decision,,Active
006A90000042xB7,1006091,Canada,No Decision,,Active
006A90000042yOJ,1003865,Canada,Unresponsive Contacts,,Active
006A900000430JJ,,Australia,Unresponsive Contacts,,Not a Member
006A900000430iC,1006891,New Zealand,Unresponsive Contacts,,Not a Member
006A90000043F2D,1007923,Australia,Unresponsive Contacts,,Not a Member
006A90000043F2N,1007923,Australia,Unresponsive Contacts,,Not a Member
006A90000043FB4,1004239,Australia,Unresponsive Contacts,,Not a Member
006A90000043FVc,1005598,United States,,,Active
006A90000043FmI,1005598,United States,,,Active
006A90000043G2G,1005598,United States,,,Active
006A90000043G6y,1006091,Canada,Unresponsive Contacts,,Active
006A90000043GXq,1003885,Canada,,,Active
006A90000043GuQ,1006682,Canada,,,Not a Member
006A90000043GyB,1006091,Canada,Unresponsive Contacts,,Active
006A90000043HMU,1006061,United States,Unresponsive Contacts,,Not a Member
006A90000043P4X,1002979,Australia,No Decision,,Active
006A90000043Z2w,1004380,Asia Pacific,Competition,,Not a Member
006A90000043dQp,1003209,EMEA,Other (Add detail to Other Closed Lost Reason),,Active
006A90000043eBf,1005165,United States,,,Active
006A90000043eQB,1003885,Canada,,,Active
006A90000043gCG,1001029,New Zealand,,,Active
006A90000043ggY,1006913,United States,,,Active
006A90000043hRO,1000737,New Zealand,Other (Add detail to Other Closed Lost Reason),,Active
006A90000043i9J,1004701,United States,,,Active
006A90000043iHe,1000450,New Zealand,Unresponsive Contacts,,Active
006A90000043iiH,1000646,Asia Pacific,,,Pending
006A90000043ios,,Asia Pacific,Lack of Budget,,Not a Member
006A90000043lem,1002781,Australia,Unresponsive Contacts,,Not a Member
006A90000043lqI,1002781,Australia,Unresponsive Contacts,,Not a Member
006A90000043p8i,1006060,United States,Lack of Budget,,Not a Member
006A90000043raV,1006058,United States,,,Active
006A90000043rhD,1006240,United States,,,Not a Member
006Q8000002H5Rz,1007410,Asia Pacific,,,Not a Member
006Q8000002H7iL,1007410,Asia Pacific,,,Not a Member
006Q8000002H8pg,1007410,Asia Pacific,Competition,,Not a Member
006Q8000002HATG,1007410,Asia Pacific,,,Not a Member
006Q8000002HApt,1007410,Asia Pacific,,,Not a Member
006Q8000002HBCR,1007410,Asia Pacific,,,Not a Member
006Q8000002HBab,1006251,Asia Pacific,,,Not a Member
006Q8000002HC21,1007410,Asia Pacific,Competition,,Not a Member
006Q8000002HCBh,1007410,Asia Pacific,,,Not a Member
006Q8000002HCJl,1007410,Asia Pacific,,,Not a Member
006Q8000002HCrd,1007410,Asia Pacific,,,Not a Member
006Q8000002IycT,1002812,Australia,,,Active
006Q8000002J3h2,,New Zealand,Unresponsive Contacts,,Not a Member
006Q8000002JEZQ,,New Zealand,Other (Add detail to Other Closed Lost Reason),,Not a Member
006Q8000002JOUD,,New Zealand,Unresponsive Contacts,,Not a Member
006Q8000002JSRG,,New Zealand,Unresponsive Contacts,,Not a Member
006Q8000002JT1x,,New Zealand,,,Not a Member
006Q8000002K7Qn,1006941,Australia,,,Not a Member
006Q8000002LnEI,,United States,Competition,,Not a Member
006Q8000002LpeH,1006850,Canada,Competition,,Active
006Q8000002MR6r,1004309,Canada,Competition,,Active
006Q8000002N4cs,1003267,Australia,No Decision,,Not a Member
006Q8000002NOgP,1003508,Australia,No Decision,,Not a Member
006Q8000002PBGs,1005367,United States,Other (Add detail to Other Closed Lost Reason),,Not a Member
006Q8000002PCXw,1003890,Canada,,,Active
006Q8000002PDPB,1003867,Canada,No Decision,,Not a Member
006Q8000002PFu1,1005801,United States,Other (Add detail to Other Closed Lost Reason),,Active
006Q8000002PIJz,1005293,United States,,,Active
006Q8000002PJWE,1000645,New Zealand,Unresponsive Contacts,,Not a Member
006Q8000002PNOU,1003965,Canada,Unresponsive Contacts,,Active
006Q8000002PNwL,1004039,Canada,,,Active
006Q8000002PgsX,1004590,United States,Pricing,,Active
006Q8000002PyZJ,1004968,United States,,,Active
006Q8000002SGbm,,United States,,,Not a Member
006Q8000002SVuB,1005920,Canada,Competition,,Not a Member
006Q8000002ScsP,1005920,Canada,Competition,,Not a Member
006Q8000002Sk3b,1006394,Canada,Competition,,Not a Member
006Q8000002THVl,1000561,New Zealand,Competition,,Active
006Q8000002W4Ii,1004801,United States,,,Active
006Q8000002W6tz,1005451,United States,Lack of Budget,,Not a Member
006Q8000002W7Bh,1006058,United States,No Decision,,Active
006Q8000002W82w,1005268,United States,Lack of internal consensus,,Active
006Q8000002WAG1,1004527,United States,,,Active
006Q8000002WGi4,1005268,United States,Competition,,Active
006Q8000002WpFz,1002865,Australia,Lack of Budget,,Active
006Q8000002XT6v,,Asia Pacific,Long sales cycle,,Not a Member
006Q8000002ZQkr,1003885,Canada,,,Active
006Q8000002ZSI2,1006954,United States,,,Active
006Q8000002ZwL0,1005596,United States,,,Active
006Q8000002eIhq,1002812,Australia,Other (Add detail to Other Closed Lost Reason),,Active
006Q8000002fBj7,1006974,Australia,No Decision,,Not a Member
006Q8000002g0Ic,1003049,Australia,,,Active
006Q8000002jFWQ,1003527,Australia,No Decision,,Active
006Q8000002jKeB,1003527,Australia,,,Active
006Q8000002lEZR,1003570,EMEA,,,Active
006Q8000002mey5,1004867,United States,Competition,,Active
006Q8000002n7la,1006896,Asia Pacific,Competition,,Not a Member
006Q8000002nAOU,1007484,Australia,Lack of internal consensus,,Pending
006Q8000002npEj,1007484,Australia,,,Pending
006Q8000002oabt,,United States,Poor follow-up,,Not a Member
006Q8000002omGQ,1006587,United States,,,Active
006Q8000002pE7q,1007144,Canada,Unresponsive Contacts,,Not a Member
006Q8000002pFyN,1007144,Canada,Unresponsive Contacts,,Not a Member
006Q8000002pV3q,1007011,New Zealand,Poor follow-up,,Not a Member
006Q8000002r5Zu,1006877,Asia Pacific,Competition,,Not a Member
006Q8000002sE01,1005839,Canada,,,Not a Member
006Q8000002sYrZ,1006300,United States,,,Not a Member
006Q8000002vY5T,1005162,United States,,,Active
006Q8000002vdWY,,United States,Other (Add detail to Other Closed Lost Reason),,Not a Member
006Q8000002vekM,1005596,United States,,,Active
006Q8000002vwMI,1004787,United States,,,Active
006Q8000002vzYh,1000952,Canada,,,Active
006Q8000002w6aM,1006706,Australia,,,Active
006Q8000002xdnR,1004867,United States,Other (Add detail to Other Closed Lost Reason),,Active
006Q80000030UUF,1001029,New Zealand,Unresponsive Contacts,,Active
006Q80000030c5C,1003261,Australia,,,Active
006Q80000031NKD,1006455,Australia,,,Active
006Q80000031ehe,1002694,Australia,Other (Add detail to Other Closed Lost Reason),,Not a Member
006Q80000033NCv,1005920,Canada,Lack of Budget,,Not a Member
006Q80000033P50,1005920,Canada,Unresponsive Contacts,,Not a Member
006Q80000033SkP,1003885,Canada,Pricing,,Active
006Q80000033dmI,,United States,,,Not a Member
006Q800000340pN,1005546,United States,,,Active
006Q800000346ep,1004670,United States,,,Active
006Q800000348en,1004670,United States,,,Active
006Q80000034MoD,1000559,New Zealand,,,Active
006Q80000036w7f,1003209,EMEA,No Decision,,Active
006Q8000003715h,1000952,Canada,,,Active
006Q800000375hB,1005259,United States,Other (Add detail to Other Closed Lost Reason),,Active
006Q80000038K7v,1003392,Australia,No Decision,,Active
006Q80000039RvR,1002783,EMEA,No Decision,,Active
006Q80000039UDM,1002783,EMEA,,,Active
006Q80000039UQA,1002783,EMEA,Pricing,,Active
006Q80000039UYD,1002783,EMEA,Competition,Hikvision,Active
006Q80000039VVv,1002783,EMEA,Competition,,Active
006Q80000039YIT,1002783,EMEA,Change of Circumstances,,Active
006Q8000003AHDx,1004519,United States,Unresponsive Contacts,,Not a Member
006Q8000003ATP9,1004309,Canada,Long sales cycle,,Active
006Q8000003AXdk,1003885,Canada,,,Active
006Q8000003AlyQ,1006751,United States,Lack of Budget,,Active
006Q8000003B10j,1002695,Australia,,,Active
006Q8000003B1v8,1006569,Canada,Other (Add detail to Other Closed Lost Reason),,Not a Member
006Q8000003Ba6U,1000956,Asia Pacific,,,Not a Member
006Q8000003BdVm,1003267,Australia,Other (Add detail to Other Closed Lost Reason),,Not a Member
006Q8000003BuGU,,Australia,,,Not a Member
006Q8000003CqCQ,1003965,Canada,No Decision,,Active
006Q8000003CvdX,1006246,Canada,,,Active
006Q8000003DD5l,1004040,Canada,,,Not a Member
006Q8000003DG8T,1003890,Canada,,,Active
006Q8000003Da8o,1004039,Canada,,,Active
006Q8000003Das7,1004039,Canada,,,Active
006Q8000003DrZZ,1002808,Australia,No Decision,,Not a Member
006Q8000003Dtt2,1007972,New Zealand,Cheaper solution,,Pending
006Q8000003E9OJ,1003175,Australia,Competition,,Not a Member
006Q8000003EfT0,1003675,Asia Pacific,Competition,,Active
006Q8000003GNDS,1004309,Canada,Other (Add detail to Other Closed Lost Reason),,Active
006Q8000003GOcY,1003209,EMEA,,,Active
006Q8000003GSzV,1004309,Canada,Other (Add detail to Other Closed Lost Reason),,Active
006Q8000003GWga,1004220,Canada,No Decision,,Active
006Q8000003GZHp,1003986,Canada,,,Not a Member
006Q8000003LFvC,1000475,New Zealand,,,Active
006Q8000003LZYw,1000475,New Zealand,Other (Add detail to Other Closed Lost Reason),,Active
006Q8000003LZxL,1001029,New Zealand,Other (Add detail to Other Closed Lost Reason),,Active
006Q8000003M6xu,1003267,Australia,,,Not a Member
006Q8000003OpME,1004535,United States,,,Not a Member
006Q8000003OqBp,1004535,United States,,,Not a Member
006Q8000003PT3V,1005293,United States,,,Active
006Q8000003Rtxz,1005591,United States,,,Active
006Q8000003S6QZ,,United States,Other (Add detail to Other Closed Lost Reason),,Active
006Q8000003S9Uu,1006271,United States,,,Active
006Q8000003SAIv,1006623,Canada,Competition,,Not a Member
006Q8000003SSCb,1005544,United States,,,Active
006Q8000003VYDN,1006805,EMEA,Competition,,Active
006Q8000003Vbnx,1006080,Asia Pacific,Competition,,Not a Member
006Q8000003VpkU,1004971,United States,,,Pending
006Q8000003Vr3D,1003885,Canada,,,Active
006Q8000003VrSv,1004971,United States,,,Pending
006Q8000003VsKD,1000737,New Zealand,,,Active
006Q8000003VvGR,1005257,United States,,,Active
006Q8000003WS99,1000477,New Zealand,,,Active
006Q8000003WXFH,1000477,New Zealand,,,Active
006Q8000003Waml,1000477,New Zealand,,,Active
006Q8000003Waxu,1000450,New Zealand,,,Active
006Q8000003WbkH,1000477,New Zealand,,,Active
006Q8000003WdMH,1000477,New Zealand,No Decision,,Active
006Q8000003WzLB,1000477,New Zealand,Competition,,Active
006Q8000003X02k,1006020,Australia,Other (Add detail to Other Closed Lost Reason),,Active
006Q8000003Z8yi,1003885,Canada,,,Active
006Q8000003ZId5,1005381,United States,,,Not a Member
006Q8000003ZuLl,,New Zealand,Unresponsive Contacts,,Not a Member
006Q8000003ZvUk,1003394,Australia,,,Not a Member
006Q8000003ZwVq,,Australia,Lack of Budget,,Active
006Q8000003a2rE,1003049,Australia,,,Active
006Q8000003a5Ak,1003049,Australia,,,Active
006Q8000003a5Yw,1003049,Australia,,,Active
006Q8000003a5x7,1003049,Australia,,,Active
006Q8000003a6y1,1003049,Australia,,,Active
006Q8000003aGR7,1005392,United States,No Decision,,Active
006Q8000003acpq,1006803,Australia,,,Not a Member
006Q8000003atx7,1002795,Australia,,,Active
006Q8000003b2ai,1006246,Canada,Unresponsive Contacts,,Active
006Q8000003bD31,1006246,Canada,Unresponsive Contacts,,Active
006Q8000003bIVh,1006246,Canada,Unresponsive Contacts,,Active
006Q8000003bIqg,1006246,Canada,Unresponsive Contacts,,Active
006Q8000003bKMD,1006246,Canada,Unresponsive Contacts,,Active
006Q8000003cgW0,1005598,United States,,,Active
006Q8000003cz5d,1006058,United States,,,Active
006Q8000003czyQ,1003896,Canada,Competition,,Not a Member
006Q8000003dFlU,1004884,United States,,,Active
006Q8000003ibVE,1006676,Australia,Unresponsive Contacts,,Not a Member
006Q8000003ixFZ,1006676,Australia,Other (Add detail to Other Closed Lost Reason),,Not a Member
006Q8000003j6yn,1006272,Australia,,,Not a Member
006Q8000003l5lh,1003885,Canada,,,Active
006Q8000003lM9p,1006587,United States,,,Active
006Q8000003lN4K,1006246,Canada,Unresponsive Contacts,,Active
006Q8000003lNcB,1006246,Canada,Unresponsive Contacts,,Active
006Q8000003lOA2,1006246,Canada,Unresponsive Contacts,,Active
006Q8000003lOA3,1006246,Canada,Unresponsive Contacts,,Active
006Q8000003lP4X,1006246,Canada,Unresponsive Contacts,,Active
006Q8000003lPAx,1006246,Canada,Unresponsive Contacts,,Active
006Q8000003lPME,1006246,Canada,Unresponsive Contacts,,Active
006Q8000003lQJv,1006246,Canada,Unresponsive Contacts,,Active
006Q8000003lQa2,1006246,Canada,Unresponsive Contacts,,Active
006Q8000003lQgV,1006246,Canada,Unresponsive Contacts,,Active
006Q8000003lQqC,1006246,Canada,Unresponsive Contacts,,Active
006Q8000003lR7u,1006246,Canada,Unresponsive Contacts,,Active
006Q8000003lRMP,1006246,Canada,Unresponsive Contacts,,Active
006Q8000003lRj2,1000645,New Zealand,Unresponsive Contacts,,Not a Member
006Q8000003lSIT,1006246,Canada,Unresponsive Contacts,,Active
006Q8000003lTKz,1006246,Canada,Unresponsive Contacts,,Active
006Q8000003lTck,1006246,Canada,Unresponsive Contacts,,Active
006Q8000003lU8z,1006246,Canada,Unresponsive Contacts,,Active
006Q8000003lUYn,1004715,United States,,,Pending
006Q8000003lhe6,1004925,United States,Lack of Budget,,Active
006Q8000003lmc9,1005260,United States,Competition,,Not a Member
006Q8000003lpYQ,1006445,United States,Competition,,Not a Member
006Q8000003lrDe,1003527,Australia,Lack of Budget,,Active
006Q8000003ls6V,1004850,United States,,,Active
006Q8000003luZi,1004714,United States,,,Not a Member
006Q8000003m1QC,1000573,New Zealand,Competition,,Active
006Q8000003m21H,1006385,New Zealand,Other (Add detail to Other Closed Lost Reason),,Not a Member
006Q8000003mMsl,1002695,Australia,Competition,,Active
006Q8000003mOnu,1006984,Australia,Unresponsive Contacts,,Not a Member
006Q8000003mcR5,1003189,Australia,Unresponsive Contacts,,Not a Member
006Q8000003mlqw,1006080,Asia Pacific,No Decision,,Not a Member
006Q8000003odxL,1006740,United States,,,Active
006Q8000003ow2L,1006751,United States,,,Active
006Q8000003p3bp,1006246,Canada,Unresponsive Contacts,,Active
006Q8000003p5rx,1003892,Canada,,,Active
006Q8000003pKRD,1004309,Canada,Unresponsive Contacts,,Active
006Q8000003pVMc,1005162,United States,,,Active
006Q8000003pVwJ,1004698,United States,,,Active
006Q8000003pWov,1005162,United States,,,Active
006Q8000003pXcv,1005163,United States,,,Active
006Q8000003qysn,1003256,Australia,No Decision,,Not a Member
006Q8000003rs5O,1000646,Asia Pacific,Competition,,Pending
006Q8000003sEib,1003209,EMEA,,,Active
006Q8000003sGNr,1004697,United States,,,Active
006Q8000003sVoH,1006954,United States,Other (Add detail to Other Closed Lost Reason),,Active
006Q8000003sYr3,1005970,Canada,,,Active
006Q8000003t2Nf,,United States,,,Pending
006Q8000003t2sK,1000580,New Zealand,Unresponsive Contacts,,Active
006Q8000003t3Jj,,United States,,,Not a Member
006Q8000003t53o,1005970,Canada,Other (Add detail to Other Closed Lost Reason),,Active
006Q8000003t6r3,1005293,United States,,,Active
006Q8000003u64D,,Asia Pacific,Other (Add detail to Other Closed Lost Reason),,Not a Member
006Q8000003u6SP,,Asia Pacific,Other (Add detail to Other Closed Lost Reason),,Not a Member
006Q8000003vGJs,1003570,EMEA,,,Active
006Q8000003vaZk,1000646,Asia Pacific,Lack of Budget,,Pending
006Q8000003vs6n,1003570,EMEA,,,Active
006Q8000003vt1G,1002467,Asia Pacific,Competition,,Active
006Q8000003w3QP,1005260,United States,Lack of Budget,,Not a Member
006Q8000003w4nw,1005058,United States,Other (Add detail to Other Closed Lost Reason),,Active
006Q8000003w4vy,1003209,EMEA,No Decision,,Active
006Q8000003w5vG,1003209,EMEA,No Decision,,Active
006Q8000003wI2t,1003209,EMEA,,,Active
006Q8000003wJRx,1005164,United States,Competition,,Active
006Q8000003wKhO,1003209,EMEA,,,Active
006Q8000003wLgg,1003209,EMEA,,,Active
006Q8000003wLgh,1003209,EMEA,,,Active
006Q8000003wMMd,1003209,EMEA,,,Active
006Q8000003wN0v,1003209,EMEA,,,Active
006Q8000003wNaP,1003209,EMEA,,,Active
006Q8000003wPIv,1003896,Canada,,,Not a Member
006Q8000003wiOj,1004963,United States,,,Active
006Q8000003wjW8,1007001,United States,,,Not a Member
006Q8000003wjhN,1006991,United States,Lack of Budget,,Not a Member
006Q8000003wnps,1006220,Australia,,,Not a Member
006Q8000003wp6s,1004763,United States,,,Active
006Q8000003x0vN,1003751,Australia,,,Active
006Q8000003x7dG,1003189,Australia,Pricing,,Not a Member
006Q8000003xBqY,,New Zealand,Other (Add detail to Other Closed Lost Reason),,Not a Member
006Q8000003xC6g,1000475,New Zealand,,,Active
006Q8000003xORE,1000450,New Zealand,,,Active
006Q8000003zdIt,1004039,Canada,,,Active
006Q80000040PXD,1004715,United States,,,Pending
006Q80000040PvP,,Canada,Competition,,Not a Member
006Q80000040SA5,1006751,United States,Other (Add detail to Other Closed Lost Reason),Lost to another integrator,Active
006Q80000041vli,1003197,ICT,Other (Add detail to Other Closed Lost Reason),,Not a Member
006Q800000465CP,1003023,Australia,,,Not a Member
006Q80000046769,1000855,New Zealand,,,Not a Member
006Q80000046y5d,1006994,Australia,Cheaper solution,,Not a Member
006Q80000048VSZ,1003873,Canada,No Decision,,Not a Member
006Q80000048epB,1004867,United States,Competition,went with basic DMP system,Active
006Q80000048fIE,1004785,United States,,,Active
006Q80000048hS6,,United States,Other (Add detail to Other Closed Lost Reason),,Not a Member
006Q80000048iMb,1005260,United States,Lack of Budget,,Not a Member
006Q80000048snK,1005384,United States,Unresponsive Contacts,,Pending
006Q80000048wMH,1003209,EMEA,No Decision,,Active
006Q80000049Efl,1005848,United States,,,Active
006Q80000049hd3,1000952,Canada,,,Active
006Q80000049zhu,1003111,Australia,Lack of Budget,,Not a Member
006Q8000004Bm3v,1006510,Canada,,,Not a Member
006Q8000004C1PS,1003209,EMEA,No Decision,,Active
006Q8000004C4n7,1003209,EMEA,Cheaper solution,,Active
006Q8000004C56U,1003209,EMEA,Cheaper solution,,Active
006Q8000004C70D,1003965,Canada,Unresponsive Contacts,,Active
006Q8000004CCeG,1005022,United States,Lack of Budget,,Not a Member
006Q8000004CFvT,1005158,United States,,,Active
006Q8000004CGY9,1003209,EMEA,,,Active
006Q8000004CHpC,1003885,Canada,,,Active
006Q8000004CJRE,1003952,Canada,,,Active
006Q8000004CU3H,,United States,Competition,,Not a Member
006Q8000004Cf8O,1004938,United States,Lack of Budget,,Not a Member
006Q8000004CjiD,1007003,Canada,Competition,,Not a Member
006Q8000004Cq3o,1003986,Canada,,,Not a Member
006Q8000004CqlJ,1007004,Canada,No Decision,,Not a Member
006Q8000004Crr3,1003986,Canada,,,Not a Member
006Q8000004CsaG,1003049,Australia,,,Active
006Q8000004Cuyb,1004700,United States,,,Not a Member
006Q8000004Czoh,1003392,Australia,Other (Add detail to Other Closed Lost Reason),,Active
006Q8000004D1Qb,1005596,United States,Other (Add detail to Other Closed Lost Reason),,Active
006Q8000004DHK5,1007130,Australia,Other (Add detail to Other Closed Lost Reason),,Not a Member
006Q8000004DX3w,1003347,Australia,,,Active
006Q8000004DYPn,1005034,United States,Other (Add detail to Other Closed Lost Reason),,Active
006Q8000004DbCN,1007111,Australia,Other (Add detail to Other Closed Lost Reason),,Not a Member
006Q8000004FGtO,1006587,United States,,,Active
006Q8000004FIwn,1003965,Canada,Unresponsive Contacts,,Active
006Q8000004FPv3,1005572,United States,,,Not a Member
006Q8000004FSrL,1005572,United States,,,Not a Member
006Q8000004FT2f,1000832,New Zealand,Competition,,Active
006Q8000004Fva1,1005293,United States,,,Active
006Q8000004GVbv,1003049,Australia,,,Active
006Q8000004If5d,1006559,United States,Other (Add detail to Other Closed Lost Reason),,Not a Member
006Q8000004IfVR,1002467,Asia Pacific,No Decision,,Active
006Q8000004IgbB,1007283,Canada,,,Not a Member
006Q8000004Ioti,1005392,United States,No Decision,,Active
006Q8000004IskT,1007052,United States,,,Not a Member
006Q8000004Iwxh,1005293,United States,,,Active
006Q8000004J0tF,1000580,New Zealand,Unresponsive Contacts,,Active
006Q8000004J37x,1006708,Canada,Competition,,Not a Member
006Q8000004JKCB,1003570,EMEA,No Decision,,Active
006Q8000004JSBC,1006279,New Zealand,Lack of Budget,,Not a Member
006Q8000004JTnB,1006279,New Zealand,Other (Add detail to Other Closed Lost Reason),,Not a Member
006Q8000004Je14,1003261,Australia,,,Active
006Q8000004JeLf,1002894,Australia,Lack of Budget,,Not a Member
006Q8000004KUCX,1000641,Asia Pacific,,,Not a Member
006Q8000004LW0z,1003256,Australia,,,Not a Member
006Q8000004MB0w,1005046,United States,,,Active
006Q8000004MEus,1005970,Canada,,,Active
006Q8000004MKYu,1000952,Canada,,,Active
006Q8000004MV9N,1005163,United States,,,Active
006Q8000004MVZ8,1000952,Canada,,,Active
006Q8000004MVfd,1005024,United States,,,Not a Member
006Q8000004MZ9i,1007152,United States,,,Not a Member
006Q8000004MaCD,1007013,Canada,Unresponsive Contacts,,Not a Member
006Q8000004Mfi9,1007014,Canada,Unresponsive Contacts,,Not a Member
006Q8000004MzVZ,1005451,United States,Lack of Budget,,Not a Member
006Q8000004TWbh,1007410,Asia Pacific,,,Not a Member
006Q8000004TXO5,1007410,Asia Pacific,Competition,,Not a Member
006Q8000004VSYr,1004029,Canada,No Decision,,Pending
006Q8000004W3zl,1006972,New Zealand,Unresponsive Contacts,,Not a Member
006Q8000004Y8ld,1003675,Asia Pacific,,,Active
006Q8000004YsyA,1003209,EMEA,,,Active
006Q8000004Yuez,1003209,EMEA,,,Active
006Q8000004YvCr,1003209,EMEA,,,Active
006Q8000004Z0J0,1000477,New Zealand,No Decision,,Active
006Q8000004Z1q9,1003965,Canada,,,Active
006Q8000004Z3gg,1003209,EMEA,,,Active
006Q8000004Z7fR,1007074,United States,,,Not a Member
006Q8000004ZAS3,1006258,United States,Other (Add detail to Other Closed Lost Reason),Spoke with dealer and project has been postponed until the school district can find funding through grants. School is working on it but unknown as to when per the dealer.,Not a Member
006Q8000004ZDbE,,United States,Competition,,Not a Member
006Q8000004ZFxx,1005848,United States,No Decision,,Active
006Q8000004ZH3i,1004968,United States,,,Active
006Q8000004ZMRc,1003997,Canada,,,Not a Member
006Q8000004ZSbr,1007009,Canada,,,Not a Member
006Q8000004Zcmf,1003892,Canada,,,Active
006Q8000004ZiK1,1004968,United States,,,Active
006Q8000004ZjBG,1004867,United States,Unresponsive Contacts,,Active
006Q8000004Znuo,1005546,United States,,,Active
006Q8000004Zu8H,1004928,United States,Other (Add detail to Other Closed Lost Reason),,Pending
006Q8000004Zw8U,1003347,Australia,Unresponsive Contacts,,Active
006Q8000004bBjl,1002940,Australia,,,Active
006Q8000004bDnB,1003049,Australia,,,Active
006Q8000004ccQ9,1005272,United States,,,Active
006Q8000004cjgB,1005455,United States,No Decision,,Active
006Q8000004cme4,1003969,Canada,,,Active
006Q8000004cmz0,1005455,United States,Lack of Budget,,Active
006Q8000004dZWf,1007102,Australia,No Decision,,Not a Member
006Q8000004eNgN,1003049,Australia,,,Active
006Q8000004eQb1,,Australia,,,Active
006Q8000004eT5q,1003439,Australia,Lack of Budget,,Active
006Q8000004eTIj,,Australia,,,Active
006Q8000004gWIy,1003969,Canada,,,Active
006Q8000004gcrN,1006301,United States,Pricing,,Not a Member
006Q8000004gfkT,1000952,Canada,,,Active
006Q8000004goFp,1005293,United States,,,Active
006Q8000004iZUR,1006331,Australia,Lack of Budget,,Not a Member
006Q8000004kDeJ,1003965,Canada,Unresponsive Contacts,,Active
006Q8000004kGXK,1003885,Canada,,,Active
006Q8000004wt6g,1005034,United States,,,Active
006Q8000004wtpq,1005848,United States,,,Active
006Q8000004wwUM,1007051,United States,Other (Add detail to Other Closed Lost Reason),,Not a Member
006Q8000004xKMz,1000534,Asia Pacific,,,Not a Member
006Q8000004z5IE,1003209,EMEA,Lack of Budget,,Active
006Q8000004zHEZ,1003209,EMEA,Lack of Budget,,Active
006Q8000004zUN3,1004714,United States,,,Not a Member
006Q8000004zcpF,1007101,Canada,,,Active
006Q8000004zhQn,1007101,Canada,,,Active
006Q8000004zp9l,1007101,Canada,,,Active
006Q80000052iIF,1003209,EMEA,,,Active
006Q80000052iWl,1005594,United States,,,Active
006Q80000052iba,1003209,EMEA,,,Active
006Q80000052rer,1004973,United States,,,Active
006Q80000052sMQ,1004973,United States,,,Active
006Q80000052v4A,1005268,United States,No Decision,,Active
006Q80000053Jss,1005112,United States,Unresponsive Contacts,,Not a Member
006Q80000055WXS,1005455,United States,Other (Add detail to Other Closed Lost Reason),,Active
006Q8000005DemN,1007111,Australia,,,Not a Member
006Q8000005DhfO,1007160,Asia Pacific,,,Not a Member
006Q8000005DnEX,1000534,Asia Pacific,,,Not a Member
006Q8000005F421,1004539,United States,,,Not a Member
006Q8000005F6Gk,1005293,United States,,,Active
006Q8000005F6yI,1005546,United States,,,Active
006Q8000005F8ws,1004534,United States,Other (Add detail to Other Closed Lost Reason),,Active
006Q8000005FWkf,1004515,United States,,,Active
006Q8000005FaI2,1004515,United States,Unresponsive Contacts,,Active
006Q8000005G6g5,1006375,Australia,Other (Add detail to Other Closed Lost Reason),,Not a Member
006Q8000005HiOL,1006510,Canada,Other (Add detail to Other Closed Lost Reason),,Not a Member
006Q8000005Hiuf,1006510,Canada,Other (Add detail to Other Closed Lost Reason),,Not a Member
006Q8000005HiwE,1006510,Canada,Other (Add detail to Other Closed Lost Reason),,Not a Member
006Q8000005HjsN,1006510,Canada,Other (Add detail to Other Closed Lost Reason),,Not a Member
006Q8000005HklA,1006510,Canada,Other (Add detail to Other Closed Lost Reason),,Not a Member
006Q8000005HkoM,1006510,Canada,Other (Add detail to Other Closed Lost Reason),,Not a Member
006Q8000005Hlam,1004547,United States,Lack of Budget,,Not a Member
006Q8000005IcqM,1000956,Asia Pacific,,,Not a Member
006Q8000005KXWR,1004764,United States,,,Active
006Q8000005KXg7,1005298,United States,,,Active
006Q8000005KZGW,1005588,United States,,,Active
006Q8000005KaZ8,1005588,United States,,,Active
006Q8000005Kc9V,1004773,United States,,,Not a Member
006Q8000005Kf0w,1007055,United States,Other (Add detail to Other Closed Lost Reason),,Active
006Q8000005KnPu,1004309,Canada,Competition,,Active
006Q8000005L0TZ,1004787,United States,,,Active
006Q8000005LKTu,1005449,United States,,,Active
006Q8000005LKww,1005598,United States,,,Active
006Q8000005LLOR,1006587,United States,,,Active
006Q8000005LMcH,1003879,Canada,Competition,,Active
006Q8000005LOME,1005293,United States,Unresponsive Contacts,,Active
006Q8000005LPlJ,1005873,United States,Other (Add detail to Other Closed Lost Reason),,Active
006Q8000005NHoV,1005795,EMEA,Competition,,Active
006Q8000005Odbg,1005920,Canada,,,Not a Member
006Q8000005OfOx,1003980,Canada,,,Not a Member
006Q8000005P6qa,1005546,United States,,,Active
006Q8000005PItK,1007061,Canada,,,Not a Member
006Q8000005ULH4,1006080,Asia Pacific,Competition,,Not a Member
006Q8000005UPir,1006080,Asia Pacific,,,Not a Member
006Q8000005UYxR,1006080,Asia Pacific,Competition,,Not a Member
006Q8000005UZbl,1006080,Asia Pacific,Competition,,Not a Member
006Q8000005WDda,1004524,United States,,,Active
006Q8000005WGjX,,New Zealand,Unresponsive Contacts,,Not a Member
006Q8000005WUGE,1004788,United States,Other (Add detail to Other Closed Lost Reason),,Not a Member
006Q8000005WVSR,1004323,Canada,,,Active
006Q8000005WZNx,1005367,United States,,,Not a Member
006Q8000005WZPZ,,New Zealand,Unresponsive Contacts,,Not a Member
006Q8000005Wrxc,1003948,Canada,,,Not a Member
006Q8000005WsK9,1006091,Canada,No Decision,,Active
006Q8000005Wt8B,1004323,Canada,Competition,,Active
006Q8000005WtoA,1005546,United States,Competition,,Active
006Q8000005Wtxo,1004323,Canada,Competition,,Active
006Q8000005WzlS,1005112,United States,,,Not a Member
006Q8000005X2Px,1003948,Canada,,,Not a Member
006Q8000005X6DX,1000845,New Zealand,,,Active
006Q8000005XBcv,1000968,New Zealand,Other (Add detail to Other Closed Lost Reason),,Not a Member
006Q8000005XCM5,1000968,New Zealand,Unresponsive Contacts,,Not a Member
006Q8000005Xewf,1006932,Australia,Pricing,,Not a Member
006Q8000005XfW9,1000636,New Zealand,,,Active
006Q8000005Xob3,1002280,New Zealand,Unresponsive Contacts,,Not a Member
006Q8000005ZpUc,1004533,United States,,,Pending
006Q8000005ZvVF,1003369,EMEA,Competition,,Active
006Q8000005Zx7B,1003369,EMEA,Competition,Inner Range - we lost by price and features,Active
006Q8000005ZyeM,1006587,United States,,,Active
006Q8000005ZyuU,1006091,Canada,No Decision,,Active
006Q8000005Zz4B,1005257,United States,,,Active
006Q8000005a3ED,1005795,EMEA,,,Active
006Q8000005a5cc,1003952,Canada,Competition,,Active
006Q8000005a5hU,1004039,Canada,,,Active
006Q8000005a9GQ,1006271,United States,,,Active
006Q8000005aAys,1004700,United States,Other (Add detail to Other Closed Lost Reason),,Not a Member
006Q8000005aBQM,1004039,Canada,,,Active
006Q8000005aBWk,1007254,United States,,,Not a Member
006Q8000005aJR5,1004039,Canada,,,Active
006Q8000005aXx4,1004039,Canada,,,Active
006Q8000005aXyf,1004039,Canada,,,Active
006Q8000005aYjR,1004039,Canada,,,Active
006Q8000005af6c,1004856,United States,,,Active
006Q8000005ahBd,1004856,United States,,,Active
006Q8000005b8DR,1007130,Australia,No Decision,,Not a Member
006Q8000005bh38,,Australia,,,Not a Member
006Q8000005dbHo,1002783,EMEA,Change of Circumstances,,Active
006Q8000005dlgv,1002783,EMEA,Change of Circumstances,,Active
006Q8000005dmcz,1002783,EMEA,Change of Circumstances,,Active
006Q8000005dnfW,1003890,Canada,,,Active
006Q8000005doYP,1003428,EMEA,,,Active
006Q8000005drG6,1003428,EMEA,Competition,,Active
006Q8000005dsVV,1007004,Canada,,,Not a Member
006Q8000005dvWd,,United States,,,Pending
006Q8000005dveh,1004803,United States,,,Not a Member
006Q8000005dvy6,1000952,Canada,,,Active
006Q8000005dvzh,1004856,United States,,,Active
006Q8000005dw2r,1003428,EMEA,Pricing,,Active
006Q8000005dwm6,1006373,United States,,,Not a Member
006Q8000005dyCk,1003884,Canada,Unresponsive Contacts,,Active
006Q8000005dzqL,1003884,Canada,Unresponsive Contacts,,Active
006Q8000005e2Mp,1004968,United States,,,Active
006Q8000005e421,1004715,United States,,,Pending
006Q8000005e5ZD,1000580,New Zealand,Unresponsive Contacts,,Active
006Q8000005e7eE,1005298,United States,,,Active
006Q8000005e8NO,1004018,Canada,Unresponsive Contacts,,Not a Member
006Q8000005eRwH,,United States,,,Not a Member
006Q8000005eSfR,1005680,United States,,,Pending
006Q8000005eV5S,1005289,United States,,,Not a Member
006Q8000005eYXy,1003965,Canada,Unresponsive Contacts,,Active
006Q8000005eZoz,1005067,United States,,,Active
006Q8000005ea3V,1007013,Canada,,,Not a Member
006Q8000005ebfV,,United States,,,Not a Member
006Q8000005fZII,1005451,United States,,,Not a Member
006Q8000005gbDC,1002978,EMEA,Competition,,Not a Member
006Q8000005hajh,1004323,Canada,Unresponsive Contacts,,Active
006Q8000005hbvu,1004533,United States,,,Pending
006Q8000005heCF,1002783,EMEA,No Decision,,Active
006Q8000005hkzB,1005112,United States,,,Not a Member
006Q8000005hmD1,1005268,United States,,,Active
006Q8000005hnFY,1005120,United States,,,Not a Member
006Q8000005hoBb,1006271,United States,,,Active
006Q8000005hoEp,1006301,United States,Unresponsive Contacts,,Not a Member
006Q8000005hpkL,1005293,United States,,,Active
006Q8000005hr2z,1003570,EMEA,,,Active
006Q8000005hr32,1003209,EMEA,No Decision,,Active
006Q8000005hrJ9,1004691,United States,,,Pending
006Q8000005huIb,1005273,United States,Lack of Budget,,Active
006Q8000005i6Rs,1006246,Canada,,,Active
006Q8000005iHIP,1004533,United States,,,Pending
006Q8000005iHby,1004856,United States,Competition,,Active
006Q8000005iK8F,1004768,United States,,,Active
006Q8000005iMWf,,Australia,Lack of Budget,,Pending
006Q8000005iQVN,1006587,United States,,,Active
006Q8000005iWUL,1001027,New Zealand,Lack of Budget,,Active
006Q8000005iZMC,,Australia,Unresponsive Contacts,,Not a Member
006Q8000005j6jL,1001919,Asia Pacific,,,Active
006Q8000005jKhG,1000646,Asia Pacific,,,Pending
006Q8000005kV17,1006805,EMEA,,,Active
006Q8000005kdrY,1003428,EMEA,Competition,,Active
006Q8000005kt6i,1003428,EMEA,Competition,,Active
006Q8000005kuU9,1003428,EMEA,Competition,,Active
006Q8000005kvgL,1003428,EMEA,Competition,,Active
006Q8000005kxgY,1003428,EMEA,Competition,,Active
006Q8000005lQAh,1004520,United States,,,Active
006Q8000005lUpO,1004539,United States,,,Not a Member
006Q8000005lWMZ,1007004,Canada,Change of Circumstances,,Not a Member
006Q8000005lYD5,,United States,,,Pending
006Q8000005lbPR,1004714,United States,,,Not a Member
006Q8000005liKT,1006246,Canada,Other (Add detail to Other Closed Lost Reason),,Active
006Q8000005m3Gr,1007004,Canada,Change of Circumstances,,Not a Member
006Q8000005sQp4,,Australia,,,Pending
006Q8000005sUz8,1002854,Australia,Other (Add detail to Other Closed Lost Reason),,Not a Member
006Q8000005sXP7,1002812,Australia,,,Active
006Q8000005skHX,1000552,Asia Pacific,,,Not a Member
006Q8000005spQs,1007098,Asia Pacific,,,Not a Member
006Q8000005spc9,1006932,Australia,Lack of Budget,,Not a Member
006Q8000005uTR4,1004697,United States,,,Active
006Q8000005uTqs,,United States,Lack of Budget,Funding was shifted to fire system,Not a Member
006Q8000005uW0j,1004938,United States,Lack of Budget,,Not a Member
006Q8000005uXrI,1004968,United States,,,Active
006Q8000005uY7O,,United States,,,Not a Member
006Q8000005uZHz,1006770,United States,,,Active
006Q8000005ukJp,1003884,Canada,Unresponsive Contacts,,Active
006Q8000005ukzm,1004039,Canada,,,Active
006Q8000005uoIb,,United States,,,Not a Member
006Q8000005uprN,1000559,New Zealand,Unresponsive Contacts,,Active
006Q8000005v7Uv,1004967,United States,,,Not a Member
006Q8000005v8E5,1003965,Canada,Unresponsive Contacts,,Active
006Q8000005v8UE,1003209,EMEA,,,Active
006Q8000005v9AA,1005051,United States,,,Active
006Q8000005vEEf,1003209,EMEA,,,Active
006Q8000005vJxV,1004788,United States,Unresponsive Contacts,,Not a Member
006Q8000005vsnB,1001003,Asia Pacific,Lack of Budget,,Not a Member
006Q8000005wTQ9,1002729,Australia,Cheaper solution,,Not a Member
006Q8000005wcJl,1003184,Australia,,,Active
006Q8000005xetC,1000683,Asia Pacific,Pricing,,Active
006Q8000005xi5O,1003209,EMEA,,,Active
006Q8000005xleL,1003209,EMEA,,,Active
006Q8000005xmSL,1003209,EMEA,,,Active
006Q8000005xpTS,1003209,EMEA,,,Active
006Q8000005xz9U,1003570,EMEA,,,Active
006Q8000005y3Hw,1003969,Canada,,,Active
006Q8000005y5Uz,1003570,EMEA,,,Active
006Q8000005yAJO,1004764,United States,,,Active
006Q8000005yEV4,1005260,United States,Competition,,Not a Member
006Q8000005yHO5,1004698,United States,,,Active
006Q8000005yM4Q,1006906,United States,,,Not a Member
006Q8000005yNmr,1007112,United States,,,Not a Member
006Q8000005yNwa,,United States,,,Not a Member
006Q8000005yQeJ,1007112,United States,,,Not a Member
006Q8000005yRVV,1005293,United States,,,Active
006Q8000005yphV,1007283,Canada,Competition,,Not a Member
006Q8000005yqIb,1004599,United States,,,Not a Member
006Q8000005yqgn,1004850,United States,,,Active
006Q8000005yxLi,1005384,United States,,,Pending
006Q8000005z0xu,1006058,United States,Other (Add detail to Other Closed Lost Reason),,Active
006Q8000005z2bV,1005186,United States,,,Active
006Q8000005z5GH,1007104,Australia,,,Not a Member
006Q8000005zMvE,1002854,Australia,No Decision,,Not a Member
006Q8000005zzwX,1002974,Australia,,,Active
006Q80000061Zmh,1003023,Australia,No Decision,,Not a Member
006Q80000061qva,,Canada,Unresponsive Contacts,,Not a Member
006Q80000061sMI,,Canada,Other (Add detail to Other Closed Lost Reason),,Not a Member
006Q80000061yuk,1006906,United States,,,Not a Member
006Q800000627A5,1007001,United States,Lack of Budget,,Not a Member
006Q80000062DLv,1003209,EMEA,,,Active
006Q80000062M2e,1006131,United States,Pricing,,Pending
006Q80000062gZB,1004768,United States,,,Active
006Q80000062gcQ,1004592,United States,,,Active
006Q80000062jLu,1000880,New Zealand,Lack of internal consensus,,Pending
006Q80000062nfV,1005298,United States,No Decision,,Active
006Q80000062oFC,1005367,United States,,,Not a Member
006Q80000062qBx,1007101,Canada,,,Active
006Q80000062qQU,1007101,Canada,,,Active
006Q80000062une,,Australia,Other (Add detail to Other Closed Lost Reason),,Pending
006Q80000062w9K,1003088,Australia,No Decision,,Active
006Q800000631SM,1003198,Australia,No Decision,,Active
006Q800000636Bv,1003189,Australia,,,Not a Member
006Q800000636mz,1005293,United States,,,Active
006Q80000064RNy,1003198,Australia,No Decision,,Active
006Q80000065fdP,1003885,Canada,Other (Add detail to Other Closed Lost Reason),,Active
006Q80000065q5l,1007122,United States,,,Active
006Q80000065qKH,1007122,United States,,,Active
006Q80000065w7x,1004867,United States,,,Active
006Q800000661Fh,1004039,Canada,,,Active
006Q80000066Cj0,1005121,United States,,,Active
006Q80000066Lvx,1006510,Canada,Other (Add detail to Other Closed Lost Reason),,Not a Member
006Q80000066NL4,1007101,Canada,Unresponsive Contacts,,Active
006Q80000066NmT,1007101,Canada,Unresponsive Contacts,,Active
006Q80000066TOs,1004967,United States,,,Not a Member
006Q80000066TSA,,United States,,,Not a Member
006Q80000066bSr,1005591,United States,,,Active
006Q80000066qLS,1002865,Australia,,,Active
006Q800000674TF,1004925,United States,Other (Add detail to Other Closed Lost Reason),Lost by Collins but Won by another ICT dealer in MN,Active
006Q80000067t7Z,1006256,Asia Pacific,Pricing,,Not a Member
006Q800000696JV,1003209,EMEA,,,Active
006Q80000069PJw,1003209,EMEA,,,Active
006Q80000069Qns,1003209,EMEA,,,Active
006Q80000069Rju,1004796,United States,,,Active
006Q80000069U54,1003209,EMEA,,,Active
006Q80000069Xe3,1006559,United States,,,Not a Member
006Q80000069YlO,1004928,United States,Unresponsive Contacts,,Pending
006Q80000069ZuL,1005293,United States,No Decision,,Active
006Q80000069dI3,1006445,United States,,,Not a Member
006Q80000069exF,1007125,United States,,,Active
006Q80000069ha9,1003963,Canada,,,Not a Member
006Q80000069zYg,1004867,United States,,,Active
006Q8000006A6aX,1007101,Canada,,,Active
006Q8000006ERHr,1001028,New Zealand,Unresponsive Contacts,,Active
006Q8000006EU2n,1001028,New Zealand,,,Active
006Q8000006EUM9,1001028,New Zealand,Lack of Budget,,Active
006Q8000006EzD3,1003760,Australia,Competition,,Not a Member
006Q8000006FNgq,,New Zealand,No Decision,,Active
006Q8000006G0rq,1002940,Australia,,,Active
006Q8000006GTc5,1007475,Australia,,,Not a Member
006Q8000006GVh7,1007160,Asia Pacific,,,Not a Member
006Q8000006HwXC,1005046,United States,,,Active
006Q8000006IDkv,1004309,Canada,Unresponsive Contacts,,Active
006Q8000006IM9t,1003952,Canada,Competition,,Active
006Q8000006IQVG,1004590,United States,,,Active
006Q8000006ISyT,1004590,United States,,,Active
006Q8000006IVt7,1004793,United States,,,Not a Member
006Q8000006IpNB,1007777,Canada,Other (Add detail to Other Closed Lost Reason),,Not a Member
006Q8000006Izft,1004938,United States,,,Not a Member
006Q8000006KTIX,1000447,Asia Pacific,,,Active
006Q8000006LOqJ,1006805,EMEA,Pricing,,Active
006Q8000006LOvB,1003209,EMEA,,,Active
006Q8000006LTRm,1005795,EMEA,,,Active
006Q8000006LVzs,1005795,EMEA,,,Active
006Q8000006Ldao,1004109,EMEA,,,Not a Member
006Q8000006Litu,1003986,Canada,,,Not a Member
006Q8000006Lps5,1005161,United States,,,Active
006Q8000006Luwh,1004520,United States,,,Active
006Q8000006Lws0,,Canada,No Decision,,Not a Member
006Q8000006Ly8z,1006587,United States,,,Active
006Q8000006LyXB,1006954,United States,,,Active
006Q8000006M0h3,1004856,United States,,,Active
006Q8000006M3Bu,1005051,United States,,,Active
006Q8000006M3tY,1005041,United States,,,Pending
006Q8000006MHjW,1006955,United States,,,Not a Member
006Q8000006MSa7,1004309,Canada,Other (Add detail to Other Closed Lost Reason),,Active
006Q8000006MUP4,,United States,,,Active
006Q8000006MUqQ,1007131,United States,,,Active
006Q8000006MWx3,1007006,United States,,,Not a Member
006Q8000006MwDC,1004857,United States,,,Active
006Q8000006N25h,1006396,United States,,,Active
006Q8000006N50M,1005535,United States,,,Pending
006Q8000006NRww,1007127,Australia,,,Not a Member
006Q8000006ODYX,1006948,Asia Pacific,Competition,,Not a Member
006Q8000006PS5h,1003369,EMEA,,,Active
006Q8000006Pehz,1007125,United States,,,Active
006Q8000006PhmJ,1005163,United States,,,Active
006Q8000006PiSE,1005347,United States,,,Not a Member
006Q8000006PkH7,1007135,United States,,,Not a Member
006Q8000006Plpu,1004793,United States,,,Not a Member
006Q8000006Pn8Z,1007101,Canada,,,Active
006Q8000006Pp5W,1004971,United States,,,Pending
006Q8000006PrDm,1007101,Canada,,,Active
006Q8000006QxIj,1005067,United States,,,Active
006Q8000006R509,1005529,United States,,,Pending
006Q8000006RUZq,1000938,Asia Pacific,Unresponsive Contacts,,Not a Member
006Q8000006RdoJ,1000938,Asia Pacific,No Decision,,Not a Member
006Q8000006Rm58,1000938,Asia Pacific,No Decision,,Not a Member
006Q8000006Rn9F,1000938,Asia Pacific,Other (Add detail to Other Closed Lost Reason),,Not a Member
006Q8000006RnQz,1000938,Asia Pacific,Unresponsive Contacts,,Not a Member
006Q8000006RnkL,1000938,Asia Pacific,Unresponsive Contacts,,Not a Member
006Q8000006Rnys,1000938,Asia Pacific,Competition,,Not a Member
006Q8000006RoJp,1000938,Asia Pacific,Unresponsive Contacts,,Not a Member
006Q8000006Rozl,1000938,Asia Pacific,Unresponsive Contacts,,Not a Member
006Q8000006SMrs,1006870,Australia,,,Active
006Q8000006T8q0,1003209,EMEA,,,Active
006Q8000006TIZC,1005367,United States,,,Not a Member
006Q8000006TNqj,1005293,United States,,,Active
006Q8000006TP1C,1005354,United States,,,Not a Member
006Q8000006TREK,1004764,United States,,,Active
006Q8000006TTOA,1005112,United States,,,Not a Member
006Q8000006TUSI,1006091,Canada,,,Active
006Q8000006TW2g,1004714,United States,,,Not a Member
006Q8000006TWc9,1005272,United States,,,Active
006Q8000006TYng,1003885,Canada,,,Active
006Q8000006Tae9,1006085,United States,,,Active
006Q8000006TbC1,1005051,United States,,,Active
006Q8000006TeZj,1005121,United States,,,Active
006Q8000006TedA,1000655,New Zealand,,,Not a Member
006Q8000006TfHG,1004879,United States,,,Active
006Q8000006TvsI,1000561,New Zealand,Lack of Budget,,Active
006Q8000006TzJB,,United States,,,Not a Member
006Q8000006U8Ph,1005293,United States,,,Active
006Q8000006U9CG,1004857,United States,,,Active
006Q8000006UAhd,1005293,United States,,,Active
006Q8000006UAsw,1005535,United States,,,Pending
006Q8000006UHGC,1005046,United States,,,Active
006Q8000006ULjX,1000769,New Zealand,Unresponsive Contacts,,Not a Member
006Q8000006W2jB,1007811,Asia Pacific,Change of Circumstances,,Not a Member
006Q8000006WDpt,1003580,EMEA,Change of Circumstances,,Not a Member
006Q8000006WZ2P,1000447,Asia Pacific,,,Active
006Q8000006WqeO,1003885,Canada,,,Active
006Q8000006X5Le,1004694,United States,,,Active
006Q8000006X5bo,1004694,United States,,,Active
006Q8000006X7yZ,1004694,United States,,,Active
006Q8000006X8OR,1004694,United States,,,Active
006Q8000006XAMy,1004694,United States,,,Active
006Q8000006XBVt,1003986,Canada,Unresponsive Contacts,,Not a Member
006Q8000006XC8d,1003884,Canada,No Decision,,Active
006Q8000006XCJv,1004694,United States,,,Active
006Q8000006XCbf,1004694,United States,,,Active
006Q8000006XDhN,1004694,United States,,,Active
006Q8000006XEbq,1004694,United States,,,Active
006Q8000006XEwn,1004694,United States,,,Active
006Q8000006XFJP,1004694,United States,,,Active
006Q8000006XFuT,1004694,United States,,,Active
006Q8000006XGKH,1004694,United States,,,Active
006Q8000006XGVZ,1004694,United States,,,Active
006Q8000006XHJZ,1005572,United States,,,Not a Member
006Q8000006XLwh,1005051,United States,,,Active
006Q8000006XOHp,1005051,United States,,,Active
006Q8000006XgWT,1003885,Canada,No Decision,,Active
006Q8000006cgpC,1002940,Australia,,,Active
006Q8000006dfCj,1003508,Australia,,,Not a Member
006Q8000006ditn,1002934,Australia,,,Active
006Q8000006e1gH,1003462,Australia,,,Active
006Q8000006e3Bq,1003384,Australia,,,Active
006Q8000006e7KH,,Australia,,,Not a Member
006Q8000006eBkT,1003198,Australia,,,Active
006Q8000006fv0U,1003209,EMEA,,,Active
006Q8000006fwxi,1005298,United States,,,Active
006Q8000006fyPl,1004040,Canada,,,Not a Member
006Q8000006fyRN,1003209,EMEA,,,Active
006Q8000006fzQj,1006396,United States,,,Active
006Q8000006fzfC,1003209,EMEA,,,Active
006Q8000006g3Z9,1003209,EMEA,,,Active
006Q8000006g4i5,1005588,United States,Competition,,Active
006Q8000006g63x,1003209,EMEA,,,Active
006Q8000006g8dg,1004867,United States,,,Active
006Q8000006gDF9,1005027,United States,,,Active
006Q8000006gFOz,1006396,United States,,,Active
006Q8000006gIVA,1005024,United States,,,Not a Member
006Q8000006gZkH,1005776,United States,,,Active
006Q8000006gdmJ,,New Zealand,Other (Add detail to Other Closed Lost Reason),,Not a Member
006Q8000006gdsk,,Australia,Unresponsive Contacts,,Not a Member
006Q8000006hZVK,1007475,Australia,No Decision,,Not a Member
006Q8000006hbAY,1002942,Australia,,,Active
006Q8000006hgF4,1006080,Asia Pacific,,,Not a Member
006Q8000006hiqL,1007475,Australia,,,Not a Member
006Q8000006ja3w,1005111,United States,Other (Add detail to Other Closed Lost Reason),,Not a Member
006Q8000006jc7L,1005298,United States,,,Active
006Q8000006jdeU,1003885,Canada,,,Active
006Q8000006jdwJ,1005283,United States,,,Not a Member
006Q8000006jf5C,,United States,,,Not a Member
006Q8000006jjtd,1006085,United States,,,Active
006Q8000006jlQl,1005293,United States,,,Active
006Q8000006jlyf,1006085,United States,,,Active
006Q8000006jnFd,1005539,United States,,,Active
006Q8000006jnva,1006085,United States,,,Active
006Q8000006joOe,,United States,,,Active
006Q8000006jpe1,1005451,United States,,,Not a Member
006Q8000006jtmU,1004515,United States,Unresponsive Contacts,,Active
006Q8000006jwkL,1005268,United States,,,Active
006Q8000006jxJp,1005293,United States,,,Active
006Q8000006jxTV,1005293,United States,,,Active
006Q8000006jxgP,1005293,United States,,,Active
006Q8000006jyB4,1004039,Canada,,,Active
006Q8000006jykY,,Canada,Competition,,Active
006Q8000006jz5V,,Canada,Competition,,Active
006Q8000006k04o,,Canada,Competition,,Active
006Q8000006k1le,1003965,Canada,Unresponsive Contacts,,Active
006Q8000006k26c,1003622,New Zealand,No Decision,,Not a Member
006Q8000006k2TB,1003965,Canada,Unresponsive Contacts,,Active
006Q8000006kTQA,1006462,New Zealand,,,Not a Member
006Q8000006kWsf,1004796,United States,,,Active
006Q8000006l2Fq,1007145,Australia,Other (Add detail to Other Closed Lost Reason),,Not a Member
006Q8000006nDBz,1003198,Australia,No Decision,,Active
006Q8000006nLW5,1004040,Canada,,,Not a Member
006Q8000006nNPp,1004527,United States,,,Active
006Q8000006nONV,1003209,EMEA,,,Active
006Q8000006nawZ,1005846,Canada,,,Active
006Q8000006nc8k,1005846,Canada,,,Active
006Q8000006negq,1003209,EMEA,,,Active
006Q8000006nfBR,1004857,United States,,,Active
006Q8000006ngFZ,,United States,,,Pending
006Q8000006niCX,1005846,Canada,,,Active
006Q8000006nkEM,1003965,Canada,No Decision,,Active
006Q8000006nkPe,1005112,United States,,,Not a Member
006Q8000006nksf,1007009,Canada,Competition,,Not a Member
006Q8000006nmT6,1003965,Canada,No Decision,,Active
006Q8000006nmWH,1006326,United States,,,Not a Member
006Q8000006oGWB,,ICT,,,Active
006Q8000006p8cq,1005529,United States,,,Pending
006Q8000006p9yh,1006895,Australia,,,Not a Member
006Q8000006pK4T,1005350,United States,,,Active
006Q8000006rBWY,1006997,United States,,,Not a Member
006Q8000006rID5,1005351,United States,,,Active
006Q8000006rIwE,1004768,United States,,,Active
006Q8000006rJCM,1004708,United States,,,Not a Member
006Q8000006rJVh,1005350,United States,,,Active
006Q8000006rLUJ,1004714,United States,,,Not a Member
006Q8000006rLpF,1005032,United States,,,Active
006Q8000006rMDR,1005067,United States,,,Active
006Q8000006rOWz,,United States,,,Not a Member
006Q8000006rP9m,1004189,New Zealand,,,Not a Member
006Q8000006rt2v,1004796,United States,,,Active
006Q8000006ruzv,1005776,United States,,,Active
006Q8000006s64z,,United States,,,Not a Member
006Q8000006sGXP,1003261,Australia,,,Active
006Q8000006sGp8,1005864,Australia,,,Not a Member
006Q8000006sgOe,,Australia,,,Active
006Q8000006sr8k,1003273,Australia,No Decision,,Active
006Q8000006uRTV,1007223,Asia Pacific,,,Not a Member
006Q8000006urr2,1003965,Canada,Unresponsive Contacts,,Active
006Q8000006uwsK,1005920,Canada,Other (Add detail to Other Closed Lost Reason),,Not a Member
006Q8000006uxA4,1005920,Canada,,,Not a Member
006Q8000006v2zK,1003209,EMEA,,,Active
006Q8000006v7uC,1005167,United States,,,Active
006Q8000006v8dK,1004022,Canada,,,Not a Member
006Q8000006vBzR,1005167,United States,,,Active
006Q8000006vE9K,1005027,United States,,,Active
006Q8000006vEMB,1005167,United States,,,Active
006Q8000006vFV7,1005167,United States,,,Active
006Q8000006vFeo,1005167,United States,,,Active
006Q8000006vFrk,1005598,United States,,,Active
006Q8000006vHS5,1005045,United States,,,Active
006Q8000006vIeI,1005293,United States,,,Active
006Q8000006vM3b,1004787,United States,,,Active
006Q8000006vNhD,1004711,United States,,,Active
006Q8000006vY37,1005278,United States,,,Active
006Q8000006vZ7G,1004857,United States,,,Active
006Q8000006vZGw,1005539,United States,,,Active
006Q8000006vZtf,1005690,United States,,,Active
006Q8000006vbk9,1003885,Canada,,,Active
006Q8000006vbnN,1005776,United States,,,Active
006Q8000006ve3h,1004857,United States,,,Active
006Q8000006vg3v,1004027,Canada,Other (Add detail to Other Closed Lost Reason),,Active
006Q80000070iEk,1002967,Australia,,,Active
006Q80000071Dws,1003379,Australia,No Decision,,Active
006Q80000071QsU,1002865,Australia,,,Active
006Q800000738BX,1001919,Asia Pacific,,,Active
006Q80000073A3e,1006805,EMEA,,,Active
006Q80000073tok,1007150,United States,Pricing,,Active
006Q800000747oV,1004967,United States,,,Not a Member
006Q80000074Dgz,1006610,Canada,Competition,,Not a Member
006Q80000074WDR,1002865,Australia,Other (Add detail to Other Closed Lost Reason),,Active
006Q80000074Weo,1003987,Canada,,,Active
006Q80000074def,1005598,United States,,,Active
006Q80000074jgr,1003198,Australia,Unresponsive Contacts,,Active
006Q800000753u5,1004027,Canada,Change of Circumstances,,Active
006Q80000075uaD,1007171,Asia Pacific,Competition,,Not a Member
006Q80000077MML,1007777,Canada,Unresponsive Contacts,,Not a Member
006Q80000077PKF,1005384,United States,,,Pending
006Q80000077V9W,1004711,United States,,,Active
006Q80000077d5R,1004850,United States,,,Active
006Q80000077dVH,1003209,EMEA,,,Active
006Q80000077dmz,,United States,Other (Add detail to Other Closed Lost Reason),,Not a Member
006Q80000077fNN,1006955,United States,,,Not a Member
006Q80000077fNO,1004701,United States,,,Active
006Q80000077gzN,1005158,United States,,,Active
006Q80000077hPB,1005158,United States,Competition,,Active
006Q80000077jfV,1005112,United States,,,Not a Member
006Q80000077nPm,1004039,Canada,Unresponsive Contacts,,Active
006Q80000077oX7,1004790,United States,Unresponsive Contacts,,Not a Member
006Q80000078C1Z,1005121,United States,,,Active
006Q80000078PgR,1003660,Australia,No Decision,,Not a Member
006Q80000078S6L,1000679,New Zealand,,,Active
006Q80000078UEe,1005284,United States,,,Active
006Q80000078UJS,1005273,United States,Lack of Budget,lost funding,Active
006Q80000078dUo,1005566,United States,Lack of Budget,,Not a Member
006Q80000078tWM,1006760,Australia,Lack of Budget,,Not a Member
006Q800000798yQ,1003527,Australia,No Decision,,Active
006Q80000079LZ5,1003261,Australia,,,Active
006Q80000079PuR,1003261,Australia,,,Active
006Q80000079Q5i,1003261,Australia,,,Active
006Q80000079RrN,1003261,Australia,,,Active
006Q8000007AitO,1003209,EMEA,Competition,,Active
006Q8000007AkGr,1006501,Asia Pacific,,,Not a Member
006Q8000007An0D,1003209,EMEA,Competition,,Active
006Q8000007B0Go,1003209,EMEA,,,Active
006Q8000007B3kv,1005298,United States,,,Active
006Q8000007B4c9,1005920,Canada,Other (Add detail to Other Closed Lost Reason),,Not a Member
006Q8000007B5Wb,1006805,EMEA,,,Active
006Q8000007BFXb,1003986,Canada,Unresponsive Contacts,,Not a Member
006Q8000007BFqx,1005121,United States,,,Active
006Q8000007BSJW,1004802,United States,,,Active
006Q8000007BTVh,1004973,United States,,,Active
006Q8000007BUOY,1007173,United States,,,Active
006Q8000007BVxJ,1004807,United States,,,Active
006Q8000007BWwd,1003975,Canada,Unresponsive Contacts,,Not a Member
006Q8000007BXPd,1006279,New Zealand,Lack of Budget,,Not a Member
006Q8000007BgzE,1003975,Canada,,,Not a Member
006Q8000007BhIa,1006131,United States,,,Pending
006Q8000007Bojs,1006271,United States,,,Active
006Q8000007BpEh,1005121,United States,,,Active
006Q8000007Bq0r,1003975,Canada,Unresponsive Contacts,,Not a Member
006Q8000007BxH4,1002865,Australia,Other (Add detail to Other Closed Lost Reason),,Active
006Q8000007CB5K,1000874,OEM,,,Not a Member
006Q8000007CMaE,1003886,Canada,Competition,Lost to Salto,Active
006Q8000007CMdT,1006246,Canada,,,Active
006Q8000007CT8i,1006303,United States,,,Active
006Q8000007CaTY,,Canada,,,Not a Member
006Q8000007CeiQ,1000574,New Zealand,Lack of Budget,,Active
006Q8000007Clwn,1007145,Australia,,,Not a Member
006Q8000007D0J7,1003365,EMEA,,,Active
006Q8000007D1S5,1003365,EMEA,,,Active
006Q8000007D1lU,1003441,Australia,Competition,,Not a Member
006Q8000007D1wj,1003365,EMEA,,,Active
006Q8000007E9PC,1001035,Asia Pacific,,,Not a Member
006Q8000007EDNx,1001035,Asia Pacific,,,Not a Member
006Q8000007EVW9,1007155,Canada,,,Not a Member
006Q8000007EcCf,1003884,Canada,Unresponsive Contacts,,Active
006Q8000007Eka2,1003209,EMEA,,,Active
006Q8000007EoIf,1005167,United States,,,Active
006Q8000007Eok5,1007283,Canada,Competition,,Not a Member
006Q8000007Eotl,1004782,United States,,,Active
006Q8000007EwBq,1005566,United States,,,Not a Member
006Q8000007F0tj,1000666,New Zealand,Competition,,Pending
006Q8000007F2gc,1004764,United States,,,Active
006Q8000007F8e1,1004110,Canada,,,Active
006Q8000007FDPL,1005186,United States,,,Active
006Q8000007FEUr,1004857,United States,,,Active
006Q8000007FGdN,1004973,United States,Lack of Budget,,Active
006Q8000007FJUY,1000880,New Zealand,,,Pending
006Q8000007FLXx,1004520,United States,,,Active
006Q8000007FQSn,1004027,Canada,Other (Add detail to Other Closed Lost Reason),Awarded to another partner,Active
006Q8000007FsAY,1000534,Asia Pacific,Other (Add detail to Other Closed Lost Reason),,Not a Member
006Q8000007GFTh,1007170,Australia,,,Not a Member
006Q8000007GUXZ,1004879,United States,,,Active
006Q8000007I6Vz,1004309,Canada,Competition,,Active
006Q8000007IHXt,1007173,United States,,,Active
006Q8000007IMKd,1007101,Canada,,,Active
006Q8000007IMsT,,United States,,,Not a Member
006Q8000007IOKn,1004807,United States,,,Active
006Q8000007IP5b,1007101,Canada,Other (Add detail to Other Closed Lost Reason),,Active
006Q8000007IPDe,1004309,Canada,Competition,,Active
006Q8000007IPaD,1003885,Canada,,,Active
006Q8000007IqYo,1006091,Canada,No Decision,,Active
006Q8000007Iv7I,1005776,United States,,,Active
006Q8000007Nmaz,1003667,New Zealand,Unresponsive Contacts,,Not a Member
006Q8000007O5H4,1003255,Australia,,,Active
006Q8000007PRc8,1005839,Canada,Unresponsive Contacts,,Not a Member
006Q8000007Pa7W,1004309,Canada,,,Active
006Q8000007PcEA,1004309,Canada,Unresponsive Contacts,,Active
006Q8000007Pdwc,1004964,United States,,,Active
006Q8000007PfYd,,United States,,,Not a Member
006Q8000007Phs9,1003986,Canada,,,Not a Member
006Q8000007Pj4L,1004790,United States,,,Not a Member
006Q8000007PjkH,1007101,Canada,,,Active
006Q8000007Pjqj,1006510,Canada,No Decision,,Not a Member
006Q8000007PnO6,1004182,EMEA,,,Not a Member
006Q8000007PnWB,,United States,,,Not a Member
006Q8000007PqDt,1005350,United States,,,Active
006Q8000007PqSP,,United States,,,Not a Member
006Q8000007Q8xB,1006085,United States,,,Active
006Q8000007QBjl,1006385,New Zealand,No Decision,,Not a Member
006Q8000007QGoH,1007122,United States,,,Active
006Q8000007QSOB,1007202,Australia,Unresponsive Contacts,,Not a Member
006Q8000007QX2l,1003443,Australia,No Decision,,Active
006Q8000007QeFV,1003443,Australia,No Decision,,Active
006Q8000007QhtJ,1007290,United States,,,Not a Member
006Q8000007R3x3,1004968,United States,Unresponsive Contacts,,Active
006Q8000007R41u,1002967,Australia,,,Active
006Q8000007SyIB,1005932,Canada,,,Not a Member
006Q8000007TD4I,1004039,Canada,Competition,,Active
006Q8000007TF2r,1007101,Canada,,,Active
006Q8000007TYLe,1006561,New Zealand,No Decision,,Not a Member
006Q8000007Tale,1004964,United States,,,Active
006Q8000007Tc4H,1003983,Canada,,,Not a Member
006Q8000007Tlyx,1000636,New Zealand,Other (Add detail to Other Closed Lost Reason),,Active
006Q8000007UBOb,1000646,Asia Pacific,Competition,,Pending
006Q8000007URel,1007127,Australia,,,Not a Member
006Q8000007WHHp,1006394,Canada,,,Not a Member
006Q8000007WJRh,1007166,Canada,Competition,,Not a Member
006Q8000007WJl3,1007166,Canada,Competition,,Not a Member
006Q8000007WNgc,1006271,United States,,,Active
006Q8000007WXXt,1003975,Canada,Unresponsive Contacts,,Not a Member
006Q8000007WZOS,1007777,Canada,,,Not a Member
006Q8000007WuCk,1003209,EMEA,No Decision,,Active
006Q8000007WuPd,1004884,United States,,,Active
006Q8000007WvSJ,1002974,Australia,,,Active
006Q8000007X2Gj,,Australia,No Decision,,Active
006Q8000007X9Jp,1004027,Canada,Competition,,Active
006Q8000007XEWP,1005556,United States,,,Active
006Q8000007XJB7,1005556,United States,,,Active
006Q8000007XPGX,1000952,Canada,,,Active
006Q8000007XwpB,1001919,Asia Pacific,,,Active
006Q8000007ZQq3,1005550,United States,,,Active
006Q8000007Za1N,1004039,Canada,,,Active
006Q8000007ZfXL,1003885,Canada,,,Active
006Q8000007ZnEj,1003209,EMEA,,,Active
006Q8000007ZoM6,1004715,United States,,,Pending
006Q8000007ZoPL,1004715,United States,,,Pending
006Q8000007Zoqj,1005801,United States,No Decision,,Active
006Q8000007Zp5F,1007183,United States,,,Not a Member
006Q8000007Zroc,1006246,Canada,Pricing,,Active
006Q8000007ZrpF,1006271,United States,,,Active
006Q8000007Zt2P,1005158,United States,,,Active
006Q8000007aD9E,1004802,United States,,,Active
006Q8000007aKKM,1002790,Australia,Competition,,Not a Member
006Q8000007aQO9,1000752,New Zealand,,,Active
006Q8000007aQuu,1003295,Australia,,,Active
006Q8000007aXZJ,1003948,Canada,,,Not a Member
006Q8000007aupF,1000752,New Zealand,No Decision,,Active
006Q8000007cywn,1006805,EMEA,,,Active
006Q8000007d4Sk,1005112,United States,,,Not a Member
006Q8000007d6BC,1005920,Canada,No Decision,,Not a Member
006Q8000007dCYN,1004309,Canada,,,Active
006Q8000007dNdR,1006510,Canada,No Decision,,Not a Member
006Q8000007dO3F,1003885,Canada,,,Active
006Q8000007dgkv,1005920,Canada,Lack of Budget,,Not a Member
006Q8000007djMD,1005298,United States,,,Active
006Q8000007doxB,1005176,United States,Competition,,Not a Member
006Q8000007hrjO,1004421,New Zealand,Pricing,,Not a Member
006Q8000007hu2v,1000862,New Zealand,,,Not a Member
006Q8000007iD2M,1000831,New Zealand,,,Active
006Q8000007iH7a,1004709,United States,Other (Add detail to Other Closed Lost Reason),,Active
006Q8000007iKQR,1003539,Australia,,,Not a Member
006Q8000007iNWL,1003751,Australia,,,Active
006Q8000007iTnD,1002865,Australia,No Decision,,Active
006Q8000007jcUw,1003176,Australia,No Decision,,Active
006Q8000007khM7,1006942,Australia,,,Active
006Q8000007lKYl,1004850,United States,,,Active
006Q8000007lLrP,1004520,United States,,,Active
006Q8000007lQSr,1004182,EMEA,,,Not a Member
006Q8000007lTQo,1004676,United States,,,Active
006Q8000007lUQ2,1004879,United States,,,Active
006Q8000007lYIL,1007150,United States,,,Active
006Q8000007la7H,1005112,United States,,,Not a Member
006Q8000007lbL3,1004680,United States,Other (Add detail to Other Closed Lost Reason),,Not a Member
006Q8000007lcdh,1004715,United States,,,Pending
006Q8000007lecH,1004768,United States,,,Active
006Q8000007liBJ,1005598,United States,,,Active
006Q8000007lv3u,1004850,United States,,,Active
006Q8000007ophd,1004039,Canada,,,Active
006Q8000007oxTx,1005167,United States,,,Active
006Q8000007pNZe,1003885,Canada,,,Active
006Q8000007pOHD,1007290,United States,Other (Add detail to Other Closed Lost Reason),,Not a Member
006Q8000007pRAD,1000542,New Zealand,Unresponsive Contacts,,Not a Member
006Q8000007pS9W,1006900,Australia,No Decision,,Not a Member
006Q8000007pSEL,1000755,New Zealand,,,Not a Member
006Q8000007pTVp,1004968,United States,,,Active
006Q8000007pTai,1004802,United States,Other (Add detail to Other Closed Lost Reason),,Active
006Q8000007punM,1006906,United States,,,Not a Member
006Q8000007pwfT,1002958,Australia,,,Not a Member
006Q8000007q79R,1006396,United States,,,Active
006Q8000007quDN,1003015,Australia,No Decision,,Not a Member
006Q8000007s2jx,1001004,Asia Pacific,,,Active
006Q8000007sLZi,,Canada,Competition,,Active
006Q8000007sMh4,1004231,EMEA,,,Not a Member
006Q8000007sOCe,1003965,Canada,,,Active
006Q8000007sRIX,1005839,Canada,Unresponsive Contacts,,Not a Member
006Q8000007sVh7,1003209,EMEA,,,Active
006Q8000007sX2z,1006271,United States,,,Active
006Q8000007sXfi,1004867,United States,Other (Add detail to Other Closed Lost Reason),self install with system from Amazon,Active
006Q8000007saDm,1006396,United States,,,Active
006Q8000007saLp,1003865,Canada,,,Active
006Q8000007sbHv,1005289,United States,,,Not a Member
006Q8000007sbct,1004590,United States,,,Active
006Q8000007sbt0,1004773,United States,,,Not a Member
006Q8000007sc98,1004875,United States,,,Not a Member
006Q8000007scM1,1007866,United States,Lack of Budget,,Not a Member
006Q8000007scvW,1006193,United States,,,Not a Member
006Q8000007sdgI,1005186,United States,,,Active
006Q8000007seak,1005046,United States,,,Active
006Q8000007sfRx,1005037,United States,,,Active
006Q8000007sfa1,1005289,United States,,,Not a Member
006Q8000007sflJ,1004857,United States,,,Active
006Q8000007sghN,1004857,United States,,,Active
006Q8000007sgz7,1005591,United States,,,Active
006Q8000007sh0j,1004527,United States,,,Active
006Q8000007shVN,1005298,United States,,,Active
006Q8000007shqL,1005298,United States,,,Active
006Q8000007shyP,1005298,United States,,,Active
006Q8000007t1Vh,1004687,United States,,,Not a Member
006Q8000007t4wb,1004850,United States,,,Active
006Q8000007t9eY,1005451,United States,,,Not a Member
006Q8000007tQFa,1003757,New Zealand,Unresponsive Contacts,,Not a Member
006Q8000007tRMv,1003757,New Zealand,Unresponsive Contacts,,Not a Member
006Q8000007thbQ,1003510,Australia,Competition,,Not a Member
006Q8000007tzja,1007602,Asia Pacific,Competition,,Not a Member
006Q8000007vtet,1005293,United States,,,Active
006Q8000007vvNK,1004802,United States,,,Active
006Q8000007w506,1006661,New Zealand,Lack of Budget,,Not a Member
006Q8000007wPAJ,1006954,United States,,,Active
006Q8000007wSRP,1003962,Canada,Competition,,Not a Member
006Q8000007wSgE,1005167,United States,,,Active
006Q8000007wWec,1006240,United States,,,Not a Member
006Q8000007wXCV,1005350,United States,Other (Add detail to Other Closed Lost Reason),,Active
006Q8000007wXkM,1005449,United States,,,Active
006Q8000007wYQH,1005121,United States,Unresponsive Contacts,,Active
006Q8000007wYRt,1005162,United States,,,Active
006Q8000007wdRy,1002812,Australia,Pricing,,Active
006Q8000007x254,1003023,Australia,,,Not a Member
006Q8000007xAP7,1006271,United States,Pricing,,Active
006Q8000007xAP8,1004515,United States,Unresponsive Contacts,,Active
006Q8000007xAvN,1004802,United States,Pricing,,Active
006Q8000007xB1p,1005293,United States,,,Active
006Q8000007yLDe,1006510,Canada,,,Not a Member
006Q8000007yOxu,1003908,Canada,Unresponsive Contacts,,Not a Member
006Q8000007ySdJ,1003986,Canada,,,Not a Member
006Q8000007yTER,1004715,United States,,,Pending
006Q8000007yUQd,1004764,United States,,,Active
006Q8000007yWPB,1005298,United States,,,Active
006Q8000007yZRt,1004888,United States,Unresponsive Contacts,,Not a Member
006Q8000007yar0,1005690,United States,,,Active
006Q8000007yc3C,1005920,Canada,,,Not a Member
006Q8000007ycHh,1006271,United States,,,Active
006Q8000007yoVm,1005283,United States,,,Not a Member
006Q8000007yzvp,1004027,Canada,,,Active
006Q8000007z0YX,,United States,,,Active
006Q8000007z7FG,1007450,United States,,,Not a Member
006Q80000083WwP,1000737,New Zealand,,,Active
006Q800000840GD,1007202,Australia,Pricing,,Not a Member
006Q80000084tFp,1002812,Australia,Pricing,,Active
006Q800000856rN,1007130,Australia,Other (Add detail to Other Closed Lost Reason),,Not a Member
006Q80000086cSc,1004884,United States,,,Active
006Q80000086j99,1007194,United States,,,Not a Member
006Q80000086krm,1004888,United States,,,Not a Member
006Q80000086ncX,1005540,United States,,,Not a Member
006Q80000086rUr,1005053,United States,Lack of Budget,,Not a Member
006Q80000086s2j,1005058,United States,,,Active
006Q80000086y4v,1007196,Canada,,,Not a Member
006Q80000086y6Y,1003865,Canada,Other (Add detail to Other Closed Lost Reason),,Active
006Q800000871dx,1006085,United States,,,Active
006Q80000087HZ0,1000475,New Zealand,Unresponsive Contacts,,Active
006Q80000087HxC,1000451,New Zealand,,,Active
006Q80000087JVy,1005454,United States,,,Not a Member
006Q80000087TqH,1006967,Canada,Unresponsive Contacts,,Not a Member
006Q80000087bpR,1001006,New Zealand,,,Active
006Q80000088Rpf,1007130,Australia,Competition,,Not a Member
006Q80000088kKQ,1003016,Australia,Pricing,,Not a Member
006Q80000089RSd,1003209,EMEA,,,Active
006Q8000008A1hP,1005742,United States,Unresponsive Contacts,,Not a Member
006Q8000008A4iU,1004764,United States,,,Active
006Q8000008AD13,1006396,United States,,,Active
006Q8000008ADqb,1003885,Canada,,,Active
006Q8000008AEMr,1003885,Canada,Competition,,Active
006Q8000008AI2H,1005742,United States,,,Not a Member
006Q8000008AI3t,1007217,Canada,,,Not a Member
006Q8000008AKTt,,United States,,,Not a Member
006Q8000008ALMj,1006271,United States,,,Active
006Q8000008ALON,1006271,United States,,,Active
006Q8000008ALOO,1003209,EMEA,Competition,,Active
006Q8000008AOsT,1003365,EMEA,,,Active
006Q8000008AP3l,1006058,United States,,,Active
006Q8000008AUTH,1007155,Canada,,,Not a Member
006Q8000008AUjO,1004674,United States,,,Pending
006Q8000008AVU9,1004793,United States,,,Not a Member
006Q8000008AnIz,1004527,United States,,,Active
006Q8000008AnpH,1005393,United States,,,Active
006Q8000008Ap6H,1007912,Canada,,,Not a Member
006Q8000008ArmP,1005598,United States,Other (Add detail to Other Closed Lost Reason),,Active
006Q8000008B2oS,1003987,Canada,,,Active
006Q8000008B4q6,,United States,,,Not a Member
006Q8000008BOKA,1002855,Australia,No Decision,,Not a Member
006Q8000008BYTD,1004764,United States,,,Active
006Q8000008DAGH,1002729,Australia,No Decision,,Not a Member
006Q8000008DAcr,1002729,Australia,No Decision,,Not a Member
006Q8000008DUer,1006396,United States,,,Active
006Q8000008Df8o,1006058,United States,Pricing,,Active
006Q8000008DjVl,1004039,Canada,,,Active
006Q8000008DkV5,1004697,United States,,,Active
006Q8000008DmS1,1004697,United States,,,Active
006Q8000008DnhS,1005115,United States,Other (Add detail to Other Closed Lost Reason),,Not a Member
006Q8000008DqAf,1007194,United States,Competition,,Not a Member
006Q8000008DtTX,1004669,United States,,,Not a Member
006Q8000008Dvoh,1006271,United States,,,Active
006Q8000008Dwxe,1005273,United States,Lack of Budget,,Active
006Q8000008E5gC,1004027,Canada,Other (Add detail to Other Closed Lost Reason),,Active
006Q8000008EERY,1005293,United States,,,Active
006Q8000008EH4r,1005298,United States,,,Active
006Q8000008EOU5,1005178,United States,,,Not a Member
006Q8000008EWho,1001017,New Zealand,No Decision,,Not a Member
006Q8000008EYLP,,United States,,,Not a Member
006Q8000008EZUy,1001017,New Zealand,Other (Add detail to Other Closed Lost Reason),,Not a Member
006Q8000008EeFW,1001017,New Zealand,Other (Add detail to Other Closed Lost Reason),,Not a Member
006Q8000008EhlG,1001017,New Zealand,Other (Add detail to Other Closed Lost Reason),,Not a Member
006Q8000008EhoT,,United States,Unresponsive Contacts,,Not a Member
006Q8000008Emhh,,United States,Other (Add detail to Other Closed Lost Reason),,Not a Member
006Q8000008FDoL,1004857,United States,,,Active
006Q8000008GsPd,1003209,EMEA,,,Active
006Q8000008HIwn,1004799,United States,,,Active
006Q8000008HMIr,,United States,Other (Add detail to Other Closed Lost Reason),,Not a Member
006Q8000008HMh5,1005849,United States,,,Pending
006Q8000008HMnV,1007194,United States,Other (Add detail to Other Closed Lost Reason),Project is dead,Not a Member
006Q8000008HPLZ,1006271,United States,,,Active
006Q8000008HRQb,1003884,Canada,Unresponsive Contacts,,Active
006Q8000008HWQH,1004552,United States,,,Not a Member
006Q8000008Hb6c,1006193,United States,,,Not a Member
006Q8000008HbWP,1004876,United States,,,Active
006Q8000008HuHJ,1005468,United States,,,Active
006Q8000008Huh7,1006246,Canada,,,Active
006Q8000008HwkZ,1007145,Australia,,,Not a Member
006Q8000008HxDZ,1003884,Canada,Unresponsive Contacts,,Active
006Q8000008HyG5,1005260,United States,Competition,lost to DMP due to cost,Not a Member
006Q8000008HzfQ,1002938,Australia,Other (Add detail to Other Closed Lost Reason),,Active
006Q8000008I2y1,1002937,Australia,Other (Add detail to Other Closed Lost Reason),,Active
006Q8000008I6C1,1002937,Australia,Lack of Budget,,Active
006Q8000008IhWZ,1007473,Australia,,,Not a Member
006Q8000008IkMM,1002969,Australia,,,Active
006Q8000008IltW,1007130,Australia,Lack of Budget,,Not a Member
006Q8000008Iru7,1007473,Australia,Competition,,Not a Member
006Q8000008KDpJ,1003189,Australia,No Decision,,Not a Member
006Q8000008KJ1t,1007234,Australia,No Decision,,Not a Member
006Q8000008KXg0,1003660,Australia,No Decision,,Not a Member
006Q8000008Kyl0,1004590,United States,,,Active
006Q8000008Kz7Z,1005588,United States,,,Active
006Q8000008L6CI,1007131,United States,,,Active
006Q8000008L9Ez,1005690,United States,,,Active
006Q8000008LA4b,1006947,United States,,,Not a Member
006Q8000008LC1b,1004220,Canada,,,Active
006Q8000008LEpl,,United States,,,Not a Member
006Q8000008LExp,1007144,Canada,No Decision,,Not a Member
006Q8000008LGZr,,United States,,,Not a Member
006Q8000008LHE9,1004323,Canada,,,Active
006Q8000008LcnG,1004547,United States,,,Not a Member
006Q8000008Lcwy,1005591,United States,,,Active
006Q8000008Ldpl,1007243,Canada,,,Active
006Q8000008Lh8b,1004520,United States,,,Active
006Q8000008LuU1,1003962,Canada,Competition,,Not a Member
006Q8000008Pg4I,1000938,Asia Pacific,No Decision,,Not a Member
006Q8000008PqIA,1000752,New Zealand,,,Active
006Q8000008Psv3,1000874,OEM,,,Not a Member
006Q8000008PuX4,1003720,New Zealand,Competition,,Not a Member
006Q8000008QEsL,1000580,New Zealand,Unresponsive Contacts,,Active
006Q8000008QGFq,1000559,New Zealand,Unresponsive Contacts,,Active
006Q8000008QfcQ,1001029,New Zealand,,,Active
006Q8000008RHhh,,Australia,Other (Add detail to Other Closed Lost Reason),,Not a Member
006Q8000008RMUT,1004140,Australia,,,Not a Member
006Q8000008TO7C,1000940,EMEA,,,Active
006Q8000008TTq2,1000940,EMEA,,,Active
006Q8000008TVBt,1007686,United States,,,Active
006Q8000008TVS2,1000940,EMEA,,,Active
006Q8000008TatA,1005111,United States,,,Not a Member
006Q8000008TbIw,1007686,United States,,,Active
006Q8000008Te0f,1004539,United States,,,Not a Member
006Q8000008ThMl,1005298,United States,,,Active
006Q8000008TiaX,1004763,United States,,,Active
006Q8000008Tli5,1005785,United States,Competition,,Pending
006Q8000008UDoF,1006396,United States,,,Active
006Q8000008UEtl,1006396,United States,,,Active
006Q8000008UJic,1007189,Canada,,,Not a Member
006Q8000008UZLV,1003895,Canada,Unresponsive Contacts,,Not a Member
006Q8000008UnDC,1004670,United States,,,Active
006Q8000008UnbP,1000460,New Zealand,,,Active
006Q8000008Uz1R,1000450,New Zealand,Unresponsive Contacts,,Active
006Q8000008V1ko,1007245,Australia,Other (Add detail to Other Closed Lost Reason),,Active
006Q8000008VMVu,1007245,Australia,,,Active
006Q8000008WOdj,1003198,Australia,No Decision,,Active
006Q8000008Wtsn,1006251,Asia Pacific,Other (Add detail to Other Closed Lost Reason),,Not a Member
006Q8000008X2Xt,1004869,United States,,,Active
006Q8000008X7vl,1004773,United States,,,Not a Member
006Q8000008XDJi,1006510,Canada,,,Not a Member
006Q8000008XF0T,1004887,United States,,,Active
006Q8000008XFIE,1004888,United States,,,Not a Member
006Q8000008XFLS,1004888,United States,Unresponsive Contacts,,Not a Member
006Q8000008XFLU,1005293,United States,,,Active
006Q8000008XXod,1004520,United States,,,Active
006Q8000008XaMg,1005158,United States,,,Active
006Q8000008XaUj,1006661,New Zealand,,,Not a Member
006Q8000008XbHV,,Canada,No Decision,,Not a Member
006Q8000008XdfW,1005158,United States,,,Active
006Q8000008XeEz,1007155,Canada,,,Not a Member
006Q8000008XhJJ,1003968,Canada,,,Active
006Q8000008Xuq2,1003965,Canada,No Decision,,Active
006Q8000008ZkwD,1003369,EMEA,Competition,,Active
006Q8000008Zvap,1007260,Australia,Pricing,,Active
006Q8000008ZzaH,1007260,Australia,Pricing,,Active
006Q8000008aIrS,1007223,Asia Pacific,,,Not a Member
006Q8000008aXQf,1004760,United States,,,Active
006Q8000008aYo9,1004807,United States,,,Active
006Q8000008ab7h,1005260,United States,,,Not a Member
006Q8000008acDS,1004697,United States,,,Active
006Q8000008aduJ,1004110,Canada,Other (Add detail to Other Closed Lost Reason),,Active
006Q8000008af9h,1004779,United States,,,Active
006Q8000008ag90,1004973,United States,Unresponsive Contacts,,Active
006Q8000008agVa,1005451,United States,Lack of Budget,,Not a Member
006Q8000008ah55,1004779,United States,,,Active
006Q8000008akED,1007131,United States,,,Active
006Q8000008b5yb,1006279,New Zealand,,,Not a Member
006Q8000008b6Ut,1005546,United States,,,Active
006Q8000008b7aq,1007217,Canada,,,Not a Member
006Q8000008b88T,1007232,United States,,,Active
006Q8000008b8V4,1007217,Canada,Unresponsive Contacts,,Not a Member
006Q8000008b9MH,1005920,Canada,Competition,,Not a Member
006Q8000008bATd,,United States,,,Pending
006Q8000008bC0v,1003992,Canada,,,Active
006Q8000008bDg1,1006035,United States,,,Active
006Q8000008bFuk,1003992,Canada,,,Active
006Q8000008dXb0,1004383,EMEA,,,Not a Member
006Q8000008e4Ba,1004039,Canada,Competition,,Active
006Q8000008e5Fh,1004039,Canada,,,Active
006Q8000008e6LR,1004520,United States,,,Active
006Q8000008eExJ,1003209,EMEA,Competition,,Active
006Q8000008eFVC,1000645,New Zealand,No Decision,,Not a Member
006Q8000008edZ9,1004782,United States,,,Active
006Q8000008eeji,1000874,OEM,,,Not a Member
006Q8000008egoj,1007243,Canada,Other (Add detail to Other Closed Lost Reason),Awarded to another ICT Integration Partner.,Active
006Q8000008ehTS,1007241,Australia,,,Not a Member
006Q8000008em7l,,Australia,Other (Add detail to Other Closed Lost Reason),,Not a Member
006Q8000008epFc,,New Zealand,No Decision,,Not a Member
006Q8000008f097,1000874,OEM,,,Not a Member
006Q8000008fFjG,1003049,Australia,,,Active
006Q8000008fe6m,1003049,Australia,,,Active
006Q8000008gj90,1007205,Australia,,,Not a Member
006Q8000008hBWf,1007435,EMEA,,,Not a Member
006Q8000008hUZJ,1007143,Canada,Unresponsive Contacts,,Not a Member
006Q8000008hYug,1005364,United States,,,Not a Member
006Q8000008hbR8,1004039,Canada,,,Active
006Q8000008hbvl,1004035,Canada,No Decision,,Active
006Q8000008hdfq,1003884,Canada,Unresponsive Contacts,,Active
006Q8000008hfhe,1006058,United States,,,Active
006Q8000008hhUw,1006287,United States,Lack of Budget,,Active
006Q8000008hjTV,1005041,United States,Other (Add detail to Other Closed Lost Reason),,Pending
006Q8000008hja1,1007389,United States,,,Not a Member
006Q8000008hk8D,,Canada,Competition,,Not a Member
006Q8000008hnH0,1003890,Canada,,,Active
006Q8000008hpAj,1003885,Canada,,,Active
006Q8000008iEgz,1007450,United States,,,Not a Member
006Q8000008iF3Z,1004309,Canada,Unresponsive Contacts,,Active
006Q8000008iH0X,,Canada,No Decision,,Not a Member
006Q8000008iLgv,1006623,Canada,Other (Add detail to Other Closed Lost Reason),Won by Rycom,Not a Member
006Q8000008mqFp,,New Zealand,Other (Add detail to Other Closed Lost Reason),,Not a Member
006Q8000008n1P1,1000755,New Zealand,Unresponsive Contacts,,Not a Member
006Q8000008poMO,1002783,EMEA,,,Active
006Q8000008poar,1002783,EMEA,,,Active
006Q8000008popO,1002783,EMEA,Competition,,Active
006Q8000008ppLe,1002783,EMEA,Unresponsive Contacts,,Active
006Q8000008ppWv,1002783,EMEA,Unresponsive Contacts,,Active
006Q8000008q4MH,,United States,Other (Add detail to Other Closed Lost Reason),,Not a Member
006Q8000008q4z1,1003572,EMEA,,,Not a Member
006Q8000008q5wf,1003572,EMEA,,,Not a Member
006Q8000008q6EP,1003572,EMEA,,,Not a Member
006Q8000008q6Kr,1004532,United States,Lack of Budget,,Active
006Q8000008q6mH,1003572,EMEA,,,Not a Member
006Q8000008q7jx,1003572,EMEA,,,Not a Member
006Q8000008q9Qn,1005690,United States,Pricing,,Active
006Q8000008q9Vg,1007218,United States,,,Not a Member
006Q8000008qAl4,1005598,United States,Unresponsive Contacts,,Active
006Q8000008qD30,1005293,United States,,,Active
006Q8000008qE2J,1004768,United States,,,Active
006Q8000008qEbl,1007218,United States,,,Not a Member
006Q8000008qZl4,1006527,United States,Unresponsive Contacts,,Active
006Q8000008qbID,1004850,United States,,,Active
006Q8000008qdiG,1005164,United States,,,Active
006Q8000008qe4o,1003463,Australia,,,Not a Member
006Q8000008qg8D,1003965,Canada,Unresponsive Contacts,,Active
006Q8000008qxSP,1007282,Australia,No Decision,,Not a Member
006Q8000008rS6Q,1007223,Asia Pacific,,,Not a Member
006Q8000008rWpx,1003049,Australia,,,Active
006Q8000008rlx4,1003049,Australia,,,Active
006Q8000008rvy1,1007205,Australia,Competition,,Not a Member
006Q8000008rxBp,1002945,Australia,Other (Add detail to Other Closed Lost Reason),,Not a Member
006Q8000008tOJe,1003885,Canada,,,Active
006Q8000008tVg7,1004670,United States,,,Active
006Q8000008tYfc,1007242,United States,Other (Add detail to Other Closed Lost Reason),,Not a Member
006Q8000008tZjh,1004670,United States,,,Active
006Q8000008tZzs,1005544,United States,,,Active
006Q8000008ta9V,1004670,United States,,,Active
006Q8000008tuUo,1006510,Canada,,,Not a Member
006Q8000008u5yD,1005801,United States,Other (Add detail to Other Closed Lost Reason),"Andrew was working on this, not enough information to continue.",Active
006Q8000008uEDN,1005164,United States,,,Active
006Q8000008uMm2,,United States,,,Not a Member
006Q8000008uQHl,1006220,Australia,No Decision,,Not a Member
006Q8000008uWWr,1005970,Canada,Other (Add detail to Other Closed Lost Reason),Not lost - the developer is using our MDB wireless locks.,Active
006Q8000008uaYr,1005970,Canada,,,Active
006Q8000008uzvS,1000580,New Zealand,Unresponsive Contacts,,Active
006Q8000008vuor,1004109,EMEA,,,Not a Member
006Q8000008x0KM,1004710,United States,,,Active
006Q8000008x3Rt,1004540,United States,Lack of Budget,,Not a Member
006Q8000008x5Go,1003865,Canada,,,Active
006Q8000008xBqv,1006743,United States,,,Not a Member
006Q8000008xDFx,1003965,Canada,Unresponsive Contacts,,Active
006Q8000008xb5N,1004685,United States,,,Not a Member
006Q8000008xe6T,1002937,Australia,,,Active
006Q8000008xqR0,,Australia,Other (Add detail to Other Closed Lost Reason),,Pending
006Q800000900Vv,1000447,Asia Pacific,Pricing,,Active
006Q80000090NXK,1003890,Canada,Unresponsive Contacts,,Active
006Q80000090Xq2,1005293,United States,,,Active
006Q80000090YFs,1003964,Canada,Unresponsive Contacts,,Active
006Q80000090YVy,1004968,United States,Competition,,Active
006Q80000090ZlN,1005801,United States,Competition,,Active
006Q80000090e3V,1003952,Canada,,,Active
006Q80000090eLG,1004685,United States,,,Not a Member
006Q80000090emg,1004685,United States,,,Not a Member
006Q80000090fxG,1003570,EMEA,,,Active
006Q80000090kX7,1005032,United States,,,Active
006Q80000090l8D,1006271,United States,,,Active
006Q80000090lWP,1007131,United States,,,Active
006Q80000090nMw,1005690,United States,,,Active
006Q80000090tYn,1007250,United States,,,Active
006Q800000914ve,1004527,United States,,,Active
006Q800000915jd,1005167,United States,,,Active
006Q800000919VV,1004867,United States,,,Active
006Q80000091CWb,1003256,Australia,Other (Add detail to Other Closed Lost Reason),,Not a Member
006Q80000091CbR,1003049,Australia,,,Active
006Q80000091Dvj,1003441,Australia,Other (Add detail to Other Closed Lost Reason),,Not a Member
006Q80000091IDp,1002370,New Zealand,,,Not a Member
006Q80000091NAO,1006747,New Zealand,Pricing,,Active
006Q80000091ztt,1002979,Australia,,,Active
006Q800000927Rf,,Australia,Unresponsive Contacts,,Not a Member
006Q80000093zGH,1003885,Canada,,,Active
006Q800000940XK,1005591,United States,Competition,stayed with Griffon Security,Active
006Q800000943IH,1006085,United States,,,Active
006Q80000094WNV,1007415,United States,Other (Add detail to Other Closed Lost Reason),,Not a Member
006Q80000094XbK,1007415,United States,Other (Add detail to Other Closed Lost Reason),Cannot get in touch with BCI at this time. Marking as lost but will continue to pursue a relationship.,Not a Member
006Q80000094YE4,1007415,United States,Other (Add detail to Other Closed Lost Reason),Project has already been completed,Not a Member
006Q80000094chV,1007415,United States,Unresponsive Contacts,Our team did not communicate with BCI and they used another product,Not a Member
006Q80000094fsE,1004850,United States,,,Active
006Q80000094gI3,1007415,United States,Other (Add detail to Other Closed Lost Reason),Cannot get in touch with BCI at this time. Marking as lost but will continue to pursue a relationship.,Not a Member
006Q80000094hNl,1004850,United States,,,Active
006Q80000094j39,1005920,Canada,Unresponsive Contacts,,Not a Member
006Q80000094mDp,1005920,Canada,Unresponsive Contacts,,Not a Member
006Q80000094mk1,,United States,Other (Add detail to Other Closed Lost Reason),Not enough notes in the system to continue after this Opportunity. Will continue to target Austin Technology.,Not a Member
006Q80000098j4Z,1000834,New Zealand,,,Not a Member
006Q80000099Kry,1003273,Australia,Lack of Budget,,Active
006Q8000009BNAe,1005165,United States,,,Active
006Q8000009BPcD,1007254,United States,,,Not a Member
006Q8000009BSjm,1005572,United States,,,Not a Member
006Q8000009BTr7,1003209,EMEA,,,Active
006Q8000009BUjx,1005293,United States,Other (Add detail to Other Closed Lost Reason),,Active
006Q8000009BVuX,1005051,United States,,,Active
006Q8000009Bbbl,1003209,EMEA,No Decision,,Active
006Q8000009Bc3B,1003209,EMEA,No Decision,,Active
006Q8000009BhkQ,1005572,United States,,,Not a Member
006Q8000009C0a9,1000874,OEM,,,Not a Member
006Q8000009C1Kv,1004687,United States,,,Not a Member
006Q8000009C2VX,1007232,United States,,,Active
006Q8000009C4p6,1004189,New Zealand,No Decision,,Not a Member
006Q8000009C6UI,1000874,OEM,,,Not a Member
006Q8000009CTqf,1000938,Asia Pacific,,,Not a Member
006Q8000009D5zC,1006636,Australia,No Decision,,Not a Member
006Q8000009Ektp,1004891,United States,,,Pending
006Q8000009Emij,1004715,United States,,,Pending
006Q8000009EnwZ,1005384,United States,,,Pending
006Q8000009Epbm,1005162,United States,Unresponsive Contacts,,Active
006Q8000009Epof,1006470,United States,,,Active
006Q8000009Eror,1005839,Canada,Unresponsive Contacts,,Not a Member
006Q8000009Exfo,1004763,United States,Other (Add detail to Other Closed Lost Reason),,Active
006Q8000009Exr3,1004891,United States,,,Pending
006Q8000009Eyok,1003209,EMEA,No Decision,,Active
006Q8000009F07N,1006770,United States,,,Active
006Q8000009F08z,,United States,,,Not a Member
006Q8000009F0Dp,1006408,New Zealand,,,Not a Member
006Q8000009F0Lu,1005178,United States,Unresponsive Contacts,,Not a Member
006Q8000009F4UM,1003209,EMEA,,,Active
006Q8000009F9gx,1007777,Canada,Competition,,Not a Member
006Q8000009FAmh,1003909,Canada,No Decision,,Not a Member
006Q8000009FI4I,1003209,EMEA,No Decision,,Active
006Q8000009FItu,1007217,Canada,,,Not a Member
006Q8000009FLrl,1003885,Canada,Other (Add detail to Other Closed Lost Reason),,Active
006Q8000009FTJA,1003023,Australia,Lack of Budget,,Not a Member
006Q8000009Fb25,1002795,Australia,,,Active
006Q8000009FbGb,1002795,Australia,,,Active
006Q8000009FdyQ,1007634,Australia,Lack of Budget,,Not a Member
006Q8000009FhM1,1007634,Australia,Unresponsive Contacts,,Not a Member
006Q8000009Fww9,1007811,Asia Pacific,,,Not a Member
006Q8000009FzpC,1007223,Asia Pacific,,,Not a Member
006Q8000009GwsU,1002182,Asia Pacific,,,Not a Member
006Q8000009H21q,1003968,Canada,Unresponsive Contacts,,Active
006Q8000009HAM0,1004670,United States,,,Active
006Q8000009HBWa,1005920,Canada,Competition,,Not a Member
006Q8000009HFv7,1004670,United States,,,Active
006Q8000009HJaX,1007565,Canada,,,Not a Member
006Q8000009HM8b,1005846,Canada,,,Active
006Q8000009HOAP,1005051,United States,,,Active
006Q8000009HjgH,1004760,United States,,,Active
006Q8000009Hjy2,1004865,United States,,,Not a Member
006Q8000009HmMP,1005846,Canada,,,Active
006Q8000009Hofx,1000936,New Zealand,,,Active
006Q8000009HyDy,1007292,Australia,,,Not a Member
006Q8000009JbDF,1002182,Asia Pacific,,,Not a Member
006Q8000009KRQJ,1003892,Canada,,,Active
006Q8000009KV45,1004525,United States,,,Active
006Q8000009KXU6,1003892,Canada,,,Active
006Q8000009KXYv,1003892,Canada,,,Active
006Q8000009KcGr,1004309,Canada,Unresponsive Contacts,,Active
006Q8000009KcaD,1005162,United States,Unresponsive Contacts,,Active
006Q8000009KfLB,1007486,Canada,Competition,,Not a Member
006Q8000009KihI,1005067,United States,,,Active
006Q8000009KixO,,Canada,Competition,,Not a Member
006Q8000009Km4v,1005535,United States,,,Pending
006Q8000009Km9l,1003209,EMEA,,,Active
006Q8000009L68T,1000575,New Zealand,No Decision,,Not a Member
006Q8000009L8bh,1007777,Canada,Other (Add detail to Other Closed Lost Reason),,Not a Member
006Q8000009LASD,,Canada,Change of Circumstances,,Not a Member
006Q8000009LoeI,1001004,Asia Pacific,,,Active
006Q8000009NiIJ,1005920,Canada,Other (Add detail to Other Closed Lost Reason),,Not a Member
006Q8000009Nmze,1005364,United States,,,Not a Member
006Q8000009NukH,1007232,United States,Other (Add detail to Other Closed Lost Reason),,Active
006Q8000009Nxev,1006246,Canada,Competition,,Active
006Q8000009Nyb0,1005054,United States,Unresponsive Contacts,,Pending
006Q8000009O1CH,1005690,United States,Lack of Budget,customer is staying with their current Linear Emerge system... short term fix,Active
006Q8000009O2mf,1005054,United States,,,Pending
006Q8000009OPbD,1007131,United States,,,Active
006Q8000009OQDv,1006271,United States,,,Active
006Q8000009OQLz,1004802,United States,Lack of Budget,,Active
006Q8000009OR3X,1005546,United States,,,Active
006Q8000009OScH,1005164,United States,Other (Add detail to Other Closed Lost Reason),,Active
006Q8000009OXSH,1006058,United States,,,Active
006Q8000009Spbu,1006932,Australia,Other (Add detail to Other Closed Lost Reason),,Not a Member
006Q8000009Tri5,1003214,Australia,,,Not a Member
006Q8000009Upsi,1002978,EMEA,Lack of Budget,,Not a Member
006Q8000009VgU4,1007265,Canada,Change of Circumstances,,Not a Member
006Q8000009VnqU,1004035,Canada,,,Active
006Q8000009VzwV,1007217,Canada,Competition,,Not a Member
006Q8000009W9mA,,United States,,,Not a Member
006Q8000009WXdC,1007283,Canada,,,Not a Member
006Q8000009WYPb,1005067,United States,,,Active
006Q8000009Whfl,,Canada,Other (Add detail to Other Closed Lost Reason),This project was awarded to another integrator,Not a Member
006Q8000009XNaA,1003443,Australia,No Decision,,Active
006Q8000009XWYd,1003037,Australia,,,Active
006Q8000009Xg6X,1007811,Asia Pacific,Pricing,,Not a Member
006Q8000009XrIN,1004294,Australia,No Decision,,Pending
006Q8000009Xtzq,1000447,Asia Pacific,,,Active
006Q8000009ZIXx,1005112,United States,,,Not a Member
006Q8000009ZLE7,1006912,United States,Other (Add detail to Other Closed Lost Reason),,Not a Member
006Q8000009ZLh7,1005257,United States,,,Active
006Q8000009ZQaL,1004973,United States,,,Active
006Q8000009ZSVh,1005164,United States,Other (Add detail to Other Closed Lost Reason),,Active
006Q8000009ZTA1,1005257,United States,,,Active
006Q8000009ZVwb,,United States,,,Not a Member
006Q8000009ZXNJ,1008614,Canada,Unresponsive Contacts,,Pending
006Q8000009ZXf3,1007777,Canada,,,Not a Member
006Q8000009ZXwn,1006510,Canada,No Decision,,Not a Member
006Q8000009ZXyQ,1005572,United States,,,Not a Member
006Q8000009ZYT3,1003986,Canada,,,Not a Member
006Q8000009ZYXt,1008614,Canada,Unresponsive Contacts,,Pending
006Q8000009ZYpe,1008614,Canada,Unresponsive Contacts,,Pending
006Q8000009ZYzJ,1008614,Canada,,,Pending
006Q8000009ZaoE,1006587,United States,,,Active
006Q8000009ZiLx,1004323,Canada,Competition,,Active
006Q8000009ZqUn,1004039,Canada,,,Active
006Q8000009ZrST,1000952,Canada,,,Active
006Q8000009ZuTZ,1007777,Canada,Unresponsive Contacts,,Not a Member
006Q8000009aC0f,,Australia,Pricing,,Not a Member
006Q8000009ac83,,New Zealand,Lack of Budget,,Not a Member
006Q8000009b1w1,1006636,Australia,Unresponsive Contacts,,Not a Member
006Q8000009b7Wr,1002979,Australia,,,Active
006Q8000009bCGL,1002798,Australia,Unresponsive Contacts,,Not a Member
006Q8000009bXJL,1002979,Australia,,,Active
006Q8000009cOox,1004035,Canada,,,Active
006Q8000009cRtF,1007144,Canada,No Decision,,Not a Member
006Q8000009cXfJ,1002182,Asia Pacific,,,Not a Member
006Q8000009cZ2o,1005158,United States,,,Active
006Q8000009cZIw,1005846,Canada,,,Active
006Q8000009cZKX,1003209,EMEA,,,Active
006Q8000009cZvf,1005163,United States,,,Active
006Q8000009cazl,1004879,United States,,,Active
006Q8000009cbFt,1003570,EMEA,,,Active
006Q8000009cenF,1003209,EMEA,,,Active
006Q8000009civh,1004040,Canada,Change of Circumstances,,Not a Member
006Q8000009cjtN,1003991,Canada,,,Not a Member
006Q8000009cngr,1005776,United States,,,Active
006Q8000009cp4L,,United States,Other (Add detail to Other Closed Lost Reason),,Not a Member
006Q8000009d7UH,1006480,Canada,Other (Add detail to Other Closed Lost Reason),,Not a Member
006Q8000009d8Gf,1004027,Canada,,,Active
006Q8000009d9UT,1003986,Canada,,,Not a Member
006Q8000009dA0m,1005257,United States,,,Active
006Q8000009dBBJ,1005776,United States,,,Active
006Q8000009dC8z,1005776,United States,Other (Add detail to Other Closed Lost Reason),Project has already been completed/Not closed in SF,Active
006Q8000009dCk5,1005598,United States,,,Active
006Q8000009dCsY,1003213,Australia,Unresponsive Contacts,,Not a Member
006Q8000009dFWf,1006585,Australia,Lack of Budget,,Not a Member
006Q8000009dHIO,1003443,Australia,Other (Add detail to Other Closed Lost Reason),,Active
006Q8000009dKA2,1007332,Australia,,,Not a Member
006Q8000009dO10,1001012,New Zealand,Competition,,Not a Member
006Q8000009dOF6,1001028,New Zealand,Other (Add detail to Other Closed Lost Reason),,Active
006Q8000009e29C,1006064,Australia,No Decision,,Pending
006Q8000009eVaz,1002978,EMEA,Lack of Budget,,Not a Member
006Q8000009fiSv,1003209,EMEA,,,Active
006Q8000009fori,1004698,United States,,,Active
006Q8000009g45G,1007106,United States,Other (Add detail to Other Closed Lost Reason),,Not a Member
006Q8000009g5cP,1004035,Canada,Unresponsive Contacts,,Active
006Q8000009g5m5,1006600,United States,Pricing,,Not a Member
006Q8000009g8dW,1005293,United States,,,Active
006Q8000009g9Uj,1006850,Canada,Competition,,Active
006Q8000009gAlm,1007366,United States,Other (Add detail to Other Closed Lost Reason),,Not a Member
006Q8000009gRHy,1007366,United States,Competition,,Not a Member
006Q8000009gRjN,1004857,United States,,,Active
006Q8000009gRpp,1004857,United States,,,Active
006Q8000009gRwH,1007218,United States,,,Not a Member
006Q8000009gS17,1004857,United States,,,Active
006Q8000009gS9B,1004802,United States,,,Active
006Q8000009gWG2,1005298,United States,,,Active
006Q8000009goXv,1004773,United States,,,Not a Member
006Q8000009gob7,1005020,United States,,,Active
006Q8000009j8Qr,1005020,United States,,,Active
006Q8000009j9bR,1005158,United States,,,Active
006Q8000009jAHN,1005158,United States,,,Active
006Q8000009jBdG,1007307,United States,No Decision,,Not a Member
006Q8000009jEo1,1004714,United States,,,Not a Member
006Q8000009jFx0,1005290,United States,,,Active
006Q8000009jGGL,1005690,United States,,,Active
006Q8000009nFgf,1002978,EMEA,Competition,,Not a Member
006Q8000009oUQk,1007245,Australia,,,Active
006Q8000009qTol,1004309,Canada,Unresponsive Contacts,,Active
006Q8000009qYBh,1006997,United States,,,Not a Member
006Q8000009qb1V,1004309,Canada,Unresponsive Contacts,,Active
006Q8000009qwab,1004965,United States,,,Not a Member
006Q8000009qxMz,1005591,United States,Lack of Budget,,Active
006Q8000009rCFZ,1003038,Australia,No Decision,,Active
006Q8000009rLp7,1007096,Australia,,,Not a Member
006Q8000009sG93,1002171,New Zealand,Other (Add detail to Other Closed Lost Reason),,Active
006Q8000009t0VG,,Australia,No Decision,,Not a Member
006Q8000009t1BB,1002865,Australia,,,Active
006Q8000009t2vF,,Australia,No Decision,,Not a Member
006Q8000009tIgg,1003885,Canada,,,Active
006Q8000009tJhZ,1004039,Canada,,,Active
006Q8000009tTx3,1005846,Canada,,,Active
006Q8000009tVUD,1004760,United States,,,Active
006Q8000009tWrh,1005184,United States,,,Not a Member
006Q8000009tYIP,1003209,EMEA,,,Active
006Q8000009tYgb,1003209,EMEA,,,Active
006Q8000009tZ6P,1003209,EMEA,,,Active
006Q8000009tZCr,1005454,United States,,,Not a Member
006Q8000009tZT0,1003209,EMEA,No Decision,,Active
006Q8000009tZZR,1003209,EMEA,No Decision,,Active
006Q8000009taqT,1005259,United States,,,Active
006Q8000009th2L,1006271,United States,,,Active
006Q8000009tzYj,1004763,United States,,,Active
006Q8000009tzti,1007306,United States,,,Active
006Q8000009u2Er,1007306,United States,,,Active
006Q8000009u4QL,1003622,New Zealand,No Decision,,Not a Member
006Q8000009u8If,1007096,Australia,,,Not a Member
006Q8000009u96f,1004189,New Zealand,,,Not a Member
006Q8000009uowF,1006636,Australia,Unresponsive Contacts,,Not a Member
006Q8000009upVk,1002695,Australia,Competition,,Active
006Q8000009usJv,1006636,Australia,Unresponsive Contacts,,Not a Member
006Q8000009uvHq,1006636,Australia,Unresponsive Contacts,,Not a Member
006Q8000009uxOQ,1006636,Australia,Unresponsive Contacts,,Not a Member
006Q8000009uyIs,1006636,Australia,Unresponsive Contacts,,Not a Member
006Q8000009uz21,1006636,Australia,Unresponsive Contacts,,Not a Member
006Q8000009uz6r,1006636,Australia,Unresponsive Contacts,,Not a Member
006Q8000009uzJl,1006636,Australia,Unresponsive Contacts,,Not a Member
006Q8000009uzOb,1006636,Australia,Unresponsive Contacts,,Not a Member
006Q8000009uzRp,1006636,Australia,Unresponsive Contacts,,Not a Member
006Q8000009uzq1,1006636,Australia,Unresponsive Contacts,,Not a Member
006Q8000009uzy5,1006636,Australia,Unresponsive Contacts,,Not a Member
006Q8000009wZJZ,1005776,United States,Lack of Budget,,Active
006Q8000009wflZ,1005298,United States,,,Active
006Q8000009wfyT,1004772,United States,,,Active
006Q8000009wg6X,1004772,United States,,,Active
006Q8000009wgGD,1005588,United States,,,Active
006Q8000009wh7R,1006193,United States,,,Not a Member
006Q8000009wnzF,1005454,United States,,,Not a Member
006Q8000009wuwJ,1005597,United States,Other (Add detail to Other Closed Lost Reason),,Not a Member
006Q8000009wypq,1004857,United States,,,Active
006Q8000009x87f,1004850,United States,,,Active
006Q8000009xA1N,,United States,Unresponsive Contacts,,Not a Member
006Q8000009xAcT,1004801,United States,,,Active
006Q8000009xCnx,1006908,New Zealand,No Decision,,Not a Member
006Q8000009xDnF,1006271,United States,,,Active
006Q8000009xDwv,1006271,United States,,,Active
006Q8000009xKdV,1007197,United States,Other (Add detail to Other Closed Lost Reason),,Active
006Q8000009xSMY,1002696,Australia,No Decision,,Active
006Q8000009xSPh,,United States,,,Not a Member
006Q8000009xV10,1006681,Australia,,,Not a Member
006Q8000009xo0P,1006279,New Zealand,Other (Add detail to Other Closed Lost Reason),,Not a Member
006Q8000009xoel,1006636,Australia,Unresponsive Contacts,,Not a Member
006Q8000009yB0E,1007234,Australia,,,Not a Member
006Q8000009ziyE,1005120,United States,,,Not a Member
006Q8000009zkAP,1008693,United States,No Decision,,Not a Member
006Q8000009zkLh,1008693,United States,No Decision,,Not a Member
006Q8000009zkoj,1005546,United States,,,Active
006Q8000009zmiT,1003884,Canada,Unresponsive Contacts,,Active
006Q8000009zr73,1005546,United States,Lack of Budget,,Active
006Q8000009zrjl,1005546,United States,,,Active
006Q800000A0Ab7,1005032,United States,,,Active
006Q800000A0FCb,1003209,EMEA,Change of Circumstances,,Active
006Q800000A0Fvl,1003209,EMEA,Change of Circumstances,,Active
006Q800000A0G8g,1000952,Canada,,,Active
006Q800000A0GAI,1007302,Australia,No Decision,,Not a Member
006Q800000A0Mu1,1007302,Australia,Pricing,,Not a Member
006Q800000A0NlF,1004421,New Zealand,Unresponsive Contacts,,Not a Member
006Q800000A18XG,1006636,Australia,Lack of Budget,,Not a Member
006Q800000A2UnS,1006805,EMEA,Competition,,Active
006Q800000A2q81,1003986,Canada,Unresponsive Contacts,,Not a Member
006Q800000A2qb3,1003885,Canada,,,Active
006Q800000A2tKR,1004867,United States,,,Active
006Q800000A2ydR,1005298,United States,,,Active
006Q800000A2zrF,1007196,Canada,,,Not a Member
006Q800000A30iT,,Canada,Competition,,Not a Member
006Q800000A31jO,1007306,United States,,,Active
006Q800000A38Pt,1006586,Canada,,,Not a Member
006Q800000A3Nn7,1004787,United States,,,Active
006Q800000A7NWo,1000559,New Zealand,,,Active
006Q800000A7bgL,1000573,New Zealand,,,Active
006Q800000A7eXl,1000755,New Zealand,,,Not a Member
006Q800000A8CmF,1007168,Australia,No Decision,,Not a Member
006Q800000A9xUX,1000447,Asia Pacific,,,Active
006Q800000A9ys1,1007223,Asia Pacific,,,Not a Member
006Q800000AAAeg,1006033,United States,Competition,,Not a Member
006Q800000AAMMT,1003209,EMEA,,,Active
006Q800000AAQOU,1003209,EMEA,,,Active
006Q800000AAQjR,1006587,United States,,,Active
006Q800000AAQuk,,United States,,,Pending
006Q800000AARAr,1007256,United States,,,Active
006Q800000AARFi,1004031,Canada,Competition,,Active
006Q800000AARSb,1003209,EMEA,,,Active
006Q800000AARkL,1005293,United States,Lack of Budget,,Active
006Q800000AAUaA,1005041,United States,Lack of Budget,,Pending
006Q800000AAUwj,1006240,United States,,,Not a Member
006Q800000AAfCF,1003997,Canada,,,Not a Member
006Q800000AAqNl,1005546,United States,,,Active
006Q800000AAsJ8,1002861,Australia,Other (Add detail to Other Closed Lost Reason),,Pending
006Q800000AAtYX,1005272,United States,,,Active
006Q800000AAvth,1005848,United States,Other (Add detail to Other Closed Lost Reason),Rep at integrator is no longer with the company and the project is dead,Active
006Q800000AAwra,1003720,New Zealand,No Decision,,Not a Member
006Q800000AAyml,1008381,Canada,,,Not a Member
006Q800000ADIKj,1003198,Australia,Pricing,,Active
006Q800000ADJa9,1002971,Australia,,,Active
006Q800000ADVMn,1007343,United States,Other (Add detail to Other Closed Lost Reason),,Not a Member
006Q800000ADcGD,1004040,Canada,,,Not a Member
006Q800000ADxkV,1005572,United States,,,Not a Member
006Q800000AE20z,1005572,United States,,,Not a Member
006Q800000AE2nO,1006913,United States,,,Active
006Q800000AE3mf,1003365,EMEA,Competition,,Active
006Q800000AE5dC,1006747,New Zealand,,,Active
006Q800000AEcPU,1006661,New Zealand,No Decision,,Not a Member
006Q800000AErDB,1003021,Australia,No Decision,,Active
006Q800000AEsVp,1000452,New Zealand,Unresponsive Contacts,,Active
006Q800000AEuMY,1002888,Australia,,,Active
006Q800000AF2Oj,1003267,Australia,,,Not a Member
006Q800000AF8yn,1003038,Australia,No Decision,,Active
006Q800000AFw7Z,1003675,Asia Pacific,,,Active
006Q800000AG0Pi,1006805,EMEA,,,Active
006Q800000AG15f,1006805,EMEA,,,Active
006Q800000AG8Or,1006805,EMEA,Competition,,Active
006Q800000AGWPZ,1003864,Canada,Unresponsive Contacts,,Not a Member
006Q800000AGYuP,1003965,Canada,,,Active
006Q800000AGaUn,1003885,Canada,Other (Add detail to Other Closed Lost Reason),,Active
006Q800000AGakv,1003885,Canada,,,Active
006Q800000AGwyL,1003885,Canada,Other (Add detail to Other Closed Lost Reason),,Active
006Q800000AGzwD,1004715,United States,,,Pending
006Q800000AH0vX,1005449,United States,,,Active
006Q800000AH9E1,1003123,Australia,Lack of Budget,,Pending
006Q800000AHC0b,1002938,Australia,,,Active
006Q800000AHHGQ,1005558,United States,,,Not a Member
006Q800000AHuMb,1002938,Australia,,,Active
006Q800000AJEW9,1003209,EMEA,,,Active
006Q800000AJFQc,,United States,,,Not a Member
006Q800000AJK3i,,United States,,,Not a Member
006Q800000AJMlR,,United States,,,Not a Member
006Q800000AJONT,1006271,United States,,,Active
006Q800000AJQyj,1007777,Canada,Competition,,Not a Member
006Q800000AJSVt,1006271,United States,,,Active
006Q800000AJYI8,1003392,Australia,,,Active
006Q800000AJZIr,1003570,EMEA,,,Active
006Q800000AJwiU,1003962,Canada,,,Not a Member
006Q800000AKOek,1003255,Australia,No Decision,,Active
006Q800000AMNmb,1003209,EMEA,,,Active
006Q800000AN3Io,1005970,Canada,,,Active
006Q800000AQQPJ,1005864,Australia,,,Not a Member
006Q800000AQV8r,1002793,Australia,,,Active
006Q800000ARIXl,1007280,Australia,No Decision,,Not a Member
006Q800000ARIaz,1007280,Australia,No Decision,,Not a Member
006Q800000ARKHp,1002729,Australia,,,Not a Member
006Q800000ARO6v,1000575,New Zealand,Other (Add detail to Other Closed Lost Reason),,Not a Member
006Q800000AROrk,1002695,Australia,,,Active
006Q800000ARcoD,1002979,Australia,,,Active
006Q800000AST7l,1003675,Asia Pacific,Lack of Budget,,Active
006Q800000ASmOv,1004714,United States,,,Not a Member
006Q800000ASmwp,1005289,United States,Competition,,Not a Member
006Q800000ASnRS,1004670,United States,Competition,,Active
006Q800000ASoyb,1005615,United States,Other (Add detail to Other Closed Lost Reason),,Not a Member
006Q800000ASqPK,1005690,United States,,,Active
006Q800000ASr5G,1004670,United States,,,Active
006Q800000ASrus,1004714,United States,,,Not a Member
006Q800000ASuRJ,1005690,United States,,,Active
006Q800000ASuvy,1003580,EMEA,,,Not a Member
006Q800000ASwMf,1007254,United States,,,Not a Member
006Q800000ASwkr,1003580,EMEA,,,Not a Member
006Q800000ASwuX,1003580,EMEA,,,Not a Member
006Q800000ASxXF,,United States,Unresponsive Contacts,,Not a Member
006Q800000ASxfJ,1007254,United States,,,Not a Member
006Q800000ASyTJ,1004590,United States,Unresponsive Contacts,,Active
006Q800000ASyzZ,1004535,United States,,,Not a Member
006Q800000AT1fh,1004697,United States,,,Active
006Q800000AT2wm,1004802,United States,,,Active
006Q800000AT5bF,1007343,United States,Other (Add detail to Other Closed Lost Reason),,Not a Member
006Q800000ATEoF,,Canada,,,Not a Member
006Q800000ATO1B,1006028,United States,Change of Circumstances,,Pending
006Q800000ATP0U,1005454,United States,,,Not a Member
006Q800000ATP8Y,,United States,,,Not a Member
006Q800000ATPi1,1005159,United States,,,Pending
006Q800000ATS3B,1005546,United States,,,Active
006Q800000ATSRN,1005112,United States,Lack of Budget,,Not a Member
006Q800000ATSZR,1005051,United States,,,Active
006Q800000ATq3t,1002695,Australia,,,Active
006Q800000AUEML,1003184,Australia,,,Active
006Q800000AUVTe,1003176,Australia,Competition,,Active
006Q800000AUYBN,1006932,Australia,Pricing,,Not a Member
006Q800000AUob9,1003265,Australia,Competition,,Not a Member
006Q800000AVMkr,1006870,Australia,Competition,,Active
006Q800000AVpRv,1006718,Canada,Unresponsive Contacts,,Not a Member
006Q800000AVqpN,1006805,EMEA,Competition,,Active
006Q800000AVrK2,1004109,EMEA,Lack of Budget,,Not a Member
006Q800000AVtDl,1006805,EMEA,Pricing,,Active
006Q800000AVtdZ,1007194,United States,Other (Add detail to Other Closed Lost Reason),Project is dead,Not a Member
006Q800000AVya1,1004109,EMEA,,,Not a Member
006Q800000AW3rR,1005454,United States,,,Not a Member
006Q800000AW4fR,1005776,United States,,,Active
006Q800000AW4ty,1003969,Canada,,,Active
006Q800000AWWob,1005161,United States,,,Active
006Q800000AWnUT,1006870,Australia,Lack of Budget,,Active
006Q800000AY8NB,1003261,Australia,Other (Add detail to Other Closed Lost Reason),,Active
006Q800000AY8VF,1003261,Australia,,,Active
006Q800000AY8YT,1003261,Australia,Other (Add detail to Other Closed Lost Reason),,Active
006Q800000AY8ev,1003261,Australia,Other (Add detail to Other Closed Lost Reason),,Active
006Q800000AYTHx,1003198,Australia,,,Active
006Q800000AYqxi,1004309,Canada,Unresponsive Contacts,,Active
006Q800000AYsoD,1006085,United States,,,Active
006Q800000AYwF7,1005591,United States,,,Active
006Q800000AYxO6,1005776,United States,,,Active
006Q800000AZ1wL,1006287,United States,,,Active
006Q800000AZ2Qz,1004698,United States,,,Active
006Q800000AZ3en,1004698,United States,,,Active
006Q800000AZ7wv,1007052,United States,,,Not a Member
006Q800000AZ8Y1,1003885,Canada,,,Active
006Q800000AZ8hh,1007052,United States,,,Not a Member
006Q800000AZAjV,1004349,Canada,Other (Add detail to Other Closed Lost Reason),,Not a Member
006Q800000AZBIz,1003209,EMEA,,,Active
006Q800000AZVw2,1006303,United States,,,Active
006Q800000AZVxh,1006203,Australia,,,Not a Member
006Q800000AZZOX,1004964,United States,,,Active
006Q800000AZZWb,1005293,United States,,,Active
006Q800000AZdTl,,New Zealand,Other (Add detail to Other Closed Lost Reason),,Not a Member
006Q800000AZf49,1006303,United States,,,Active
006Q800000AaGq6,1004590,United States,,,Active
006Q800000AaoBp,1007334,Australia,,,Not a Member
006Q800000Ac2Pd,1007456,United States,,,Active
006Q800000AcTJO,1007356,United States,,,Not a Member
006Q800000AcVY5,1005165,United States,,,Active
006Q800000AcVg9,1007194,United States,Other (Add detail to Other Closed Lost Reason),,Not a Member
006Q800000AcVwH,1004715,United States,,,Pending
006Q800000AcXMz,,Canada,Other (Add detail to Other Closed Lost Reason),Wan by Paladin with us,Not a Member
006Q800000AcYFp,1006303,United States,,,Active
006Q800000AcZdL,,United States,Other (Add detail to Other Closed Lost Reason),,Not a Member
006Q800000AcbLl,1005546,United States,,,Active
006Q800000AcbX3,1002816,Australia,,,Active
006Q800000AcbiL,1005037,United States,Other (Add detail to Other Closed Lost Reason),lost bid to Underdog,Active
006Q800000Acc8A,1005298,United States,,,Active
006Q800000AccRV,1007155,Canada,,,Not a Member
006Q800000Acfyr,1002967,Australia,,,Active
006Q800000Acm7V,1007376,United States,Other (Add detail to Other Closed Lost Reason),other ICT dealer,Not a Member
006Q800000AdPC8,1003347,Australia,,,Active
006Q800000AdPyU,1006661,New Zealand,Lack of Budget,,Not a Member
006Q800000AdVz3,,Australia,,,Active
006Q800000AdbEs,1006080,Asia Pacific,,,Not a Member
006Q800000Adicv,1003288,Australia,,,Active
006Q800000AeDX4,,Australia,,,Pending
006Q800000AeYbV,,Australia,Unresponsive Contacts,,Pending
006Q800000Af1lZ,1006850,Canada,,,Active
006Q800000Af9JK,1005067,United States,Unresponsive Contacts,,Active
006Q800000Af9mL,1003884,Canada,Unresponsive Contacts,,Active
006Q800000AfATv,1004867,United States,,,Active
006Q800000AfCHB,1007486,Canada,Competition,,Not a Member
006Q800000AfE2r,1004867,United States,,,Active
006Q800000AfEPS,1008381,Canada,Competition,,Not a Member
006Q800000AfWe5,1005598,United States,,,Active
006Q800000AfXK1,1004859,United States,,,Not a Member
006Q800000AfY3C,1007194,United States,,,Not a Member
006Q800000AgGvR,1005293,United States,Other (Add detail to Other Closed Lost Reason),,Active
006Q800000AinqT,1000447,Asia Pacific,,,Active
006Q800000AjXmr,1000653,New Zealand,,,Active
006Q800000Ak9KJ,1002967,Australia,,,Active
006Q800000AkavZ,,Australia,Other (Add detail to Other Closed Lost Reason),,Not a Member
006Q800000Alltn,1006085,United States,,,Active
006Q800000Alsbt,1004973,United States,,,Active
006Q800000Alutp,1006035,United States,,,Active
006Q800000Alwlx,,United States,Unresponsive Contacts,,Not a Member
006Q800000AlzTh,,United States,Other (Add detail to Other Closed Lost Reason),,Not a Member
006Q800000Alzgb,,United States,Other (Add detail to Other Closed Lost Reason),,Not a Member
006Q800000Am3nT,,United States,Other (Add detail to Other Closed Lost Reason),,Not a Member
006Q800000AmIhf,1000952,Canada,,,Active
006Q800000AmJM0,,United States,No Decision,,Not a Member
006Q800000AmJc5,,United States,,,Not a Member
006Q800000AmJfJ,,United States,Pricing,Lower Price,Not a Member
006Q800000AmJoz,1004764,United States,,,Active
006Q800000AmKBZ,1005167,United States,,,Active
006Q800000AmKJd,1005167,United States,,,Active
006Q800000AmLqn,,United States,,,Not a Member
006Q800000AmPJK,1003534,Australia,Other (Add detail to Other Closed Lost Reason),,Active
006Q800000AmPXq,1003534,Australia,Other (Add detail to Other Closed Lost Reason),,Active
006Q800000AmQP3,1003534,Australia,,,Active
006Q800000AmQos,1002942,Australia,,,Active
006Q800000AnW93,1007205,Australia,Competition,,Not a Member
006Q800000AnbLe,1003123,Australia,,,Pending
006Q800000AorPx,1007352,Canada,Competition,,Not a Member
006Q800000AotLJ,1005836,United States,Unresponsive Contacts,,Active
006Q800000AovLV,1004309,Canada,Unresponsive Contacts,,Active
006Q800000AoxQX,1004309,Canada,Unresponsive Contacts,,Active
006Q800000Aoy6T,1005111,United States,Competition,,Not a Member
006Q800000Aozov,1003894,Canada,Unresponsive Contacts,,Not a Member
006Q800000Ap0Mn,1004802,United States,Other (Add detail to Other Closed Lost Reason),,Active
006Q800000ApQFe,1005257,United States,Other (Add detail to Other Closed Lost Reason),,Active
006Q800000ApTTf,1002778,Australia,,,Active
006Q800000ApVGv,1007122,United States,,,Active
006Q800000ApXyf,1001006,New Zealand,Competition,,Active
006Q800000Aprqv,1007168,Australia,Lack of Budget,,Not a Member
006Q800000AqUlp,1003123,Australia,,,Pending
006Q800000AqVTN,1004318,Australia,No Decision,,Active
006Q800000Aqbdg,1002969,Australia,,,Active
006Q800000Aqbto,1002969,Australia,No Decision,,Active
006Q800000AqjrQ,1007437,EMEA,Competition,,Not a Member
006Q800000ArNwo,1007387,EMEA,,,Not a Member
006Q800000ArcEH,1003209,EMEA,No Decision,,Active
006Q800000Ark0X,1003209,EMEA,No Decision,,Active
006Q800000ArosA,1006301,United States,Competition,,Not a Member
006Q800000Arsu9,1005293,United States,Unresponsive Contacts,,Active
006Q800000ArxNa,1005293,United States,,,Active
006Q800000ArxsD,1005121,United States,,,Active
006Q800000AryQ5,1005257,United States,Lack of Budget,,Active
006Q800000As23t,1004802,United States,,,Active
006Q800000AsAZJ,1005257,United States,Lack of Budget,,Active
006Q800000AsGOd,1005165,United States,,,Active
006Q800000AsJmI,,United States,,,Not a Member
006Q800000AsMgv,1006396,United States,,,Active
006Q800000AsMtp,1004714,United States,,,Not a Member
006Q800000AsPjd,1007290,United States,,,Not a Member
006Q800000AsQUP,1004027,Canada,Other (Add detail to Other Closed Lost Reason),,Active
006Q800000AuaT3,1005298,United States,,,Active
006Q800000Auhu9,1005298,United States,,,Active
006Q800000Aui5R,1005298,United States,,,Active
006Q800000AuiLZ,1005882,EMEA,,,Not a Member
006Q800000AuiVF,1006193,United States,,,Not a Member
006Q800000Auiv3,1003365,EMEA,Competition,,Active
006Q800000AuocH,1000641,Asia Pacific,,,Not a Member
006Q800000AupoU,1007306,United States,,,Active
006Q800000AuqKk,1003209,EMEA,Competition,,Active
006Q800000Autth,1003561,EMEA,,,Not a Member
006Q800000AuujJ,1006712,United States,,,Not a Member
006Q800000Auy8b,1004675,United States,,,Active
006Q800000Av07C,1006462,New Zealand,Other (Add detail to Other Closed Lost Reason),,Not a Member
006Q800000AvI0r,1004039,Canada,,,Active
006Q800000AvJ09,1004027,Canada,Other (Add detail to Other Closed Lost Reason),Customer did not provide feedback on their reason for loosing the project.,Active
006Q800000AvKM2,1004772,United States,Pricing,,Active
006Q800000AvQut,1004716,United States,,,Active
006Q800000AvR0v,1005546,United States,,,Active
006Q800000AxiqU,1004519,United States,Pricing,,Not a Member
006Q800000AxplW,1004040,Canada,,,Not a Member
006Q800000AxqZW,1000940,EMEA,No Decision,,Active
006Q800000Axs53,1005530,United States,Other (Add detail to Other Closed Lost Reason),,Not a Member
006Q800000Axs9t,1004676,United States,,,Active
006Q800000AxsBV,,United States,,,Not a Member
006Q800000AxsWU,1004519,United States,Competition,,Not a Member
006Q800000AxxBB,1004971,United States,No Decision,,Pending
006Q800000AxxhS,1005273,United States,,,Active
006Q800000Ay093,1007343,United States,,,Not a Member
006Q800000Ay0Qn,1004685,United States,,,Not a Member
006Q800000AyIlt,1005186,United States,,,Active
006Q800000AyJV3,1004938,United States,,,Not a Member
006Q800000AyMhR,1007256,United States,,,Active
006Q800000B2cVu,1003443,Australia,,,Active
006Q800000B2fTl,1003443,Australia,,,Active
006Q800000B2rmk,1007358,Australia,Unresponsive Contacts,,Not a Member
006Q800000B3Hqo,1007260,Australia,Pricing,,Active
006Q800000B3Ii1,1007260,Australia,,,Active
006Q800000B3gfX,1005161,United States,,,Active
006Q800000B3m8D,1004520,United States,,,Active
006Q800000B3n97,1005839,Canada,,,Not a Member
006Q800000B3nHC,1004857,United States,,,Active
006Q800000B3o0M,,United States,Other (Add detail to Other Closed Lost Reason),,Not a Member
006Q800000B3oV0,1006028,United States,Lack of Budget,,Pending
006Q800000B3ojV,1007197,United States,,,Active
006Q800000B3pFl,1004857,United States,,,Active
006Q800000B3qgT,1005111,United States,Other (Add detail to Other Closed Lost Reason),,Not a Member
006Q800000B3sta,1005031,United States,,,Not a Member
006Q800000B4BJV,1003885,Canada,Other (Add detail to Other Closed Lost Reason),,Active
006Q800000B4Drc,1005293,United States,,,Active
006Q800000B4EAx,1007197,United States,,,Active
006Q800000B4EIz,1004530,United States,,,Not a Member
006Q800000B4Iw5,1005025,United States,,,Not a Member
006Q800000B4JQk,1005298,United States,,,Active
006Q800000B4R9l,1000950,New Zealand,Unresponsive Contacts,,Not a Member
006Q800000B4Vq5,1000851,New Zealand,,,Not a Member
006Q800000B4v9e,1002171,New Zealand,Lack of Budget,,Active
006Q800000B5ANP,1007501,Australia,,,Not a Member
006Q800000B5Egl,,Australia,Unresponsive Contacts,,Not a Member
006Q800000B5Un7,1003527,Australia,Other (Add detail to Other Closed Lost Reason),,Active
006Q800000B5b8f,1004318,Australia,Lack of Budget,,Active
006Q800000B5qaj,1007410,Asia Pacific,,,Not a Member
006Q800000B6hol,1006470,United States,,,Active
006Q800000B6nqv,1004946,United States,,,Not a Member
006Q800000B6oi9,1007413,United States,Other (Add detail to Other Closed Lost Reason),,Not a Member
006Q800000B6q2P,1005166,United States,Lack of Budget,,Pending
006Q800000B7Aif,1005034,United States,,,Active
006Q800000B7IwL,1000952,Canada,,,Active
006Q800000B7MAL,1003358,Australia,,,Not a Member
006Q800000B7P1x,,Australia,,,Active
006Q800000B7Xgr,1003259,Australia,Other (Add detail to Other Closed Lost Reason),,Active
006Q800000B7qRm,1003450,Australia,,,Not a Member
006Q800000B807m,1001017,New Zealand,Lack of Budget,,Not a Member
006Q800000B91xp,1002971,Australia,Unresponsive Contacts,,Active
006Q800000B9KHJ,,United States,Competition,,Not a Member
006Q800000B9LIF,1003965,Canada,,,Active
006Q800000B9La1,1006271,United States,,,Active
006Q800000B9Nez,1005112,United States,,,Not a Member
006Q800000B9O6S,1005546,United States,,,Active
006Q800000B9OWD,,United States,,,Not a Member
006Q800000B9QL8,1005546,United States,,,Active
006Q800000B9Tvi,1006091,Canada,,,Active
006Q800000B9WYb,1004027,Canada,Other (Add detail to Other Closed Lost Reason),,Active
006Q800000B9Wn7,1007565,Canada,No Decision,,Not a Member
006Q800000B9YnJ,1003965,Canada,Competition,,Active
006Q800000B9ruo,1007414,United States,Other (Add detail to Other Closed Lost Reason),,Not a Member
006Q800000B9rwP,1004856,United States,,,Active
006Q800000B9uHZ,1006271,United States,Lack of Budget,,Active
006Q800000B9vC1,1004772,United States,,,Active
006Q800000B9wXu,1003992,Canada,,,Active
006Q800000BA1ED,1000483,New Zealand,Unresponsive Contacts,,Not a Member
006Q800000BCBfh,1005393,United States,,,Active
006Q800000BCGFa,1005120,United States,,,Not a Member
006Q800000BCIfZ,,Canada,,,Not a Member
006Q800000BCMBK,1005270,United States,,,Active
006Q800000BCdxK,1005272,United States,,,Active
006Q800000BCehh,1004763,United States,,,Active
006Q800000BCfDx,1007639,United States,,,Active
006Q800000BCfFZ,1005546,United States,,,Active
006Q800000BCh9J,1007131,United States,,,Active
006Q800000BCho3,1006751,United States,,,Active
006Q800000BChyv,1004323,Canada,Other (Add detail to Other Closed Lost Reason),,Active
006Q800000BClCw,1003347,Australia,Other (Add detail to Other Closed Lost Reason),,Active
006Q800000BCnOP,1005025,United States,,,Not a Member
006Q800000BCpwT,1003886,Canada,Competition,Lost to Salto,Active
006Q800000BCzz3,,Australia,,,Active
006Q800000BDCpp,1003543,Australia,No Decision,,Active
006Q800000BDG74,1007340,Australia,,,Not a Member
006Q800000BDG8f,1007340,Australia,,,Not a Member
006Q800000BDGJx,1005931,Australia,,,Not a Member
006Q800000BDGTd,1003347,Australia,No Decision,,Active
006Q800000BDttD,1007614,Asia Pacific,Pricing,,Not a Member
006Q800000BE39O,1007003,Canada,,,Not a Member
006Q800000BE8iZ,1003867,Canada,Unresponsive Contacts,,Not a Member
006Q800000BE8tp,1007003,Canada,Other (Add detail to Other Closed Lost Reason),,Not a Member
006Q800000BE9DB,1007003,Canada,Change of Circumstances,,Not a Member
006Q800000BE9hp,1007003,Canada,Change of Circumstances,,Not a Member
006Q800000BEGD3,1006085,United States,,,Active
006Q800000BEGpl,1005598,United States,,,Active
006Q800000BEHc9,1003952,Canada,,,Active
006Q800000BEKVC,1003965,Canada,Other (Add detail to Other Closed Lost Reason),,Active
006Q800000BEKgU,1004875,United States,,,Not a Member
006Q800000BEMDd,1005293,United States,,,Active
006Q800000BEMK5,,United States,,,Not a Member
006Q800000BEMTl,,United States,,,Not a Member
006Q800000BEMdR,,United States,Unresponsive Contacts,,Not a Member
006Q800000BEMjt,,United States,Unresponsive Contacts,,Not a Member
006Q800000BEN6T,1004683,United States,,,Not a Member
006Q800000BEh1z,1006751,United States,,,Active
006Q800000BEh8P,1005293,United States,,,Active
006Q800000BEhDH,1005293,United States,,,Active
006Q800000BEj0Y,1006718,Canada,,,Not a Member
006Q800000BHvgI,1007684,Asia Pacific,Pricing,,Not a Member
006Q800000BHx6z,1000938,Asia Pacific,,,Not a Member
006Q800000BHxdF,,Asia Pacific,Pricing,,Not a Member
006Q800000BI1ye,1002161,New Zealand,,,Not a Member
006Q800000BIUe2,1002940,Australia,,,Active
006Q800000BIikE,1002937,Australia,,,Active
006Q800000BIuDV,1000874,OEM,,,Not a Member
006Q800000BJ6WP,1003443,Australia,,,Active
006Q800000BJ8Es,1003038,Australia,,,Active
006Q800000BJNlm,,Australia,No Decision,,Not a Member
006Q800000BK4Ap,1005257,United States,,,Active
006Q800000BK55H,1006850,Canada,,,Active
006Q800000BK6xO,1005384,United States,,,Pending
006Q800000BK78f,1004867,United States,,,Active
006Q800000BKGDZ,1004711,United States,,,Active
006Q800000BKYGx,1004788,United States,Other (Add detail to Other Closed Lost Reason),,Not a Member
006Q800000BKiTV,1005535,United States,Competition,,Pending
006Q800000BKjCL,1008381,Canada,Competition,,Not a Member
006Q800000BKtOd,1004027,Canada,Other (Add detail to Other Closed Lost Reason),,Active
006Q800000BL6s6,1003032,Australia,Pricing,,Not a Member
006Q800000BLKAH,1007245,Australia,,,Active
006Q800000BLRQJ,1000561,New Zealand,Competition,,Active
006Q800000BLjBt,1000561,New Zealand,Lack of Budget,,Active
006Q800000BLrfi,1007390,Australia,,,Not a Member
006Q800000BN1pv,1005882,EMEA,No Decision,,Not a Member
006Q800000BN27e,1005882,EMEA,No Decision,,Not a Member
006Q800000BN4Ft,1005882,EMEA,No Decision,,Not a Member
006Q800000BN6RN,1003209,EMEA,,,Active
006Q800000BNEgf,,Asia Pacific,No Decision,,Not a Member
006Q800000BNH6f,1003209,EMEA,No Decision,,Active
006Q800000BNO9m,1006587,United States,,,Active
006Q800000BNlnu,1005588,United States,,,Active
006Q800000BNncn,1004763,United States,Lack of Budget,,Active
006Q800000BNoYt,1004763,United States,No Decision,,Active
006Q800000BNqXS,1003445,Australia,No Decision,,Not a Member
006Q800000BNqkM,1005165,United States,Other (Add detail to Other Closed Lost Reason),,Active
006Q800000BNsRC,1003570,EMEA,,,Active
006Q800000BNsxj,1004772,United States,,,Active
006Q800000BNuMX,1005293,United States,,,Active
006Q800000BNwhi,1004772,United States,,,Active
006Q800000BOHKj,1000858,New Zealand,,,Active
006Q800000BONmj,1000561,New Zealand,,,Active
006Q800000BOolM,1002696,Australia,,,Active
006Q800000BOp36,1007473,Australia,,,Not a Member
006Q800000BOpUU,1003261,Australia,,,Active
006Q800000BOtmb,1002865,Australia,,,Active
006Q800000BOzyU,1006585,Australia,Other (Add detail to Other Closed Lost Reason),,Not a Member
006Q800000BPuNH,1003534,Australia,,,Active
006Q800000BQCnB,1002865,Australia,,,Active
006Q800000BQKkl,,Australia,Lack of Budget,,Pending
006Q800000BQQdF,1005298,United States,,,Active
006Q800000BQVQ2,1005452,United States,,,Pending
006Q800000BQVjO,1005690,United States,,,Active
006Q800000BQXGY,1003209,EMEA,,,Active
006Q800000BQXV3,1007777,Canada,No Decision,,Not a Member
006Q800000BQXhy,,United States,Other (Add detail to Other Closed Lost Reason),,Not a Member
006Q800000BQXhz,,United States,Other (Add detail to Other Closed Lost Reason),,Not a Member
006Q800000BQaJF,1006055,United States,,,Active
006Q800000BQdaT,1005449,United States,,,Active
006Q800000BQdgw,1006250,United States,,,Active
006Q800000BQdqb,1006271,United States,Unresponsive Contacts,,Active
006Q800000BQeMr,1006271,United States,,,Active
006Q800000BQfIw,1005550,United States,,,Active
006Q800000BQwR4,1007398,United States,,,Not a Member
006Q800000BQyv3,1007378,United States,Other (Add detail to Other Closed Lost Reason),,Active
006Q800000BR0aH,1004711,United States,,,Active
006Q800000BR357,1007125,United States,,,Active
006Q800000BR9nF,1008381,Canada,,,Not a Member
006Q800000BRA9p,1002888,Australia,,,Active
006Q800000BRbzh,1007416,United States,,,Not a Member
006Q800000BS2mw,1003347,Australia,No Decision,,Active
006Q800000BS6SL,1006203,Australia,,,Not a Member
006Q800000BSb1W,1003209,EMEA,,,Active
006Q800000BTNcR,1004309,Canada,,,Active
006Q800000BTeq9,1007706,United States,Other (Add detail to Other Closed Lost Reason),,Not a Member
006Q800000BTeuz,1006593,United States,,,Active
006Q800000BTfB7,1007706,United States,Other (Add detail to Other Closed Lost Reason),,Not a Member
006Q800000BTfr3,1006593,United States,,,Active
006Q800000BTg7C,1007378,United States,,,Active
006Q800000BTgjt,1005163,United States,Pricing,,Active
006Q800000BTmAz,1007777,Canada,No Decision,,Not a Member
006Q800000BTmpM,1007440,United States,,,Active
006Q800000BTngX,1005165,United States,,,Active
006Q800000BTngY,,United States,,,Not a Member
006Q800000BTpbu,1007424,United States,,,Not a Member
006Q800000BU7P7,1007413,United States,Other (Add detail to Other Closed Lost Reason),,Not a Member
006Q800000BUBVx,1007686,United States,,,Active
006Q800000BUCi9,1006740,United States,,,Active
006Q800000BUDMT,1007290,United States,,,Not a Member
006Q800000BUHI2,1000452,New Zealand,Unresponsive Contacts,,Active
006Q800000BUSrl,1005861,Australia,,,Not a Member
006Q800000BV8Ft,1000450,New Zealand,Unresponsive Contacts,,Active
006Q800000BVFMJ,1003443,Australia,,,Active
006Q800000BVJUg,1003443,Australia,,,Active
006Q800000BVK2X,1003443,Australia,Other (Add detail to Other Closed Lost Reason),,Active
006Q800000BVKgu,1003443,Australia,,,Active
006Q800000BVM2j,,Asia Pacific,,,Not a Member
006Q800000BVQMU,1003443,Australia,,,Active
006Q800000BVSJR,1003443,Australia,,,Active
006Q800000BVST8,1003443,Australia,,,Active
006Q800000BVSmT,1003443,Australia,,,Active
006Q800000BVT5p,1003443,Australia,,,Active
006Q800000BVTdh,1003443,Australia,,,Active
006Q800000BVToz,1003443,Australia,,,Active
006Q800000BVTyf,1003443,Australia,,,Active
006Q800000BWmft,1007423,United States,Other (Add detail to Other Closed Lost Reason),,Active
006Q800000BWrPR,1004773,United States,Competition,,Not a Member
006Q800000BWsAD,1004694,United States,,,Active
006Q800000BWuIT,1007243,Canada,,,Active
006Q800000BWvHl,1006445,United States,,,Not a Member
006Q800000BX1ob,1006740,United States,,,Active
006Q800000BXGcM,1004039,Canada,,,Active
006Q800000BXLiT,1004670,United States,,,Active
006Q800000BXMzX,1005257,United States,,,Active
006Q800000BXNdp,1005173,United States,,,Active
006Q800000BXO3f,1006035,United States,,,Active
006Q800000BXQzt,1005112,United States,,,Not a Member
006Q800000BaxKz,,Asia Pacific,Competition,,Not a Member
006Q800000Bb3Gl,1004309,Canada,,,Active
006Q800000Bb74D,1005920,Canada,Other (Add detail to Other Closed Lost Reason),,Not a Member
006Q800000BbWSP,1000967,New Zealand,,,Not a Member
006Q800000BbZ25,1002812,Australia,,,Active
006Q800000BbaxR,1000475,New Zealand,Other (Add detail to Other Closed Lost Reason),,Active
006Q800000BbhJT,1003267,Australia,Other (Add detail to Other Closed Lost Reason),,Not a Member
006Q800000Bbxdt,1007127,Australia,,,Not a Member
006Q800000BdenF,1006350,Australia,Competition,,Not a Member
006Q800000BdkEL,1003570,EMEA,,,Active
006Q800000BeKsx,1005161,United States,,,Active
006Q800000BeLDu,1003865,Canada,Pricing,,Active
006Q800000BeM9x,1007306,United States,Competition,,Active
006Q800000BeQog,1005163,United States,,,Active
006Q800000BefR8,1003885,Canada,,,Active
006Q800000BelOW,1007413,United States,,Repeated calls and emails to get an update and they do not have an answer.,Not a Member
006Q800000BepBx,1004767,United States,,,Active
006Q800000BeseU,1006870,Australia,Lack of Budget,,Active
006Q800000BetfN,1003876,Canada,,,Active
006Q800000BewLV,1007486,Canada,Other (Add detail to Other Closed Lost Reason),,Not a Member
006Q800000Bf013,1003387,Australia,,,Active
006Q800000BfIsJ,1002860,Australia,No Decision,,Not a Member
006Q800000BffvK,1000559,New Zealand,Unresponsive Contacts,,Active
006Q800000Bfunt,1002798,Australia,No Decision,,Not a Member
006Q800000Bfy1t,,Asia Pacific,Competition,,Not a Member
006Q800000BhKoL,1004796,United States,Pricing,,Active
006Q800000BhLR3,,United States,Other (Add detail to Other Closed Lost Reason),,Not a Member
006Q800000BhLsT,,United States,Other (Add detail to Other Closed Lost Reason),,Not a Member
006Q800000BhOIV,1004039,Canada,,,Active
006Q800000BhtuA,,United States,Other (Add detail to Other Closed Lost Reason),,Not a Member
006Q800000BhzjS,1005451,United States,,,Not a Member
006Q800000Bi1Bz,1007396,United States,,,Active
006Q800000Bi1YL,,United States,,,Not a Member
006Q800000Bi1mv,1007256,United States,,,Active
006Q800000Bi2nl,1003387,Australia,,,Active
006Q800000Bi33u,1004763,United States,,,Active
006Q800000Bi4cf,1007256,United States,,,Active
006Q800000Bi7FZ,1004028,Canada,Other (Add detail to Other Closed Lost Reason),,Active
006Q800000Bijvy,1003392,Australia,Competition,,Active
006Q800000Bj6Nt,1007410,Asia Pacific,,,Not a Member
006Q800000BjRc2,,Asia Pacific,Pricing,,Not a Member
006Q800000BkAVv,1004689,United States,,,Not a Member
006Q800000BkFZ6,1004764,United States,,,Active
006Q800000BkGUr,1003570,EMEA,,,Active
006Q800000BkLSw,1004879,United States,,,Active
006Q800000BkP9x,1003209,EMEA,,,Active
006Q800000BkWxp,1004867,United States,,,Active
006Q800000BkYmj,1007155,Canada,Other (Add detail to Other Closed Lost Reason),,Not a Member
006Q800000BkwsI,1004958,United States,,,Not a Member
006Q800000Bkx0L,1005690,United States,,,Active
006Q800000BkxjW,1004807,United States,,,Active
006Q800000Bkz29,1005546,United States,,,Active
006Q800000Bl2ck,1007302,Australia,Unresponsive Contacts,,Not a Member
006Q800000Bl4ov,1005451,United States,Other (Add detail to Other Closed Lost Reason),,Not a Member
006Q800000Bl7BD,1002865,Australia,No Decision,,Active
006Q800000Bl9L0,1002865,Australia,,,Active
006Q800000BlDt7,1002865,Australia,,,Active
006Q800000BlNkP,,Asia Pacific,Competition,,Not a Member
006Q800000BloEP,,Asia Pacific,Lack of Budget,,Not a Member
006Q800000BlqMe,1007394,New Zealand,,,Not a Member
006Q800000Blqw7,1002865,Australia,,,Active
006Q800000BmGP8,1002769,EMEA,Other (Add detail to Other Closed Lost Reason),,Not a Member
006Q800000BmIqj,,EMEA,Competition,,Not a Member
006Q800000BmXRZ,1007437,EMEA,Lack of Budget,,Not a Member
006Q800000Bmtzx,1007811,Asia Pacific,,,Not a Member
006Q800000BmyRl,1006455,Australia,,,Active
006Q800000Bn1ZJ,1002979,Australia,Lack of Budget,,Active
006Q800000Bn3pe,,Asia Pacific,No Decision,,Not a Member
006Q800000Bn4Yo,1007420,Asia Pacific,,,Not a Member
006Q800000Bn5pp,,Asia Pacific,No Decision,,Not a Member
006Q800000BnQJB,1004709,United States,,,Active
006Q800000BnW8T,1004715,United States,,,Pending
006Q800000BnaSD,1005970,Canada,,,Active
006Q800000Bnb9m,1003885,Canada,,,Active
006Q800000BncNb,1005546,United States,,,Active
006Q800000BneAr,1005293,United States,,,Active
006Q800000Bnenb,1005544,United States,Competition,,Active
006Q800000BnfoT,1004535,United States,,,Not a Member
006Q800000BnghK,1005535,United States,,,Pending
006Q800000BnoGg,1005162,United States,Other (Add detail to Other Closed Lost Reason),,Active
006Q800000Bo0eP,1005535,United States,,,Pending
006Q800000Bo17T,1003885,Canada,Unresponsive Contacts,,Active
006Q800000Bo1lm,,United States,Other (Add detail to Other Closed Lost Reason),,Not a Member
006Q800000Bo3lx,,United States,Other (Add detail to Other Closed Lost Reason),"Andrew was working on this, Project now dead",Not a Member
006Q800000Bo4bZ,1007394,New Zealand,,,Not a Member
006Q800000Bo7b3,1004928,United States,Competition,,Pending
006Q800000BoAaX,1006510,Canada,,,Not a Member
006Q800000BoSCW,1002974,Australia,Other (Add detail to Other Closed Lost Reason),,Active
006Q800000Bonoo,1000783,New Zealand,,,Not a Member
006Q800000Booo5,1002974,Australia,Pricing,,Active
006Q800000BopVd,1007160,Asia Pacific,,,Not a Member
006Q800000Bov4o,1007430,Australia,,,Not a Member
006Q800000Bp969,1003022,Australia,,,Not a Member
006Q800000Bq2Z0,1003209,EMEA,,,Active
006Q800000BqXeH,1005051,United States,,,Active
006Q800000BqYIc,1007423,United States,,,Active
006Q800000BqaFZ,1005346,United States,,,Not a Member
006Q800000Bqfoj,1003885,Canada,,,Active
006Q800000BqxC9,1005547,United States,,,Not a Member
006Q800000Br3si,1005063,United States,,,Not a Member
006Q800000Br5Xt,1005051,United States,,,Active
006Q800000Br95G,1004763,United States,,,Active
006Q800000Br9bV,1004928,United States,,,Pending
006Q800000BvAab,1000542,New Zealand,,,Not a Member
006Q800000BvKuw,1003023,Australia,,,Not a Member
006Q800000BvoL7,1005931,Australia,,,Not a Member
006Q800000Bvpyj,1006941,Australia,,,Not a Member
006Q800000Bw3iL,1002974,Australia,,,Active
006Q800000Bwgrl,1006455,Australia,No Decision,,Active
006Q800000Bx52A,1003198,Australia,No Decision,,Active
006Q800000BxGC5,1003209,EMEA,Competition,,Active
006Q800000BxHg1,1003209,EMEA,Competition,,Active
006Q800000BxhnN,1007306,United States,Other (Add detail to Other Closed Lost Reason),,Active
006Q800000BxqIn,1005067,United States,,,Active
006Q800000BxrEs,1005043,United States,,,Not a Member
006Q800000BxsMD,1005544,United States,,,Active
006Q800000BxsNp,1004867,United States,Competition,,Active
006Q800000BxscL,1004867,United States,Other (Add detail to Other Closed Lost Reason),,Active
006Q800000ByGrZ,1004768,United States,,,Active
006Q800000ByUuX,1002967,Australia,,,Active
006Q800000Bz9jC,1002695,Australia,,,Active
006Q800000BzD74,1002969,Australia,,,Active
006Q800000C0cG5,,Australia,Lack of Budget,,Not a Member
006Q800000C0ePx,,Asia Pacific,No Decision,,Not a Member
006Q800000C0lo1,1006091,Canada,Competition,,Active
006Q800000C0mSL,1005776,United States,,,Active
006Q800000C0nJZ,1004715,United States,,,Pending
006Q800000C0p3d,1005776,United States,,,Active
006Q800000C0pbV,1006957,United States,,,Not a Member
006Q800000C0qXZ,1005776,United States,,,Active
006Q800000C0rBt,1006085,United States,,,Active
006Q800000C0rbh,1004711,United States,No Decision,,Active
006Q800000C0t8t,1006055,United States,Other (Add detail to Other Closed Lost Reason),,Active
006Q800000C0x7d,1004768,United States,,,Active
006Q800000C10Os,1007626,United States,Other (Add detail to Other Closed Lost Reason),,Active
006Q800000C11MX,1004807,United States,No Decision,,Active
006Q800000C12s6,1004778,United States,,,Active
006Q800000C1IFK,1004787,United States,,,Active
006Q800000C1LJe,1004766,United States,,,Not a Member
006Q800000C1RP3,1005027,United States,,,Active
006Q800000C1Vdx,1007434,Australia,Other (Add detail to Other Closed Lost Reason),,Not a Member
006Q800000C2LCj,1002937,Australia,,,Active
006Q800000C2MFF,1003379,Australia,No Decision,,Active
006Q800000C2NBK,1004294,Australia,,,Pending
006Q800000C2OXC,,Asia Pacific,Competition,,Not a Member
006Q800000C2Qp7,1004294,Australia,,,Pending
006Q800000C2c8j,1002958,Australia,,,Not a Member
006Q800000C2dpZ,1002978,EMEA,No Decision,,Not a Member
006Q800000C2fxp,,Australia,Unresponsive Contacts,,Not a Member
006Q800000C2ora,,United States,,,Not a Member
006Q800000C3Qzx,1000646,Asia Pacific,,,Pending
006Q800000C3YZJ,1003209,EMEA,,,Active
006Q800000C3bLt,1003675,Asia Pacific,,,Active
006Q800000C3iyU,1007306,United States,Pricing,,Active
006Q800000C3p2J,1003885,Canada,,,Active
006Q800000C3qJJ,1005801,United States,,,Active
006Q800000C3r8w,1007662,United States,Unresponsive Contacts,,Not a Member
006Q800000C3s0B,1007450,United States,Other (Add detail to Other Closed Lost Reason),,Not a Member
006Q800000C3s8D,1007433,United States,Other (Add detail to Other Closed Lost Reason),,Not a Member
006Q800000C3s9q,1007440,United States,Other (Add detail to Other Closed Lost Reason),,Active
006Q800000C3szR,1005289,United States,,,Not a Member
006Q800000C3tFZ,1004535,United States,Other (Add detail to Other Closed Lost Reason),,Not a Member
006Q800000C3tM1,1006510,Canada,Competition,,Not a Member
006Q800000C3tXK,1005019,United States,,,Not a Member
006Q800000C3vak,1003885,Canada,,,Active
006Q800000C3w3l,1006510,Canada,Competition,,Not a Member
006Q800000C3w8b,1006510,Canada,Competition,,Not a Member
006Q800000C3yDd,1004763,United States,Pricing,,Active
006Q800000C3ybp,1006058,United States,,,Active
006Q800000C3zjC,1005046,United States,,,Active
006Q800000C40yc,1007189,Canada,,,Not a Member
006Q800000C419t,1007486,Canada,Unresponsive Contacts,,Not a Member
006Q800000C4IkD,1007439,United States,Unresponsive Contacts,,Not a Member
006Q800000C4KhB,,Canada,,,Not a Member
006Q800000C4XjF,1006677,Australia,Other (Add detail to Other Closed Lost Reason),,Active
006Q800000C4akN,1003660,Australia,No Decision,,Not a Member
006Q800000C4bBv,1007434,Australia,,,Not a Member
006Q800000C5mTK,1000534,Asia Pacific,,,Not a Member
006Q800000C5pUP,1000534,Asia Pacific,,,Not a Member
006Q800000C67sj,,Asia Pacific,Pricing,,Not a Member
006Q800000C6QFR,,Asia Pacific,Pricing,,Not a Member
006Q800000C6uv4,1004772,United States,,,Active
006Q800000C74hV,1003885,Canada,,,Active
006Q800000C74rB,1007101,Canada,Competition,,Active
006Q800000C76ub,1005165,United States,,,Active
006Q800000C7B34,1005546,United States,,,Active
006Q800000C7B6H,1004039,Canada,,,Active
006Q800000C7BZK,1006913,United States,,,Active
006Q800000C7GM6,1005025,United States,,,Not a Member
006Q800000C7H3d,1005392,United States,,,Active
006Q800000C7HOd,1007439,United States,,,Not a Member
006Q800000C7HQD,1005392,United States,,,Active
006Q800000C7HQF,1005293,United States,,,Active
006Q800000C7apS,1004807,United States,,,Active
006Q800000C7c9k,1007625,United States,No Decision,,Not a Member
006Q800000C7cMd,1004807,United States,,,Active
006Q800000C7dlh,1006850,Canada,,,Active
006Q800000C7ecv,1002724,Australia,No Decision,,Not a Member
006Q800000C7ejN,1005112,United States,Competition,,Not a Member
006Q800000C7lcn,1003751,Australia,,,Active
006Q800000C7p0g,1007401,Australia,,,Not a Member
006Q800000C8ZjT,1000928,New Zealand,Unresponsive Contacts,,Not a Member
006Q800000C8aNb,1000667,Asia Pacific,,,Active
006Q800000C8hQf,1007550,Asia Pacific,,,Not a Member
006Q800000C8zQp,1006948,Asia Pacific,Competition,,Not a Member
006Q800000CA17B,1005067,United States,,,Active
006Q800000CAFGd,1005776,United States,,,Active
006Q800000CAGEH,1008090,EMEA,No Decision,,Not a Member
006Q800000CAGiv,1007522,Canada,,,Not a Member
006Q800000CAHru,1005776,United States,,,Active
006Q800000CAJVa,1005776,United States,Other (Add detail to Other Closed Lost Reason),Project has already been completed/Not closed in SF,Active
006Q800000CAJgo,1005776,United States,,,Active
006Q800000CAJk2,1006957,United States,,,Not a Member
006Q800000CAK6b,1004867,United States,,,Active
006Q800000CALST,1005776,United States,,,Active
006Q800000CALSU,1005776,United States,Other (Add detail to Other Closed Lost Reason),Project has already been completed/Not closed in SF,Active
006Q800000CALSV,1005776,United States,,,Active
006Q800000CALc9,1005776,United States,,,Active
006Q800000CALgz,1005776,United States,,,Active
006Q800000CALh0,1005776,United States,,,Active
006Q800000CAMmk,1007001,United States,Lack of Budget,,Not a Member
006Q800000CEr5Z,1003273,Australia,,,Active
006Q800000CFG7C,1007280,Australia,No Decision,,Not a Member
006Q800000CFY8w,1007280,Australia,No Decision,,Not a Member
006Q800000CFYAY,1002969,Australia,,,Active
006Q800000CFaVi,1000648,New Zealand,Lack of Budget,,Active
006Q800000CFlJ3,1003301,Australia,,,Not a Member
006Q800000CFwzF,1003384,Australia,,,Active
006Q800000CHI1e,1003965,Canada,Unresponsive Contacts,,Active
006Q800000CHQaH,1003975,Canada,Unresponsive Contacts,,Not a Member
006Q800000CHSPB,1005994,Canada,Unresponsive Contacts,,Not a Member
006Q800000CHWSn,1004039,Canada,Other (Add detail to Other Closed Lost Reason),,Active
006Q800000CI02f,1003885,Canada,,,Active
006Q800000CI21F,1004318,Australia,No Decision,,Active
006Q800000CIkLd,1002969,Australia,Pricing,,Active
006Q800000CInMj,1000834,New Zealand,,,Not a Member
006Q800000CIqxL,1003508,Australia,,,Not a Member
006Q800000CIymn,1002861,Australia,No Decision,,Pending
006Q800000CJ0dO,1007442,Australia,,,Not a Member
006Q800000CJmy6,,Asia Pacific,Competition,,Not a Member
006Q800000CKFop,1004973,United States,,,Active
006Q800000CKGEc,1003209,EMEA,,,Active
006Q800000CKHqc,1005273,United States,,,Active
006Q800000CKMBx,1003570,EMEA,,,Active
006Q800000CKPHt,1005690,United States,,,Active
006Q800000CKQvW,1006301,United States,Competition,,Not a Member
006Q800000CKSEN,1005293,United States,,,Active
006Q800000CKWZW,1004772,United States,,,Active
006Q800000CKYLC,1005270,United States,,,Active
006Q800000CKYWT,1007650,United States,,,Not a Member
006Q800000CKYuh,1004772,United States,,,Active
006Q800000CKZSX,1004772,United States,,,Active
006Q800000CKbfe,,United States,,,Not a Member
006Q800000CKcF7,1004968,United States,Competition,,Active
006Q800000CKef8,1005532,United States,,,Active
006Q800000CKtXi,1005460,United States,,,Active
006Q800000CKwaQ,1004039,Canada,,,Active
006Q800000CKxRd,1004715,United States,,,Pending
006Q800000CL3Yo,1006020,Australia,Other (Add detail to Other Closed Lost Reason),,Active
006Q800000CLMQ1,1002979,Australia,,,Active
006Q800000CLxqz,1003017,Australia,,,Not a Member
006Q800000CM4Y5,,EMEA,Change of Circumstances,,Not a Member
006Q800000CNMSL,1003209,EMEA,,,Active
006Q800000CNO2k,1005046,United States,,,Active
006Q800000CNU1j,1004031,Canada,Other (Add detail to Other Closed Lost Reason),,Active
006Q800000CNUWL,1004857,United States,,,Active
006Q800000CNUkr,1004973,United States,Competition,,Active
006Q800000CNX2o,1007522,Canada,Competition,,Not a Member
006Q800000CNYOf,1004709,United States,Pricing,Lower Price,Active
006Q800000CNaez,1003965,Canada,,,Active
006Q800000CNbrB,1003997,Canada,,,Not a Member
006Q800000CNvza,1004039,Canada,,,Active
006Q800000CNxH0,1004808,United States,,,Pending
006Q800000CNxH1,1003720,New Zealand,Unresponsive Contacts,,Not a Member
006Q800000CNzAM,1007443,Canada,,,Active
006Q800000COzGN,1003110,Australia,No Decision,,Not a Member
006Q800000CP8TJ,,EMEA,Competition,,Not a Member
006Q800000CQ3Eg,1006805,EMEA,,,Active
006Q800000CQEV3,1006805,EMEA,Other (Add detail to Other Closed Lost Reason),Tebder was calncelled,Active
006Q800000CQOxR,1005111,United States,Other (Add detail to Other Closed Lost Reason),,Not a Member
006Q800000CQRAX,1005184,United States,,,Not a Member
006Q800000CQRdZ,1007001,United States,Other (Add detail to Other Closed Lost Reason),,Not a Member
006Q800000CQUl7,1005111,United States,Competition,,Not a Member
006Q800000CQWjh,1005289,United States,,,Not a Member
006Q800000CQYC1,1007532,EMEA,No Decision,,Not a Member
006Q800000CQaiU,1005293,United States,,,Active
006Q800000CQcKT,1003885,Canada,Other (Add detail to Other Closed Lost Reason),,Active
006Q800000CQeB0,1005293,United States,,,Active
006Q800000CQeHR,1007232,United States,,,Active
006Q800000CQgkf,1005293,United States,,,Active
006Q800000CQhGv,1005293,United States,,,Active
006Q800000CQieP,1007131,United States,,,Active
006Q800000CR117,1003969,Canada,,,Active
006Q800000CR1Qw,1007472,Canada,Competition,,Not a Member
006Q800000CR2bV,1005690,United States,,,Active
006Q800000CR2rd,1003952,Canada,,,Active
006Q800000CR37l,1005598,United States,,,Active
006Q800000CR39N,1003952,Canada,,,Active
006Q800000CR65d,1007361,New Zealand,,,Not a Member
006Q800000CRYRh,1006948,Asia Pacific,Competition,,Not a Member
006Q800000CRmXt,1007460,Australia,,,Not a Member
006Q800000CSg8h,1006870,Australia,Pricing,,Active
006Q800000CTC2J,1003209,EMEA,,,Active
006Q800000CTgpl,,United States,,,Not a Member
006Q800000CTkrl,1005293,United States,,,Active
006Q800000CTm7C,1005113,United States,,,Not a Member
006Q800000CTmAP,,United States,,,Not a Member
006Q800000CTmbp,1004787,United States,,The customer is not responding for a decision. May redo this when the customer gets back with them.,Active
006Q800000CU9mv,1005165,United States,Other (Add detail to Other Closed Lost Reason),,Active
006Q800000CUCzK,1006271,United States,,,Active
006Q800000CUHR7,1005381,United States,,,Not a Member
006Q800000CY4v7,1007410,Asia Pacific,,,Not a Member
006Q800000CYk9a,1002956,Australia,Lack of Budget,,Not a Member
006Q800000CYkSv,1002956,Australia,Lack of Budget,,Not a Member
006Q800000CYkaz,1002956,Australia,Lack of Budget,,Not a Member
006Q800000CYlFN,1007271,Australia,,,Not a Member
006Q800000CYntp,1002940,Australia,,,Active
006Q800000CYu2Y,1003503,Australia,,,Active
006Q800000CaEAP,1007171,Asia Pacific,Pricing,,Not a Member
006Q800000CaPoz,1005882,EMEA,No Decision,,Not a Member
006Q800000CaQUv,1003965,Canada,Unresponsive Contacts,,Active
006Q800000CaRsQ,1004592,United States,,,Active
006Q800000CaUiD,1005444,United States,,,Active
006Q800000CaXJV,1004711,United States,,,Active
006Q800000Caau6,1004039,Canada,Other (Add detail to Other Closed Lost Reason),,Active
006Q800000Cab8b,1004035,Canada,No Decision,,Active
006Q800000CavVV,1005270,United States,Other (Add detail to Other Closed Lost Reason),,Active
006Q800000Cavtu,1004039,Canada,,,Active
006Q800000CavyX,1007522,Canada,Other (Add detail to Other Closed Lost Reason),,Not a Member
006Q800000CawGH,1004039,Canada,Other (Add detail to Other Closed Lost Reason),,Active
006Q800000CawHt,,United States,,,Not a Member
006Q800000Cax13,1004039,Canada,Other (Add detail to Other Closed Lost Reason),,Active
006Q800000Cb1cY,1005051,United States,,,Active
006Q800000Cb5bJ,1007167,Australia,,,Not a Member
006Q800000Cb7gM,1006430,Australia,,,Active
006Q800000Cb9qE,1000755,New Zealand,,,Not a Member
006Q800000CbC9s,1003038,Australia,,,Active
006Q800000CcIt3,1007660,EMEA,Pricing,,Not a Member
006Q800000Cccv0,1003209,EMEA,Other (Add detail to Other Closed Lost Reason),,Active
006Q800000CdKxd,1003365,EMEA,,,Active
006Q800000CdLIc,1006510,Canada,,,Not a Member
006Q800000CdRCj,1003885,Canada,Other (Add detail to Other Closed Lost Reason),,Active
006Q800000CdZmz,1007474,EMEA,,,Not a Member
006Q800000CddPB,1005293,United States,,,Active
006Q800000Cdept,1006257,United States,Other (Add detail to Other Closed Lost Reason),Will be purchasing through Graybar per dealers request,Not a Member
006Q800000CdilR,1006091,Canada,,,Active
006Q800000CdkYk,1003865,Canada,Other (Add detail to Other Closed Lost Reason),,Active
006Q800000Ce189,1003885,Canada,,,Active
006Q800000Ce4Z3,1007378,United States,,,Active
006Q800000Ce9Yj,1005121,United States,,,Active
006Q800000CeVPb,1004968,United States,Unresponsive Contacts,,Active
006Q800000CeqCI,,New Zealand,Competition,,Active
006Q800000CexaL,1003379,Australia,,,Active
006Q800000Cf0lK,,Australia,,,Active
006Q800000CfdrK,1004294,Australia,Pricing,,Pending
006Q800000CffoJ,1002979,Australia,Other (Add detail to Other Closed Lost Reason),,Active
006Q800000CgQTq,1003209,EMEA,,,Active
006Q800000CgSXF,1003209,EMEA,,,Active
006Q800000CgWB3,1007490,EMEA,,,Not a Member
006Q800000CgWUP,1007456,United States,,,Active
006Q800000CgdxJ,1002978,EMEA,No Decision,,Not a Member
006Q800000CghL0,1003968,Canada,Unresponsive Contacts,,Active
006Q800000CghmP,1005257,United States,,,Active
006Q800000CghuT,1003965,Canada,Unresponsive Contacts,,Active
006Q800000CglOb,1004760,United States,,,Active
006Q800000CgltF,1007197,United States,Other (Add detail to Other Closed Lost Reason),,Active
006Q800000Ch4B7,1004763,United States,Other (Add detail to Other Closed Lost Reason),,Active
006Q800000Ch4hN,1003209,EMEA,,,Active
006Q800000Ch4mE,1005293,United States,,,Active
006Q800000Ch5Wz,1007101,Canada,,,Active
006Q800000Ch66T,1004039,Canada,,,Active
006Q800000Ch6o1,1005546,United States,Lack of Budget,,Active
006Q800000Ch8zV,1006385,New Zealand,,,Not a Member
006Q800000ChBUM,1003527,Australia,,,Active
006Q800000ChCQQ,1002861,Australia,,,Pending
006Q800000CiDIn,1003017,Australia,,,Not a Member
006Q800000CiHHZ,1005864,Australia,Change of Circumstances,,Not a Member
006Q800000CjZh3,,Asia Pacific,Pricing,,Not a Member
006Q800000CjbO5,1006773,United States,Other (Add detail to Other Closed Lost Reason),,Active
006Q800000Cjd37,1006373,United States,,,Not a Member
006Q800000Cjg0z,1007666,United States,Other (Add detail to Other Closed Lost Reason),,Not a Member
006Q800000Cjg5p,1007666,United States,Other (Add detail to Other Closed Lost Reason),,Not a Member
006Q800000CjhUy,1004962,United States,Other (Add detail to Other Closed Lost Reason),,Active
006Q800000CjhZm,1004807,United States,Other (Add detail to Other Closed Lost Reason),,Active
006Q800000CjhgD,1004792,United States,,,Not a Member
006Q800000CjjbZ,1003952,Canada,Unresponsive Contacts,,Active
006Q800000CjllR,1004807,United States,,,Active
006Q800000CjlyL,1007197,United States,,,Active
006Q800000Cjm82,1005176,United States,,,Not a Member
006Q800000Cjm84,1004763,United States,,,Active
006Q800000CjnDo,1004856,United States,,,Active
006Q800000CjsF3,1003965,Canada,Unresponsive Contacts,,Active
006Q800000CkCfB,1003885,Canada,,,Active
006Q800000CkD9p,1004867,United States,Lack of Budget,looking for clutch deadbolt,Active
006Q800000CkFoL,1007666,United States,Lack of Budget,,Not a Member
006Q800000CkNVl,1004677,United States,,,Not a Member
006Q800000CkTjG,1003864,Canada,Lack of Budget,,Not a Member
006Q800000CkeTz,1003022,Australia,Lack of Budget,,Not a Member
006Q800000CkiYf,1003049,Australia,,,Active
006Q800000ClJDD,1003209,EMEA,,,Active
006Q800000ClY0v,1003209,EMEA,,,Active
006Q800000Cljvf,1002979,Australia,Lack of Budget,,Active
006Q800000CmFid,1003209,EMEA,,,Active
006Q800000CmSxZ,1003209,EMEA,,,Active
006Q800000CmUkr,1003209,EMEA,,,Active
006Q800000CmdmY,1003864,Canada,Competition,,Not a Member
006Q800000CmeVi,1007246,United States,,,Active
006Q800000CmeXJ,1005112,United States,Change of Circumstances,,Not a Member
006Q800000CmiXi,1005452,United States,,,Pending
006Q800000CmlSL,1004527,United States,,,Active
006Q800000Cmldd,1005452,United States,,,Pending
006Q800000Cmlwz,1005163,United States,,,Active
006Q800000CmmwH,,United States,Other (Add detail to Other Closed Lost Reason),,Not a Member
006Q800000Cmnab,1005112,United States,Competition,,Not a Member
006Q800000Cmntx,1005873,United States,,,Active
006Q800000Cmpvl,1004787,United States,Other (Add detail to Other Closed Lost Reason),,Active
006Q800000CnALt,1005165,United States,Unresponsive Contacts,,Active
006Q800000CnBBV,1007646,United States,Other (Add detail to Other Closed Lost Reason),,Active
006Q800000CnBhl,1007194,United States,,,Not a Member
006Q800000CnHC6,1005163,United States,,,Active
006Q800000CnNCg,1005163,United States,,,Active
006Q800000CohpH,1005032,United States,,,Active
006Q800000Colxj,1004694,United States,,,Active
006Q800000Con0E,1004793,United States,,,Not a Member
006Q800000ConjN,1004694,United States,,,Active
006Q800000ConoD,1004694,United States,,,Active
006Q800000Coo2j,1005043,United States,,,Not a Member
006Q800000Coo7a,1005287,United States,,,Active
006Q800000Coo9B,,United States,,,Active
006Q800000CooHF,1007131,United States,,,Active
006Q800000CooNh,1004850,United States,,,Active
006Q800000CooVl,1005067,United States,,,Active
006Q800000Cooab,1004527,United States,,,Active
006Q800000CoofR,1005067,United States,,,Active
006Q800000CtYBp,1007423,United States,Unresponsive Contacts,,Active
006Q800000CtYbd,1005598,United States,Other (Add detail to Other Closed Lost Reason),,Active
006Q800000CtYtO,1005801,United States,Competition,,Active
006Q800000CtZcX,1007415,United States,Other (Add detail to Other Closed Lost Reason),Cannot get in touch with BCI at this time. Marking as lost but will continue to pursue a relationship.,Not a Member
006Q800000CtZkb,1000646,Asia Pacific,,,Pending
006Q800000CtcP8,1007256,United States,,,Active
006Q800000CtiRJ,,United States,Other (Add detail to Other Closed Lost Reason),,Pending
006Q800000CtxOl,1007646,United States,Competition,,Active
006Q800000Cu10v,1003885,Canada,Other (Add detail to Other Closed Lost Reason),,Active
006Q800000Cu1XB,1007625,United States,,,Not a Member
006Q800000Cu2bJ,1005121,United States,,,Active
006Q800000Cu3An,1004764,United States,,,Active
006Q800000Cu3nV,1007646,United States,Competition,,Active
006Q800000Cu4A5,1004807,United States,,,Active
006Q800000Cu4DJ,1004802,United States,,,Active
006Q800000Cu4Mz,1006240,United States,,,Not a Member
006Q800000Cu59N,1006240,United States,,,Not a Member
006Q800000Cu7r7,1007378,United States,,,Active
006Q800000Cu9hd,1002969,Australia,,,Active
006Q800000CuKMx,1004716,United States,,,Active
006Q800000CuZFV,1003757,New Zealand,,,Not a Member
006Q800000Cuhpl,1007401,Australia,,,Not a Member
006Q800000CujjW,1002974,Australia,,,Active
006Q800000CunaD,1008505,New Zealand,Unresponsive Contacts,,Not a Member
006Q800000CutHT,1003266,Australia,Competition,,Active
006Q800000CutXZ,1002974,Australia,,,Active
006Q800000Cutu9,1002974,Australia,,,Active
006Q800000Cw4KT,1003090,EMEA,,,Active
006Q800000CwMxJ,1003209,EMEA,Other (Add detail to Other Closed Lost Reason),,Active
006Q800000CwNDT,1004039,Canada,Other (Add detail to Other Closed Lost Reason),,Active
006Q800000CwUmn,1003209,EMEA,Other (Add detail to Other Closed Lost Reason),,Active
006Q800000CwVAz,1003209,EMEA,Other (Add detail to Other Closed Lost Reason),,Active
006Q800000CwWTd,1003209,EMEA,Other (Add detail to Other Closed Lost Reason),,Active
006Q800000CwWoc,1003209,EMEA,Other (Add detail to Other Closed Lost Reason),,Active
006Q800000CwX1W,1004701,United States,,,Active
006Q800000CwbBZ,1005257,United States,,,Active
006Q800000CwbQ5,1005111,United States,,,Not a Member
006Q800000CwcAr,1007398,United States,,,Not a Member
006Q800000CwcFi,1005163,United States,Other (Add detail to Other Closed Lost Reason),,Active
006Q800000CwcM9,1003885,Canada,Other (Add detail to Other Closed Lost Reason),,Active
006Q800000CwdEz,1004925,United States,,,Active
006Q800000Cwe4b,1005272,United States,,,Active
006Q800000CwfyL,1004697,United States,,,Active
006Q800000Cx0bN,1005384,United States,,,Pending
006Q800000Cx0t7,1004763,United States,Other (Add detail to Other Closed Lost Reason),,Active
006Q800000Cx7cr,1001017,New Zealand,,,Not a Member
006Q800000Cxvhi,1006205,Australia,,,Not a Member
006Q800000Cy29h,1003387,Australia,,,Active
006Q800000CyYmH,1007660,EMEA,Competition,,Not a Member
006Q800000CzF01,1003209,EMEA,,,Active
006Q800000CzJIA,1005452,United States,,,Pending
006Q800000CzOOI,1003969,Canada,,,Active
006Q800000CzP7R,1007131,United States,,,Active
006Q800000CzSbZ,1004020,Canada,Competition,,Not a Member
006Q800000CzWKD,1007415,United States,,,Not a Member
006Q800000CzYkD,1003965,Canada,Unresponsive Contacts,,Active
006Q800000Cza2s,1004938,United States,,,Not a Member
006Q800000CzsxR,1005176,United States,,,Not a Member
006Q800000CzuET,1004789,United States,,,Active
006Q800000Czvwv,1004685,United States,,,Not a Member
006Q800000CzweT,1005594,United States,,,Active
006Q800000Czx5t,1005776,United States,,,Active
006Q800000CzytB,1004520,United States,,,Active
006Q800000CzzZ8,1005861,Australia,,,Not a Member
006Q800000D0H7q,1002881,Australia,Pricing,,Not a Member
006Q800000D0h5W,1003198,Australia,No Decision,,Active
006Q800000D0sNW,1007171,Asia Pacific,Competition,,Not a Member
006Q800000D12Q5,1007223,Asia Pacific,,,Not a Member
006Q800000D14Op,1003218,Australia,Lack of Budget,,Not a Member
006Q800000D15cT,1002969,Australia,,,Active
006Q800000D1Cin,1007432,Australia,,,Not a Member
006Q800000D1x9p,1007223,Asia Pacific,,,Not a Member
006Q800000D1ykD,,Asia Pacific,,,Not a Member
006Q800000D2717,1007591,Asia Pacific,,,Not a Member
006Q800000D28wT,1007560,Asia Pacific,Pricing,,Not a Member
006Q800000D2DzN,1007688,EMEA,,,Not a Member
006Q800000D2Iar,,EMEA,Competition,,Not a Member
006Q800000D2QJu,1003209,EMEA,,,Active
006Q800000D2Qji,1004694,United States,,,Active
006Q800000D2RXi,1007646,United States,Unresponsive Contacts,,Active
006Q800000D2Rj0,1007131,United States,,,Active
006Q800000D2S3x,1005544,United States,,,Active
006Q800000D2S8n,1004524,United States,,,Active
006Q800000D2SWz,1005287,United States,,,Active
006Q800000D2SaE,1005051,United States,,,Active
006Q800000D2TEY,1005163,United States,Other (Add detail to Other Closed Lost Reason),,Active
006Q800000D2TPp,1005051,United States,,,Active
006Q800000D2TT3,1005051,United States,,,Active
006Q800000D2W9B,1004973,United States,No Decision,,Active
006Q800000D2nRl,1005163,United States,,,Active
006Q800000D2npx,1005293,United States,Unresponsive Contacts,,Active
006Q800000D2oR3,1004552,United States,,,Not a Member
006Q800000D2s3F,1000451,New Zealand,Other (Add detail to Other Closed Lost Reason),,Active
006Q800000D4uwz,1007591,Asia Pacific,,,Not a Member
006Q800000D5MEv,1004971,United States,,,Pending
006Q800000D5TWX,1004807,United States,,,Active
006Q800000D5TgD,1004802,United States,,,Active
006Q800000D5U2n,1005112,United States,Competition,,Not a Member
006Q800000D5UkL,,United States,Other (Add detail to Other Closed Lost Reason),,Not a Member
006Q800000D5Wm9,1005165,United States,,,Active
006Q800000D79tV,,Asia Pacific,Competition,,Not a Member
006Q800000D7mtH,1002865,Australia,,,Active
006Q800000D9TGD,1003022,Australia,Pricing,,Not a Member
006Q800000D9X25,,Australia,Other (Add detail to Other Closed Lost Reason),,Not a Member
006Q800000D9tVf,1002712,Australia,,,Active
006Q800000D9xkX,1007193,Australia,,,Not a Member
006Q800000DAIx3,1003384,Australia,,,Active
006Q800000DAMZS,1003515,Australia,Other (Add detail to Other Closed Lost Reason),,Pending
006Q800000DAVr3,1002940,Australia,,,Active
006Q800000DBzzx,1003209,EMEA,,,Active
006Q800000DC1VV,1003580,EMEA,Unresponsive Contacts,,Not a Member
006Q800000DC52s,1004716,United States,,,Active
006Q800000DC7aw,,United States,,,Not a Member
006Q800000DC88o,1003879,Canada,Other (Add detail to Other Closed Lost Reason),,Active
006Q800000DC8C1,1005020,United States,,,Active
006Q800000DC8K8,,United States,No Decision,,Not a Member
006Q800000DC8ry,1007443,Canada,,,Active
006Q800000DCAQj,1004682,United States,,,Pending
006Q800000DCBMp,1004782,United States,,,Active
006Q800000DCBRe,,United States,,,Not a Member
006Q800000DCCKU,1005381,United States,,,Not a Member
006Q800000DCCac,1007290,United States,,,Not a Member
006Q800000DCJSS,1005350,United States,Other (Add detail to Other Closed Lost Reason),,Active
006Q800000DCSM1,1003209,EMEA,,,Active
006Q800000DCVQM,1005257,United States,,,Active
006Q800000DCVwc,1008531,Canada,Pricing,,Not a Member
006Q800000DCY1d,1005287,United States,,,Active
006Q800000DCYBJ,1004971,United States,,,Pending
006Q800000DCmhQ,1003527,Australia,Other (Add detail to Other Closed Lost Reason),,Active
006Q800000DCx03,1002861,Australia,Unresponsive Contacts,,Pending
006Q800000DD5oq,1003022,Australia,,,Not a Member
006Q800000DDEQf,1005861,Australia,,,Not a Member
006Q800000DDOoD,,Australia,Pricing,,Not a Member
006Q800000DDXLG,1002786,Australia,Other (Add detail to Other Closed Lost Reason),,Not a Member
006Q800000DDujG,1007503,Australia,,,Not a Member
006Q800000DDvp1,1002786,Australia,Other (Add detail to Other Closed Lost Reason),,Not a Member
006Q800000DE729,1006805,EMEA,Change of Circumstances,,Active
006Q800000DEC0I,1002865,Australia,,,Active
006Q800000DEgT3,1003675,Asia Pacific,,,Active
006Q800000DEzFR,1007223,Asia Pacific,,,Not a Member
006Q800000DF0wI,1003209,EMEA,,,Active
006Q800000DF6yT,1003209,EMEA,,,Active
006Q800000DF8p1,,United States,,,Not a Member
006Q800000DFAM9,1006017,United States,Other (Add detail to Other Closed Lost Reason),staying with Impact Fire,Not a Member
006Q800000DFBjd,1004694,United States,,,Active
006Q800000DFCpN,1005121,United States,,,Active
006Q800000DFM3y,1004793,United States,,,Not a Member
006Q800000DFWbB,1004694,United States,,,Active
006Q800000DFXdi,1004535,United States,,,Not a Member
006Q800000DFY8L,1005293,United States,,,Active
006Q800000DFZAr,1005158,United States,,,Active
006Q800000DFZXR,1006593,United States,,,Active
006Q800000DFZfV,1005158,United States,,,Active
006Q800000DFaIE,1004782,United States,,,Active
006Q800000DFd3B,1004787,United States,,,Active
006Q800000DFyKX,1004711,United States,,,Active
006Q800000DG8gU,1003039,Australia,Lack of Budget,,Not a Member
006Q800000DGFV4,1002967,Australia,,,Active
006Q800000DGKRV,1005770,New Zealand,Unresponsive Contacts,,Not a Member
006Q800000DGWxJ,1007512,Australia,No Decision,,Active
006Q800000DHPtl,1003428,EMEA,,,Active
006Q800000DHdjq,1003209,EMEA,,,Active
006Q800000DHhp3,1003209,EMEA,Other (Add detail to Other Closed Lost Reason),,Active
006Q800000DHtdJ,,United States,,,Not a Member
006Q800000DHzkL,1004807,United States,Change of Circumstances,,Active
006Q800000DI06v,1006623,Canada,Competition,,Not a Member
006Q800000DI5GH,1004867,United States,Competition,,Active
006Q800000DIcCL,1002865,Australia,,,Active
006Q800000DIg69,1002865,Australia,,,Active
006Q800000DIhJx,1002865,Australia,,,Active
006Q800000DIqDx,1002865,Australia,,,Active
006Q800000DItMj,1002865,Australia,,,Active
006Q800000DJ4mn,,Asia Pacific,Pricing,,Not a Member
006Q800000DJ9D0,1002865,Australia,,,Active
006Q800000DJFdO,1003387,Australia,,,Active
006Q800000DJMi8,1005788,Australia,,,Not a Member
006Q800000DJUas,1005451,United States,,,Not a Member
006Q800000DKae9,1000641,Asia Pacific,Pricing,,Not a Member
006Q800000DKleP,1003369,EMEA,Missing Features (Add detail to Other Closed Lost Reason),We lost thanks our visualization capabilities in maps - our limited mapping capabilies have not met the requirements,Active
006Q800000DKmnN,1003369,EMEA,,,Active
006Q800000DKnTJ,1003369,EMEA,,,Active
006Q800000DKngD,1003369,EMEA,Competition,Inner Range - we lost by price,Active
006Q800000DKxin,1006445,United States,,,Not a Member
006Q800000DKyYP,1007923,Australia,,,Not a Member
006Q800000DL2Ab,1007506,Canada,,,Not a Member
006Q800000DLBNa,1007683,United States,Other (Add detail to Other Closed Lost Reason),,Not a Member
006Q800000DLCOU,1005032,United States,,,Active
006Q800000DLW0b,1005775,United States,,,Not a Member
006Q800000DLXKr,1003885,Canada,,,Active
006Q800000DLbmf,1003952,Canada,,,Active
006Q800000DLnEL,1007205,Australia,,,Not a Member
006Q800000DLwW9,1003017,Australia,,,Not a Member
006Q800000DNHYX,1007171,Asia Pacific,Competition,,Not a Member
006Q800000DOAQ9,1007001,United States,,,Not a Member
006Q800000DOAun,1005068,United States,,,Not a Member
006Q800000DOBCX,1005293,United States,,,Active
006Q800000DOCGh,,United States,Missing Features (Add detail to Other Closed Lost Reason),Not enough details in SF to continue after this opportunity,Not a Member
006Q800000DOCdG,1003884,Canada,Unresponsive Contacts,,Active
006Q800000DODnq,,United States,Other (Add detail to Other Closed Lost Reason),,Not a Member
006Q800000DOEK5,,United States,Other (Add detail to Other Closed Lost Reason),,Not a Member
006Q800000DOGYn,1007246,United States,,,Active
006Q800000DOGde,1007232,United States,Other (Add detail to Other Closed Lost Reason),,Active
006Q800000DOH0F,1003885,Canada,Unresponsive Contacts,,Active
006Q800000DOHgE,1007706,United States,Other (Add detail to Other Closed Lost Reason),,Not a Member
006Q800000DOHt4,1005544,United States,,,Active
006Q800000DOIFe,1007232,United States,Pricing,,Active
006Q800000DOIfR,1007232,United States,,,Active
006Q800000DOItx,1007232,United States,,,Active
006Q800000DOJur,1004790,United States,Unresponsive Contacts,,Not a Member
006Q800000DOKVy,1005920,Canada,Unresponsive Contacts,,Not a Member
006Q800000DOcO1,1005293,United States,,,Active
006Q800000DOfKI,1005046,United States,Competition,End User went with VTS over Cohesion,Active
006Q800000DOl9Z,1005163,United States,,,Active
006Q800000DSRUC,1002795,Australia,,,Active
006Q800000DTAED,1007145,Australia,No Decision,,Not a Member
006Q800000DTK3t,1000938,Asia Pacific,,,Not a Member
006Q800000DTLHh,1007536,Australia,,,Not a Member
006Q800000DTM8x,1003295,Australia,,,Active
006Q800000DTMnF,1000858,New Zealand,No Decision,,Active
006Q800000DTTX0,1007520,Australia,,,Not a Member
006Q800000DTVgr,1007520,Australia,,,Not a Member
006Q800000DTfl3,1003205,Australia,,,Not a Member
006Q800000DUl21,1002783,EMEA,,,Active
006Q800000DUrIm,1005111,United States,,,Not a Member
006Q800000DUs1t,1002467,Asia Pacific,,,Active
006Q800000DUvKj,1005186,United States,,,Active
006Q800000DV04I,1004711,United States,Other (Add detail to Other Closed Lost Reason),,Active
006Q800000DV2yv,1005112,United States,Other (Add detail to Other Closed Lost Reason),,Not a Member
006Q800000DV3Wo,1005165,United States,,,Active
006Q800000DV4uH,1007688,EMEA,,,Not a Member
006Q800000DV6RR,1004867,United States,,,Active
006Q800000DV6o2,1007878,United States,,,Active
006Q800000DV97Z,1005572,United States,,,Not a Member
006Q800000DV9HF,1003885,Canada,,,Active
006Q800000DV9SX,1005720,Canada,,,Active
006Q800000DVAgN,1004772,United States,Unresponsive Contacts,,Active
006Q800000DVB69,1004856,United States,,,Active
006Q800000DVBMH,1007878,United States,,,Active
006Q800000DVCew,1004309,Canada,,,Active
006Q800000DVVXt,1003209,EMEA,,,Active
006Q800000DVVck,1004973,United States,Competition,,Active
006Q800000DVVzJ,1005546,United States,,,Active
006Q800000DVWP7,1007415,United States,Other (Add detail to Other Closed Lost Reason),Cannot get in touch with BCI at this time. Marking as lost but will continue to pursue a relationship.,Not a Member
006Q800000DVWYn,1007283,Canada,Lack of Budget,,Not a Member
006Q800000DVWgs,1007415,United States,Other (Add detail to Other Closed Lost Reason),Cannot get in touch with BCI at this time. Marking as lost but will continue to pursue a relationship.,Not a Member
006Q800000DVWqw,1004857,United States,,,Active
006Q800000DVXEj,1007415,United States,,,Not a Member
006Q800000DVXTF,1007415,United States,,,Not a Member
006Q800000DVYIr,1005298,United States,,,Active
006Q800000DVZQD,1005354,United States,,,Not a Member
006Q800000DVbTd,1002798,Australia,Lack of Budget,,Not a Member
006Q800000DVt5Z,1004535,United States,,,Not a Member
006Q800000DWLkz,1002795,Australia,,,Active
006Q800000DWNGl,1007520,Australia,,,Not a Member
006Q800000DWP3q,,Australia,No Decision,,Not a Member
006Q800000DWPn0,,Australia,No Decision,,Not a Member
006Q800000DWQMT,1007520,Australia,,,Not a Member
006Q800000DWQvy,1007520,Australia,,,Not a Member
006Q800000DWUl3,1007508,Asia Pacific,,,Not a Member
006Q800000DWXcT,1007520,Australia,,,Not a Member
006Q800000DXQid,,EMEA,Competition,,Not a Member
006Q800000DXYjN,1002979,Australia,Unresponsive Contacts,,Active
006Q800000DXq0L,,Asia Pacific,No Decision,,Not a Member
006Q800000DXvmP,1002979,Australia,Pricing,,Active
006Q800000DY04a,,United States,,,Pending
006Q800000DY5lm,1007539,EMEA,,,Not a Member
006Q800000DY7pB,1006527,United States,,,Active
006Q800000DY8y9,1005365,United States,,,Not a Member
006Q800000DYC0r,1004027,Canada,,,Active
006Q800000DYFV0,1004760,United States,,,Active
006Q800000DYGfZ,1005019,United States,,,Not a Member
006Q800000DYUsF,1005690,United States,Other (Add detail to Other Closed Lost Reason),,Active
006Q800000DYc1n,1005272,United States,No Decision,,Active
006Q800000DYcrO,1005594,United States,,,Active
006Q800000DYdvV,1005849,United States,,,Pending
006Q800000DYeOY,1005594,United States,,,Active
006Q800000DYegH,1005594,United States,,,Active
006Q800000DYzJJ,1005690,United States,Competition,,Active
006Q800000DYzMY,,Australia,Other (Add detail to Other Closed Lost Reason),,Pending
006Q800000DZoSO,1003751,Australia,Competition,,Active
006Q800000Da3cc,1002978,EMEA,,,Not a Member
006Q800000DanNh,1003660,Australia,,,Not a Member
006Q800000DasnB,,EMEA,Competition,,Not a Member
006Q800000Db4gH,1007101,Canada,Unresponsive Contacts,,Active
006Q800000Db5Kc,1004887,United States,,,Active
006Q800000DbACD,1005111,United States,Unresponsive Contacts,,Not a Member
006Q800000DbBwI,1006246,Canada,Unresponsive Contacts,,Active
006Q800000DbC4L,1004525,United States,,,Active
006Q800000DbD5G,1006246,Canada,,,Active
006Q800000DbEnh,1003885,Canada,,,Active
006Q800000DbcoP,1003892,Canada,,,Active
006Q800000Dbgws,1005558,United States,,,Not a Member
006Q800000DbzHx,1006205,Australia,,,Not a Member
006Q800000DcYh7,1005293,United States,,,Active
006Q800000De51V,1007512,Australia,Other (Add detail to Other Closed Lost Reason),,Active
006Q800000De7JR,1003537,Australia,Unresponsive Contacts,,Active
006Q800000De9Zs,1007482,Canada,Lack of Budget,,Not a Member
006Q800000DeIbR,1006623,Canada,Lack of Budget,,Not a Member
006Q800000DeK0X,1007665,United States,,,Active
006Q800000DeLW5,1004761,United States,No Decision,,Pending
006Q800000DeLj1,1006085,United States,,,Active
006Q800000DeQfR,1005544,United States,,,Active
006Q800000DeRLN,1004760,United States,,,Active
006Q800000DedWF,1005046,United States,,,Active
006Q800000DelQX,1005046,United States,,,Active
006Q800000Demo1,1003987,Canada,Competition,,Active
006Q800000DerCc,1005563,United States,,,Not a Member
006Q800000DerPW,1005535,United States,,,Pending
006Q800000DerSj,1004590,United States,,,Active
006Q800000DeyOB,1007553,Australia,,,Not a Member
006Q800000Df4uc,1007520,Australia,,,Not a Member
006Q800000DfgWs,1006624,Australia,,,Pending
006Q800000DfkVr,1002971,Australia,,,Active
006Q800000Dh2NF,1000646,Asia Pacific,Competition,,Pending
006Q800000DhHd0,1007688,EMEA,Lack of Budget,,Not a Member
006Q800000DhNgE,1007582,Asia Pacific,,,Not a Member
006Q800000DhO4d,1004850,United States,,,Active
006Q800000DhT2U,1005043,United States,,,Not a Member
006Q800000DhUhh,1004857,United States,,,Active
006Q800000DhUjK,1005452,United States,Other (Add detail to Other Closed Lost Reason),,Pending
006Q800000DhW8Q,1004850,United States,,,Active
006Q800000DhWd3,1005158,United States,,,Active
006Q800000DhX7h,1007001,United States,,,Not a Member
006Q800000DhXMD,1004850,United States,,,Active
006Q800000DhXcL,1004850,United States,,,Active
006Q800000DhXu5,1004850,United States,,,Active
006Q800000DhYjh,1004694,United States,,,Active
006Q800000DhZFx,1005452,United States,,,Pending
006Q800000Dhye9,,United States,,,Not a Member
006Q800000Di18z,1005162,United States,Unresponsive Contacts,,Active
006Q800000DlAMD,1007245,Australia,No Decision,,Active
006Q800000DlpCW,1000559,New Zealand,Unresponsive Contacts,,Active
006Q800000Dlxd3,1003441,Australia,No Decision,,Not a Member
006Q800000DmHAM,1003261,Australia,,,Active
006Q800000Dmfnl,1006870,Australia,Competition,,Active
006Q800000DnIm0,1007669,Australia,No Decision,,Not a Member
006Q800000DnZzy,1007669,Australia,Lack of Budget,,Not a Member
006Q800000Dnd8n,1007669,Australia,No Decision,,Not a Member
006Q800000DndQX,1007669,Australia,No Decision,,Not a Member
006Q800000DoQO1,,EMEA,Competition,,Not a Member
006Q800000DoQSr,,EMEA,Competition,,Not a Member
006Q800000DoWDJ,1005742,United States,,,Not a Member
006Q800000DoWq2,1007869,United States,Competition,,Not a Member
006Q800000DoftJ,1006593,United States,,,Active
006Q800000DogFt,1004807,United States,Other (Add detail to Other Closed Lost Reason),,Active
006Q800000DohK1,,United States,Unresponsive Contacts,,Not a Member
006Q800000DoiWE,1005289,United States,,,Not a Member
006Q800000DojVW,1006058,United States,,,Active
006Q800000DojnG,1005455,United States,,,Active
006Q800000Dojor,1005455,United States,,,Active
006Q800000Dokcr,1005159,United States,,,Pending
006Q800000DolAj,1005293,United States,,,Active
006Q800000DolvV,1007878,United States,,,Active
006Q800000DonxK,1007676,United States,,,Active
006Q800000Dp7L8,1003049,Australia,,,Active
006Q800000Dp7zG,1005298,United States,,,Active
006Q800000DpBQO,1003444,Australia,,,Pending
006Q800000DpCJA,1003049,Australia,,,Active
006Q800000DpFC2,1003049,Australia,,,Active
006Q800000DpG85,1003049,Australia,,,Active
006Q800000DpXYj,1003347,Australia,No Decision,,Active
006Q800000Dq6JZ,1007130,Australia,Pricing,,Not a Member
006Q800000DqvM6,1003198,Australia,Pricing,,Active
006Q800000DqxVy,1007515,Australia,No Decision,,Not a Member
006Q800000DrIde,1006942,Australia,,,Active
006Q800000DrlFp,1006010,EMEA,,,Not a Member
006Q800000DrnXl,1005381,United States,,,Not a Member
006Q800000Drotd,1003886,Canada,Other (Add detail to Other Closed Lost Reason),Won by another GX integrator,Active
006Q800000Drq5p,1004694,United States,,,Active
006Q800000Drslz,1005367,United States,,,Not a Member
006Q800000DrtdD,1005546,United States,,,Active
006Q800000Druar,1005563,United States,,,Not a Member
006Q800000DrwBG,1005167,United States,,,Active
006Q800000DsIF0,1005162,United States,Other (Add detail to Other Closed Lost Reason),,Active
006Q800000DsKWx,1006891,New Zealand,Other (Add detail to Other Closed Lost Reason),,Not a Member
006Q800000DsMbx,1004773,United States,,,Not a Member
006Q800000DsQE9,1007991,New Zealand,Other (Add detail to Other Closed Lost Reason),,Not a Member
006Q800000Dsgvd,1003049,Australia,,,Active
006Q800000DsgxS,1003038,Australia,,,Active
006Q800000DtIuT,1004294,Australia,Other (Add detail to Other Closed Lost Reason),,Pending
006Q800000DtMdI,1007512,Australia,Pricing,,Active
006Q800000DtUSb,1007488,Australia,Unresponsive Contacts,,Not a Member
006Q800000DtVba,1002685,Australia,,,Not a Member
006Q800000DtlTS,1007627,Asia Pacific,Pricing,,Not a Member
006Q800000DtmuB,1007598,Asia Pacific,No Decision,,Not a Member
006Q800000DuMOA,1002865,Australia,,,Active
006Q800000DucBB,1002865,Australia,,,Active
006Q800000DudC5,1002865,Australia,,,Active
006Q800000DuhMC,1006805,EMEA,Competition,,Active
006Q800000DuhpC,1006246,Canada,Other (Add detail to Other Closed Lost Reason),,Active
006Q800000DujcW,1005289,United States,,,Not a Member
006Q800000DumnF,1006805,EMEA,Change of Circumstances,,Active
006Q800000DupWb,1005546,United States,,,Active
006Q800000Duqm1,1005482,United States,Competition,,Active
006Q800000DusMQ,1005064,United States,,,Not a Member
006Q800000DuwWT,1005298,United States,,,Active
006Q800000DuwZh,1006193,United States,,,Not a Member
006Q800000DuweX,1005298,United States,,,Active
006Q800000Dux7Z,1005392,United States,Other (Add detail to Other Closed Lost Reason),,Active
006Q800000DuyRp,1006349,United States,Other (Add detail to Other Closed Lost Reason),,Active
006Q800000DuyZu,,Canada,,,Not a Member
006Q800000Duz2v,1005027,United States,Other (Add detail to Other Closed Lost Reason),Quote was used for pricing purposes,Active
006Q800000Duzff,1006027,United States,,,Active
006Q800000Dv0gY,1006027,United States,No Decision,,Active
006Q800000Dv1eD,1005776,United States,,,Active
006Q800000Dv2VS,1003965,Canada,Unresponsive Contacts,,Active
006Q800000Dv6af,1007776,United States,Other (Add detail to Other Closed Lost Reason),,Active
006Q800000DvKAc,,Canada,Change of Circumstances,,Not a Member
006Q800000DvPYT,1004867,United States,Other (Add detail to Other Closed Lost Reason),lost to local ICT dealer in GA,Active
006Q800000DvmLO,1005861,Australia,Competition,,Not a Member
006Q800000DwPGH,1002161,New Zealand,,,Not a Member
006Q800000DwPTC,1003392,Australia,No Decision,,Active
006Q800000DwRDG,1003017,Australia,,,Not a Member
006Q800000DwWuT,1005861,Australia,,,Not a Member
006Q800000DwX5y,1000657,New Zealand,Unresponsive Contacts,,Active
006Q800000Dwih7,1003441,Australia,Unresponsive Contacts,,Not a Member
006Q800000DwjWj,1002865,Australia,,,Active
006Q800000DzARC,1000779,New Zealand,Unresponsive Contacts,,Not a Member
006Q800000Dzbj7,1002798,Australia,No Decision,,Not a Member
006Q800000DzwfV,1002865,Australia,,,Active
006Q800000DzyHV,1002865,Australia,No Decision,New Quotation Done,Active
006Q800000Dzysb,1002865,Australia,,,Active
006Q800000Dzzjp,1002865,Australia,,,Active
006Q800000E07cZ,1002865,Australia,No Decision,New Quotation Done,Active
006Q800000E0IrL,1002865,Australia,No Decision,New Quotation Done,Active
006Q800000E0J7V,1002865,Australia,No Decision,New Quotation Done,Active
006Q800000E0KY9,1002865,Australia,No Decision,New Quotation Done,Active
006Q800000E0LUD,1002865,Australia,No Decision,New Quotation Done,Active
006Q800000E0MlF,1002865,Australia,No Decision,New Quotation Done,Active
006Q800000E0Nar,1002865,Australia,,,Active
006Q800000E0PMY,1002865,Australia,No Decision,New Quotation Done,Active
006Q800000E0PUb,1002865,Australia,No Decision,New Quotation Done,Active
006Q800000E0dsX,1002865,Australia,No Decision,New Quotation Done,Active
006Q800000E0eYT,1002865,Australia,,,Active
006Q800000E0yCD,1007596,EMEA,,,Not a Member
006Q800000E0yTy,,Asia Pacific,Competition,,Not a Member
006Q800000E147x,,Asia Pacific,Pricing,,Not a Member
006Q800000E1Aq5,1003209,EMEA,,,Active
006Q800000E1D6Q,1004772,United States,,,Active
006Q800000E1J8d,1005289,United States,,,Not a Member
006Q800000E1lo1,1005176,United States,,,Not a Member
006Q800000E1tC5,1003992,Canada,Competition,ICT was suggested as an alternate - they went with Kantech,Active
006Q800000E4HVG,1003444,Australia,,,Pending
006Q800000E5axF,1002967,Australia,,,Active
006Q800000E5cFt,1003527,Australia,Other (Add detail to Other Closed Lost Reason),,Active
006Q800000E5o7h,1003444,Australia,,,Pending
006Q800000E5pmb,1002865,Australia,,,Active
006Q800000E5pxw,1003443,Australia,,,Active
006Q800000E5wzN,1002967,Australia,,,Active
006Q800000E5x95,1000950,New Zealand,,,Not a Member
006Q800000E5y0J,1002712,Australia,,,Active
006Q800000E606x,1000678,New Zealand,Other (Add detail to Other Closed Lost Reason),,Not a Member
006Q800000E64k1,1000559,New Zealand,Competition,,Active
006Q800000E65Ze,1002331,New Zealand,,,Not a Member
006Q800000E6RlS,1000940,EMEA,,,Active
006Q800000E6SG7,1000940,EMEA,,,Active
006Q800000E6VIn,1000940,EMEA,Change of Circumstances,,Active
006Q800000E6VaX,1000940,EMEA,,,Active
006Q800000E6WLJ,1000940,EMEA,,,Active
006Q800000E6aDd,1007592,Australia,,,Not a Member
006Q800000E7ZnN,1007923,Australia,No Decision,,Not a Member
006Q800000E7x9l,1002978,EMEA,Pricing,,Not a Member
006Q800000E8Elh,1006347,United States,Pricing,,Not a Member
006Q800000E8FRf,1005298,United States,,,Active
006Q800000E8FoD,1006740,United States,,,Active
006Q800000E8GHF,1003209,EMEA,,,Active
006Q800000E8HI9,1003209,EMEA,Other (Add detail to Other Closed Lost Reason),,Active
006Q800000E8OzZ,1005111,United States,,,Not a Member
006Q800000E8Qmr,1005588,United States,,,Active
006Q800000E8jj3,1007194,United States,Other (Add detail to Other Closed Lost Reason),Project is dead,Not a Member
006Q800000E8jnt,1004801,United States,,,Active
006Q800000E8k2P,1005293,United States,,,Active
006Q800000E8lT7,1005598,United States,,,Active
006Q800000E8lkr,1000851,New Zealand,,,Not a Member
006Q800000E8mDz,1006561,New Zealand,Other (Add detail to Other Closed Lost Reason),,Not a Member
006Q800000E8mU1,1006908,New Zealand,Unresponsive Contacts,,Not a Member
006Q800000E8sT0,1002974,Australia,Other (Add detail to Other Closed Lost Reason),,Active
006Q800000E8wA1,1002974,Australia,Pricing,,Active
006Q800000E9BPD,1007194,United States,Other (Add detail to Other Closed Lost Reason),Project is dead,Not a Member
006Q800000E9LDG,1000874,OEM,,,Not a Member
006Q800000E9Y8r,1007355,Australia,Other (Add detail to Other Closed Lost Reason),,Not a Member
006Q800000E9iud,1002974,Australia,Competition,,Active
006Q800000E9s4N,,Asia Pacific,Competition,,Not a Member
006Q800000EABuz,1005795,EMEA,,,Active
006Q800000EAthW,1007789,Asia Pacific,Pricing,,Not a Member
006Q800000EBDjR,1003209,EMEA,Other (Add detail to Other Closed Lost Reason),,Active
006Q800000EBFbb,1007217,Canada,,,Not a Member
006Q800000EBIso,1004796,United States,,,Active
006Q800000EBLNe,1005040,United States,Other (Add detail to Other Closed Lost Reason),,Active
006Q800000EBN2s,1006085,United States,,,Active
006Q800000EBQju,1004807,United States,,,Active
006Q800000EBQyQ,1004807,United States,,,Active
006Q800000EBSCE,1004807,United States,Competition,,Active
006Q800000EBTEj,1004807,United States,,,Active
006Q800000EBq01,1004772,United States,,,Active
006Q800000EBqhb,1004807,United States,,,Active
006Q800000EBx38,1002695,Australia,No Decision,,Active
006Q800000EBxZN,1005365,United States,,,Not a Member
006Q800000ECDz7,1006144,Australia,,,Active
006Q800000ECt0f,1003023,Australia,,,Not a Member
006Q800000EDrmQ,1007260,Australia,Competition,,Active
006Q800000EE4A9,1000447,Asia Pacific,,,Active
006Q800000EEPrJ,,United States,,,Pending
006Q800000EETYL,1006303,United States,No Decision,,Active
006Q800000EEU7p,1007197,United States,,,Active
006Q800000EEV8n,1004760,United States,,,Active
006Q800000EEYhh,1005034,United States,,,Active
006Q800000EEZAj,1005597,United States,,,Not a Member
006Q800000EEZXK,1007876,United States,,,Not a Member
006Q800000EEa5C,,United States,No Decision,,Not a Member
006Q800000EEx1l,1006954,United States,,,Active
006Q800000EExJW,1006060,United States,,,Not a Member
006Q800000EExOR,1000559,New Zealand,Other (Add detail to Other Closed Lost Reason),,Active
006Q800000EExo9,1007601,United States,,,Not a Member
006Q800000EEyYw,1006257,United States,,,Not a Member
006Q800000EFuGM,1007355,Australia,,,Not a Member
006Q800000EGCoL,1003177,Australia,,,Active
006Q800000EGnpV,1002783,EMEA,,,Active
006Q800000EGonC,1002783,EMEA,Competition,,Active
006Q800000EGuZG,1002783,EMEA,Competition,,Active
006Q800000EH5OD,1002783,EMEA,Other (Add detail to Other Closed Lost Reason),duplication - replaced by opportunity  Interunity Management Corporation - reader replacement,Active
006Q800000EH76g,1002783,EMEA,Pricing,Lost by price .. Hikvision,Active
006Q800000EH8An,1002783,EMEA,Change of Circumstances,,Active
006Q800000EHAcP,1002783,EMEA,,,Active
006Q800000EHC6L,1002783,EMEA,,,Active
006Q800000EHChR,1002783,EMEA,Competition,,Active
006Q800000EHQsW,1006528,EMEA,No Decision,,Not a Member
006Q800000EHcbu,1005111,United States,,,Not a Member
006Q800000EHePB,1004857,United States,,,Active
006Q800000EHfUv,1007131,United States,,,Active
006Q800000EHmhh,1007693,Asia Pacific,,,Not a Member
006Q800000EHotB,1005111,United States,Other (Add detail to Other Closed Lost Reason),For State of MN - They are planning to move ahead in 2025 budget,Not a Member
006Q800000EHqjh,1004887,United States,,,Active
006Q800000EHtb8,1003890,Canada,,,Active
006Q800000EHuNV,1005289,United States,,,Not a Member
006Q800000EIDjV,1003890,Canada,,,Active
006Q800000EIEu5,1006240,United States,,,Not a Member
006Q800000EIMA7,1000653,New Zealand,,,Active
006Q800000EIMzh,1000475,New Zealand,No Decision,,Active
006Q800000EIOob,1004760,United States,,,Active
006Q800000EIRt6,1000880,New Zealand,No Decision,,Pending
006Q800000EJQGU,1007789,Asia Pacific,Unresponsive Contacts,,Not a Member
006Q800000EJU3x,1007473,Australia,No Decision,,Not a Member
006Q800000EKmja,1003864,Canada,Unresponsive Contacts,,Not a Member
006Q800000EKsvR,1003864,Canada,Unresponsive Contacts,,Not a Member
006Q800000EKtwM,1007272,Canada,No Decision,,Not a Member
006Q800000EKucH,1007232,United States,,,Active
006Q800000EL2Rn,1004782,United States,,,Active
006Q800000EL4dF,1008381,Canada,,,Not a Member
006Q800000EL5av,1008381,Canada,,,Not a Member
006Q800000EL5uH,1005392,United States,,,Active
006Q800000EL6Gr,1005043,United States,,,Not a Member
006Q800000EL6VN,1005544,United States,,,Active
006Q800000ELRbT,1005597,United States,,,Not a Member
006Q800000ELVdR,1008381,Canada,No Decision,,Not a Member
006Q800000ELVvB,1005066,United States,,,Active
006Q800000EP920,1003443,Australia,,,Active
006Q800000EPEfd,1003206,Australia,No Decision,,Not a Member
006Q800000EPRBR,,Australia,,,Pending
006Q800000EPdan,1002865,Australia,,,Active
006Q800000EPpC9,1007628,Australia,,,Not a Member
006Q800000EQQhy,1003209,EMEA,,,Active
006Q800000EQemX,1003209,EMEA,No Decision,,Active
006Q800000EQgzg,1003986,Canada,No Decision,,Not a Member
006Q800000EQhyw,1004309,Canada,Lack of Budget,,Active
006Q800000EQjmE,1003209,EMEA,,,Active
006Q800000EQm2Z,1003209,EMEA,,,Active
006Q800000EQmYo,,United States,No Decision,,Not a Member
006Q800000EQpZt,1004192,Canada,Unresponsive Contacts,,Not a Member
006Q800000EQs9a,1007642,Canada,,,Not a Member
006Q800000EQsaz,1004685,United States,,,Not a Member
006Q800000EQw0H,1007876,United States,,,Not a Member
006Q800000ERInB,1005176,United States,,,Not a Member
006Q800000ERLJd,1004691,United States,,,Pending
006Q800000ERP9M,1002811,Australia,,,Active
006Q800000ERRk4,1002979,Australia,,,Active
006Q800000ERVu5,1005293,United States,,,Active
006Q800000ERnZG,1003034,Australia,No Decision,,Not a Member
006Q800000ES57y,1003206,Australia,No Decision,,Not a Member
006Q800000ESDOr,1007145,Australia,,,Not a Member
006Q800000ESMqL,1003088,Australia,Unresponsive Contacts,,Active
006Q800000ESMqM,1003209,EMEA,,,Active
006Q800000ESNck,1003392,Australia,Pricing,,Active
006Q800000ESO7N,1003038,Australia,,,Active
006Q800000ESrUN,1001017,New Zealand,,,Not a Member
006Q800000ETDmb,1000755,New Zealand,No Decision,,Not a Member
006Q800000ETdKW,1005289,United States,,,Not a Member
006Q800000ETgn0,1005022,United States,,,Not a Member
006Q800000ETiX3,1004869,United States,,,Active
006Q800000ETjPu,1005022,United States,,,Not a Member
006Q800000ETsjJ,1007439,United States,,,Not a Member
006Q800000ETwjh,1007646,United States,,,Active
006Q800000ETxKp,1004697,United States,,,Active
006Q800000ETzJO,1006957,United States,,,Not a Member
006Q800000EUMsh,1005776,United States,Other (Add detail to Other Closed Lost Reason),Project has already been completed/Not closed in SF,Active
006Q800000EUN8n,1004715,United States,,,Pending
006Q800000EUNLh,1007423,United States,Other (Add detail to Other Closed Lost Reason),,Active
006Q800000EUNS9,1007423,United States,Other (Add detail to Other Closed Lost Reason),,Active
006Q800000EUNgf,1005776,United States,Other (Add detail to Other Closed Lost Reason),Project has already been completed/Not closed in SF,Active
006Q800000EVKXa,1003209,EMEA,,,Active
006Q800000EWJFZ,1003428,EMEA,,,Active
006Q800000EWMtN,,Asia Pacific,No Decision,,Not a Member
006Q800000EWSCQ,1007410,Asia Pacific,,,Not a Member
006Q800000EWTEv,1007410,Asia Pacific,,,Not a Member
006Q800000EWU7l,1003209,EMEA,Competition,,Active
006Q800000EWZAf,1003512,EMEA,,,Active
006Q800000EWpk6,1004040,Canada,,,Not a Member
006Q800000EWsbV,1004040,Canada,,,Not a Member
006Q800000EWtED,1000940,EMEA,,,Active
006Q800000EWtyz,1000940,EMEA,,,Active
006Q800000EWw8s,1004694,United States,,,Active
006Q800000EWx8B,1004309,Canada,Other (Add detail to Other Closed Lost Reason),,Active
006Q800000EWzl3,1007876,United States,,,Not a Member
006Q800000EWzwL,1004857,United States,,,Active
006Q800000EX0XS,1007443,Canada,Unresponsive Contacts,,Active
006Q800000EX2sb,1005159,United States,,,Pending
006Q800000EX4Cr,1006732,Canada,Unresponsive Contacts,,Not a Member
006Q800000EXObN,1007610,United States,,,Not a Member
006Q800000EXyyD,1007431,Australia,Other (Add detail to Other Closed Lost Reason),,Not a Member
006Q800000EXziz,1007431,Australia,Other (Add detail to Other Closed Lost Reason),,Not a Member
006Q800000EYAjf,,Australia,,,Active
006Q800000EYNgT,1000950,New Zealand,Lack of Budget,,Not a Member
006Q800000EYUZt,1002816,Australia,Other (Add detail to Other Closed Lost Reason),,Active
006Q800000EYZ0a,,Australia,,,Active
006Q800000EYZbD,,Australia,,,Active
006Q800000EZv3O,1003209,EMEA,Change of Circumstances,,Active
006Q800000Ea0UU,1005289,United States,,,Not a Member
006Q800000Ea3VZ,1004857,United States,,,Active
006Q800000Ea7PV,1004527,United States,,,Active
006Q800000Ea82D,1004857,United States,,,Active
006Q800000Ea8AN,1004938,United States,Change of Circumstances,,Not a Member
006Q800000Ea8Td,1005776,United States,,,Active
006Q800000Ea9nt,1005690,United States,,,Active
006Q800000EaAlZ,1004962,United States,Unresponsive Contacts,,Active
006Q800000EaBZZ,1003952,Canada,No Decision,,Active
006Q800000EaTgA,1005801,United States,,,Active
006Q800000EaTkz,1007878,United States,,,Active
006Q800000EaTzV,1004807,United States,Unresponsive Contacts,,Active
006Q800000EaU2j,1006131,United States,,,Pending
006Q800000EaUCP,1003952,Canada,No Decision,,Active
006Q800000EaUM7,1005801,United States,No Decision,,Active
006Q800000EaUqj,1006957,United States,,,Not a Member
006Q800000EaVTR,1005801,United States,Other (Add detail to Other Closed Lost Reason),,Active
006Q800000EaWUL,1004527,United States,,,Active
006Q800000EaXNB,1005032,United States,,,Active
006Q800000Eafar,1005598,United States,,,Active
006Q800000Ealy1,1007640,Australia,,,Not a Member
006Q800000Eam2r,1003387,Australia,,,Active
006Q800000Eav7l,1007205,Australia,Lack of Budget,,Not a Member
006Q800000Ebjap,,Australia,Competition,,Not a Member
006Q800000EccvR,1007435,EMEA,Change of Circumstances,A change in project deliverables. We will be reissued with a new scope early 2025.,Not a Member
006Q800000Ed4oV,1005287,United States,,,Active
006Q800000Ed846,1007131,United States,,,Active
006Q800000EdBZq,1004697,United States,,,Active
006Q800000EdCqr,1004527,United States,,,Active
006Q800000EdCxJ,1004527,United States,,,Active
006Q800000EdD0Y,1005293,United States,,,Active
006Q800000EdDVB,1005365,United States,,,Not a Member
006Q800000EdEZJ,1005176,United States,,,Not a Member
006Q800000EdEcX,1005058,United States,,,Active
006Q800000EdEr3,1004688,United States,,,Active
006Q800000EdFSA,1005776,United States,,,Active
006Q800000EdFVN,1005293,United States,,,Active
006Q800000EdGfx,1005293,United States,,,Active
006Q800000EdHgr,1004710,United States,Other (Add detail to Other Closed Lost Reason),,Active
006Q800000EdOws,1004694,United States,,,Active
006Q800000EdZic,1007246,United States,,,Active
006Q800000Edcwb,1004685,United States,,,Not a Member
006Q800000EddMP,1004694,United States,,,Active
006Q800000EiUK5,1007694,Asia Pacific,No Decision,,Not a Member
006Q800000Ejs2d,1006913,United States,,,Active
006Q800000EjtOV,1007664,Canada,,,Not a Member
006Q800000Eju1B,1003885,Canada,Other (Add detail to Other Closed Lost Reason),,Active
006Q800000EjuUD,1007101,Canada,Pricing,,Active
006Q800000Ejx5V,1004590,United States,,,Active
006Q800000Ejzld,1007197,United States,No Decision,,Active
006Q800000Ek3HN,1005121,United States,Change of Circumstances,,Active
006Q800000EkOwv,1007665,United States,Other (Add detail to Other Closed Lost Reason),,Active
006Q800000EkP8D,,United States,,,Not a Member
006Q800000EkPUn,1004884,United States,,,Active
006Q800000EkR0a,1007642,Canada,Unresponsive Contacts,,Not a Member
006Q800000EkR1x,1003984,Canada,Unresponsive Contacts,,Not a Member
006Q800000EkR6n,1005272,United States,,,Active
006Q800000EmyY5,1003952,Canada,Unresponsive Contacts,,Active
006Q800000En11J,1005046,United States,,,Active
006Q800000En48s,1006954,United States,,,Active
006Q800000En6Vd,1003209,EMEA,,,Active
006Q800000EnApN,1004925,United States,,,Active
006Q800000EnaqH,1003997,Canada,,,Not a Member
006Q800000Enb3B,1004869,United States,,,Active
006Q800000EnlDp,1008511,New Zealand,Unresponsive Contacts,,Not a Member
006Q800000Enmmb,1006205,Australia,,,Not a Member
006Q800000EnmwH,1003510,Australia,,,Not a Member
006Q800000EoeP1,1007596,EMEA,,,Not a Member
006Q800000Eph9K,1003209,EMEA,,,Active
006Q800000Epze5,1002728,EMEA,,,Not a Member
006Q800000Eq6XW,1007439,United States,,,Not a Member
006Q800000Eq8W6,1004709,United States,,,Active
006Q800000EqBgs,1008233,Canada,Other (Add detail to Other Closed Lost Reason),,Active
006Q800000EqCRe,1003965,Canada,No Decision,,Active
006Q800000EqCrU,1005920,Canada,,,Not a Member
006Q800000EqD5y,1004677,United States,,,Not a Member
006Q800000EqDac,1005051,United States,,,Active
006Q800000EqEIA,1005183,United States,Pricing,,Not a Member
006Q800000EqH37,1005298,United States,,,Active
006Q800000EqIlZ,1003968,Canada,Competition,,Active
006Q800000EqItd,1005051,United States,,,Active
006Q800000EqbY5,1004527,United States,Competition,,Active
006Q800000EqbbJ,1005598,United States,,,Active
006Q800000EqcAo,1007639,United States,,,Active
006Q800000EqcCQ,1007101,Canada,,,Active
006Q800000EqcXW,1004760,United States,,,Active
006Q800000EqhpK,1005173,United States,Other (Add detail to Other Closed Lost Reason),,Active
006Q800000EqjJE,,United States,,,Not a Member
006Q800000EqsKV,1002979,Australia,,,Active
006Q800000Eqsil,1007145,Australia,,,Not a Member
006Q800000EqwhN,1002816,Australia,Other (Add detail to Other Closed Lost Reason),,Active
006Q800000Eqx65,1000580,New Zealand,,,Active
006Q800000Er9Uv,1006942,Australia,Lack of Budget,,Active
006Q800000ErAcI,1007554,Australia,Other (Add detail to Other Closed Lost Reason),,Not a Member
006Q800000ErB0T,1000447,Asia Pacific,Pricing,,Active
006Q800000ErRgM,1002967,Australia,,,Active
006Q800000ErciD,1005778,New Zealand,,,Not a Member
006Q800000EsMDB,,Australia,No Decision,,Not a Member
006Q800000EsgIL,1007390,Australia,,,Not a Member
006Q800000Esxsf,1005298,United States,Competition,,Active
006Q800000EsxuH,1002978,EMEA,,,Not a Member
006Q800000Et94D,1003209,EMEA,,,Active
006Q800000EtEjr,1004773,United States,,,Not a Member
006Q800000EtHUo,1005381,United States,,,Not a Member
006Q800000EtHeT,1004760,United States,,,Active
006Q800000EtJBe,1007646,United States,No Decision,,Active
006Q800000EtJTN,1005067,United States,,,Active
006Q800000EtK2r,1004540,United States,,,Not a Member
006Q800000EtMkb,1005176,United States,No Decision,,Not a Member
006Q800000EtN5Z,1006997,United States,,,Not a Member
006Q800000EttTd,1002795,Australia,,,Active
006Q800000EtyRv,1006501,Asia Pacific,Competition,,Not a Member
006Q800000EudQ2,1002370,New Zealand,Competition,,Not a Member
006Q800000Ev2eX,1007602,Asia Pacific,No Decision,,Not a Member
006Q800000Ev6a5,1007431,Australia,Unresponsive Contacts,,Not a Member
006Q800000EwEAb,1002978,EMEA,,,Not a Member
006Q800000EwObN,1005690,United States,,,Active
006Q800000EwOwL,1005158,United States,,,Active
006Q800000EwPag,1005298,United States,,,Active
006Q800000EwPkL,1004973,United States,Other (Add detail to Other Closed Lost Reason),"10/7 per Dave, new facilities director went with a temp solution... we are scheduling a GX demo for this group",Active
006Q800000EwRpO,1004875,United States,,,Not a Member
006Q800000EwS5W,1004857,United States,,,Active
006Q800000EwT82,1003986,Canada,,,Not a Member
006Q800000EwTuP,1005121,United States,,,Active
006Q800000F0UTi,1000880,New Zealand,,,Pending
006Q800000F0emc,,Asia Pacific,Competition,,Not a Member
006Q800000F0goE,1006942,Australia,,,Active
006Q800000F0hyu,1003527,Australia,Unresponsive Contacts,,Active
006Q800000F1Vh3,,Australia,,,Active
006Q800000F1r1d,1006020,Australia,Other (Add detail to Other Closed Lost Reason),,Active
006Q800000F2XDo,1000940,EMEA,,,Active
006Q800000F2ZM1,1006561,New Zealand,,,Not a Member
006Q800000F2fxh,1000940,EMEA,,,Active
006Q800000F34jB,1005795,EMEA,,,Active
006Q800000F3DZZ,1003986,Canada,No Decision,,Not a Member
006Q800000F3GE6,1004931,United States,,,Not a Member
006Q800000F3H25,1005121,United States,,,Active
006Q800000F3Hzl,1005112,United States,No Decision,,Not a Member
006Q800000F3KET,1006593,United States,,,Active
006Q800000F3h7p,1004964,United States,,,Active
006Q800000F3hEH,1004802,United States,,,Active
006Q800000F3jG9,1005162,United States,Unresponsive Contacts,,Active
006Q800000F3pyV,1006271,United States,,,Active
006Q800000F3rVN,1002900,Australia,,,Active
006Q800000F3uuj,1005392,United States,,,Active
006Q800000F3wQE,,United States,,,Not a Member
006Q800000F43TJ,1000928,New Zealand,,,Not a Member
006Q800000F44nZ,1007676,United States,,,Active
006Q800000F4BNi,,Asia Pacific,No Decision,,Not a Member
006Q800000F4FB7,1003443,Australia,,,Active
006Q800000F4H4r,1007361,New Zealand,Other (Add detail to Other Closed Lost Reason),,Not a Member
006Q800000F4ZEg,1000783,New Zealand,,,Not a Member
006Q800000F4kLQ,1003444,Australia,,,Pending
006Q800000F4mqE,1006891,New Zealand,Other (Add detail to Other Closed Lost Reason),,Not a Member
006Q800000F4oC5,1006891,New Zealand,,,Not a Member
006Q800000F579t,1007511,Australia,,,Not a Member
006Q800000F5NeU,1002728,EMEA,Competition,,Not a Member
006Q800000F5zJx,,Australia,No Decision,,Not a Member
006Q800000F5zVF,,Australia,No Decision,,Not a Member
006Q800000F6HYb,1007423,United States,,,Active
006Q800000F6Ikp,1004323,Canada,,,Active
006Q800000F6Jov,1006085,United States,,,Active
006Q800000F6KY6,1004323,Canada,,,Active
006Q800000F6LAn,1006246,Canada,Competition,,Active
006Q800000F6LE1,1003968,Canada,Unresponsive Contacts,,Active
006Q800000F6Oi9,1005051,United States,,,Active
006Q800000F6PeD,1003885,Canada,Unresponsive Contacts,,Active
006Q800000F6SIj,1005058,United States,,,Active
006Q800000F6SNZ,1005058,United States,Lack of Budget,,Active
006Q800000F6SPB,1005058,United States,Lack of Budget,,Active
006Q800000F6SSP,1005058,United States,Unresponsive Contacts,,Active
006Q800000F6T58,1004323,Canada,,,Active
006Q800000F6Tec,1007691,Canada,Unresponsive Contacts,,Not a Member
006Q800000F6Tuj,1004323,Canada,,,Active
006Q800000F6UE5,1003986,Canada,,,Not a Member
006Q800000F6miu,1004548,United States,,,Not a Member
006Q800000F6xKv,1004867,United States,Pricing,,Active
006Q800000F769h,1003441,Australia,Pricing,,Not a Member
006Q800000F788N,1003273,Australia,,,Active
006Q800000F7PDx,1003273,Australia,Other (Add detail to Other Closed Lost Reason),,Active
006Q800000F7PU5,1006395,United States,,,Active
006Q800000F7foz,1006205,Australia,,,Not a Member
006Q800000F7iQH,1007231,Australia,No Decision,,Not a Member
006Q800000F8qSF,,EMEA,Competition,,Not a Member
006Q800000F8wXe,1003209,EMEA,,,Active
006Q800000F8zId,1003209,EMEA,,,Active
006Q800000F94er,1003209,EMEA,,,Active
006Q800000F99Zj,1003209,EMEA,,,Active
006Q800000F9AM5,1003209,EMEA,,,Active
006Q800000F9Ap7,1003209,EMEA,,,Active
006Q800000F9FK9,1003543,Australia,No Decision,,Active
006Q800000F9OnF,1007387,EMEA,Competition,,Not a Member
006Q800000F9P1m,1005176,United States,,,Not a Member
006Q800000F9TWo,1004715,United States,,,Pending
006Q800000F9Tji,1004710,United States,,,Active
006Q800000F9WRR,1004039,Canada,Other (Add detail to Other Closed Lost Reason),,Active
006Q800000F9WjB,1004715,United States,,,Pending
006Q800000F9X0v,1004039,Canada,Other (Add detail to Other Closed Lost Reason),,Active
006Q800000F9X5m,1005546,United States,,,Active
006Q800000F9XiU,1004039,Canada,Other (Add detail to Other Closed Lost Reason),,Active
006Q800000F9Y3S,1004039,Canada,Other (Add detail to Other Closed Lost Reason),,Active
006Q800000F9Z17,1004039,Canada,Other (Add detail to Other Closed Lost Reason),,Active
006Q800000F9yML,1007606,Australia,,,Active
006Q800000FA1qE,,Australia,Competition,,Pending
006Q800000FA593,1007606,Australia,No Decision,,Active
006Q800000FACda,1007260,Australia,,,Active
006Q800000FAQBt,,United States,,,Pending
006Q800000FATHp,1007245,Australia,,,Active
006Q800000FB7aD,1000950,New Zealand,,,Not a Member
006Q800000FBFxZ,1000453,New Zealand,Unresponsive Contacts,,Active
006Q800000FBigD,1007696,Australia,No Decision,,Not a Member
006Q800000FC0oP,1003198,Australia,Unresponsive Contacts,,Active
006Q800000FCcAY,1003209,EMEA,,,Active
006Q800000FCcDl,1003209,EMEA,Other (Add detail to Other Closed Lost Reason),,Active
006Q800000FCevV,1005111,United States,Other (Add detail to Other Closed Lost Reason),For State of MN - They are planning to move ahead in 2025 budget,Not a Member
006Q800000FCgPR,1006085,United States,,,Active
006Q800000FCi7u,1004867,United States,,,Active
006Q800000FCkG9,1007664,Canada,Unresponsive Contacts,,Not a Member
006Q800000FDAXB,1005563,United States,,,Not a Member
006Q800000FDMEz,1007734,New Zealand,,,Not a Member
006Q800000FDP9d,1007361,New Zealand,,,Not a Member
006Q800000FDYMk,1002967,Australia,,,Active
006Q800000FDb5x,1003049,Australia,,,Active
006Q800000FDkkN,1007602,Asia Pacific,Competition,,Not a Member
006Q800000FDyow,1007484,Australia,,,Pending
006Q800000FE5sO,1003347,Australia,,,Active
006Q800000FEJlL,1003527,Australia,Other (Add detail to Other Closed Lost Reason),,Active
006Q800000FFmLS,1006301,United States,,,Not a Member
006Q800000FFoBy,1006301,United States,,,Not a Member
006Q800000FFr6b,1003981,Canada,Unresponsive Contacts,,Not a Member
006Q800000FFwiz,1005597,United States,,,Not a Member
006Q800000FFxVN,1007702,United States,,,Not a Member
006Q800000FFxtZ,1005067,United States,,,Active
006Q800000FFyJN,1004806,United States,,,Not a Member
006Q800000FGEjV,1005257,United States,Lack of Budget,,Active
006Q800000FGLfl,1004968,United States,,,Active
006Q800000FIYYs,,United States,,,Active
006Q800000FIcZG,1004520,United States,,,Active
006Q800000FIccT,,United States,,,Active
006Q800000FJxgg,1000847,New Zealand,Other (Add detail to Other Closed Lost Reason),,Active
006Q800000FK5ir,1006677,Australia,Pricing,,Active
006Q800000FKFqH,1003176,Australia,Other (Add detail to Other Closed Lost Reason),,Active
006Q800000FKKy1,1006205,Australia,,,Not a Member
006Q800000FKLNp,1007606,Australia,,,Active
006Q800000FKScp,1000483,New Zealand,Unresponsive Contacts,,Not a Member
006Q800000FKT21,1007185,New Zealand,,,Active
006Q800000FKpgs,1003387,Australia,,,Active
006Q800000FLCC1,1003347,Australia,,,Active
006Q800000FM4Ir,1006805,EMEA,Other (Add detail to Other Closed Lost Reason),it was redesigned for smaller quantities,Active
006Q800000FM6HS,1002728,EMEA,Competition,,Not a Member
006Q800000FM6Vz,1005795,EMEA,,,Active
006Q800000FM8RJ,1006805,EMEA,,,Active
006Q800000FM9on,1006805,EMEA,Pricing,There was Aperio specified and our solution with Aperio was too expensive compare to others,Active
006Q800000FMWWr,1004109,EMEA,,,Not a Member
006Q800000FMXeD,,EMEA,Competition,,Not a Member
006Q800000FMZsv,1004590,United States,,,Active
006Q800000FMcqn,1004764,United States,,,Active
006Q800000FMeW3,1007194,United States,Other (Add detail to Other Closed Lost Reason),Project is dead,Not a Member
006Q800000FMfqH,1005776,United States,,,Active
006Q800000FMgrB,1007218,United States,,,Not a Member
006Q800000FMhX7,1005293,United States,No Decision,,Active
006Q800000FMiJW,1005293,United States,,,Active
006Q800000FMjNe,1004964,United States,,,Active
006Q800000FN1u1,1004867,United States,,,Active
006Q800000FN3uD,1007876,United States,,,Not a Member
006Q800000FN6Ie,1004694,United States,,,Active
006Q800000FNAfb,,Australia,Competition,,Not a Member
006Q800000FNByD,1005546,United States,,,Active
006Q800000FNC33,1005067,United States,,,Active
006Q800000FNCfl,1000475,New Zealand,,,Active
006Q800000FOhft,1007696,Australia,Competition,,Not a Member
006Q800000FPXEg,1004802,United States,,,Active
006Q800000FPXWP,1003209,EMEA,Pricing,,Active
006Q800000FPciz,1004697,United States,,,Active
006Q800000FPcmD,1003886,Canada,Other (Add detail to Other Closed Lost Reason),,Active
006Q800000FPcpR,1004697,United States,,,Active
006Q800000FPfiU,1007375,Canada,,,Not a Member
006Q800000FPjsY,1007443,Canada,,,Active
006Q800000FPzUJ,1000952,Canada,,,Active
006Q800000FQ9tS,1007101,Canada,,,Active
006Q800000FQYIL,1002979,Australia,Lack of Budget,,Active
006Q800000FQZO6,1003255,Australia,Lack of Budget,,Active
006Q800000FQeSc,1000646,Asia Pacific,,,Pending
006Q800000FQpcY,1007223,Asia Pacific,,,Not a Member
006Q800000FQsiT,1002778,Australia,,,Active
006Q800000FRGss,1006205,Australia,Change of Circumstances,,Not a Member
006Q800000FRUSp,1007660,EMEA,Pricing,,Not a Member
006Q800000FS86r,1003209,EMEA,Change of Circumstances,,Active
006Q800000FSD3J,1000641,Asia Pacific,,,Not a Member
006Q800000FSYPV,1005848,United States,Change of Circumstances,,Active
006Q800000FSaSv,1003209,EMEA,,,Active
006Q800000FSk7J,1007686,United States,,,Active
006Q800000FSriH,1005176,United States,,,Not a Member
006Q800000FT42n,1007250,United States,,,Active
006Q800000FT47e,1003884,Canada,Unresponsive Contacts,,Active
006Q800000FT64b,1004973,United States,,,Active
006Q800000FT75V,1004782,United States,,,Active
006Q800000FT7rt,1006395,United States,,,Active
006Q800000FT86P,1006395,United States,,,Active
006Q800000FT8Hh,1006395,United States,Other (Add detail to Other Closed Lost Reason),,Active
006Q800000FT8WD,1006395,United States,Competition,,Active
006Q800000FT8ZU,1007751,New Zealand,,,Not a Member
006Q800000FT8ha,1004711,United States,No Decision,,Active
006Q800000FTFuH,1006743,United States,Lack of Budget,,Not a Member
006Q800000FTGvB,1004716,United States,,,Active
006Q800000FTIAb,1007283,Canada,Competition,,Not a Member
006Q800000FTsxF,1007145,Australia,Lack of Budget,,Not a Member
006Q800000FUBrq,1003295,Australia,No Decision,,Active
006Q800000FUE6j,1006135,Australia,Lack of Budget,,Not a Member
006Q800000FVZfD,,United States,,,Pending
006Q800000FVlus,1007443,Canada,,,Active
006Q800000FVmyz,1004110,Canada,Unresponsive Contacts,,Active
006Q800000FVnGj,1004763,United States,,,Active
006Q800000FVnqD,1005111,United States,,,Not a Member
006Q800000FWB2v,1004763,United States,,,Active
006Q800000FWBBU,1005067,United States,,,Active
006Q800000FWBJ3,1004802,United States,,,Active
006Q800000FWBsX,1007646,United States,Unresponsive Contacts,,Active
006Q800000FWI1C,1003347,Australia,,,Active
006Q800000FWOmc,1007283,Canada,,,Not a Member
006Q800000FWTZJ,1003198,Australia,Competition,,Active
006Q800000FWTmD,1003198,Australia,Competition,,Active
006Q800000FX4vR,1001019,New Zealand,Other (Add detail to Other Closed Lost Reason),,Active
006Q800000FYaOc,1007254,United States,Unresponsive Contacts,,Not a Member
006Q800000FYbCc,1006193,United States,,,Not a Member
006Q800000FYclN,1005298,United States,,,Active
006Q800000FYcqD,1004857,United States,,,Active
006Q800000FYctR,1005046,United States,,,Active
006Q800000FYcyI,1007443,Canada,,,Active
006Q800000FYkHY,1005293,United States,,,Active
006Q800000FYnNS,1007706,United States,Competition,,Not a Member
006Q800000FZ3yT,1007003,Canada,Unresponsive Contacts,,Not a Member
006Q800000FZ7u2,1007676,United States,,,Active
006Q800000FZAOs,1005165,United States,No Decision,,Active
006Q800000FZEAk,1005776,United States,Competition,,Active
006Q800000FZFbR,1004772,United States,Other (Add detail to Other Closed Lost Reason),,Active
006Q800000FcozF,1003444,Australia,Other (Add detail to Other Closed Lost Reason),,Pending
006Q800000Fctyx,1002974,Australia,,,Active
006Q800000Fd05z,1007878,United States,,,Active
006Q800000Fd0Qw,1006716,Australia,,,Not a Member
006Q800000Fd12G,1002940,Australia,No Decision,,Active
006Q800000FdDJM,1007628,Australia,,,Not a Member
006Q800000Fdvtp,1007591,Asia Pacific,No Decision,,Not a Member
006Q800000FeDZ0,,Asia Pacific,Pricing,,Not a Member
006Q800000FeI41,1003090,EMEA,Competition,,Active
006Q800000FeIon,1005298,United States,No Decision,,Active
006Q800000FeKgw,1006326,United States,,,Not a Member
006Q800000FeMFj,1004220,Canada,No Decision,,Active
006Q800000Fejyf,1006850,Canada,,,Active
006Q800000FepET,1005598,United States,,,Active
006Q800000FfIpy,1003378,Australia,Lack of Budget,,Not a Member
006Q800000FfPMn,1007563,Australia,,,Active
006Q800000FfPUr,1007913,Australia,,,Not a Member
006Q800000Ffc8j,1003198,Australia,,,Active
006Q800000FfuiM,1003177,Australia,,,Active
006Q800000FfveP,1003515,Australia,Unresponsive Contacts,,Pending
006Q800000FgTt0,1003965,Canada,,,Active
006Q800000FgYXh,1007602,Asia Pacific,Competition,,Not a Member
006Q800000FgYvt,1007125,United States,Other (Add detail to Other Closed Lost Reason),"Andrew was working on this, Project now dead",Active
006Q800000FgZ7B,1007125,United States,Other (Add detail to Other Closed Lost Reason),Project has already been completed/Not closed in SF,Active
006Q800000FgeBh,1006593,United States,,,Active
006Q800000Fh2Z1,1007245,Australia,,,Active
006Q800000Fh4ZC,1004968,United States,,,Active
006Q800000Fh50b,1000952,Canada,,,Active
006Q800000Fh5Ot,1007189,Canada,Other (Add detail to Other Closed Lost Reason),Awaiting feedback from Covert on why they lost the opportunity.,Not a Member
006Q800000FhESS,1003034,Australia,No Decision,,Not a Member
006Q800000FhFHh,1003443,Australia,,,Active
006Q800000FhKcM,1005164,United States,,,Active
006Q800000FhMnp,,Australia,No Decision,,Not a Member
006Q800000FhPFR,1004867,United States,Competition,,Active
006Q800000Fhekj,1003444,Australia,,,Pending
006Q800000Fhfgo,,United States,,,Active
006Q800000Fie9D,1003090,EMEA,,,Active
006Q800000FifQE,1003964,Canada,,,Active
006Q800000Figm5,1003090,EMEA,,,Active
006Q800000FijSM,1004857,United States,,,Active
006Q800000FinKY,1005184,United States,,,Not a Member
006Q800000FipcT,1005121,United States,,,Active
006Q800000FisVV,1007701,United States,,,Not a Member
006Q800000FisYj,1004698,United States,,,Active
006Q800000FitOL,1003965,Canada,Unresponsive Contacts,,Active
006Q800000FiuKP,1005293,United States,,,Active
006Q800000FjIpm,1007189,Canada,Competition,,Not a Member
006Q800000FjJcE,1000653,New Zealand,,,Active
006Q800000FjTS5,1000483,New Zealand,Lack of Budget,,Not a Member
006Q800000FjW4j,1003267,Australia,,,Not a Member
006Q800000FkB1R,1003189,Australia,Lack of Budget,,Not a Member
006Q800000FktP4,1002865,Australia,,,Active
006Q800000Fl58T,1003965,Canada,,,Active
006Q800000Fl5lB,1005020,United States,,,Active
006Q800000Fl67n,1004962,United States,,,Active
006Q800000Fl6Xa,1006028,United States,,,Pending
006Q800000Fl7n2,1007145,Australia,Lack of Budget,,Not a Member
006Q800000FlA06,1007101,Canada,Unresponsive Contacts,,Active
006Q800000FlUGX,1004689,United States,,,Not a Member
006Q800000FlcMC,1002816,Australia,No Decision,,Active
006Q800000Flpsy,1003273,Australia,,,Active
006Q800000Fm5b3,1006504,Australia,,,Not a Member
006Q800000FmNco,1002685,Australia,,,Not a Member
006Q800000FmQh7,1003751,Australia,,,Active
006Q800000FnP1R,1006510,Canada,No Decision,,Not a Member
006Q800000FnPuH,1003570,EMEA,,,Active
006Q800000FnQLi,1003957,Canada,,,Not a Member
006Q800000FnQjt,1005046,United States,Other (Add detail to Other Closed Lost Reason),lost to Dependable (ICT X),Active
006Q800000FnRG9,1004973,United States,,,Active
006Q800000FnRT3,1003984,Canada,Unresponsive Contacts,,Not a Member
006Q800000FnUNh,1006445,United States,,,Not a Member
006Q800000FnXIL,1004772,United States,,,Active
006Q800000FnsEn,1004716,United States,,,Active
006Q800000FqlF7,1007550,Asia Pacific,Pricing,,Not a Member
006Q800000FrLaL,1006639,Australia,,,Not a Member
006Q800000FrYSt,1002865,Australia,,,Active
006Q800000FrwGZ,1007466,Australia,Competition,,Not a Member
006Q800000FrzJF,1007466,Australia,Other (Add detail to Other Closed Lost Reason),,Not a Member
006Q800000Fs18A,1006080,Asia Pacific,,,Not a Member
006Q800000Fs6ZF,1002685,Australia,,,Not a Member
006Q800000FsKtz,1006760,Australia,No Decision,,Not a Member
006Q800000FsMZB,1006760,Australia,,,Not a Member
006Q800000FsvdN,1002978,EMEA,Competition,,Not a Member
006Q800000FtLWD,1002182,Asia Pacific,,,Not a Member
006Q800000FtqYQ,1003209,EMEA,,,Active
006Q800000FtsLh,1005795,EMEA,,,Active
006Q800000FtyVz,1003965,Canada,Unresponsive Contacts,,Active
006Q800000Ftzwp,1007902,United States,,,Not a Member
006Q800000Fu2OH,1007902,United States,,,Not a Member
006Q800000FuLIr,1004867,United States,,,Active
006Q800000FuOqE,1002729,Australia,No Decision,,Not a Member
006Q800000FuPr8,1006445,United States,Other (Add detail to Other Closed Lost Reason),,Not a Member
006Q800000FuROI,1002695,Australia,,,Active
006Q800000FuVYL,1005164,United States,,,Active
006Q800000Fucl8,1002816,Australia,,,Active
006Q800000FvLVJ,1002370,New Zealand,No Decision,,Not a Member
006Q800000Fwl5y,1004970,United States,,,Not a Member
006Q800000FwlE1,1000880,New Zealand,Other (Add detail to Other Closed Lost Reason),,Pending
006Q800000FwreP,1004782,United States,,,Active
006Q800000FwtEn,,United States,,,Pending
006Q800000FwuFi,1004793,United States,,,Not a Member
006Q800000FwvN3,1003957,Canada,Competition,,Not a Member
006Q800000FwzqU,1000874,OEM,,,Not a Member
006Q800000Fx01m,,United States,,,Not a Member
006Q800000Fx0bF,1007423,United States,Other (Add detail to Other Closed Lost Reason),,Active
006Q800000FxIP2,1004868,United States,,,Pending
006Q800000FxIRi,1007777,Canada,No Decision,,Not a Member
006Q800000FxJIv,1004768,United States,Other (Add detail to Other Closed Lost Reason),,Active
006Q800000FxJqn,1007125,United States,Other (Add detail to Other Closed Lost Reason),"Andrew was working on this, Project now dead",Active
006Q800000FxL2z,1003952,Canada,Unresponsive Contacts,,Active
006Q800000FxLML,1005381,United States,,,Not a Member
006Q800000FxLXe,1000874,OEM,,,Not a Member
006Q800000FxNJJ,1004962,United States,,,Active
006Q800000FxiM9,1004968,United States,,,Active
006Q800000FxkFt,1005293,United States,,,Active
006Q800000FzlEH,1007664,Canada,Unresponsive Contacts,,Not a Member
006Q800000FzpjJ,1005121,United States,,,Active
006Q800000FztJu,1006246,Canada,Unresponsive Contacts,,Active
006Q800000FzuPd,1007771,United States,,,Not a Member
006Q800000G0Dwy,1005257,United States,,,Active
006Q800000G0IGf,1004938,United States,,,Not a Member
006Q800000G0IdG,1007825,United States,,,Not a Member
006Q800000G0caM,1005801,United States,,,Active
006Q800000G1B8I,1007475,Australia,,,Not a Member
006Q800000G1MtJ,1007606,Australia,Competition,,Active
006Q800000G2kbp,1006301,United States,,,Not a Member
006Q800000G2nLC,1004039,Canada,Other (Add detail to Other Closed Lost Reason),,Active
006Q800000G2neZ,1005293,United States,,,Active
006Q800000G2nzi,1004534,United States,,,Active
006Q800000G2odp,1005293,United States,,,Active
006Q800000G2pgL,1005158,United States,,,Active
006Q800000G2qxN,1005591,United States,,,Active
006Q800000G2rtS,1006712,United States,,,Not a Member
006Q800000G2sZQ,1005184,United States,,,Not a Member
006Q800000G2sj5,1005164,United States,,,Active
006Q800000G2tIY,1006055,United States,No Decision,,Active
006Q800000G2uhf,,United States,,,Pending
006Q800000G2vgv,1007763,Canada,,,Active
006Q800000G2w1t,1007686,United States,,,Active
006Q800000G2xpB,1007256,United States,,,Active
006Q800000G2y3h,,Canada,Unresponsive Contacts,,Pending
006Q800000G3Hr7,1003865,Canada,Other (Add detail to Other Closed Lost Reason),,Active
006Q800000G3Jxm,1004850,United States,,,Active
006Q800000G3RAX,1003983,Canada,,,Not a Member
006Q800000G3SUn,1007155,Canada,,,Not a Member
006Q800000G3UQ9,1005120,United States,,,Not a Member
006Q800000G4OcQ,1007245,Australia,,,Active
006Q800000G5pFB,1005801,United States,,,Active
006Q800000G5qw1,1004527,United States,,,Active
006Q800000G5vCX,,United States,,,Not a Member
006Q800000G5vUH,1003885,Canada,Other (Add detail to Other Closed Lost Reason),,Active
006Q800000G5wNA,1005920,Canada,Unresponsive Contacts,,Not a Member
006Q800000G5xSr,1007443,Canada,Competition,,Active
006Q800000G5xhO,1003952,Canada,,,Active
006Q800000G5yFF,1007443,Canada,,,Active
006Q800000G60Dq,1004968,United States,,,Active
006Q800000G60qX,1004767,United States,,,Active
006Q800000G62E2,,United States,Other (Add detail to Other Closed Lost Reason),"Project was won, but dealer will be ordering through distribution",Not a Member
006Q800000G6HY3,1005801,United States,,,Active
006Q800000G6Jd3,1005535,United States,,,Pending
006Q800000G6Jpx,1006085,United States,,,Active
006Q800000G9oAr,1000636,New Zealand,,Broken into multiple opportunities which will eventuate later over the next few years,Active
006Q800000GA0aP,1002937,Australia,Lack of Budget,,Active
006Q800000GA4M5,1003218,Australia,,,Not a Member
006Q800000GAEWk,1002865,Australia,,,Active
006Q800000GCPW5,,United States,,,Pending
006Q800000GCQ5Z,1005536,United States,,,Not a Member
006Q800000GCQFF,1005164,United States,,,Active
006Q800000GCRCv,1003884,Canada,Unresponsive Contacts,,Active
006Q800000GCRKz,1003970,Canada,,,Active
006Q800000GCofl,1006593,United States,,,Active
006Q800000GCuRp,1007726,Canada,,,Not a Member
006Q800000GCuq1,1000648,New Zealand,Unresponsive Contacts,,Active
006Q800000GD5FK,1003527,Australia,Other (Add detail to Other Closed Lost Reason),,Active
006Q800000GD97V,1007606,Australia,No Decision,,Active
006Q800000GDF3G,1002900,Australia,Other (Add detail to Other Closed Lost Reason),,Active
006Q800000GEG3h,1003175,Australia,Unresponsive Contacts,,Not a Member
006Q800000GEQiz,,EMEA,Competition,,Not a Member
006Q800000GEWJn,,EMEA,Pricing,,Not a Member
006Q800000GF8or,1003209,EMEA,,,Active
006Q800000GFMrp,1006060,United States,Lack of Budget,,Not a Member
006Q800000GFOgk,1006593,United States,,,Active
006Q800000GFQ93,1003892,Canada,Change of Circumstances,,Active
006Q800000GFQqb,1005163,United States,,,Active
006Q800000GFUXd,1007443,Canada,Competition,,Active
006Q800000GFo05,1005572,United States,,,Not a Member
006Q800000GFoUk,1004694,United States,,,Active
006Q800000GFp7R,1007250,United States,,,Active
006Q800000GFqRi,1005032,United States,,,Active
006Q800000GFuYX,1008754,Australia,Competition,,Not a Member
006Q800000GFxef,1003431,Australia,Other (Add detail to Other Closed Lost Reason),,Not a Member
006Q800000GFyNd,1007708,Canada,,,Not a Member
006Q800000GGOmk,1004294,Australia,No Decision,,Pending
006Q800000GGTCv,1003462,Australia,,,Active
006Q800000GGUNV,1003508,Australia,Unresponsive Contacts,,Not a Member
006Q800000GGj9g,,Australia,Competition,,Not a Member
006Q800000GGn3Z,1002881,Australia,,,Not a Member
006Q800000GH78j,1002962,Australia,,,Active
006Q800000GIG0I,1007160,Asia Pacific,,,Not a Member
006Q800000GIGgD,1007160,Asia Pacific,,,Not a Member
006Q800000GIRVB,1003979,Canada,,,Active
006Q800000GITbp,1004964,United States,,,Active
006Q800000GIXCR,1005451,United States,Other (Add detail to Other Closed Lost Reason),,Not a Member
006Q800000GIXCX,1006445,United States,,,Not a Member
006Q800000GIa3p,1004760,United States,,,Active
006Q800000GIaJx,1005284,United States,,,Active
006Q800000GIb4k,1005112,United States,,,Not a Member
006Q800000GIlH2,1005392,United States,,,Active
006Q800000GIxS2,1006445,United States,Other (Add detail to Other Closed Lost Reason),,Not a Member
006Q800000GIzlN,1006395,United States,,,Active
006Q800000GJ0Cp,1003890,Canada,,,Active
006Q800000GJokg,,Asia Pacific,No Decision,,Not a Member
006Q800000GJxPm,,Australia,Lack of Budget,,Not a Member
006Q800000GK6Hu,1002720,Australia,No Decision,,Not a Member
006Q800000GK7wz,1000646,Asia Pacific,,,Pending
006Q800000GKDSv,1002812,Australia,,,Active
006Q800000GL5rW,1000938,Asia Pacific,Competition,,Not a Member
006Q800000GLTDt,1005920,Canada,Competition,,Not a Member
006Q800000GLUJd,1005920,Canada,Competition,,Not a Member
006Q800000GLVcR,1005529,United States,,,Pending
006Q800000GLaFN,1006587,United States,,,Active
006Q800000GLeqv,1005293,United States,Other (Add detail to Other Closed Lost Reason),,Active
006Q800000GLftN,1000952,Canada,,,Active
006Q800000GLgHa,1007777,Canada,Competition,,Not a Member
006Q800000GLyw1,1005550,United States,,,Active
006Q800000GM23Z,1003090,EMEA,,,Active
006Q800000GM2LJ,1003090,EMEA,,,Active
006Q800000GM4wc,1003387,Australia,,,Active
006Q800000GMMn7,1003031,Australia,Lack of Budget,,Not a Member
006Q800000GN0Xa,1003049,Australia,No Decision,,Active
006Q800000GN2uM,1003090,EMEA,,,Active
006Q800000GN9Xd,1007796,Asia Pacific,No Decision,,Not a Member
006Q800000GNGCX,1003090,EMEA,,,Active
006Q800000GNMTs,1003198,Australia,Competition,,Active
006Q800000GOBsL,,EMEA,Other (Add detail to Other Closed Lost Reason),,Not a Member
006Q800000GOSy1,,EMEA,Competition,,Not a Member
006Q800000GOcz3,1000940,EMEA,,,Active
006Q800000GP1XZ,1003864,Canada,Lack of Budget,,Not a Member
006Q800000GTsVM,1000646,Asia Pacific,,,Pending
006Q800000GUB6T,1007464,Australia,,,Not a Member
006Q800000GUi41,1007223,Asia Pacific,,,Not a Member
006Q800000GViJn,1003267,Australia,,,Not a Member
006Q800000GWY3m,1007695,Australia,,,Not a Member
006Q800000GWclt,1007755,Australia,Pricing,,Not a Member
006Q800000GWorh,1003384,Australia,,,Active
006Q800000GXw5g,1003038,Australia,,,Active
006Q800000GYNU1,1004973,United States,,,Active
006Q800000GYNoz,1004519,United States,Competition,flipped to ZK,Not a Member
006Q800000GYTJJ,,United States,No Decision,,Not a Member
006Q800000GYV50,1006032,United States,Unresponsive Contacts,,Not a Member
006Q800000GYVg5,1005801,United States,Other (Add detail to Other Closed Lost Reason),,Active
006Q800000GYXI8,1006303,United States,,,Active
006Q800000GYY2s,1007776,United States,,,Active
006Q800000GYYcL,1005020,United States,,,Active
006Q800000GYYvj,1004020,Canada,Unresponsive Contacts,,Not a Member
006Q800000GYZ5O,1006587,United States,,,Active
006Q800000GYaiz,1003885,Canada,,,Active
006Q800000GYbDd,1005027,United States,,,Active
006Q800000GZ0VP,1005293,United States,,,Active
006Q800000GZ49B,1003462,Australia,,,Active
006Q800000GZ6pO,,Australia,Other (Add detail to Other Closed Lost Reason),,Active
006Q800000GZDXR,1004888,United States,,,Not a Member
006Q800000GZEZy,,Australia,Other (Add detail to Other Closed Lost Reason),,Active
006Q800000GZEfG,,Australia,Other (Add detail to Other Closed Lost Reason),,Active
006Q800000GZFMM,,Australia,Other (Add detail to Other Closed Lost Reason),,Active
006Q800000GZHRN,,Australia,Other (Add detail to Other Closed Lost Reason),,Active
006Q800000GanM1,1007670,EMEA,,,Not a Member
006Q800000GbGXd,1000956,Asia Pacific,,,Not a Member
006Q800000GbHYY,1003209,EMEA,,,Active
006Q800000GbLFZ,1005158,United States,,,Active
006Q800000GbRJO,,United States,,,Not a Member
006Q800000GbRrF,1004711,United States,Other (Add detail to Other Closed Lost Reason),,Active
006Q800000GbS5l,1004804,United States,Other (Add detail to Other Closed Lost Reason),,Active
006Q800000Gbmu5,1003209,EMEA,,,Active
006Q800000GbnBp,1007194,United States,Other (Add detail to Other Closed Lost Reason),Project is dead,Not a Member
006Q800000Gbokb,1007443,Canada,Competition,,Active
006Q800000GbplW,1007762,Canada,,,Active
006Q800000GbtHG,,Canada,Unresponsive Contacts,,Not a Member
006Q800000GbvCd,1002729,Australia,No Decision,,Not a Member
006Q800000GbvO2,1002729,Australia,,,Not a Member
006Q800000GbwWr,1002729,Australia,No Decision,,Not a Member
006Q800000Gc3wY,1002729,Australia,No Decision,,Not a Member
006Q800000Ge9Un,1006510,Canada,,,Not a Member
006Q800000GeAXJ,1004793,United States,,,Not a Member
006Q800000GeBWb,1007778,Asia Pacific,,,Not a Member
006Q800000GeKzi,1005111,United States,,,Not a Member
006Q800000GePg3,1005158,United States,,,Active
006Q800000Gegli,1004938,United States,,,Not a Member
006Q800000Gei7a,1005158,United States,,,Active
006Q800000GeiE3,1005158,United States,,,Active
006Q800000Gej6r,1005158,United States,,,Active
006Q800000GejOc,1005158,United States,,,Active
006Q800000GejwU,1005158,United States,,,Active
006Q800000Gek2z,1005158,United States,,,Active
006Q800000GekEF,1000952,Canada,,,Active
006Q800000GekPW,1005158,United States,,,Active
006Q800000GekUL,1005158,United States,,,Active
006Q800000Gekqv,1005158,United States,,,Active
006Q800000GekxX,1005158,United States,,,Active
006Q800000GelNB,1007256,United States,,,Active
006Q800000Gelda,1005158,United States,,,Active
006Q800000GellN,1005293,United States,,,Active
006Q800000Gelmz,1005158,United States,,,Active
006Q800000Gemfp,1000952,Canada,,,Active
006Q800000GenDh,1006303,United States,,,Active
006Q800000GenLl,1007491,United States,,,Not a Member
006Q800000GennH,1005158,United States,,,Active
006Q800000GepAl,1005158,United States,,,Active
006Q800000Geq5W,1005158,United States,,,Active
006Q800000GeslG,1005158,United States,,,Active
006Q800000Getfi,1005158,United States,,,Active
006Q800000Getnm,1006942,Australia,,,Active
006Q800000Getr0,1005158,United States,,,Active
006Q800000GeuNF,1006279,New Zealand,Unresponsive Contacts,,Not a Member
006Q800000GeuYX,1005158,United States,,,Active
006Q800000GewCG,1002695,Australia,Competition,,Active
006Q800000GfDWS,1000783,New Zealand,Other (Add detail to Other Closed Lost Reason),,Not a Member
006Q800000GfF8M,1003049,Australia,,,Active
006Q800000GfVzV,1004694,United States,,,Active
006Q800000GfpS0,1003038,Australia,,,Active
006Q800000Gg2sE,1003131,Australia,Competition,,Not a Member
006Q800000GhGmf,,EMEA,Other (Add detail to Other Closed Lost Reason),The board has decided to stay with Impro as their main choice of Access.,Not a Member
006Q800000GhRjh,1005920,Canada,Unresponsive Contacts,,Not a Member
006Q800000GhV90,1005121,United States,,,Active
006Q800000GhWwH,1003957,Canada,Competition,,Not a Member
006Q800000GhXNj,1005032,United States,,,Active
006Q800000GhYgL,1007166,Canada,Unresponsive Contacts,,Not a Member
006Q800000GhZe2,1004782,United States,,,Active
006Q800000GhZpJ,1004793,United States,,,Not a Member
006Q800000GhZpK,1004694,United States,,,Active
006Q800000GhaDV,1004694,United States,,,Active
006Q800000GhaQP,,Canada,Other (Add detail to Other Closed Lost Reason),,Not a Member
006Q800000GhaVF,1004694,United States,,,Active
006Q800000GhatR,1004694,United States,,,Active
006Q800000GhbJF,1005293,United States,,,Active
006Q800000GhcFK,1004309,Canada,Unresponsive Contacts,,Active
006Q800000GlPZd,1003394,Australia,,,Not a Member
006Q800000Glb9P,1003267,Australia,Lack of Budget,,Not a Member
006Q800000GnVRF,1003428,EMEA,,,Active
006Q800000Gni6k,1003209,EMEA,,,Active
006Q800000GnjIv,1003209,EMEA,,,Active
006Q800000GnjsP,1003209,EMEA,,,Active
006Q800000Gnp9p,1007691,Canada,Unresponsive Contacts,,Not a Member
006Q800000Gnry1,,United States,,,Not a Member
006Q800000Gnti5,1004796,United States,,,Active
006Q800000GnvK5,1006593,United States,,,Active
006Q800000Go1Ki,1007868,United States,,,Not a Member
006Q800000Go25R,1006257,United States,,,Not a Member
006Q800000Go2VF,1007868,United States,,,Not a Member
006Q800000Go2yH,1007868,United States,,,Not a Member
006Q800000Go3Xl,1000952,Canada,,,Active
006Q800000GoHZ8,1005025,United States,,,Not a Member
006Q800000GoM2X,,United States,Competition,,Active
006Q800000GoMlh,1004850,United States,,,Active
006Q800000GoMtm,1004939,United States,Other (Add detail to Other Closed Lost Reason),,Not a Member
006Q800000GoPdK,,United States,,,Not a Member
006Q800000GoQap,1007686,United States,,,Active
006Q800000GoTqQ,1002962,Australia,No Decision,,Active
006Q800000GpQTu,1003462,Australia,Other (Add detail to Other Closed Lost Reason),Was for training,Active
006Q800000GqfU8,1007280,Australia,Competition,,Not a Member
006Q800000Gqhqr,1001919,Asia Pacific,,,Active
006Q800000GqigT,1003090,EMEA,Competition,,Active
006Q800000Gqimv,1005051,United States,Other (Add detail to Other Closed Lost Reason),,Active
006Q800000Gqj6H,1005051,United States,,,Active
006Q800000GqjSr,1005051,United States,,,Active
006Q800000GqjmE,1005848,United States,Change of Circumstances,,Active
006Q800000GqkDd,1004796,United States,,,Active
006Q800000GqkyR,1004971,United States,,,Pending
006Q800000Gql3F,1006395,United States,No Decision,,Active
006Q800000GqosM,1004309,Canada,Competition,,Active
006Q800000GqqkT,1007700,United States,,,Not a Member
006Q800000Gqqnh,1007700,United States,Other (Add detail to Other Closed Lost Reason),,Not a Member
006Q800000GqtX3,1008614,Canada,,,Pending
006Q800000GrEMz,1006193,United States,,,Not a Member
006Q800000GrJxp,1003049,Australia,,,Active
006Q800000GrKc6,1004925,United States,,,Active
006Q800000GrQj7,1005942,Australia,,,Not a Member
006Q800000GrWrl,1005455,United States,,,Active
006Q800000Grbug,1007145,Australia,,,Not a Member
006Q800000Gs1qw,1000646,Asia Pacific,,,Pending
006Q800000GsNUf,1002969,Australia,,,Active
006Q800000GszLS,1003209,EMEA,Competition,,Active
006Q800000Gt8gT,1003209,EMEA,Competition,,Active
006Q800000GtGan,,EMEA,Other (Add detail to Other Closed Lost Reason),,Not a Member
006Q800000GtQlR,1003209,EMEA,,,Active
006Q800000GtelC,1003885,Canada,Unresponsive Contacts,,Active
006Q800000GtiC8,1005794,United States,,,Active
006Q800000GtkDt,1003979,Canada,Unresponsive Contacts,,Active
006Q800000GtkSP,1007306,United States,,,Active
006Q800000Gtluj,1007878,United States,,,Active
006Q800000GtmxF,1003969,Canada,,,Active
006Q800000Gu8w9,1006303,United States,,,Active
006Q800000GuBNt,1004763,United States,,,Active
006Q800000GuJd3,1003261,Australia,,,Active
006Q800000GuKR3,1002793,Australia,,,Active
006Q800000GvTyX,1003209,EMEA,,,Active
006Q800000GwWZP,1003209,EMEA,,,Active
006Q800000GwZlm,1003209,EMEA,,,Active
006Q800000GwiST,1004548,United States,Other (Add detail to Other Closed Lost Reason),,Not a Member
006Q800000GwlOj,1005051,United States,,,Active
006Q800000Gwlwc,1000940,EMEA,,,Active
006Q800000GwmUT,1005776,United States,Other (Add detail to Other Closed Lost Reason),Project has already been completed/Not closed in SF,Active
006Q800000Gwmnp,1005163,United States,Pricing,,Active
006Q800000GwnAQ,1007306,United States,Other (Add detail to Other Closed Lost Reason),,Active
006Q800000Gwo3G,1004801,United States,,,Active
006Q800000Gwob7,1004548,United States,Other (Add detail to Other Closed Lost Reason),,Not a Member
006Q800000Gwpyo,1004938,United States,,,Not a Member
006Q800000Gx4Uc,1003365,EMEA,,,Active
006Q800000Gx4hW,1003209,EMEA,,,Active
006Q800000Gx6pn,1003365,EMEA,No Decision,,Active
006Q800000GxAmx,1003365,EMEA,,,Active
006Q800000GxAyD,1003365,EMEA,,,Active
006Q800000GxB4f,1003365,EMEA,No Decision,,Active
006Q800000GxBvt,1004552,United States,Competition,,Not a Member
006Q800000GxCS9,1006593,United States,,,Active
006Q800000GxIm6,1007820,Australia,No Decision,,Not a Member
006Q800000GxVhj,1006891,New Zealand,Pricing,,Not a Member
006Q800000GxgDJ,1006891,New Zealand,Pricing,,Not a Member
006Q800000GxgWg,1007512,Australia,,,Active
006Q800000Gy0qL,1002979,Australia,,,Active
006Q800000Gy6JQ,1007723,Asia Pacific,No Decision,,Not a Member
006Q800000GyA4x,1000656,New Zealand,No Decision,,Active
006Q800000GyAmT,1002273,New Zealand,Competition,,Active
006Q800000GyFm9,,New Zealand,Other (Add detail to Other Closed Lost Reason),,Not a Member
006Q800000Gzamw,1004694,United States,,,Active
006Q800000GzgCS,1004887,United States,,,Active
006Q800000GzhTR,1003965,Canada,Unresponsive Contacts,,Active
006Q800000GzjS2,1005032,United States,,,Active
006Q800000Gzji9,1007700,United States,Other (Add detail to Other Closed Lost Reason),,Not a Member
006Q800000GzjyI,1005158,United States,,,Active
006Q800000GzlDh,1006085,United States,,,Active
006Q800000Gzm3J,1005058,United States,,,Active
006Q800000Gzp9F,1004884,United States,,,Active
006Q800000Gzpvf,1003997,Canada,,,Not a Member
006Q800000GzqV8,1004793,United States,,,Not a Member
006Q800000Gzqi1,1005043,United States,,,Not a Member
006Q800000Gzr4b,1005298,United States,,,Active
006Q800000Gzs5W,1005170,United States,Pricing,,Not a Member
006Q800000Gzu0r,1007155,Canada,,,Not a Member
006Q800000Gzz77,1003997,Canada,,,Not a Member
006Q800000GzzoY,1000952,Canada,,,Active
006Q800000H29IM,1007660,EMEA,No Decision,,Not a Member
006Q800000H2B7F,1002728,EMEA,Competition,,Not a Member
006Q800000H2Dsc,1000752,New Zealand,,,Active
006Q800000H2Pjw,1007223,Asia Pacific,,,Not a Member
006Q800000H2WoQ,1007628,Australia,,,Not a Member
006Q800000H2X4X,1007786,Australia,Unresponsive Contacts,,Not a Member
006Q800000H2YtS,1007786,Australia,Other (Add detail to Other Closed Lost Reason),,Not a Member
006Q800000H2aQc,1007796,Asia Pacific,Change of Circumstances,,Not a Member
006Q800000H2cVd,1006954,United States,,,Active
006Q800000H2k4z,1007796,Asia Pacific,Change of Circumstances,,Not a Member
006Q800000H2u17,,Australia,Missing Features (Add detail to Other Closed Lost Reason),,Not a Member
006Q800000H2u9B,,Australia,Missing Features (Add detail to Other Closed Lost Reason),,Not a Member
006Q800000H2uCP,,Australia,Missing Features (Add detail to Other Closed Lost Reason),,Not a Member
006Q800000H3FvB,1002978,EMEA,Competition,,Not a Member
006Q800000H3K3e,1003209,EMEA,,,Active
006Q800000H3NxZ,1004548,United States,,,Not a Member
006Q800000H3PXy,1004796,United States,,,Active
006Q800000H3PjG,1006055,United States,No Decision,,Active
006Q800000H3Uix,1004801,United States,,,Active
006Q800000H3WuQ,1005287,United States,,,Active
006Q800000H3aJh,1005539,United States,,,Active
006Q800000H3cJt,1007283,Canada,,,Not a Member
006Q800000H3idt,1007708,Canada,Competition,,Not a Member
006Q800000H3jbV,1002865,Australia,,,Active
006Q800000H3k1J,1000874,OEM,,,Not a Member
006Q800000H3llN,1007708,Canada,Competition,,Not a Member
006Q800000H3lmz,1007708,Canada,Competition,,Not a Member
006Q800000H3q6t,1000665,OEM,,,Not a Member
006Q800000H3sQH,1005864,Australia,,,Not a Member
006Q800000H46TM,1003392,Australia,No Decision,,Active
006Q800000H4Q5N,1000851,New Zealand,,,Not a Member
006Q800000H4S8n,1006624,Australia,No Decision,,Pending
006Q800000H4SYb,1003023,Australia,No Decision,,Not a Member
006Q800000H4fdt,1007811,Asia Pacific,,,Not a Member
006Q800000H4ggP,1006624,Australia,No Decision,,Pending
006Q800000H4jWD,1007792,Australia,Lack of Budget,,Not a Member
006Q800000H5rRj,1004804,United States,Other (Add detail to Other Closed Lost Reason),,Active
006Q800000H5vzy,,Canada,Change of Circumstances,,Not a Member
006Q800000H5x2T,1005280,United States,,,Active
006Q800000H5xnG,1005066,United States,,,Active
006Q800000H5zlr,1007700,United States,,,Not a Member
006Q800000H60wR,1007250,United States,,,Active
006Q800000H62LW,1006997,United States,,,Not a Member
006Q800000H62Ry,1005293,United States,,,Active
006Q800000H62gT,1005293,United States,,,Active
006Q800000H65Hl,1007700,United States,Other (Add detail to Other Closed Lost Reason),,Not a Member
006Q800000H66NZ,1005257,United States,,,Active
006Q800000H66nK,1007700,United States,Competition,,Not a Member
006Q800000H67eX,1006131,United States,,,Pending
006Q800000H68h3,1004807,United States,,,Active
006Q800000H6EPt,1005259,United States,Lack of Budget,,Active
006Q800000H6EXx,,Australia,,,Active
006Q800000H6FYr,1007243,Canada,,,Active
006Q800000H6HR0,1001878,New Zealand,Unresponsive Contacts,,Not a Member
006Q800000H6mbG,1006080,Asia Pacific,,,Not a Member
006Q800000H75PN,1003049,Australia,No Decision,,Active
006Q800000H7zo9,1007670,EMEA,Competition,Local competitor won the bid.,Not a Member
006Q800000H8NLp,1004029,Canada,Lack of Budget,,Pending
006Q800000H8OHu,1003965,Canada,Competition,,Active
006Q800000H8Ptu,1003986,Canada,Pricing,,Not a Member
006Q800000H8QGU,1005293,United States,,,Active
006Q800000H8Ugg,1005776,United States,Other (Add detail to Other Closed Lost Reason),Project has already been completed/Not closed in SF,Active
006Q800000H8VHl,1006271,United States,,,Active
006Q800000H8WP7,1007232,United States,,,Active
006Q800000H8aCb,1006718,Canada,Unresponsive Contacts,,Not a Member
006Q800000H8asX,1004801,United States,,,Active
006Q800000H8cO6,1005058,United States,,,Active
006Q800000H8lKw,1003107,Australia,,,Active
006Q800000H8tn7,1007245,Australia,No Decision,,Active
006Q800000H9SBP,1006870,Australia,No Decision,,Active
006Q800000H9TaT,1007802,New Zealand,,,Not a Member
006Q800000H9WQW,1003503,Australia,,,Active
006Q800000H9dy1,1003038,Australia,,,Active
006Q800000HAtSr,1007443,Canada,,,Active
006Q800000HAurx,,Asia Pacific,Competition,,Not a Member
006Q800000HAylt,1006955,United States,Other (Add detail to Other Closed Lost Reason),,Not a Member
006Q800000HAynV,1005167,United States,,,Active
006Q800000HAztF,1003396,EMEA,,,Active
006Q800000HB0e1,1005051,United States,Other (Add detail to Other Closed Lost Reason),,Active
006Q800000HB5Du,1003873,Canada,No Decision,,Not a Member
006Q800000HB5k9,1004670,United States,,,Active
006Q800000HB8QQ,,United States,,,Not a Member
006Q800000HB9sb,1006271,United States,,,Active
006Q800000HBAqH,1005804,United States,,,Not a Member
006Q800000HBEXM,1003444,Australia,No Decision,,Pending
006Q800000HBFZq,1004763,United States,,,Active
006Q800000HBN4R,1002801,Australia,Competition,,Not a Member
006Q800000HC949,1003261,Australia,,,Active
006Q800000HCICH,1007793,Australia,No Decision,,Not a Member
006Q800000HCgsv,1005795,EMEA,,,Active
006Q800000HDTjz,1004670,United States,,,Active
006Q800000HDU4w,1003873,Canada,No Decision,,Not a Member
006Q800000HDVvR,1004670,United States,,,Active
006Q800000HDVyf,1004670,United States,,,Active
006Q800000HDW3V,1004670,United States,,,Active
006Q800000HDZB3,1007771,United States,,,Not a Member
006Q800000HDan4,1004879,United States,,,Active
006Q800000HDbJK,1004552,United States,Other (Add detail to Other Closed Lost Reason),,Not a Member
006Q800000HDcDo,1005051,United States,,,Active
006Q800000HDcX7,1007343,United States,Other (Add detail to Other Closed Lost Reason),Source 1 took over PCA,Not a Member
006Q800000HDcX9,1003884,Canada,,,Active
006Q800000HDdhh,1007343,United States,Other (Add detail to Other Closed Lost Reason),Source 1 took over PCA,Not a Member
006Q800000HDeFc,1003884,Canada,,,Active
006Q800000HDhlJ,1003884,Canada,,,Active
006Q800000HDhyD,1003884,Canada,,,Active
006Q800000HDqGj,1007591,Asia Pacific,Competition,,Not a Member
006Q800000HFtwr,1006501,Asia Pacific,,,Not a Member
006Q800000HFv2b,1006501,Asia Pacific,,,Not a Member
006Q800000HH60p,1003209,EMEA,,,Active
006Q800000HHA4R,1004323,Canada,,,Active
006Q800000HHAu1,1003209,EMEA,,,Active
006Q800000HHN1e,1003572,EMEA,,,Not a Member
006Q800000HHN9h,1003209,EMEA,Change of Circumstances,,Active
006Q800000HHNb7,1003209,EMEA,,,Active
006Q800000HHP0D,1003572,EMEA,No Decision,,Not a Member
006Q800000HHQkJ,1004675,United States,Lack of Budget,,Active
006Q800000HHRmw,1005121,United States,,,Active
006Q800000HHWGD,1004039,Canada,,,Active
006Q800000HHX5p,1007194,United States,Other (Add detail to Other Closed Lost Reason),"Andrew was working on this, Project now dead",Not a Member
006Q800000HHXPC,1006061,United States,,,Not a Member
006Q800000HHXYr,1007194,United States,Other (Add detail to Other Closed Lost Reason),"Andrew was working on this, Project now dead",Not a Member
006Q800000HHZcI,1004938,United States,Other (Add detail to Other Closed Lost Reason),Convergint lost this project to a competitor. DSC Communications (New ICT Dealer) has won the project with expected PO in March 2025,Not a Member
006Q800000HHfy2,1003347,Australia,Unresponsive Contacts,,Active
006Q800000HHhYH,1005272,United States,,,Active
006Q800000HHwll,1000874,OEM,,,Not a Member
006Q800000HINvo,1002967,Australia,,,Active
006Q800000HIRPl,1000938,Asia Pacific,,,Not a Member
006Q800000HISX7,1003351,Australia,No Decision,,Active
006Q800000HIbXB,1002812,Australia,,,Active
006Q800000HJAot,1007387,EMEA,Competition,,Not a Member
006Q800000HJTcP,1007772,Australia,Pricing,,Not a Member
006Q800000HJVj4,1007512,Australia,,,Active
006Q800000HJaZ3,1007387,EMEA,Competition,,Not a Member
006Q800000HJbjd,1007387,EMEA,Competition,,Not a Member
006Q800000HK2NG,1007778,Asia Pacific,,,Not a Member
006Q800000HK39d,1004109,EMEA,,,Not a Member
006Q800000HK5GH,1005025,United States,,,Not a Member
006Q800000HK8HN,1007819,United States,,,Not a Member
006Q800000HK8PS,,Canada,Competition,,Not a Member
006Q800000HK9N7,1005163,United States,,,Active
006Q800000HK9zp,1005257,United States,,,Active
006Q800000HKACj,1005280,United States,,,Active
006Q800000HKLRV,1004772,United States,,,Active
006Q800000HLEmD,1006942,Australia,No Decision,,Active
006Q800000HLFiF,1006942,Australia,,,Active
006Q800000HMF6l,1003884,Canada,Unresponsive Contacts,,Active
006Q800000HMIm6,1003957,Canada,Competition,,Not a Member
006Q800000HMUIc,1003884,Canada,Unresponsive Contacts,,Active
006Q800000HMUnF,1003884,Canada,Unresponsive Contacts,,Active
006Q800000HMWVh,,EMEA,,,Not a Member
006Q800000HMXBd,1002769,EMEA,,,Not a Member
006Q800000HMZdF,1003209,EMEA,No Decision,,Active
006Q800000HMbbp,,United States,Other (Add detail to Other Closed Lost Reason),,Not a Member
006Q800000HMcBJ,1004710,United States,,,Active
006Q800000HMdQj,1004766,United States,,,Not a Member
006Q800000HMg5G,1005067,United States,,,Active
006Q800000HMhFp,1005186,United States,,,Active
006Q800000HMhSj,1006489,United States,No Decision,,Not a Member
006Q800000HMiNC,1007700,United States,No Decision,,Not a Member
006Q800000HMlOI,1004523,United States,,,Active
006Q800000HMlw9,1006271,United States,,,Active
006Q800000HMm4D,1006271,United States,,,Active
006Q800000HMpJp,1005690,United States,,,Active
006Q800000HMqO1,,Canada,No Decision,,Not a Member
006Q800000HMurP,,Canada,No Decision,,Not a Member
006Q800000HMyyD,1004804,United States,,,Active
006Q800000HMzUT,,Canada,No Decision,,Not a Member
006Q800000HN2XS,1005164,United States,,,Active
006Q800000HN9Gv,1004760,United States,,,Active
006Q800000HNMZ8,1000475,New Zealand,,,Active
006Q800000HNlXV,1002777,Australia,No Decision,,Not a Member
006Q800000HNm5N,1003751,Australia,,,Active
006Q800000HNnnp,1002778,Australia,,,Active
006Q800000HNwzC,1000938,Asia Pacific,Pricing,,Not a Member
006Q800000HNyrJ,1002682,Australia,No Decision,,Active
006Q800000HO1af,1002682,Australia,No Decision,,Active
006Q800000HO3Cf,1002682,Australia,No Decision,,Active
006Q800000HOFlh,1003176,Australia,Lack of Budget,,Active
006Q800000HP3fI,1003209,EMEA,,,Active
006Q800000HP5sM,1003209,EMEA,No Decision,,Active
006Q800000HPATp,1006593,United States,,,Active
006Q800000HPDpt,1003952,Canada,,,Active
006Q800000HPEve,1003876,Canada,No Decision,,Active
006Q800000HPFzl,1004802,United States,,,Active
006Q800000HPHlR,1005977,United States,Unresponsive Contacts,,Active
006Q800000HPLdl,1005801,United States,,,Active
006Q800000HPuLN,1002801,Australia,Competition,,Not a Member
006Q800000HQ95t,,Australia,Pricing,,Not a Member
006Q800000HQO8C,1007223,Asia Pacific,,,Not a Member
006Q800000HRfen,1005882,EMEA,,,Not a Member
006Q800000HRgUQ,,United States,,,Not a Member
006Q800000HSCcL,,Asia Pacific,Pricing,,Not a Member
006Q800000HSCvh,,Asia Pacific,No Decision,,Not a Member
006Q800000HSDBp,1007968,Asia Pacific,No Decision,,Not a Member
006Q800000HSJ2j,1003675,Asia Pacific,Competition,,Active
006Q800000HUNOn,1000453,New Zealand,,,Active
006Q800000HUU8X,1000475,New Zealand,,,Active
006Q800000HV0tC,1002695,Australia,No Decision,,Active
006Q800000HWyVY,1003209,EMEA,No Decision,,Active
006Q800000HWyVa,1004598,United States,,,Not a Member
006Q800000HWzrQ,1004763,United States,,,Active
006Q800000HX27j,1004763,United States,,,Active
006Q800000HX3mv,1006528,EMEA,Competition,,Not a Member
006Q800000HX5K5,1003209,EMEA,Pricing,,Active
006Q800000HXF89,1007000,Canada,Lack of Budget,,Not a Member
006Q800000HXFzn,,Australia,No Decision,,Not a Member
006Q800000HXp8U,1007553,Australia,Competition,,Not a Member
006Q800000HXpI6,1007553,Australia,Competition,,Not a Member
006Q800000HXpLJ,1003261,Australia,,,Active
006Q800000HXsZi,1007553,Australia,Competition,,Not a Member
006Q800000HY35L,1003049,Australia,No Decision,,Active
006Q800000HYSjF,1007932,Australia,Lack of Budget,,Not a Member
006Q800000HZESw,1002938,Australia,No Decision,,Active
006Q800000HZfwB,1007879,Canada,Competition,,Not a Member
006Q800000HZhwL,1004850,United States,,,Active
006Q800000HZiz7,1004760,United States,,,Active
006Q800000HZjeo,1007879,Canada,No Decision,,Not a Member
006Q800000HZmKv,1007491,United States,Other (Add detail to Other Closed Lost Reason),,Not a Member
006Q800000HZmy2,1005598,United States,,,Active
006Q800000HZpuR,1000580,New Zealand,Unresponsive Contacts,,Active
006Q800000HZtXo,1003022,Australia,,,Not a Member
006Q800000HZxZi,1002695,Australia,,,Active
006Q800000HakDp,1003209,EMEA,,,Active
006Q800000Hc2F7,1007881,EMEA,,,Not a Member
006Q800000Hc4aI,1006510,Canada,,,Not a Member
006Q800000Hc67S,,EMEA,Competition,The End User has chosen Aritech or Tyco to be their solution.,Not a Member
006Q800000Hc9lH,1004715,United States,Other (Add detail to Other Closed Lost Reason),,Pending
006Q800000HcAm9,1007474,EMEA,No Decision,,Not a Member
006Q800000HcDX7,1006489,United States,No Decision,,Not a Member
006Q800000HcFkM,1005920,Canada,Other (Add detail to Other Closed Lost Reason),,Not a Member
006Q800000HcFvZ,1005053,United States,,,Not a Member
006Q800000HcHak,1004867,United States,,,Active
006Q800000HcK3x,1005053,United States,,,Not a Member
006Q800000HcKf3,1004670,United States,,,Active
006Q800000HcKgh,1005045,United States,,,Active
006Q800000HcL3G,1004527,United States,,,Active
006Q800000HcNg9,1004694,United States,,,Active
006Q800000HcNpp,1004971,United States,,,Pending
006Q800000HcOAn,1004807,United States,,,Active
006Q800000HcPGX,1004670,United States,,,Active
006Q800000HcRJx,1004694,United States,,,Active
006Q800000HcTaX,1003023,Australia,Lack of Budget,,Not a Member
006Q800000HcWxy,1006271,United States,,,Active
006Q800000HcXZZ,1003172,Australia,,,Not a Member
006Q800000HcaFB,1003023,Australia,No Decision,,Not a Member
006Q800000Hcifn,1006808,Australia,No Decision,,Not a Member
006Q800000HcsKA,1003176,Australia,,,Active
006Q800000HcxDQ,1003039,Australia,,,Not a Member
006Q800000Hd8vB,1007863,Australia,Other (Add detail to Other Closed Lost Reason),,Not a Member
006Q800000HdKZl,1007778,Asia Pacific,,,Not a Member
006Q800000HeSTd,1007968,Asia Pacific,Competition,,Not a Member
006Q800000HeXgD,,Asia Pacific,Unresponsive Contacts,,Not a Member
006Q800000Heirl,1002971,Australia,,,Active
006Q800000HepV3,1006527,United States,,,Active
006Q800000Heqe1,,United States,,,Active
006Q800000HesHf,1004309,Canada,Unresponsive Contacts,,Active
006Q800000HewOT,1007250,United States,,,Active
006Q800000Hf4kD,1005163,United States,Competition,,Active
006Q800000Hf4x8,1003125,Australia,No Decision,,Not a Member
006Q800000Hf7wc,1002795,Australia,,,Active
006Q800000HfPFB,1003172,Australia,No Decision,,Not a Member
006Q800000HfaAe,1003462,Australia,,,Active
006Q800000Hfgkf,1003462,Australia,,,Active
006Q800000Hh0fy,1004040,Canada,,,Not a Member
006Q800000Hh5Dz,1005690,United States,No Decision,,Active
006Q800000Hh6YE,1003209,EMEA,,,Active
006Q800000Hh7CX,1004973,United States,,,Active
006Q800000Hh9xW,1003885,Canada,Unresponsive Contacts,,Active
006Q800000HhEAo,1005067,United States,,,Active
006Q800000HhGpL,1005558,United States,,,Not a Member
006Q800000HhIeD,1005043,United States,,,Not a Member
006Q800000HjcCD,1000545,New Zealand,Unresponsive Contacts,,Not a Member
006Q800000Hk5MH,1003368,Australia,No Decision,,Not a Member
006Q800000Hk8FJ,1003460,Australia,No Decision,,Not a Member
006Q800000HkKA4,1003444,Australia,No Decision,,Pending
006Q800000Hljfq,1005795,EMEA,,,Active
006Q800000HlsuQ,1005795,EMEA,,,Active
006Q800000Hm2k5,1007522,Canada,Other (Add detail to Other Closed Lost Reason),,Not a Member
006Q800000Hm4SX,,United States,Unresponsive Contacts,,Not a Member
006Q800000Hm4lv,1007450,United States,,,Not a Member
006Q800000Hm7Bt,1004760,United States,,,Active
006Q800000Hm7S1,1007283,Canada,,Lost to another supplier,Not a Member
006Q800000Hm7Td,1007819,United States,,,Not a Member
006Q800000HmCKG,1007450,United States,Other (Add detail to Other Closed Lost Reason),"Avera found out that Tyler had left and we lost the entire 1,600 door project back to Avigilon.",Not a Member
006Q800000HmDfV,1004027,Canada,,,Active
006Q800000HmEuz,1007189,Canada,,,Not a Member
006Q800000HmGog,1007450,United States,Other (Add detail to Other Closed Lost Reason),"Avera found out that Tyler had left and we lost the entire 1,600 door project back to Avigilon.",Not a Member
006Q800000HmINU,1005366,United States,Other (Add detail to Other Closed Lost Reason),"City of Naperville has decided to go another way and not use ICT. With having over 50% of the city on newer Mercury based system, the city found it too cost prohibitive to replace the old and new hardware throughout the city with ICT.",Not a Member
006Q800000HmLht,1001006,New Zealand,Competition,,Active
006Q800000HmhNS,1007960,Australia,No Decision,,Not a Member
006Q800000Hn1xH,,Australia,Competition,,Not a Member
006Q800000Hn8qf,1003219,Australia,Pricing,,Not a Member
006Q800000HoRT3,1003987,Canada,Competition,,Active
006Q800000HoTeY,1003890,Canada,,,Active
006Q800000HoWXZ,1004879,United States,,,Active
006Q800000HoWis,1007450,United States,,,Not a Member
006Q800000HoXzt,1006303,United States,,,Active
006Q800000HoZx5,1004968,United States,,,Active
006Q800000HoaUj,1007450,United States,Other (Add detail to Other Closed Lost Reason),"Avera found out that Tyler had left and we lost the entire 1,600 door project back to Avigilon.",Not a Member
006Q800000HoctA,1005272,United States,,,Active
006Q800000Hod4P,1005293,United States,,,Active
006Q800000HodIv,1006271,United States,,,Active
006Q800000HodKX,1003987,Canada,Competition,,Active
006Q800000Hodu1,1005163,United States,,,Active
006Q800000HomCX,1003503,Australia,,,Active
006Q800000HopYj,1007145,Australia,Competition,,Not a Member
006Q800000Hp5Ww,1007145,Australia,Lack of Budget,,Not a Member
006Q800000Hp7AY,1003113,Australia,,,Active
006Q800000Hp8cr,1003444,Australia,No Decision,,Pending
006Q800000HqTXB,1007420,Asia Pacific,,,Not a Member
006Q800000HqjSI,1003090,EMEA,,,Active
006Q800000Hqjk1,1005257,United States,No Decision,,Active
006Q800000Hql99,1003090,EMEA,,,Active
006Q800000Hqorl,1007771,United States,Unresponsive Contacts,,Not a Member
006Q800000Hqwz9,1003462,Australia,,,Active
006Q800000HrP8O,1002940,Australia,Other (Add detail to Other Closed Lost Reason),,Active
006Q800000HrUxS,1002940,Australia,Other (Add detail to Other Closed Lost Reason),,Active
006Q800000HseDC,1000477,New Zealand,Other (Add detail to Other Closed Lost Reason),,Active
006Q800000Ht7aA,1003209,EMEA,Other (Add detail to Other Closed Lost Reason),,Active
006Q800000HtA3N,1003209,EMEA,,,Active
006Q800000HtNLZ,1005298,United States,Lack of Budget,,Active
006Q800000HtS0J,1005176,United States,,,Not a Member
006Q800000HtTag,1004928,United States,,,Pending
006Q800000HtUlG,1003444,Australia,,,Pending
006Q800000HtVNy,1005293,United States,,,Active
006Q800000HtaST,1004592,United States,,,Active
006Q800000Htah0,1006193,United States,,,Not a Member
006Q800000HtdoX,1003444,Australia,,,Pending
006Q800000Hthyb,1000743,ICT,,,Active
006Q800000Htj5x,,United States,Lack of Budget,,Not a Member
006Q800000HtlMH,1000851,New Zealand,,,Not a Member
006Q800000HvZor,1003571,EMEA,,,Not a Member
006Q800000HvdPe,1003090,EMEA,,,Active
006Q800000Hvf6H,1003090,EMEA,,,Active
006Q800000HvhRR,1003090,EMEA,,,Active
006Q800000HviSL,1003090,EMEA,,,Active
006Q800000HvoO5,1003209,EMEA,,,Active
006Q800000HvpX3,1002783,EMEA,,,Active
006Q800000HvraT,1005920,Canada,Unresponsive Contacts,,Not a Member
006Q800000Hvtve,1005298,United States,,,Active
006Q800000HvuRt,1007879,Canada,,,Not a Member
006Q800000HvuTW,1007822,EMEA,Other (Add detail to Other Closed Lost Reason),clean up after sales left,Not a Member
006Q800000Hvvqz,,EMEA,Other (Add detail to Other Closed Lost Reason),The board has decided to stay with Impro as their main choice of Access.,Not a Member
006Q800000Hw0FZ,1004670,United States,,,Active
006Q800000Hw1LK,1005020,United States,,,Active
006Q800000Hw2dy,1004773,United States,,,Not a Member
006Q800000Hw5Gt,1005165,United States,,,Active
006Q800000Hw5f3,1005025,United States,,,Not a Member
006Q800000HwCev,1005690,United States,,,Active
006Q800000HyeqP,1007160,Asia Pacific,,,Not a Member
006Q800000HyvOD,1000736,New Zealand,,,Active
006Q800000Hyvb7,1003358,Australia,,,Not a Member
006Q800000Hyvxx,1003444,Australia,,,Pending
006Q800000HyxWT,1006462,New Zealand,Other (Add detail to Other Closed Lost Reason),,Not a Member
006Q800000Hz0PV,1007891,New Zealand,No Decision,,Not a Member
006Q800000Hz7nZ,1003537,Australia,Unresponsive Contacts,,Active
006Q800000Hz99R,1003537,Australia,No Decision,,Active
006Q800000HzKeM,1007932,Australia,Pricing,,Not a Member
006Q800000Hznzi,1003428,EMEA,Other (Add detail to Other Closed Lost Reason),The opp has been changed and now the entire order will arrive all in one shot,Active
006Q800000HzpDV,1003428,EMEA,Other (Add detail to Other Closed Lost Reason),The opp has been changed and now the entire order will arrive all in one shot,Active
006Q800000HzpJx,1003428,EMEA,Other (Add detail to Other Closed Lost Reason),The opp has been changed and now the entire order will arrive all in one shot,Active
006Q800000HzpNB,1003428,EMEA,Other (Add detail to Other Closed Lost Reason),The opp has been changed and now the entire order will arrive all in one shot,Active
006Q800000I0Q3N,1003209,EMEA,,,Active
006Q800000I0Qpl,1004710,United States,,,Active
006Q800000I0Qpm,1004548,United States,,,Not a Member
006Q800000I0T65,,Asia Pacific,No Decision,,Not a Member
006Q800000I0Xfx,,United States,Other (Add detail to Other Closed Lost Reason),,Not a Member
006Q800000I0YCD,1004552,United States,,,Not a Member
006Q800000I0Yk5,1005178,United States,,,Not a Member
006Q800000I0adr,1004694,United States,,,Active
006Q800000I0bRq,1004967,United States,,,Not a Member
006Q800000I0bej,1004694,United States,,,Active
006Q800000I0cCb,1007771,United States,,,Not a Member
006Q800000I0d5R,1004694,United States,,,Active
006Q800000I0fyW,1004793,United States,,,Not a Member
006Q800000I0g1h,,United States,Unresponsive Contacts,,Not a Member
006Q800000I0hXF,1000566,New Zealand,,,Active
006Q800000I0vdR,1007819,United States,Pricing,,Not a Member
006Q800000I1PLO,1003379,Australia,Other (Add detail to Other Closed Lost Reason),,Active
006Q800000I1Qb1,1002801,Australia,Competition,,Not a Member
006Q800000I1QpJ,1002685,Australia,,,Not a Member
006Q800000I2p5x,1004309,Canada,Unresponsive Contacts,,Active
006Q800000I2pdZ,1003088,Australia,Lack of Budget,,Active
006Q800000I2uJt,1000646,Asia Pacific,No Decision,,Pending
006Q800000I2wK7,1000940,EMEA,,,Active
006Q800000I30Qv,1004789,United States,,,Active
006Q800000I30if,1000940,EMEA,,,Active
006Q800000I31YH,1003512,EMEA,,,Active
006Q800000I322v,1000940,EMEA,,,Active
006Q800000I33Jx,1005293,United States,,,Active
006Q800000I33gX,1005546,United States,,,Active
006Q800000I36ZZ,1004694,United States,,,Active
006Q800000I36sw,1004760,United States,,,Active
006Q800000I37fJ,1003885,Canada,,,Active
006Q800000I3AID,1004527,United States,,,Active
006Q800000I3B0E,1007450,United States,Other (Add detail to Other Closed Lost Reason),"Avera found out that Tyler had left and we lost the entire 1,600 door project back to Avigilon.",Not a Member
006Q800000I3CDz,1005546,United States,,,Active
006Q800000I3HI5,1006271,United States,,,Active
006Q800000I3HlF,1001011,Canada,,,Active
006Q800000I3INp,1003437,Australia,,,Not a Member
006Q800000I4PQT,1007767,Australia,No Decision,,Not a Member
006Q800000I58sE,1003090,EMEA,No Decision,,Active
006Q800000I59rW,1007223,Asia Pacific,,,Not a Member
006Q800000I5HSV,1007778,Asia Pacific,,,Not a Member
006Q800000I5Qtz,1004670,United States,,,Active
006Q800000I5Rrd,1007223,Asia Pacific,,,Not a Member
006Q800000I5WGD,1004109,EMEA,,,Not a Member
006Q800000I5WmT,1007490,EMEA,Change of Circumstances,,Not a Member
006Q800000I5WuY,1004963,United States,,,Active
006Q800000I5X6F,,EMEA,No Decision,,Not a Member
006Q800000I5XfX,1007306,United States,Other (Add detail to Other Closed Lost Reason),,Active
006Q800000I5Xyj,1004867,United States,Competition,,Active
006Q800000I5bB4,1005293,United States,,,Active
006Q800000I5cLe,1005977,United States,Unresponsive Contacts,,Active
006Q800000I5d4n,1005046,United States,Unresponsive Contacts,,Active
006Q800000I5fEf,1004694,United States,,,Active
006Q800000I5fEi,1007700,United States,No Decision,,Not a Member
006Q800000I5fZd,1004694,United States,,,Active
006Q800000I5fo9,1005350,United States,Other (Add detail to Other Closed Lost Reason),,Active
006Q800000I5k7w,1005451,United States,,,Not a Member
006Q800000I5l3x,1000575,New Zealand,Lack of Budget,,Not a Member
006Q800000I5nVf,1005546,United States,,,Active
006Q800000I5ncc,1005257,United States,,,Active
006Q800000I5qjs,1006624,Australia,No Decision,,Pending
006Q800000I5qut,1006537,New Zealand,,,Not a Member
006Q800000I5rRB,1005257,United States,,,Active
006Q800000I5rvm,1005257,United States,,,Active
006Q800000I5rzG,1004525,United States,,,Active
006Q800000I5stR,1005257,United States,,,Active
006Q800000I5syH,1004615,United States,,,Active
006Q800000I5tCo,1005451,United States,,,Not a Member
006Q800000I5tMq,1005027,United States,,,Active
006Q800000I5tXl,1005451,United States,,,Not a Member
006Q800000I5tj3,1006891,New Zealand,Other (Add detail to Other Closed Lost Reason),,Not a Member
006Q800000I6Ynr,1003387,Australia,Change of Circumstances,,Active
006Q800000I6Yr4,1003038,Australia,,,Active
006Q800000I6c53,1003387,Australia,Change of Circumstances,,Active
006Q800000I6cxu,1003387,Australia,,,Active
006Q800000I6fJ4,1003664,Australia,No Decision,,Not a Member
006Q800000I7O86,1006528,EMEA,Competition,,Not a Member
006Q800000I7gPz,1004694,United States,,,Active
006Q800000I7ggI,1004694,United States,,,Active
006Q800000I7gxq,1004694,United States,,,Active
006Q800000I7hsK,1003966,Canada,Unresponsive Contacts,,Not a Member
006Q800000I7iLL,1004694,United States,,,Active
006Q800000I7ihu,1004694,United States,,,Active
006Q800000I7jqs,1004796,United States,,,Active
006Q800000I7k0Z,1006480,Canada,Competition,,Not a Member
006Q800000I7k6z,1004694,United States,,,Active
006Q800000I7kWn,1004694,United States,,,Active
006Q800000I7ker,1004867,United States,,,Active
006Q800000I7lvt,1005455,United States,,,Active
006Q800000I7m2L,1000646,Asia Pacific,,,Pending
006Q800000I7onJ,1006480,Canada,Other (Add detail to Other Closed Lost Reason),,Not a Member
006Q800000I7p0D,1003428,EMEA,,,Active
006Q800000I7pOP,1006480,Canada,Competition,,Not a Member
006Q800000I7q9B,1007243,Canada,,,Active
006Q800000I7qXO,1007878,United States,,,Active
006Q800000I7unu,1005546,United States,,,Active
006Q800000I7vdW,1005027,United States,,,Active
006Q800000I7xvT,1003347,Australia,Pricing,,Active
006Q800000I83Sz,1006246,Canada,Unresponsive Contacts,,Active
006Q800000I84H0,1003259,Australia,Pricing,,Active
006Q800000I84VV,,Australia,,,Not a Member
006Q800000I8IDW,1006770,United States,,,Active
006Q800000I8ItR,,Australia,,,Active
006Q800000I9Z7R,1002728,EMEA,Competition,,Not a Member
006Q800000I9s5F,1005298,United States,,,Active
006Q800000I9sbV,1003884,Canada,,,Active
006Q800000I9xPt,1003209,EMEA,No Decision,,Active
006Q800000I9xuX,1005272,United States,,,Active
006Q800000I9yXF,1004787,United States,Unresponsive Contacts,,Active
006Q800000I9ytr,1005272,United States,,,Active
006Q800000IA3Wv,1006396,United States,,,Active
006Q800000IBdBm,1003457,Australia,,,Not a Member
006Q800000IBioM,1000451,New Zealand,Competition,,Active
006Q800000IBmNZ,1007145,Australia,,,Not a Member
006Q800000IBofd,1002685,Australia,,,Not a Member
006Q800000ICAKd,1005770,New Zealand,Unresponsive Contacts,,Not a Member
006Q800000ICCFx,1003269,Australia,Lack of Budget,,Not a Member
006Q800000ICJhF,,Australia,,,Pending
006Q800000ICevN,1003347,Australia,,,Active
006Q800000ICgM5,1003255,Australia,No Decision,,Active
006Q800000ICuVX,1003428,EMEA,Competition,,Active
006Q800000IDYXm,1003369,EMEA,,,Active
006Q800000IDYmI,1003209,EMEA,,,Active
006Q800000IDcDD,,United States,,,Pending
006Q800000IDgAL,1005165,United States,Lack of Budget,,Active
006Q800000IDhO9,1005546,United States,,,Active
006Q800000IDloL,1003908,Canada,,,Not a Member
006Q800000IEH8H,1007917,Australia,Pricing,,Not a Member
006Q800000IF8Kg,1003512,EMEA,,,Active
006Q800000IFFFh,1003209,EMEA,,,Active
006Q800000IFiKv,1003885,Canada,,,Active
006Q800000IFlib,1005293,United States,,,Active
006Q800000IFnUH,1007131,United States,,,Active
006Q800000IFnfZ,1007131,United States,,,Active
006Q800000IFo0X,1005180,United States,,,Not a Member
006Q800000IFotP,1007250,United States,,,Active
006Q800000IFpO2,1005045,United States,,,Active
006Q800000IFr1d,1004807,United States,,,Active
006Q800000IFsdg,1006527,United States,,,Active
006Q800000IFvWh,1007450,United States,Other (Add detail to Other Closed Lost Reason),"Avera found out that Tyler had left and we lost the entire 1,600 door project back to Avigilon.",Not a Member
006Q800000IG4Ys,1003107,Australia,,,Active
006Q800000IGLED,1000855,New Zealand,Other (Add detail to Other Closed Lost Reason),,Not a Member
006Q800000IGVbn,1003457,Australia,No Decision,,Not a Member
006Q800000IGl74,1003560,Australia,,,Pending
006Q800000IGlVF,1002855,Australia,,,Not a Member
006Q800000IHTw5,1008080,Asia Pacific,Change of Circumstances,,Not a Member
006Q800000IHUH3,1003209,EMEA,,,Active
006Q800000IHfHJ,,Asia Pacific,No Decision,,Not a Member
006Q800000IHgV7,1006271,United States,,,Active
006Q800000IHkwv,1007921,United States,,,Not a Member
006Q800000IHlD3,1003885,Canada,,,Active
006Q800000IHlzS,1005063,United States,,,Not a Member
006Q800000IHm7W,1003209,EMEA,No Decision,,Active
006Q800000IHo7j,,United States,Unresponsive Contacts,,Not a Member
006Q800000IHptN,1005298,United States,,,Active
006Q800000IHqkb,1004760,United States,,,Active
006Q800000IHyyR,1006246,Canada,Competition,,Active
006Q800000II0iM,1005454,United States,,,Not a Member
006Q800000II8OA,1002940,Australia,No Decision,,Active
006Q800000II9SK,1007917,Australia,,,Not a Member
006Q800000IICmm,1003622,New Zealand,,,Not a Member
006Q800000IIVZH,1006666,Australia,,,Not a Member
006Q800000IJ4QY,1007390,Australia,Unresponsive Contacts,,Not a Member
006Q800000IJMvQ,1000559,New Zealand,Unresponsive Contacts,,Active
006Q800000IJSUU,1006805,EMEA,Pricing,,Active
006Q800000IJcVR,1006805,EMEA,Pricing,Against roger.pl,Active
006Q800000IJkpZ,1004867,United States,Pricing,lost to DMP due to cost,Active
006Q800000IJmD3,1007223,Asia Pacific,,,Not a Member
006Q800000IJrhN,1004527,United States,,,Active
006Q800000IJt85,1004714,United States,,,Not a Member
006Q800000IJtG9,1005392,United States,,,Active
006Q800000IJu8z,1005293,United States,,,Active
006Q800000IJuYo,1004548,United States,,,Not a Member
006Q800000IJwHF,,Canada,,,Not a Member
006Q800000IJwIr,1004675,United States,,,Active
006Q800000IJyfd,1004694,United States,,,Active
006Q800000IJzjn,1005451,United States,,,Not a Member
006Q800000IK3W2,1000636,New Zealand,Unresponsive Contacts,,Active
006Q800000IKFGf,1007473,Australia,Competition,,Not a Member
006Q800000IKf1e,1002467,Asia Pacific,Competition,,Active
006Q800000IKkyo,1003368,Australia,Other (Add detail to Other Closed Lost Reason),,Not a Member
006Q800000IKt2p,1002983,Australia,Pricing,,Not a Member
006Q800000ILidB,1003209,EMEA,Competition,,Active
006Q800000ILitJ,1003209,EMEA,Competition,,Active
006Q800000ILz1M,1005547,United States,,,Not a Member
006Q800000ILzPY,1004773,United States,,,Not a Member
006Q800000ILzxP,,Canada,,,Not a Member
006Q800000IM2NN,1004850,United States,,,Active
006Q800000IM2qT,1004973,United States,,,Active
006Q800000IM2s1,1007250,United States,,,Active
006Q800000IM3sw,1004701,United States,,,Active
006Q800000IM6Sb,1005597,United States,,,Not a Member
006Q800000IM9C2,,Canada,,,Not a Member
006Q800000INeX5,1007934,EMEA,,,Not a Member
006Q800000INnk4,1006942,Australia,,,Active
006Q800000IOVEq,1003394,Australia,,,Not a Member
006Q800000IOX6v,1003394,Australia,Lack of Budget,,Not a Member
006Q800000IPJGP,1008080,Asia Pacific,Change of Circumstances,,Not a Member
006Q800000IPKUF,1005287,United States,,,Active
006Q800000IPXMb,1007443,Canada,,,Active
006Q800000IPYVa,1004671,United States,Unresponsive Contacts,,Active
006Q800000IPZwH,1007934,EMEA,,,Not a Member
006Q800000IPc4X,1005051,United States,,,Active
006Q800000IPdrr,1005848,United States,,,Active
006Q800000IPfdV,1004876,United States,,,Active
006Q800000IPgHp,1005178,United States,,,Not a Member
006Q800000IPgg1,1005163,United States,,,Active
006Q800000IPjXR,1005278,United States,Pricing,,Active
006Q800000IPkZx,1000952,Canada,Other (Add detail to Other Closed Lost Reason),,Active
006Q800000IPlKj,1000952,Canada,,,Active
006Q800000IPluD,1007700,United States,No Decision,,Not a Member
006Q800000IPo7L,1001006,New Zealand,Other (Add detail to Other Closed Lost Reason),,Active
006Q800000IPtVM,1007245,Australia,No Decision,,Active
006Q800000IPuHo,1005267,United States,Competition,,Active
006Q800000IQ5BN,1007306,United States,,,Active
006Q800000IQAhK,1007918,Australia,,,Not a Member
006Q800000IQBbl,,Australia,No Decision,,Active
006Q800000IQugv,1003537,Australia,Unresponsive Contacts,,Active
006Q800000IRFDV,1002725,Australia,Competition,,Not a Member
006Q800000IRawJ,1003276,EMEA,No Decision,,Not a Member
006Q800000IRdvl,,EMEA,Change of Circumstances,,Not a Member
006Q800000IRfpm,1007490,EMEA,Competition,,Not a Member
006Q800000IRgws,1001919,Asia Pacific,Competition,,Active
006Q800000IRkvd,1005298,United States,,,Active
006Q800000IRkxF,1005451,United States,,,Not a Member
006Q800000IRnn3,1004710,United States,,,Active
006Q800000IRntX,,Canada,,,Active
006Q800000IRnyM,1007701,United States,,,Not a Member
006Q800000IRoBH,1004027,Canada,Change of Circumstances,,Active
006Q800000IRoHh,1006085,United States,,,Active
006Q800000IRoj7,1004523,United States,,,Active
006Q800000IRqOL,1003983,Canada,No Decision,,Not a Member
006Q800000IRqrN,1007879,Canada,Competition,,Not a Member
006Q800000IS0Vo,,Australia,Lack of Budget,,Not a Member
006Q800000IS5U3,,Australia,Lack of Budget,,Not a Member
006Q800000IS6uY,1000858,New Zealand,No Decision,,Active
006Q800000IS8TJ,1003462,Australia,,,Active
006Q800000ISD9d,1003107,Australia,,,Active
006Q800000ISQ0P,1007772,Australia,,,Not a Member
006Q800000ISiRx,1006976,Australia,No Decision,,Not a Member
006Q800000ITDql,1003276,EMEA,,,Not a Member
006Q800000ITmi1,1004760,United States,,,Active
006Q800000ITo3u,1003962,Canada,,,Not a Member
006Q800000IToTi,1004804,United States,,,Active
006Q800000ITqgo,1000580,New Zealand,,,Active
006Q800000IU3kY,1006624,Australia,No Decision,,Pending
006Q800000IUdZR,1002778,Australia,,,Active
006Q800000IUk1T,1003293,Australia,,,Not a Member
006Q800000IUnP8,1006976,Australia,No Decision,,Not a Member
006Q800000IUpZ0,1006950,Australia,No Decision,,Not a Member
006Q800000IVC7O,1002725,Australia,No Decision,,Not a Member
006Q800000IVEif,1002725,Australia,Unresponsive Contacts,,Not a Member
006Q800000IVLyh,1004182,EMEA,,,Not a Member
006Q800000IVgNB,1007934,EMEA,,,Not a Member
006Q800000IVs8D,1007173,United States,,,Active
006Q800000IVtib,1000874,OEM,,,Not a Member
006Q800000IVvR3,1005546,United States,,,Active
006Q800000IVvm1,1006510,Canada,,,Not a Member
006Q800000IVxcY,1000542,New Zealand,Unresponsive Contacts,,Not a Member
006Q800000IVytZ,1005572,United States,Competition,,Not a Member
006Q800000IW5ev,1006908,New Zealand,No Decision,,Not a Member
006Q800000IW6kf,1003983,Canada,,,Not a Member
006Q800000IW6nt,1006116,Australia,,,Not a Member
006Q800000IWOzR,1002974,Australia,Lack of Budget,,Active
006Q800000IWQRe,1002940,Australia,,,Active
006Q800000IWUqD,1000552,Asia Pacific,,,Not a Member
006Q800000IWWiL,1007223,Asia Pacific,Competition,,Not a Member
006Q800000IXiBB,1007947,EMEA,No Decision,,Not a Member
006Q800000IXqof,1004867,United States,,,Active
006Q800000IXrT1,1004694,United States,,,Active
006Q800000IXthh,,United States,Competition,,Not a Member
006Q800000IXx8c,1006091,Canada,,,Active
006Q800000IXxwb,1005051,United States,,,Active
006Q800000IXzTl,1006091,Canada,Competition,,Active
006Q800000Ia08n,1003460,Australia,Unresponsive Contacts,,Not a Member
006Q800000IaSBV,1006805,EMEA,,,Active
006Q800000IaUEv,1007474,EMEA,Change of Circumstances,,Not a Member
006Q800000IaaU2,1000671,New Zealand,No Decision,,Active
006Q800000IaaiX,1005051,United States,,,Active
006Q800000IadIE,1004807,United States,,,Active
006Q800000IadLR,1007642,Canada,Unresponsive Contacts,,Not a Member
006Q800000Iag1a,1007197,United States,,,Active
006Q800000Iahww,1007934,EMEA,,,Not a Member
006Q800000IbDgf,1007994,Asia Pacific,No Decision,,Not a Member
006Q800000IcGhJ,1002769,EMEA,Change of Circumstances,,Not a Member
006Q800000IcOmw,,Asia Pacific,No Decision,,Not a Member
006Q800000IcS7P,1008272,United States,,,Active
006Q800000IcSk9,1005272,United States,,,Active
006Q800000IcUty,1003090,EMEA,,,Active
006Q800000IcX8f,1003209,EMEA,No Decision,,Active
006Q800000IcXS1,1003209,EMEA,No Decision,,Active
006Q800000IcZaI,1004694,United States,,,Active
006Q800000IcZoo,1003891,Canada,,,Active
006Q800000Icbtp,1005529,United States,,,Pending
006Q800000Icc9x,1004802,United States,,,Active
006Q800000Icccz,1005287,United States,,,Active
006Q800000IcdAr,1007131,United States,,,Active
006Q800000IceTv,1000475,New Zealand,,,Active
006Q800000Icidj,1005776,United States,Other (Add detail to Other Closed Lost Reason),Project has already been completed/Not closed in SF,Active
006Q800000Icj3N,1005776,United States,Other (Add detail to Other Closed Lost Reason),Project has already been completed/Not closed in SF,Active
006Q800000Icj9p,1000954,New Zealand,,,Active
006Q800000IcjL9,1005776,United States,Other (Add detail to Other Closed Lost Reason),Project has already been completed/Not closed in SF,Active
006Q800000IckxC,1005287,United States,,,Active
006Q800000Icl7l,1005776,United States,Other (Add detail to Other Closed Lost Reason),Project has already been completed/Not closed in SF,Active
006Q800000IdFXv,1005293,United States,,,Active
006Q800000IdLJy,1005293,United States,,,Active
006Q800000IeWjZ,1004867,United States,Lack of Budget,,Active
006Q800000IeZMT,1003209,EMEA,,,Active
006Q800000IehLi,1003209,EMEA,,,Active
006Q800000IehTj,1005920,Canada,Other (Add detail to Other Closed Lost Reason),,Not a Member
006Q800000IehTl,1000451,New Zealand,No Decision,,Active
006Q800000IeiG5,1005598,United States,,,Active
006Q800000IejqU,1003886,Canada,,,Active
006Q800000Iekkw,1004027,Canada,,,Active
006Q800000IelsH,1004688,United States,,,Active
006Q800000IemBz,1007001,United States,No Decision,,Not a Member
006Q800000Iemgg,1004716,United States,,,Active
006Q800000IeoJt,1004764,United States,,,Active
006Q800000IepCk,1006624,Australia,No Decision,,Pending
006Q800000IepZN,1007771,United States,,,Not a Member
006Q800000Ier6T,1007914,United States,Other (Add detail to Other Closed Lost Reason),,Not a Member
006Q800000Ierck,1004523,United States,,,Active
006Q800000Ierpe,1004523,United States,,,Active
006Q800000If8Do,1003891,Canada,Other (Add detail to Other Closed Lost Reason),Pricing exercise,Active
006Q800000IfCXV,1003462,Australia,,,Active
006Q800000IfGcl,1003720,New Zealand,,,Not a Member
006Q800000IfI1p,1000671,New Zealand,No Decision,,Active
006Q800000Igab1,1005058,United States,No Decision,,Active
006Q800000Igahf,1004383,EMEA,,,Not a Member
006Q800000IgapW,1007800,United States,,,Not a Member
006Q800000IgbOz,1004590,United States,,,Active
006Q800000Igjso,1003295,Australia,No Decision,,Active
006Q800000Igks6,1006770,United States,,,Active
006Q800000Iglub,1005454,United States,,,Not a Member
006Q800000Igm7V,1003209,EMEA,,,Active
006Q800000IgolD,1005167,United States,,,Active
006Q800000IguRd,1005864,Australia,No Decision,,Not a Member
006Q800000IgyiJ,1006020,Australia,,,Active
006Q800000Ihle2,1007550,Asia Pacific,No Decision,,Not a Member
006Q800000Ihs7d,1007550,Asia Pacific,Competition,,Not a Member
006Q800000IhvVJ,1007550,Asia Pacific,No Decision,,Not a Member
006Q800000Ihvu1,1007550,Asia Pacific,No Decision,,Not a Member
006Q800000IhzKP,1000646,Asia Pacific,,,Pending
006Q800000IilGz,1007184,Canada,,,Not a Member
006Q800000IilVW,1004323,Canada,,,Active
006Q800000IioBd,,Canada,Competition,,Not a Member
006Q800000Iioy1,,United States,,,Not a Member
006Q800000Iiqjh,1004850,United States,,,Active
006Q800000Iiqjq,1004520,United States,,,Active
006Q800000Iit9p,1004867,United States,,,Active
006Q800000IiwM7,1006816,Canada,,,Active
006Q800000IkqsU,1003261,Australia,,,Active
006Q800000Il2tg,1000752,New Zealand,,,Active
006Q800000Il5OT,1000451,New Zealand,,,Active
006Q800000Il8W1,1002936,Australia,,,Not a Member
006Q800000IlQsk,1002943,Australia,,,Not a Member
006Q800000IlhX0,,EMEA,No Decision,,Not a Member
006Q800000ImJFh,1003428,EMEA,,,Active
006Q800000ImXNV,1005067,United States,,,Active
006Q800000ImXk5,1004807,United States,No Decision,,Active
006Q800000ImXlh,1006246,Canada,Unresponsive Contacts,,Active
006Q800000ImYD7,1006510,Canada,Competition,,Not a Member
006Q800000ImYY7,1003209,EMEA,No Decision,,Active
006Q800000ImZQv,1004685,United States,,,Not a Member
006Q800000ImcAK,1006131,United States,,,Pending
006Q800000ImtZT,1003266,Australia,,,Active
006Q800000ImysL,1000952,Canada,,,Active
006Q800000In09N,1000545,New Zealand,,,Not a Member
006Q800000In7u3,1006504,Australia,,,Not a Member
006Q800000IodYU,1004590,United States,,,Active
006Q800000Ioda6,1005121,United States,Other (Add detail to Other Closed Lost Reason),,Active
006Q800000IoeuN,,United States,,,Not a Member
006Q800000IogWM,1000874,OEM,,,Not a Member
006Q800000IosIz,1006055,United States,No Decision,,Active
006Q800000IpJLG,1007970,Australia,,,Not a Member
006Q800000Ipn4L,1002716,Australia,,,Not a Member
006Q800000Ipxmr,1007980,Asia Pacific,,,Not a Member
006Q800000IpyNy,1006080,Asia Pacific,,,Not a Member
006Q800000Iq3x8,1003209,EMEA,,,Active
006Q800000IqVa2,1004963,United States,,,Active
006Q800000IqXoj,1006510,Canada,,,Not a Member
006Q800000IqYzL,1006997,United States,,,Not a Member
006Q800000Iqa1q,1007189,Canada,,,Not a Member
006Q800000IqcWg,1005920,Canada,Other (Add detail to Other Closed Lost Reason),,Not a Member
006Q800000IqdED,1004027,Canada,,,Active
006Q800000IqmEs,1002860,Australia,No Decision,,Not a Member
006Q800000IqmMM,1005173,United States,Other (Add detail to Other Closed Lost Reason),,Active
006Q800000Iqn2H,1005529,United States,,,Pending
006Q800000IqxUg,1004886,United States,,,Not a Member
006Q800000Irbof,1007145,Australia,,,Not a Member
006Q800000Is0wk,1004802,United States,,,Active
006Q800000IsBTx,1007466,Australia,Competition,,Not a Member
006Q800000IsElB,1007490,EMEA,Change of Circumstances,,Not a Member
006Q800000IsIf7,1003090,EMEA,Competition,,Active
006Q800000IsMVp,1004109,EMEA,,,Not a Member
006Q800000IsRVW,,Asia Pacific,No Decision,,Not a Member
006Q800000IsaSL,1004507,United States,Other (Add detail to Other Closed Lost Reason),,Active
006Q800000IsdlB,1007939,EMEA,,,Not a Member
006Q800000IsePW,1006271,United States,,,Active
006Q800000IshVS,1002331,New Zealand,,,Not a Member
006Q800000Ishs2,1004763,United States,,,Active
006Q800000IsiMh,1004850,United States,,,Active
006Q800000Isisv,1007708,Canada,No Decision,,Not a Member
006Q800000Iso0f,1003462,Australia,,,Active
006Q800000IsqFN,1007189,Canada,,,Not a Member
006Q800000IsqU3,1006064,Australia,No Decision,,Pending
006Q800000IsqqT,1003049,Australia,,,Active
006Q800000IsrD3,,Canada,Unresponsive Contacts,,Not a Member
006Q800000It0TG,1006408,New Zealand,,,Not a Member
006Q800000ItKbd,1007695,Australia,,,Not a Member
006Q800000Itq21,1003527,Australia,,,Active
006Q800000Iu0JD,,EMEA,Unresponsive Contacts,,Not a Member
006Q800000Iu9z8,1006932,Australia,No Decision,,Not a Member
006Q800000IuPr0,1006342,Australia,Unresponsive Contacts,,Not a Member
006Q800000IuU97,1005795,EMEA,,,Active
006Q800000IubIh,1005690,United States,Competition,,Active
006Q800000Iudlu,,EMEA,No Decision,,Not a Member
006Q800000IudsM,1004867,United States,,,Active
006Q800000Iue3e,1004867,United States,,,Active
006Q800000Iufao,1007131,United States,,,Active
006Q800000Iugrp,1005795,EMEA,,,Active
006Q800000IuiSD,1007131,United States,,,Active
006Q800000Iul57,1000952,Canada,,,Active
006Q800000IuqeH,,United States,Competition,,Not a Member
006Q800000Ix52v,1003462,Australia,,,Active
006Q800000IxFof,1002865,Australia,,,Active
006Q800000IxIOL,1002865,Australia,,,Active
006Q800000IxOqN,1003184,Australia,Lack of Budget,,Active
006Q800000IxYGM,1003389,Australia,,,Not a Member
006Q800000Iy9vi,1003865,Canada,Unresponsive Contacts,,Active
006Q800000IyAoX,1007160,Asia Pacific,,,Not a Member
006Q800000IyFrS,1007771,United States,,,Not a Member
006Q800000IyFzV,1003965,Canada,Competition,,Active
006Q800000IyI4Y,,Canada,Competition,,Not a Member
006Q800000IyOY9,1004699,United States,,,Not a Member
006Q800000IySwk,1000779,New Zealand,No Decision,,Not a Member
006Q800000IyTpa,1000636,New Zealand,,,Active
006Q800000IyUKD,1007054,United States,,,Not a Member
006Q800000IyUP3,1003392,Australia,,,Active
006Q800000IyUor,1007054,United States,,,Not a Member
006Q800000IyUos,1003521,Australia,,,Active
006Q800000IyVZe,1004685,United States,Unresponsive Contacts,,Not a Member
006Q800000IyVub,1005111,United States,,,Not a Member
006Q800000IybvL,1007993,New Zealand,,,Not a Member
006Q800000Iyd0v,1007243,Canada,,,Active
006Q800000Iz0wn,1007937,Australia,,,Not a Member
006Q800000IzNII,1002704,Australia,No Decision,,Not a Member
006Q800000IzcKY,,EMEA,No Decision,,Not a Member
006Q800000IzfOr,,EMEA,Competition,,Not a Member
006Q800000Izg6P,,EMEA,Pricing,,Not a Member
006Q800000J040g,1004807,United States,No Decision,,Active
006Q800000J0FIf,1004867,United States,,,Active
006Q800000J0FQk,1007433,United States,,,Not a Member
006Q800000J0FfF,1004697,United States,,,Active
006Q800000J0Fov,1005067,United States,,,Active
006Q800000J0MKB,1007920,Canada,No Decision,,Not a Member
006Q800000J0ODt,1004697,United States,Change of Circumstances,,Active
006Q800000J0P8N,1006816,Canada,,,Active
006Q800000J0RGb,1006396,United States,,,Active
006Q800000J0Yrg,1003535,Australia,,,Not a Member
006Q800000J1DY9,,Australia,Other (Add detail to Other Closed Lost Reason),,Not a Member
006Q800000J1lDF,,EMEA,Competition,,Not a Member
006Q800000J25Da,1005598,United States,,,Active
006Q800000J26JK,1003209,EMEA,,,Active
006Q800000J29fO,,EMEA,Other (Add detail to Other Closed Lost Reason),Transferred to another integrator (exprivia),Not a Member
006Q800000J2D6H,1004676,United States,,,Active
006Q800000J2D9W,1006008,United States,Unresponsive Contacts,,Not a Member
006Q800000J2Dfl,1005272,United States,,,Active
006Q800000J2EyQ,1005165,United States,,,Active
006Q800000J2Jrq,1003865,Canada,,,Active
006Q800000J2Non,1002967,Australia,Other (Add detail to Other Closed Lost Reason),,Active
006Q800000J2VD6,1003195,Australia,Unresponsive Contacts,,Not a Member
006Q800000J2cZL,1003201,Australia,No Decision,,Not a Member
006Q800000J2tDZ,1003384,Australia,,,Active
006Q800000J2yOZ,1003379,Australia,Change of Circumstances,,Active
006Q800000J3DCH,1003379,Australia,Pricing,,Active
006Q800000J40sw,1004694,United States,,,Active
006Q800000J44DP,1007700,United States,No Decision,,Not a Member
006Q800000J48wv,1003209,EMEA,Competition,,Active
006Q800000J493N,1005051,United States,,,Active
006Q800000J4D3l,1007878,United States,No Decision,,Active
006Q800000J4DWn,1004857,United States,No Decision,,Active
006Q800000J4EKn,1006593,United States,,,Active
006Q800000J4GjB,1004027,Canada,,,Active
006Q800000J4H0X,1004959,United States,,,Not a Member
006Q800000J4XH0,1003368,Australia,No Decision,,Not a Member
006Q800000J5J3t,1002798,Australia,,,Not a Member
006Q800000J64E6,1006028,United States,No Decision,,Pending
006Q800000J68kj,1007443,Canada,,,Active
006Q800000J68xd,1005529,United States,,,Pending
006Q800000J697J,1005529,United States,,,Pending
006Q800000J69iP,1005167,United States,,,Active
006Q800000J6A4z,,United States,,,Not a Member
006Q800000J6ABR,1005284,United States,,,Active
006Q800000J6ATB,1004309,Canada,Competition,,Active
006Q800000J6BHB,1005112,United States,Unresponsive Contacts,,Not a Member
006Q800000J6CEt,1007443,Canada,Unresponsive Contacts,,Active
006Q800000J6Gbp,1007701,United States,,,Not a Member
006Q800000J6HJN,1003968,Canada,Other (Add detail to Other Closed Lost Reason),,Active
006Q800000J7rCj,1007863,Australia,No Decision,,Not a Member
006Q800000J8BL8,1002962,Australia,,,Active
006Q800000J8XLd,,Australia,,,Active
006Q800000J8bKQ,1006034,Australia,No Decision,,Not a Member
006Q800000J8dVt,1003347,Australia,Other (Add detail to Other Closed Lost Reason),,Active
006Q800000J8gGr,1003347,Australia,Other (Add detail to Other Closed Lost Reason),,Active
006Q800000J9HTJ,1007410,Asia Pacific,,,Not a Member
006Q800000J9JQJ,1003090,EMEA,Competition,,Active
006Q800000J9MrB,1003209,EMEA,,,Active
006Q800000J9TXh,1003090,EMEA,No Decision,,Active
006Q800000J9WCD,1005795,EMEA,Competition,,Active
006Q800000J9Wx0,1002967,Australia,,,Active
006Q800000J9YHG,1004694,United States,,,Active
006Q800000J9cG2,,United States,,,Not a Member
006Q800000J9cr8,1004548,United States,,,Not a Member
006Q800000J9fCH,1003209,EMEA,No Decision,,Active
006Q800000J9hxF,,United States,,,Not a Member
006Q800000J9i8X,1005067,United States,,,Active
006Q800000J9ii1,1006131,United States,,,Pending
006Q800000J9ims,1004694,United States,,,Active
006Q800000J9j1N,1004694,United States,,,Active
006Q800000J9jB3,1004763,United States,,,Active
006Q800000J9jML,1004763,United States,,,Active
006Q800000J9mGz,1006850,Canada,,,Active
006Q800000J9nTR,1006850,Canada,,,Active
006Q800000J9pYF,1000648,New Zealand,Unresponsive Contacts,,Active
006Q800000J9uCv,1007777,Canada,Competition,,Not a Member
006Q800000JABc0,1006994,Australia,No Decision,,Not a Member
006Q800000JAVVs,1002682,Australia,,,Active
006Q800000JAYwj,1005051,United States,,,Active
006Q800000JAfgT,1004113,Australia,,,Active
006Q800000JAjnK,1007260,Australia,Unresponsive Contacts,,Active
006Q800000JBCVx,,EMEA,Competition,,Not a Member
006Q800000JBUkv,,EMEA,Pricing,,Not a Member
006Q800000JBebu,1003885,Canada,,,Active
006Q800000JBk6E,1004973,United States,,,Active
006Q800000JBlez,1007691,Canada,Unresponsive Contacts,,Not a Member
006Q800000JBmPm,1005165,United States,,,Active
006Q800000JBo9p,1004879,United States,,,Active
006Q800000JBoRa,1004867,United States,,,Active
006Q800000JBoxr,1004716,United States,,,Active
006Q800000JBq6q,,Australia,,,Active
006Q800000JBrNs,1007243,Canada,,,Active
006Q800000JBsmv,1004928,United States,,,Pending
006Q800000JBtHZ,1006271,United States,,,Active
006Q800000JBtaz,1002967,Australia,Change of Circumstances,,Active
006Q800000JBu2M,1007701,United States,,,Not a Member
006Q800000JBu5Z,1004793,United States,,,Not a Member
006Q800000JBw4M,1002940,Australia,,,Active
006Q800000JCLow,,Australia,No Decision,,Not a Member
006Q800000JCXen,1007991,New Zealand,,,Not a Member
006Q800000JCjxh,1007512,Australia,,,Active
006Q800000JD2Io,,EMEA,Competition,Tender has been reassigned politically to the old supplier,Not a Member
006Q800000JDWNJ,,EMEA,Change of Circumstances,,Not a Member
006Q800000JDepV,1007985,United States,,,Not a Member
006Q800000JDfnB,1003209,EMEA,,,Active
006Q800000JDgsv,1006805,EMEA,,,Active
006Q800000JDhIk,,United States,Change of Circumstances,,Not a Member
006Q800000JDk8X,1005111,United States,,,Not a Member
006Q800000JDkzl,1005032,United States,,,Active
006Q800000JDlRB,1004527,United States,,,Active
006Q800000JDlxR,1005591,United States,,,Active
006Q800000JDm3t,1007250,United States,,,Active
006Q800000JDmSL,1003117,Australia,,,Not a Member
006Q800000JDqkD,1007700,United States,No Decision,,Not a Member
006Q800000JDy3R,1006385,New Zealand,,,Not a Member
006Q800000JE3kf,1007243,Canada,,,Active
006Q800000JEbcg,1006639,Australia,,,Not a Member
006Q800000JF0hV,1003124,Australia,No Decision,,Not a Member
006Q800000JFU9J,1003209,EMEA,,,Active
006Q800000JFVTZ,1003209,EMEA,No Decision,,Active
006Q800000JFYmQ,1003209,EMEA,,,Active
006Q800000JFull,,Australia,,,Active
006Q800000JFwVN,1005843,Australia,,,Not a Member
006Q800000JFxZV,1003503,Australia,,,Active
006Q800000JFz3W,1002816,Australia,,,Active
006Q800000JG2si,1005861,Australia,,,Not a Member
006Q800000JG5oo,1003265,Australia,Competition,,Not a Member
006Q800000JGTEP,1003266,Australia,,,Active
006Q800000JH0FI,,Australia,No Decision,,Not a Member
006Q800000JHCUs,1007435,EMEA,Other (Add detail to Other Closed Lost Reason),,Not a Member
006Q800000JHkee,1007677,Canada,Competition,,Not a Member
006Q800000JHowm,1003952,Canada,Unresponsive Contacts,,Active
006Q800000JHrPx,1004383,EMEA,,,Not a Member
006Q800000JHro9,1007939,EMEA,,,Not a Member
006Q800000JHt3Z,1004024,Canada,Pricing,,Active
006Q800000JJibt,1003446,Australia,,,Not a Member
006Q800000JJyok,1000466,New Zealand,,,Active
006Q800000JK3gg,1005936,Australia,Change of Circumstances,,Not a Member
006Q800000JK4qw,1003107,Australia,,,Active
006Q800000JKFRN,1007223,Asia Pacific,,,Not a Member
006Q800000JKOeM,1002884,Australia,No Decision,,Not a Member
006Q800000JLFyn,1007160,Asia Pacific,,,Not a Member
006Q800000JLGoQ,1003209,EMEA,,,Active
006Q800000JLHz2,1003209,EMEA,,,Active
006Q800000JLbko,,Canada,Unresponsive Contacts,,Not a Member
006Q800000JLdHz,1003090,EMEA,,,Active
006Q800000JLfwU,1004760,United States,,,Active
006Q800000JLhrp,1003885,Canada,,,Active
006Q800000JLmbN,1004938,United States,No Decision,,Not a Member
006Q800000JLml3,1007878,United States,No Decision,,Active
006Q800000JLq3t,1007664,Canada,,,Not a Member
006Q800000JLvRl,,United States,Unresponsive Contacts,,Not a Member
006Q800000JLwPR,1003460,Australia,Unresponsive Contacts,,Not a Member
006Q800000JMSyv,1005936,Australia,No Decision,,Not a Member
006Q800000JNbn8,1007878,United States,Other (Add detail to Other Closed Lost Reason),,Active
006Q800000JNoE6,1007688,EMEA,,,Not a Member
006Q800000JNpwX,1005068,United States,,,Not a Member
006Q800000JNtQf,1005874,United States,,,Not a Member
006Q800000JNu3S,1004694,United States,,,Active
006Q800000JNyji,1006593,United States,,,Active
006Q800000JNyqW,1007985,United States,,,Not a Member
006Q800000JOuaz,,Australia,Unresponsive Contacts,,Active
006Q800000JPM0o,1007160,Asia Pacific,,,Not a Member
006Q800000JPm8A,1007250,United States,,,Active
006Q800000JPmo7,1007456,United States,,,Active
006Q800000JPoBa,1004867,United States,,,Active
006Q800000JPoQ5,1005111,United States,Unresponsive Contacts,,Not a Member
006Q800000JPp1B,1004782,United States,,,Active
006Q800000JPp6Q,1004027,Canada,,,Active
006Q800000JPppB,1007250,United States,,,Active
006Q800000JPqWj,1004796,United States,,,Active
006Q800000JPtxd,1002712,Australia,,,Active
006Q800000JQ1aK,1005120,United States,,,Not a Member
006Q800000JQl0L,1003176,Australia,Unresponsive Contacts,,Active
006Q800000JRCzq,1002978,EMEA,,,Not a Member
006Q800000JRfDs,1004807,United States,,,Active
006Q800000JRfyc,1007243,Canada,,,Active
006Q800000JRgeX,1003428,EMEA,,,Active
006Q800000JRkF7,1004965,United States,,,Not a Member
006Q800000JRlRK,1004027,Canada,,,Active
006Q800000JRlY0,1004027,Canada,,,Active
006Q800000JRlt8,1004027,Canada,,,Active
006Q800000JRm0o,1004027,Canada,,,Active
006Q800000JRms3,1005776,United States,Other (Add detail to Other Closed Lost Reason),,Active
006Q800000JRnBN,1003209,EMEA,,,Active
006Q800000JRnkr,1000858,New Zealand,No Decision,,Active
006Q800000JRpWX,1005027,United States,Other (Add detail to Other Closed Lost Reason),,Active
006Q800000JRuj7,1005120,United States,Unresponsive Contacts,,Not a Member
006Q800000JSIlS,1002695,Australia,Other (Add detail to Other Closed Lost Reason),,Active
006Q800000JSVXO,1003032,Australia,,,Not a Member
006Q800000JSWhx,1000928,New Zealand,Unresponsive Contacts,,Not a Member
006Q800000JT9GH,,EMEA,Other (Add detail to Other Closed Lost Reason),Opportunity transferred to Trium as distributor,Not a Member
006Q800000JTZ5t,1007131,United States,Competition,,Active
006Q800000JTaef,1005298,United States,,,Active
006Q800000JTcmv,1004763,United States,,,Active
006Q800000JTf4r,1004867,United States,,,Active
006Q800000JTf9i,1005043,United States,,,Not a Member
006Q800000JTgP8,1005273,United States,,,Active
006Q800000JThGL,1004793,United States,,,Not a Member
006Q800000JThY5,1004694,United States,,,Active
006Q800000JThhl,1006131,United States,,,Pending
006Q800000JVcin,1002938,Australia,Competition,,Active
006Q800000JVzaa,1007261,Australia,,,Not a Member
006Q800000JW1Fl,1006677,Australia,Competition,,Active
006Q800000JWWt3,1003527,Australia,,,Active
006Q800000JWiJ7,1002798,Australia,Other (Add detail to Other Closed Lost Reason),Need refreshed quotation,Not a Member
006Q800000JWzjl,1007980,Asia Pacific,,,Not a Member
006Q800000JYKsb,1007912,Canada,Competition,,Not a Member
006Q800000JYLzx,1007988,United States,,,Active
006Q800000JYRqr,1005594,United States,,,Active
006Q800000JYRyv,1007250,United States,,,Active
006Q800000JYT33,,EMEA,Competition,,Not a Member
006Q800000JYZ5F,1004035,Canada,,,Active
006Q800000JYZOc,1003965,Canada,Unresponsive Contacts,,Active
006Q800000JYa4X,1008025,Canada,,,Not a Member
006Q800000JYbdJ,1002712,Australia,Change of Circumstances,,Active
006Q800000JYd7G,1000952,Canada,Other (Add detail to Other Closed Lost Reason),,Active
006Q800000JYfIj,1007443,Canada,,,Active
006Q800000JYfQn,1002695,Australia,,,Active
006Q800000JYoCR,1003552,Australia,No Decision,,Not a Member
006Q800000JZ1uN,1003256,Australia,,,Not a Member
006Q800000JbFun,,EMEA,Competition,,Not a Member
006Q800000JbX8X,1007920,Canada,,,Not a Member
006Q800000JbYe6,1007443,Canada,Competition,,Active
006Q800000JbZrt,1007272,Canada,,,Not a Member
006Q800000JbaKv,1004040,Canada,Change of Circumstances,,Not a Member
006Q800000Jbab3,1005043,United States,,,Not a Member
006Q800000JbbAX,1006246,Canada,Unresponsive Contacts,,Active
006Q800000JbewP,1005293,United States,,,Active
006Q800000JbfAv,1007443,Canada,Competition,,Active
006Q800000JbfMD,1005293,United States,,,Active
006Q800000Jbfqr,1003885,Canada,,,Active
006Q800000JbggT,1007443,Canada,Competition,,Active
006Q800000Jbj6T,1006816,Canada,Other (Add detail to Other Closed Lost Reason),Won by another partner of ICT,Active
006Q800000JbjEz,1002695,Australia,Missing Features (Add detail to Other Closed Lost Reason),,Active
006Q800000Jbk0v,1003543,Australia,,,Active
006Q800000JbkIf,1006816,Canada,Other (Add detail to Other Closed Lost Reason),One of our partners won the project.,Active
006Q800000JblbM,1007245,Australia,,,Active
006Q800000Jbm7Z,1002695,Australia,Other (Add detail to Other Closed Lost Reason),,Active
006Q800000Jbmlt,1007173,United States,,,Active
006Q800000JbsTK,1005098,United States,,,Not a Member
006Q800000JcbBh,1004113,Australia,,,Active
006Q800000Jchoz,1004113,Australia,,,Active
006Q800000Jd0d7,1003503,Australia,,,Active
006Q800000Jd6iX,1002900,Australia,,,Active
006Q800000JdIJu,,New Zealand,No Decision,,Not a Member
006Q800000JdJKp,1006585,Australia,,,Not a Member
006Q800000JdXdt,1000575,New Zealand,,,Not a Member
006Q800000JeHyV,1007989,United States,,,Not a Member
006Q800000JeLqn,1004807,United States,,,Active
006Q800000JeM6v,1002769,EMEA,,,Not a Member
006Q800000JeU66,1007155,Canada,,,Not a Member
006Q800000Jedm5,1007155,Canada,,,Not a Member
006Q800000JedxN,1004610,United States,,,Active
006Q800000Jee8f,1004027,Canada,Other (Add detail to Other Closed Lost Reason),,Active
006Q800000JeeqD,1008015,United States,,,Not a Member
006Q800000JeoPl,1006144,Australia,,,Active
006Q800000JfJi5,1000956,Asia Pacific,,,Not a Member
006Q800000JfgP4,1007591,Asia Pacific,,,Not a Member
006Q800000JfnD7,1003049,Australia,,,Active
006Q800000JfsHe,1007864,Australia,,,Not a Member
006Q800000JhYuk,1005393,United States,,,Active
006Q800000JheGz,1004694,United States,,,Active
006Q800000JheQf,1007819,United States,No Decision,,Not a Member
006Q800000JhenF,1005158,United States,,,Active
006Q800000JheyX,1005158,United States,,,Active
006Q800000JhfBR,1005158,United States,,,Active
006Q800000Jhhpz,1000559,New Zealand,No Decision,,Active
006Q800000JhlWz,1007250,United States,,,Active
006Q800000Jho3R,1006489,United States,Other (Add detail to Other Closed Lost Reason),,Not a Member
006Q800000JiAtg,1008382,New Zealand,No Decision,,Not a Member
006Q800000JirC9,,Australia,,,Pending
006Q800000JkJKr,1005298,United States,,,Active
006Q800000JkJfp,1004670,United States,,,Active
006Q800000JkJmH,1004670,United States,,,Active
006Q800000JkOh7,1006618,United States,Other (Add detail to Other Closed Lost Reason),,Not a Member
006Q800000JkPGb,1005801,United States,Other (Add detail to Other Closed Lost Reason),,Active
006Q800000JkRS5,1007686,United States,,,Active
006Q800000JkRWv,1004867,United States,,,Active
006Q800000JkRrt,1005546,United States,,,Active
006Q800000JkSj7,1003209,EMEA,,,Active
006Q800000JkSzF,1003209,EMEA,,,Active
006Q800000JkVyj,1005046,United States,,,Active
006Q800000JkWl7,1000952,Canada,,,Active
006Q800000JkXHN,,United States,,,Active
006Q800000JkYoX,1005067,United States,,,Active
006Q800000JkZkb,1005046,United States,,,Active
006Q800000Jme3T,1004306,Australia,,,Not a Member
006Q800000Jme8p,1003266,Australia,,,Active
006Q800000Jml0S,,Australia,Competition,,Not a Member
006Q800000JmzHZ,1003266,Australia,,,Active
006Q800000JnmyD,1003294,Australia,Other (Add detail to Other Closed Lost Reason),,Not a Member
006Q800000JoDX0,,Australia,,,Active
006Q800000Joxrc,1007490,EMEA,,,Not a Member
006Q800000JpQdR,1004763,United States,,,Active
006Q800000JpSYn,1005776,United States,Other (Add detail to Other Closed Lost Reason),Project has already been completed/Not closed in SF,Active
006Q800000JpWis,,EMEA,No Decision,,Not a Member
006Q800000JpWqv,1005158,United States,,,Active
006Q800000JpYb0,1003865,Canada,,,Active
006Q800000JpZnB,1003209,EMEA,No Decision,,Active
006Q800000JpaT7,1003209,EMEA,Competition,,Active
006Q800000JpdpC,1004807,United States,,,Active
006Q800000JpewY,1007265,Canada,Competition,,Not a Member
006Q800000Jph3B,1003038,Australia,,,Active
006Q800000JpjEf,1000545,New Zealand,,,Not a Member
006Q800000Jpqku,1003358,Australia,,,Not a Member
006Q800000JqKcP,1003392,Australia,Competition,,Active
006Q800000Jqa9J,1002940,Australia,Lack of Budget,,Active
006Q800000JqeHn,1003379,Australia,,,Active
006Q800000JsC9J,,United States,,,Not a Member
006Q800000JsCaj,1005272,United States,,,Active
006Q800000JsEFx,1004309,Canada,Unresponsive Contacts,,Active
006Q800000JsEe9,1004309,Canada,Unresponsive Contacts,,Active
006Q800000JsRWY,1004670,United States,,,Active
006Q800000JsS4c,,United States,,,Active
006Q800000JsSyr,1002695,Australia,Competition,,Active
006Q800000Jsal7,1004801,United States,,,Active
006Q800000Jso4x,,Australia,,,Pending
006Q800000JtF0J,1000451,New Zealand,No Decision,,Active
006Q800000JtLdZ,1003358,Australia,No Decision,,Not a Member
006Q800000Juuz4,1005293,United States,,,Active
006Q800000JuzRe,1007778,Asia Pacific,,,Not a Member
006Q800000Jv6VZ,1004714,United States,,,Not a Member
006Q800000Jv6qZ,1003090,EMEA,Other (Add detail to Other Closed Lost Reason),,Active
006Q800000Jv7Ja,1004801,United States,,,Active
006Q800000Jv8HF,1004714,United States,,,Not a Member
006Q800000JvAm5,1003209,EMEA,,,Active
006Q800000JvEbB,1005544,United States,,,Active
006Q800000JvSJB,1004527,United States,,,Active
006Q800000JvU1d,1005861,Australia,,,Not a Member
006Q800000JvU6U,1004875,United States,,,Not a Member
006Q800000Jvcs1,1002812,Australia,,,Active
006Q800000JveIj,1008051,New Zealand,,,Not a Member
006Q800000JvkCt,1003295,Australia,Competition,,Active
006Q800000Jvm3Q,1003384,Australia,,,Active
006Q800000JwGmD,1008052,Canada,Competition,,Not a Member
006Q800000Jxjar,,EMEA,Other (Add detail to Other Closed Lost Reason),,Not a Member
006Q800000JyM9D,1004675,United States,,,Active
006Q800000JyRNO,1004694,United States,,,Active
006Q800000JyUt8,1004694,United States,,,Active
006Q800000JyVsP,1004694,United States,,,Active
006Q800000JyWdB,1005384,United States,,,Pending
006Q800000JybMl,1008028,Canada,,,Not a Member
006Q800000Jygz9,1005384,United States,,,Pending
006Q800000JykeX,1005176,United States,No Decision,,Not a Member
006Q800000Jyxgb,1007512,Australia,,,Active
006Q800000JzHll,1007160,Asia Pacific,No Decision,,Not a Member
006Q800000JzKYL,1002861,Australia,No Decision,New Quotation Done 15/08/25,Pending
006Q800000JzL6d,1002182,Asia Pacific,No Decision,,Not a Member
006Q800000K1b5F,1005068,United States,,,Not a Member
006Q800000K1hx6,1004714,United States,,,Not a Member
006Q800000K1k6x,1005293,United States,,,Active
006Q800000K1rYD,1005287,United States,,,Active
006Q800000K2D8v,1005272,United States,,,Active
006Q800000K4XzZ,1000952,Canada,,,Active
006Q800000K5I42,1003543,Australia,No Decision,,Active
006Q800000K5evl,1002467,Asia Pacific,Competition,,Active
006Q800000K6ugj,,EMEA,Competition,,Not a Member
006Q800000K71aA,1003885,Canada,Pricing,,Active
006Q800000K7IEP,1005598,United States,No Decision,,Active
006Q800000K7K05,1004714,United States,,,Not a Member
006Q800000K7KL3,1004714,United States,,,Not a Member
006Q800000K7LAs,1005067,United States,,,Active
006Q800000K7O26,1004867,United States,,,Active
006Q800000KINPF,1007131,United States,,,Active
006Q800000KLAdZ,1007934,EMEA,Other (Add detail to Other Closed Lost Reason),,Not a Member
006Q800000KLDgH,1004804,United States,,,Active
006Q800000KLGPd,1003957,Canada,,,Not a Member
006Q800000KLK8I,1005293,United States,,,Active
006Q800000KLO73,1004682,United States,,,Pending
006Q800000KLQGv,1005546,United States,,,Active
006Q800000KLTDC,1005111,United States,,,Not a Member
006Q800000KM5iI,1000940,EMEA,,,Active
006Q800000KMCzt,1000940,EMEA,,,Active
006Q800000KMDO5,1000940,EMEA,,,Active
006Q800000KMUiH,1005451,United States,Change of Circumstances,,Not a Member
006Q800000KMWFT,1005680,United States,,,Pending
006Q800000KOOP3,1006288,United States,,,Active
006Q800000KOOX7,1006287,United States,,,Active
006Q800000KOPub,1005270,United States,Other (Add detail to Other Closed Lost Reason),,Active
006Q800000KORTN,1003957,Canada,,,Not a Member
006Q800000KOTLV,1007131,United States,,,Active
006Q800000KOW6T,1007131,United States,,,Active
006Q800000KOWo1,1005055,United States,,,Active
006Q800000KOYg9,1005158,United States,,,Active
006Q800000KOcF7,,United States,Unresponsive Contacts,,Not a Member
006Q800000KOeQb,1005293,United States,,,Active
006Q800000KOgVx,1005051,United States,,,Active
006Q800000KPhhN,1005690,United States,,,Active
006Q800000KT7ll,1007883,Asia Pacific,No Decision,,Not a Member
006Q800000KTCnC,1007873,Asia Pacific,No Decision,,Not a Member
006Q800000KTCof,1002812,Australia,,,Active
006Q800000KTKaw,1007660,EMEA,Competition,,Not a Member
006Q800000KURgn,,United States,,,Not a Member
006Q800000KUa7O,1003970,Canada,,,Active
006Q800000KUcPJ,1005161,United States,,,Active
006Q800000KUeyz,1003970,Canada,,,Active
006Q800000KUflN,1008233,Canada,Unresponsive Contacts,,Active
006Q800000KUgW9,1003970,Canada,,,Active
006Q800000KUqnF,1006271,United States,,,Active
006Q800000KUrL7,1008032,United States,,,Active
006Q800000KUrsz,1003379,Australia,,,Active
006Q800000KVi7h,1003520,Australia,,,Not a Member
006Q800000KXMz8,1004590,United States,,,Active
006Q800000KXOxo,1004807,United States,,,Active
006Q800000KXU5R,1005591,United States,,,Active
006Q800000KXULZ,1005169,United States,,,Not a Member
006Q800000KXUbh,1008072,United States,,,Not a Member
006Q800000KXWlZ,1004939,United States,Other (Add detail to Other Closed Lost Reason),,Not a Member
006Q800000KXXEc,1007197,United States,,,Active
006Q800000KXYCH,1005259,United States,,,Active
006Q800000KXZQ5,1005165,United States,,,Active
006Q800000KXaIz,1007131,United States,,,Active
006Q800000KXb8X,1004763,United States,,,Active
006Q800000KXcmC,1006144,Australia,,,Active
006Q800000KXfNT,1004792,United States,Pricing,,Not a Member
006Q800000KXj9K,1002682,Australia,,,Active
006Q800000KY0mw,1000653,New Zealand,Pricing,,Active
006Q800000KY1vp,1005861,Australia,,,Not a Member
006Q800000KYIv5,1003273,Australia,Lack of Budget,,Active
006Q800000KaEDq,1003209,EMEA,,,Active
006Q800000KaFwI,1005058,United States,,,Active
006Q800000KaKBD,1007122,United States,,,Active
006Q800000KaKO5,1005055,United States,,,Active
006Q800000KaOpt,1007122,United States,,,Active
006Q800000KaTUb,1007522,Canada,Competition,,Not a Member
006Q800000KaXUz,1008028,Canada,,,Not a Member
006Q800000KaXef,1007250,United States,,,Active
006Q800000KarGn,1003266,Australia,,,Active
006Q800000KbGNO,1003038,Australia,No Decision,,Active
006Q800000Kbbhq,1003675,Asia Pacific,,,Active
006Q800000KbpEY,1007145,Australia,Change of Circumstances,,Not a Member
006Q800000KcIZv,1007145,Australia,Missing Features (Add detail to Other Closed Lost Reason),,Not a Member
006Q800000KcWL7,1007145,Australia,,,Not a Member
006Q800000KckzB,,EMEA,Change of Circumstances,,Not a Member
006Q800000KdDTJ,1006058,United States,,,Active
006Q800000KdJvJ,1004029,Canada,No Decision,,Pending
006Q800000KdKRa,1005029,United States,,,Not a Member
006Q800000KdNCb,1006064,Australia,,,Pending
006Q800000KdNak,1005165,United States,,,Active
006Q800000KdOdG,1004761,United States,,,Pending
006Q800000KdPfz,1008096,Canada,Unresponsive Contacts,,Not a Member
006Q800000KdRHn,1000653,New Zealand,Pricing,,Active
006Q800000KdWqv,1004964,United States,,,Active
006Q800000KdhBF,1003911,Canada,Competition,This project went to Avigilon.,Not a Member
006Q800000Ke4B6,1006430,Australia,,,Active
006Q800000Ke4Kj,1003347,Australia,Competition,,Active
006Q800000KePsD,1007512,Australia,,,Active
006Q800000KeVXp,1002812,Australia,,,Active
006Q800000Kg6FE,1004760,United States,No Decision,,Active
006Q800000KgCnd,1005164,United States,,,Active
006Q800000KgDdF,1007131,United States,,,Active
006Q800000KgIjN,,United States,,,Not a Member
006Q800000KgLCb,,Canada,Unresponsive Contacts,,Not a Member
006Q800000Kgef3,1005161,United States,,,Active
006Q800000KiSJd,1000874,OEM,,,Not a Member
006Q800000KiUen,1006908,New Zealand,Competition,,Not a Member
006Q800000Kj1u5,1003107,Australia,No Decision,,Active
006Q800000KjWZi,1003209,EMEA,,,Active
006Q800000KjXNi,,EMEA,Missing Features (Add detail to Other Closed Lost Reason),We do not comply with NIS2 directive of EU that is mandatory for CEZ project,Not a Member
006Q800000KjeFV,1005690,United States,,,Active
006Q800000KjfLF,1005055,United States,,,Active
006Q800000KjfTK,1004802,United States,,,Active
006Q800000KjfzZ,1005690,United States,,,Active
006Q800000KjiRC,1005795,EMEA,,,Active
006Q800000Kjk3C,1005795,EMEA,Competition,,Active
006Q800000KjkPl,1003572,EMEA,No Decision,,Not a Member
006Q800000KjkUb,1003572,EMEA,No Decision,,Not a Member
006Q800000KjkZS,1003572,EMEA,Pricing,,Not a Member
006Q800000Kjkkj,1003572,EMEA,,,Not a Member
006Q800000KjmQO,1006527,United States,,,Active
006Q800000KjpZ7,1007701,United States,,,Not a Member
006Q800000Kjpnd,1005690,United States,,,Active
006Q800000Kjr1i,1004760,United States,No Decision,,Active
006Q800000Kjr9V,1006271,United States,,,Active
006Q800000KjrKo,1000466,New Zealand,,,Active
006Q800000Kjw2l,1004511,United States,,,Active
006Q800000KjwsM,1003503,Australia,,,Active
006Q800000Kjy6A,1003972,Canada,,,Active
006Q800000Kjzbh,1003358,Australia,No Decision,,Not a Member
006Q800000Kk141,1004511,United States,,,Active
006Q800000Kk289,1005861,Australia,Competition,,Not a Member
006Q800000KkJLt,,United States,,,Not a Member
006Q800000KkO2D,1003266,Australia,Other (Add detail to Other Closed Lost Reason),,Active
006Q800000KkWJ9,1005861,Australia,Competition,,Not a Member
006Q800000Klx4Y,1008152,Asia Pacific,No Decision,,Not a Member
006Q800000KmCme,1008106,Australia,,,Not a Member
006Q800000KmcST,1007596,EMEA,Competition,,Not a Member
006Q800000Kmhbp,1008233,Canada,,,Active
006Q800000KmjSL,1005176,United States,,,Not a Member
006Q800000KmsNZ,1007819,United States,,,Not a Member
006Q800000KmsPB,1007416,United States,,,Not a Member
006Q800000Kmsk9,1005273,United States,,,Active
006Q800000KmvbZ,1007354,New Zealand,Pricing,,Active
006Q800000Kmz7O,1004766,United States,,,Not a Member
006Q800000Kn5kb,1008028,Canada,,,Not a Member
006Q800000KnKSE,1005272,United States,,,Active
006Q800000KnPOM,1004763,United States,,,Active
006Q800000KoAgc,1002716,Australia,,,Not a Member
006Q800000KopVF,1000447,Asia Pacific,,,Active
006Q800000KpT2r,1003090,EMEA,Competition,,Active
006Q800000Kpbzh,1003885,Canada,No Decision,,Active
006Q800000Kpi6m,1005566,United States,,,Not a Member
006Q800000KpiMr,1003018,EMEA,,,Not a Member
006Q800000Kpkjd,1004807,United States,,,Active
006Q800000Kppxp,1006587,United States,,,Active
006Q800000KprDF,1008083,Canada,Unresponsive Contacts,,Not a Member
006Q800000KprRl,1002940,Australia,,,Active
006Q800000Kpsal,1007122,United States,,,Active
006Q800000Kpv2N,1007122,United States,,,Active
006Q800000KpxXB,1008083,Canada,Unresponsive Contacts,,Not a Member
006Q800000KpxfH,1006303,United States,,,Active
006Q800000Kpxgr,1000780,New Zealand,,,Active
006Q800000KpzNh,1006303,United States,,,Active
006Q800000Kq8sP,1005451,United States,,,Not a Member
006Q800000Kq8xF,1005451,United States,,,Not a Member
006Q800000KqQ6C,1006870,Australia,No Decision,,Active
006Q800000Kqe15,1003378,Australia,Other (Add detail to Other Closed Lost Reason),X-Series EOL,Not a Member
006Q800000Kqr4j,1003378,Australia,Other (Add detail to Other Closed Lost Reason),X-Series EOL,Not a Member
006Q800000Kqraz,1002695,Australia,Competition,,Active
006Q800000KqsK9,1003378,Australia,Other (Add detail to Other Closed Lost Reason),X-Series EOL,Not a Member
006Q800000Kr1qT,1003189,Australia,,,Not a Member
006Q800000KscLC,1004768,United States,No Decision,,Active
006Q800000KseeT,,Canada,,,Not a Member
006Q800000KsjCk,1006559,United States,Other (Add detail to Other Closed Lost Reason),,Not a Member
006Q800000KskC1,1007306,United States,Other (Add detail to Other Closed Lost Reason),,Active
006Q800000Kskgf,1005801,United States,No Decision,,Active
006Q800000Ksnxt,1004867,United States,,,Active
006Q800000Ksodp,1007443,Canada,Competition,,Active
006Q800000Ksqe1,1006271,United States,,,Active
006Q800000KsrdN,1005027,United States,,,Active
006Q800000KstVR,1004772,United States,,,Active
006Q800000KswgE,1005165,United States,,,Active
006Q800000KtYNJ,1007189,Canada,,,Not a Member
006Q800000Kunc3,1003512,EMEA,Competition,,Active
006Q800000KutJG,1003512,EMEA,,,Active
006Q800000KuvXz,1003512,EMEA,,,Active
006Q800000KuzRv,1003512,EMEA,,,Active
006Q800000Kv1Yj,1003512,EMEA,Competition,,Active
006Q800000Kv3Ab,1003512,EMEA,,,Active
006Q800000Kv4zS,1003512,EMEA,Competition,,Active
006Q800000Kv5va,1003512,EMEA,,,Active
006Q800000Kv766,1003512,EMEA,,,Active
006Q800000Kv8QQ,1003512,EMEA,Competition,,Active
006Q800000Kv8yE,1003512,EMEA,,,Active
006Q800000Kv933,1003512,EMEA,,,Active
006Q800000Kv9RF,1003512,EMEA,,,Active
006Q800000Kv9eA,1003512,EMEA,Competition,,Active
006Q800000KvANJ,1003512,EMEA,,,Active
006Q800000KvAYb,1003512,EMEA,,,Active
006Q800000KvAyP,1003512,EMEA,,,Active
006Q800000KvBOD,1003512,EMEA,,,Active
006Q800000KvCTx,1003512,EMEA,Competition,,Active
006Q800000KvCdj,1003512,EMEA,Competition,,Active
006Q800000KvD3U,1003512,EMEA,Competition,,Active
006Q800000KvDpq,1003512,EMEA,,,Active
006Q800000KvEqj,1003512,EMEA,,,Active
006Q800000KvF6t,1003512,EMEA,,,Active
006Q800000KvGFp,1003512,EMEA,,,Active
006Q800000KvGSj,1003512,EMEA,Competition,,Active
006Q800000KvGe1,1003512,EMEA,,,Active
006Q800000KvH73,1003512,EMEA,,,Active
006Q800000KvHQP,1003512,EMEA,Competition,,Active
006Q800000KvHew,1003512,EMEA,Competition,,Active
006Q800000KvHjl,1003512,EMEA,Competition,,Active
006Q800000KvISw,1003512,EMEA,Competition,,Active
006Q800000KvJ5g,1003512,EMEA,Competition,,Active
006Q800000KvJ8r,1003512,EMEA,Competition,,Active
006Q800000KvJf8,1003512,EMEA,Competition,,Active
006Q800000KvK8A,1003512,EMEA,,,Active
006Q800000KvKxl,1003512,EMEA,Competition,,Active
006Q800000KvLXG,1003512,EMEA,,,Active
006Q800000KvLYr,1003512,EMEA,,,Active
006Q800000KvLdi,1003512,EMEA,Competition,,Active
006Q800000KvLfL,1003512,EMEA,,,Active
006Q800000KvM0I,1003512,EMEA,,,Active
006Q800000KvMWX,1003512,EMEA,,,Active
006Q800000KvMZm,1003512,EMEA,Competition,,Active
006Q800000KvMhp,1003512,EMEA,Competition,,Active
006Q800000KvMjS,1003512,EMEA,Competition,,Active
006Q800000KvMuk,1003512,EMEA,,,Active
006Q800000KvN4P,1003512,EMEA,,,Active
006Q800000KvNNl,1003512,EMEA,,,Active
006Q800000KvNaf,1003512,EMEA,Competition,,Active
006Q800000KvNah,1003512,EMEA,,,Active
006Q800000KvNkN,1003512,EMEA,Competition,,Active
006Q800000KvO25,1003512,EMEA,Competition,,Active
006Q800000KvO8X,1003512,EMEA,,,Active
006Q800000KvORt,1003512,EMEA,,,Active
006Q800000KvObZ,1003512,EMEA,Competition,,Active
006Q800000KvOyA,1003512,EMEA,Competition,,Active
006Q800000KvOzl,1003512,EMEA,Competition,,Active
006Q800000KvQ3v,1003512,EMEA,Competition,,Active
006Q800000KvQjp,1003512,EMEA,Competition,,Active
006Q800000KvRJV,1003512,EMEA,Competition,,Active
006Q800000KvRMX,1003512,EMEA,,,Active
006Q800000KvRcf,1003512,EMEA,Competition,,Active
006Q800000KvRuP,1003512,EMEA,,,Active
006Q800000KvSFN,1003512,EMEA,Competition,,Active
006Q800000KvTL8,1003209,EMEA,,,Active
006Q800000KvTY1,1003512,EMEA,,,Active
006Q800000KvTg5,1003512,EMEA,Competition,,Active
006Q800000KvUHB,1003512,EMEA,,,Active
006Q800000Kvass,1004766,United States,,,Not a Member
006Q800000KvfSj,1004766,United States,,,Not a Member
006Q800000KvlJe,1005690,United States,,,Active
006Q800000KvmHK,1007433,United States,,,Not a Member
006Q800000KvoXd,1006805,EMEA,Other (Add detail to Other Closed Lost Reason),We lost against NEDAP thanks to lower price and better security features,Active
006Q800000KvoxR,1004867,United States,,,Active
006Q800000KvqrB,1007189,Canada,,,Not a Member
006Q800000KvryX,1005545,United States,Unresponsive Contacts,,Pending
006Q800000Kvs0A,1007243,Canada,,,Active
006Q800000KvvVt,1005591,United States,,,Active
006Q800000KvwIH,1007243,Canada,,,Active
006Q800000KyV5R,1007811,Asia Pacific,Competition,,Not a Member
006Q800000KyXKC,1000944,New Zealand,Unresponsive Contacts,,Not a Member
006Q800000Kzg3e,1007390,Australia,No Decision,,Not a Member
006Q800000L03jO,1007811,Asia Pacific,,,Not a Member
006Q800000L0wCn,1003209,EMEA,,,Active
006Q800000L0yks,1003396,EMEA,,,Active
006Q800000L12AA,1003968,Canada,Unresponsive Contacts,,Active
006Q800000L13ZF,1004309,Canada,Other (Add detail to Other Closed Lost Reason),Won by BOND SECURCOM,Active
006Q800000L13aw,1008096,Canada,,,Not a Member
006Q800000L15WD,1003970,Canada,,,Active
006Q800000L15nx,1004180,Canada,,,Not a Member
006Q800000L16fB,,United States,,,Not a Member
006Q800000L17hh,1005293,United States,,,Active
006Q800000L18CL,1003884,Canada,,,Active
006Q800000L18yj,1003090,EMEA,Pricing,,Active
006Q800000L1EWJ,,Canada,,,Not a Member
006Q800000L2CKL,1008345,Australia,Unresponsive Contacts,,Not a Member
006Q800000L2DoH,1008262,Australia,Unresponsive Contacts,,Not a Member
006Q800000L3s1N,1004715,United States,Other (Add detail to Other Closed Lost Reason),,Pending
006Q800000L3y0L,1007003,Canada,Unresponsive Contacts,,Not a Member
006Q800000L3yYD,1007777,Canada,,,Not a Member
006Q800000L43ZV,1003891,Canada,,,Active
006Q800000L450D,,Australia,,,Pending
006Q800000L48PW,1005051,United States,,,Active
006Q800000L4E8L,1007354,New Zealand,Change of Circumstances,,Active
006Q800000L4EOT,1005121,United States,,,Active
006Q800000L4I3t,1003521,Australia,No Decision,,Active
006Q800000L4Zsx,1003527,Australia,No Decision,,Active
006Q800000L54Of,,Australia,No Decision,,Active
006Q800000L5PPt,1003503,Australia,,,Active
006Q800000L5yit,1002769,EMEA,Change of Circumstances,,Not a Member
006Q800000L6riH,1007387,EMEA,Pricing,,Not a Member
006Q800000L6x9O,1003209,EMEA,Competition,,Active
006Q800000L6yS2,1005046,United States,,,Active
006Q800000L70Oz,1003209,EMEA,Pricing,,Active
006Q800000L71BN,1005167,United States,Competition,,Active
006Q800000L71bB,1005167,United States,,,Active
006Q800000L72RC,1007250,United States,,,Active
006Q800000L72gv,1007131,United States,,,Active
006Q800000L75AO,1004027,Canada,,,Active
006Q800000L7Hko,1003384,Australia,,,Active
006Q800000L9Tt8,1003209,EMEA,,,Active
006Q800000L9qRW,1003965,Canada,Competition,,Active
006Q800000L9uYL,1003965,Canada,,,Active
006Q800000L9vUP,1004850,United States,,,Active
006Q800000L9vpN,1005159,United States,,,Pending
006Q800000L9w0g,1005165,United States,,,Active
006Q800000L9w77,1004850,United States,,,Active
006Q800000L9wAL,1005165,United States,,,Active
006Q800000L9wez,1005165,United States,,,Active
006Q800000L9wzx,1005163,United States,,,Active
006Q800000L9xXp,1005165,United States,,,Active
006Q800000L9yLp,1008097,Canada,Unresponsive Contacts,,Not a Member
006Q800000LA0p3,1005355,United States,,,Not a Member
006Q800000LAAy5,1005284,United States,,,Active
006Q800000LABRK,1008105,Australia,,,Active
006Q800000LAfAf,1002974,Australia,Unresponsive Contacts,,Active
006Q800000LAhNl,1002974,Australia,Unresponsive Contacts,,Active
006Q800000LAiV7,1002974,Australia,Unresponsive Contacts,,Active
006Q800000LAiZz,1000666,New Zealand,,,Pending
006Q800000LAt0j,1007466,Australia,,,Not a Member
006Q800000LB0Gk,1007512,Australia,Change of Circumstances,,Active
006Q800000LB5bN,1003121,Australia,,,Active
006Q800000LB5l3,1003121,Australia,,,Active
006Q800000LCQdm,1006805,EMEA,,,Active
006Q800000LCbMI,1005795,EMEA,,,Active
006Q800000LCcVF,1005795,EMEA,,,Active
006Q800000LCiVq,1006593,United States,,,Active
006Q800000LCj5J,1004973,United States,,,Active
006Q800000LCmJQ,1005445,United States,Other (Add detail to Other Closed Lost Reason),Went with 8 door kit.,Active
006Q800000LCnfC,1005804,United States,,,Not a Member
006Q800000LCr1F,1004761,United States,,,Pending
006Q800000LCrFl,1005454,United States,,,Not a Member
006Q800000LD21V,,United States,Unresponsive Contacts,,Not a Member
006Q800000LHGqf,1003018,EMEA,Other (Add detail to Other Closed Lost Reason),Budget has gone away,Not a Member
006Q800000LHRnh,1003209,EMEA,,,Active
006Q800000LHSbi,1003209,EMEA,,,Active
006Q800000LHZJq,1008101,Canada,,,Not a Member
006Q800000LHZjd,1003209,EMEA,,,Active
006Q800000LHfFa,1005159,United States,,,Pending
006Q800000LHfVi,1007878,United States,No Decision,,Active
006Q800000LHhsU,1004867,United States,,,Active
006Q800000LHilK,1005165,United States,,,Active
006Q800000LHj4f,1005690,United States,,,Active
006Q800000LHlI2,1005167,United States,,,Active
006Q800000LHlYJ,1005032,United States,,,Active
006Q800000LHnLB,1005067,United States,,,Active
006Q800000LHnWT,1004534,United States,,,Active
006Q800000LHnZh,1006396,United States,,,Active
006Q800000LHnjN,1004793,United States,,,Not a Member
006Q800000LHo4L,1004615,United States,,,Active
006Q800000LHotx,1005546,United States,,,Active
006Q800000LHqni,1007970,Australia,,,Not a Member
006Q800000LHrws,1006480,Canada,Missing Features (Add detail to Other Closed Lost Reason),,Not a Member
006Q800000LHsCn,1003347,Australia,,,Active
006Q800000LHsEP,1005839,Canada,,,Not a Member
006Q800000LHsSv,1003347,Australia,,,Active
006Q800000LIMNy,1005445,United States,,,Active
006Q800000LIeJ3,1007430,Australia,,,Not a Member
006Q800000LItLJ,1003198,Australia,,,Active
006Q800000LIuuT,1003503,Australia,,,Active
006Q800000LJ5JF,1003503,Australia,,,Active
006Q800000LJgYy,1006636,Australia,Unresponsive Contacts,,Not a Member
006Q800000LJn0w,1006636,Australia,Unresponsive Contacts,,Not a Member
006Q800000LJo8I,1006636,Australia,Unresponsive Contacts,,Not a Member
006Q800000LJtO5,1006636,Australia,Competition,,Not a Member
006Q800000LJteD,1006636,Australia,Unresponsive Contacts,,Not a Member
006Q800000LJu0n,1006636,Australia,Unresponsive Contacts,,Not a Member
006Q800000LJuaH,1006636,Australia,Unresponsive Contacts,,Not a Member
006Q800000LJujx,1006636,Australia,Unresponsive Contacts,,Not a Member
006Q800000LJutd,1006636,Australia,Unresponsive Contacts,,Not a Member
006Q800000LK18k,1003209,EMEA,No Decision,,Active
006Q800000LKHF7,1003209,EMEA,,,Active
006Q800000LKWMD,,United States,,,Not a Member
006Q800000LKX29,1005167,United States,Other (Add detail to Other Closed Lost Reason),,Active
006Q800000LKZ2L,1007399,United States,,,Not a Member
006Q800000LKZYc,1007456,United States,Other (Add detail to Other Closed Lost Reason),,Active
006Q800000LKZn8,1005165,United States,,,Active
006Q800000LKa3F,1003885,Canada,,,Active
006Q800000LKaMb,1008127,EMEA,No Decision,,Not a Member
006Q800000LKaxh,1007456,United States,,,Active
006Q800000LKblh,1005293,United States,,,Active
006Q800000LKc6f,1004711,United States,,,Active
006Q800000LKdYz,,United States,,,Not a Member
006Q800000LKeBk,1005563,United States,,,Not a Member
006Q800000LKebV,1000581,New Zealand,Unresponsive Contacts,,Active
006Q800000LKf1J,1004694,United States,,,Active
006Q800000LKiK9,1005167,United States,,,Active
006Q800000LKiLl,1003720,New Zealand,,,Not a Member
006Q800000LKiNN,1008032,United States,Other (Add detail to Other Closed Lost Reason),Closed due to re-quote for project for early 2026,Active
006Q800000LKifL,,United States,,,Not a Member
006Q800000LKmXR,1005970,Canada,,,Active
006Q800000LKmag,1007189,Canada,,,Not a Member
006Q800000LKoCf,1000656,New Zealand,,,Active
006Q800000LKosb,1004323,Canada,,,Active
006Q800000LKxPk,1006091,Canada,No Decision,,Active
006Q800000LL7f7,1003986,Canada,Pricing,,Not a Member
006Q800000LLbi1,1007755,Australia,,,Not a Member
006Q800000LM5Zd,1003503,Australia,Other (Add detail to Other Closed Lost Reason),Won on another Quotation,Active
006Q800000LMC01,1007755,Australia,,,Not a Member
006Q800000LMsot,1007490,EMEA,Change of Circumstances,,Not a Member
006Q800000LMt51,1007490,EMEA,Change of Circumstances,,Not a Member
006Q800000LMwio,1005891,Canada,Change of Circumstances,,Active
006Q800000LN7Kr,1005776,United States,No Decision,,Active
006Q800000LNFNG,1005530,United States,,,Not a Member
006Q800000LNGWE,,EMEA,Missing Features (Add detail to Other Closed Lost Reason),NO visitor management on offer from ICT,Not a Member
006Q800000LNI50,,EMEA,Missing Features (Add detail to Other Closed Lost Reason),No vistor management system on offer from ICT,Not a Member
006Q800000LNMq9,1000864,New Zealand,,,Active
006Q800000LNOvB,1000671,New Zealand,Pricing,,Active
006Q800000LNQAc,1004547,United States,,,Not a Member
006Q800000LNTbV,1005055,United States,,,Active
006Q800000LNTjZ,1005167,United States,,,Active
006Q800000LNUxN,1008798,Australia,Unresponsive Contacts,,Not a Member
006Q800000LNZVh,1003972,Canada,,,Active
006Q800000LOMT8,1003198,Australia,Pricing,,Active
006Q800000LOPu1,1003198,Australia,,,Active
006Q800000LOSbl,1003545,Australia,Pricing,,Active
006Q800000LOUqU,1003279,Australia,,,Not a Member
006Q800000LOgoP,1008105,Australia,No Decision,,Active
006Q800000LQI3d,1006587,United States,,,Active
006Q800000LQJNt,1004804,United States,Other (Add detail to Other Closed Lost Reason),,Active
006Q800000LQKBt,,United States,,,Not a Member
006Q800000LQO94,1004867,United States,,,Active
006Q800000LQOsD,1004040,Canada,Competition,,Not a Member
006Q800000LQPZl,1006480,Canada,Unresponsive Contacts,,Not a Member
006Q800000LQR6v,,United States,,,Not a Member
006Q800000LQRBl,1006271,United States,,,Active
006Q800000LQZIz,,New Zealand,Unresponsive Contacts,,Active
006Q800000LQZPS,1004938,United States,,,Not a Member
006Q800000LQdZV,1005165,United States,,,Active
006Q800000LQgCV,1007995,Canada,,,Not a Member
006Q800000LQwPF,1007752,Australia,Other (Add detail to Other Closed Lost Reason),,Not a Member
006Q800000LRQVN,1008199,Australia,Competition,,Not a Member
006Q800000LT8sY,1006593,United States,,,Active
006Q800000LTCuX,1008119,United States,,,Active
006Q800000LTEl3,1004807,United States,Other (Add detail to Other Closed Lost Reason),,Active
006Q800000LTKnG,1003986,Canada,,,Not a Member
006Q800000LTLo9,1001011,Canada,,,Active
006Q800000LTMVl,1003886,Canada,,,Active
006Q800000LTP0e,1004782,United States,,,Active
006Q800000LTQr5,1005970,Canada,Other (Add detail to Other Closed Lost Reason),The developer went with MDB's - Project not lost just chose another option with us.,Active
006Q800000LVUwz,1006908,New Zealand,No Decision,,Not a Member
006Q800000LVa6Y,1002695,Australia,,,Active
006Q800000LVaJF,1006510,Canada,Pricing,,Not a Member
006Q800000LVuxt,1002806,Australia,,,Active
006Q800000LW22b,1003117,Australia,Unresponsive Contacts,,Not a Member
006Q800000LWaQt,1007515,Australia,Other (Add detail to Other Closed Lost Reason),Client elected to go with the 'pure' WX solution at this stage.,Not a Member
006Q800000LWfaD,1007515,Australia,,,Not a Member
006Q800000LX8dp,1003273,Australia,Lack of Budget,,Active
006Q800000LYAk1,,EMEA,Pricing,,Not a Member
006Q800000LYL18,1003090,EMEA,,,Active
006Q800000LYMus,1003957,Canada,,,Not a Member
006Q800000LYMy6,1008104,United States,,,Not a Member
006Q800000LYNUL,1003209,EMEA,Competition,,Active
006Q800000LYR05,1000940,EMEA,,,Active
006Q800000LYRT7,1006035,United States,,,Active
006Q800000LYRph,1006527,United States,,,Active
006Q800000LYTRh,1004715,United States,,,Pending
006Q800000LYUsP,1005280,United States,Unresponsive Contacts,,Active
006Q800000LYVV7,1004716,United States,,,Active
006Q800000LYZLp,1007777,Canada,,,Not a Member
006Q800000LYapl,1004697,United States,Change of Circumstances,,Active
006Q800000LYb7V,1004763,United States,,,Active
006Q800000LYcUz,1007250,United States,,,Active
006Q800000LYhpd,1000952,Canada,,,Active
006Q800000LYi49,1006470,United States,,,Active
006Q800000LYjrR,1000952,Canada,Other (Add detail to Other Closed Lost Reason),,Active
006Q800000LYk5x,1000952,Canada,Other (Add detail to Other Closed Lost Reason),,Active
006Q800000LYknV,1000952,Canada,Other (Add detail to Other Closed Lost Reason),,Active
006Q800000LYt7n,1006350,Australia,Other (Add detail to Other Closed Lost Reason),,Not a Member
006Q800000LZ0Yw,1003113,Australia,,,Active
006Q800000LZFg2,1003176,Australia,Pricing,,Active
006Q800000LZS7P,1000956,Asia Pacific,,,Not a Member
006Q800000LZX9t,1003176,Australia,,,Active
006Q800000LZtYb,1004140,Australia,,,Not a Member
006Q800000LZwOP,1002865,Australia,,,Active
006Q800000LaDYv,1002875,Australia,,,Not a Member
006Q800000LaJUf,1007660,EMEA,,,Not a Member
006Q800000Lat9x,,EMEA,Other (Add detail to Other Closed Lost Reason),,Not a Member
006Q800000LbSvh,1005121,United States,,,Active
006Q800000LbUr3,1007250,United States,,,Active
006Q800000LbX91,1005055,United States,,,Active
006Q800000LbYTG,1007642,Canada,Unresponsive Contacts,,Not a Member
006Q800000LbdhR,1002490,New Zealand,No Decision,,Not a Member
006Q800000LbiNm,1004867,United States,,,Active
006Q800000LbkuD,1002940,Australia,No Decision,,Active
006Q800000Lbrff,1003997,Canada,,,Not a Member
006Q800000Lbv9i,1005970,Canada,,,Active
006Q800000LbwSW,1008120,Australia,,,Not a Member
006Q800000Lc4D0,1003379,Australia,Competition,,Active
006Q800000LcRkg,1002967,Australia,No Decision,,Active
006Q800000LcqKr,1007821,Australia,,,Not a Member
006Q800000LdPVV,1002861,Australia,,,Pending
006Q800000LdVmD,1003090,EMEA,Other (Add detail to Other Closed Lost Reason),,Active
006Q800000LeOp7,1005186,United States,,,Active
006Q800000LePGX,1005801,United States,No Decision,,Active
006Q800000LeR0b,1005046,United States,,,Active
006Q800000LeRv3,1004670,United States,,,Active
006Q800000LeT0n,1005046,United States,,,Active
006Q800000LeTOz,,Canada,,,Not a Member
006Q800000LeXu7,1007189,Canada,,,Not a Member
006Q800000LeY8X,1007189,Canada,,,Not a Member
006Q800000LebrC,1004694,United States,,,Active
006Q800000LecGz,1008107,Australia,,,Not a Member
006Q800000LedD5,1007433,United States,,,Not a Member
006Q800000LefDG,1002695,Australia,Missing Features (Add detail to Other Closed Lost Reason),,Active
006Q800000LfDtF,1003543,Australia,,,Active
006Q800000Lfx1d,1002812,Australia,Pricing,,Active
006Q800000LgM3H,1000938,Asia Pacific,,,Not a Member
006Q800000LhKlm,1004694,United States,Missing Features (Add detail to Other Closed Lost Reason),,Active
006Q800000LhLxx,1005067,United States,,,Active
006Q800000LhMM9,1005591,United States,,,Active
006Q800000LhNTW,,United States,,,Not a Member
006Q800000LhT4I,1007189,Canada,,,Not a Member
006Q800000LhXSr,1007243,Canada,,,Active
006Q800000LiGcr,1003049,Australia,Competition,,Active
006Q800000LiztJ,1002689,Australia,,,Active
006Q800000LjRHi,,EMEA,No Decision,,Not a Member
006Q800000LjXVC,1006145,EMEA,Competition,,Not a Member
006Q800000Ljshi,1005795,EMEA,,,Active
006Q800000LjwOk,,EMEA,Competition,,Not a Member
006Q800000Lk0c1,1005795,EMEA,Competition,,Active
006Q800000Lk2Vl,1005795,EMEA,Competition,,Active
006Q800000Lk3Ob,1005795,EMEA,,,Active
006Q800000LkF4n,1006058,United States,,,Active
006Q800000LkG7Q,1005020,United States,,,Active
006Q800000LkJef,1006271,United States,,,Active
006Q800000LkJmj,1008387,United States,,,Not a Member
006Q800000LkKPR,,United States,Unresponsive Contacts,,Active
006Q800000LkKkQ,1005111,United States,Unresponsive Contacts,,Not a Member
006Q800000LkNdS,1005032,United States,,,Active
006Q800000LkOcj,1006956,Canada,,,Not a Member
006Q800000LkQTF,1004035,Canada,Other (Add detail to Other Closed Lost Reason),,Active
006Q800000LkQuf,1004035,Canada,Other (Add detail to Other Closed Lost Reason),,Active
006Q800000LkSDJ,1008032,United States,,,Active
006Q800000LkSRu,1003885,Canada,,,Active
006Q800000LkTEG,1007486,Canada,Unresponsive Contacts,,Not a Member
006Q800000LkkRx,1007980,Asia Pacific,,,Not a Member
006Q800000LlVST,1007670,EMEA,Change of Circumstances,,Not a Member
006Q800000LlVp3,,EMEA,No Decision,,Not a Member
006Q800000LmUe1,1003428,EMEA,,,Active
006Q800000LmYOU,1002945,Australia,,,Not a Member
006Q800000LmcJp,1000475,New Zealand,,,Active
006Q800000LojXJ,,United States,,,Active
006Q800000LpAfa,1003209,EMEA,,,Active
006Q800000LpCj0,1003209,EMEA,,,Active
006Q800000LpFde,1004804,United States,Pricing,,Active
006Q800000LpLzI,1002695,Australia,,,Active
006Q800000LpS4b,1005111,United States,Unresponsive Contacts,,Not a Member
006Q800000LpSML,,United States,,,Active
006Q800000LpSsb,1003965,Canada,Unresponsive Contacts,,Active
006Q800000LpTom,1004777,United States,,,Active
006Q800000LpWzt,1004973,United States,,,Active
006Q800000LpYrZ,1008160,United States,,,Active
006Q800000LpcVO,1005165,United States,,,Active
006Q800000LpeqX,1007486,Canada,Unresponsive Contacts,,Not a Member
006Q800000Lpky8,1003358,Australia,,,Not a Member
006Q800000Lq1qO,1002971,Australia,,,Active
006Q800000LqAGv,1007145,Australia,Competition,,Not a Member
006Q800000LqJYj,1007260,Australia,Other (Add detail to Other Closed Lost Reason),,Active
006Q800000LqfML,1008127,EMEA,Competition,,Not a Member
006Q800000LqfkZ,1004672,United States,,,Not a Member
006Q800000LqhEU,1005739,EMEA,Other (Add detail to Other Closed Lost Reason),,Not a Member
006Q800000LqhrB,1005739,EMEA,Change of Circumstances,,Not a Member
006Q800000LqoRF,1005058,United States,,,Active
006Q800000Lqrlh,1004857,United States,,,Active
006Q800000LqtAn,1005566,United States,,,Not a Member
006Q800000Lr2dt,1005293,United States,,,Active
006Q800000Lr4EH,1005055,United States,,,Active
006Q800000Lr8hs,1005165,United States,,,Active
006Q800000Lr9KR,1003392,Australia,No Decision,,Active
006Q800000LrEib,1005589,United States,,,Active
006Q800000LrEn7,1005165,United States,,,Active
006Q800000LrIM5,1007565,Canada,Unresponsive Contacts,,Not a Member
006Q800000LrfSO,,Australia,No Decision,,Not a Member
006Q800000LsbmT,1003384,Australia,,,Active
006Q800000Lspsg,1003384,Australia,,,Active
006Q800000Lsxwf,1003291,Australia,No Decision,,Not a Member
006Q800000Lt3Z5,1008127,EMEA,No Decision,,Not a Member
006Q800000LtMob,1008127,EMEA,,,Not a Member
006Q800000LtOSD,,EMEA,Competition,,Not a Member
006Q800000LtS9P,,EMEA,Competition,,Not a Member
006Q800000LtWj7,,Asia Pacific,,,Not a Member
006Q800000LtuVJ,1005046,United States,,,Active
006Q800000Ltxkx,1004715,United States,Other (Add detail to Other Closed Lost Reason),,Pending
006Q800000Lu0Fl,1003209,EMEA,,,Active
006Q800000Lu4T3,1004964,United States,,,Active
006Q800000Lu5CF,1005055,United States,,,Active
006Q800000LuF9x,1006058,United States,,,Active
006Q800000LuIfh,1008141,United States,,,Not a Member
006Q800000LuKMZ,1007197,United States,,,Active
006Q800000LuMct,1003379,Australia,Other (Add detail to Other Closed Lost Reason),,Active
006Q800000LuOOB,1008104,United States,,,Not a Member
006Q800000LufQz,1007522,Canada,,,Not a Member
006Q800000LvCpy,1002967,Australia,Change of Circumstances,,Active
006Q800000LvNOn,1003394,Australia,,,Not a Member
006Q800000LvUzl,1003021,Australia,,,Active
006Q800000Lvpkr,1007591,Asia Pacific,No Decision,,Not a Member
006Q800000LwYro,1003209,EMEA,,,Active
006Q800000Lwhq5,,EMEA,Change of Circumstances,,Not a Member
006Q800000LxFQL,1008145,Canada,Unresponsive Contacts,,Not a Member
006Q800000LxJXB,1004764,United States,,,Active
006Q800000LxLif,1005293,United States,,,Active
006Q800000LxMDJ,1006271,United States,,,Active
006Q800000LxNJ4,1008032,United States,Unresponsive Contacts,,Active
006Q800000LxQ5d,1007473,Australia,,,Not a Member
006Q800000LxksL,1003113,Australia,,,Active
006Q800000LxsEn,1003347,Australia,,,Active
006Q800000Ly1wP,1003219,Australia,,,Not a Member
006Q800000LyVjC,1000559,New Zealand,No Decision,,Active
006Q800000LzpPh,1008196,EMEA,,,Not a Member
006Q800000M0470,1007939,EMEA,,,Not a Member
006Q800000M06yS,1005598,United States,No Decision,,Active
006Q800000M09hl,1005598,United States,No Decision,,Active
006Q800000M0AXN,1008101,Canada,Other (Add detail to Other Closed Lost Reason),Won by another ICT dealer,Not a Member
006Q800000M0I3V,1005055,United States,,,Active
006Q800000M0JPN,1005540,United States,Other (Add detail to Other Closed Lost Reason),,Not a Member
006Q800000M0Q4H,1006480,Canada,,,Not a Member
006Q800000M0SFm,1008052,Canada,,,Not a Member
006Q800000M0WzJ,1004807,United States,,,Active
006Q800000M48f3,1008142,Australia,Other (Add detail to Other Closed Lost Reason),X-Series EOL,Not a Member
006Q800000M4C5y,1000646,Asia Pacific,,,Pending
006Q800000M4Q2U,,Australia,,,Active
006Q800000M4b4M,1007811,Asia Pacific,,,Not a Member
006Q800000M5Mw5,1000683,Asia Pacific,,,Active
006Q800000M5g5B,,Australia,No Decision,,Not a Member
006Q800000M5n6f,1004964,United States,Other (Add detail to Other Closed Lost Reason),,Active
006Q800000M5tdX,1005025,United States,,,Not a Member
006Q800000M5u89,1005451,United States,,,Not a Member
006Q800000M5wl3,1005287,United States,,,Active
006Q800000M5yaM,1001006,New Zealand,Pricing,,Active
006Q800000M5zbJ,,United States,,,Not a Member
006Q800000M67Oj,1005043,United States,,,Not a Member
006Q800000M67et,1004694,United States,,,Active
006Q800000M6d5I,1003261,Australia,,,Active
006Q800000M6nZG,1003261,Australia,,,Active
006Q800000M6u1F,1000874,OEM,,,Not a Member
006Q800000M6yKz,1003382,Australia,No Decision,,Not a Member
006Q800000M8Wip,1006994,Australia,Pricing,,Not a Member
006Q800000M8fhF,1007811,Asia Pacific,,,Not a Member
006Q800000M8hPi,1003198,Australia,Pricing,,Active
006Q800000M8kKM,1005111,United States,Unresponsive Contacts,,Not a Member
006Q800000M8m4P,1006470,United States,,,Active
006Q800000M8neo,1000952,Canada,,,Active
006Q800000M8o9R,1005392,United States,,,Active
006Q800000M8ohJ,1005067,United States,,,Active
006Q800000M8ovp,1005032,United States,,,Active
006Q800000M8q9d,1005781,Canada,,,Active
006Q800000M8rYj,1004760,United States,,,Active
006Q800000M8t2f,,Canada,,,Not a Member
006Q800000M9MB7,1008094,Australia,Competition,,Not a Member
006Q800000M9jpF,1003886,Canada,,,Active
006Q800000M9n4r,1003886,Canada,,,Active
006Q800000M9neL,1002729,Australia,,,Not a Member
006Q800000MAFsL,1003508,Australia,,,Not a Member
006Q800000MB2pq,1003396,EMEA,,,Active
006Q800000MBaZl,1004964,United States,,,Active
006Q800000MBbdt,1008171,United States,,,Active
006Q800000MBeAL,1007879,Canada,,,Not a Member
006Q800000MBen3,1003987,Canada,,,Active
006Q800000MBfUb,1003885,Canada,,,Active
006Q800000MBhbG,1004670,United States,,,Active
006Q800000MBix7,1006085,United States,,,Active
006Q800000MBj1y,1004670,United States,,,Active
006Q800000MBlDR,1004670,United States,,,Active
006Q800000MBlVB,,United States,,,Not a Member
006Q800000MBm1R,1007189,Canada,,,Not a Member
006Q800000MBow5,1007290,United States,Change of Circumstances,,Not a Member
006Q800000MBx9l,1003039,Australia,No Decision,,Not a Member
006Q800000MCoKZ,1003261,Australia,,,Active
006Q800000MEOc5,1007160,Asia Pacific,,,Not a Member
006Q800000MEh22,1008196,EMEA,,,Not a Member
006Q800000MEkXl,1006593,United States,,,Active
006Q800000MEoBc,,United States,Unresponsive Contacts,,Not a Member
006Q800000MEoTJ,1005111,United States,Unresponsive Contacts,,Not a Member
006Q800000MEruD,,United States,,,Not a Member
006Q800000MEudZ,1005970,Canada,,,Active
006Q800000MEv6b,1006816,Canada,,,Active
006Q800000MExtB,1005445,United States,,,Active
006Q800000MF1Ov,1005163,United States,,,Active
006Q800000MF7UL,1000671,New Zealand,,,Active
006Q800000MG1mg,1007475,Australia,,,Not a Member
006Q800000MGHBV,1006144,Australia,,,Active
006Q800000MGtAV,1002979,Australia,,,Active
006Q800000MHs7N,1007490,EMEA,Change of Circumstances,,Not a Member
006Q800000MHvlB,1005167,United States,,,Active
006Q800000MI1lm,1003992,Canada,,,Active
006Q800000MI32n,1006587,United States,,,Active
006Q800000MKgw6,1007778,Asia Pacific,No Decision,,Not a Member
006Q800000ML9jf,1007466,Australia,No Decision,,Not a Member
006Q800000MLGTJ,1002979,Australia,,,Active
006Q800000MLTDd,1004239,Australia,Unresponsive Contacts,,Not a Member
006Q800000MLcDh,1003209,EMEA,,,Active
006Q800000MLjdN,1007670,EMEA,Missing Features (Add detail to Other Closed Lost Reason),No visitor management system on offer from ICT,Not a Member
006Q800000MLlQf,1007555,Canada,Other (Add detail to Other Closed Lost Reason),Wan by MJM,Not a Member
006Q800000MLmUp,1003965,Canada,Unresponsive Contacts,,Active
006Q800000MLndl,1003090,EMEA,,,Active
006Q800000MLo5B,1005846,Canada,No Decision,,Active
006Q800000MLwxB,1007272,Canada,,,Not a Member
006Q800000MNrVB,1005931,Australia,,,Not a Member
006Q800000MOePS,1003090,EMEA,Other (Add detail to Other Closed Lost Reason),,Active
006Q800000MOw2z,1007700,United States,,,Not a Member
006Q800000MOw6D,1003879,Canada,,,Active
006Q800000MP1ST,1008050,Canada,Other (Add detail to Other Closed Lost Reason),,Not a Member
006Q800000MP20L,1008096,Canada,,,Not a Member
006Q800000MP2rZ,1005067,United States,,,Active
006Q800000MP3Z7,1004035,Canada,Other (Add detail to Other Closed Lost Reason),,Active
006Q800000MP4DV,1005163,United States,,,Active
006Q800000MP63z,1005111,United States,Unresponsive Contacts,,Not a Member
006Q800000MP7BJ,1008201,United States,,,Not a Member
006Q800000MP7RR,1007911,Canada,No Decision,,Not a Member
006Q800000MPA5z,1007443,Canada,,,Active
006Q800000MPAfV,1004793,United States,,,Not a Member
006Q800000MPBq1,1004527,United States,,,Active
006Q800000MPCCb,,United States,,,Not a Member
006Q800000MPCR7,1005165,United States,,,Active
006Q800000MPCXZ,1007197,United States,,,Active
006Q800000MPFAT,1005165,United States,,,Active
006Q800000MPFDi,1007443,Canada,,,Active
006Q800000MPFiL,1000657,New Zealand,,,Active
006Q800000MPFwr,1005346,United States,,,Not a Member
006Q800000MPJMN,1000874,OEM,,,Not a Member
006Q800000MPX2X,1003022,Australia,,,Not a Member
006Q800000MQxJ7,1000646,Asia Pacific,,,Pending
006Q800000MS4la,1004968,United States,,,Active
006Q800000MS59m,1003090,EMEA,Competition,,Active
006Q800000MSBIQ,1007688,EMEA,,,Not a Member
006Q800000MSDLp,1004715,United States,Other (Add detail to Other Closed Lost Reason),,Pending
006Q800000MSLEX,1005111,United States,Unresponsive Contacts,,Not a Member
006Q800000MSLT3,1005121,United States,,,Active
006Q800000MSPIa,1003444,Australia,,,Pending
006Q800000MSQ7p,1007639,United States,,,Active
006Q800000MSSzB,1002866,Australia,Competition,,Not a Member
006Q800000MSXHK,1004540,United States,,,Not a Member
006Q800000MSXZ3,1005163,United States,,,Active
006Q800000MSYIG,,Australia,Competition,,Active
006Q800000MSZBA,1000755,New Zealand,No Decision,,Not a Member
006Q800000MT3Vh,1008511,New Zealand,,,Not a Member
006Q800000MTQLp,1003022,Australia,,,Not a Member
006Q800000MU0E2,1007778,Asia Pacific,,,Not a Member
006Q800000MUPnW,1000447,Asia Pacific,,,Active
006Q800000MUoHH,1007223,Asia Pacific,Other (Add detail to Other Closed Lost Reason),,Not a Member
006Q800000MVME5,1006850,Canada,,,Active
006Q800000MVOhJ,1006956,Canada,,,Not a Member
006Q800000MVTIn,1005067,United States,,,Active
006Q800000MVUht,1004778,United States,,,Active
006Q800000MVXRG,1006205,Australia,,,Not a Member
006Q800000MVZb8,1007197,United States,,,Active
006Q800000MVZo1,1005034,United States,,,Active
006Q800000MVdGX,1000874,OEM,,,Not a Member
006Q800000MVf5R,1006205,Australia,,,Not a Member
006Q800000MVnML,1003552,Australia,,,Not a Member
006Q800000MWDv7,1003016,Australia,No Decision,,Not a Member
006Q800000MWrUM,1003453,Australia,No Decision,,Not a Member
006Q800000MYkGf,1006246,Canada,,,Active
006Q800000MYoCD,1003965,Canada,,,Active
006Q800000MYq17,1003965,Canada,Other (Add detail to Other Closed Lost Reason),Went with ICT 8 Door Kit only - No Biometrics at all,Active
006Q800000MYtBu,1006623,Canada,Unresponsive Contacts,,Not a Member
006Q800000MYtev,1004029,Canada,,,Pending
006Q800000MYuUX,1005067,United States,,,Active
006Q800000MYvon,1007691,Canada,Unresponsive Contacts,,Not a Member
006Q800000MYwbB,1007691,Canada,Other (Add detail to Other Closed Lost Reason),,Not a Member
006Q800000MYweP,1007691,Canada,Unresponsive Contacts,,Not a Member
006Q800000MYy0H,1006246,Canada,Unresponsive Contacts,,Active
006Q800000MYyOT,1003965,Canada,Other (Add detail to Other Closed Lost Reason),Went with ICT 8 Door Kit only - No Biometrics at all,Active
006Q800000MZ5D4,1007243,Canada,,,Active
006Q800000MZ8EA,1008201,United States,,,Not a Member
006Q800000MbQQI,1003379,Australia,Change of Circumstances,,Active
006Q800000MbRPj,1002695,Australia,No Decision,,Active
006Q800000McDpB,1003038,Australia,,,Active
006Q800000McEQH,1003038,Australia,No Decision,,Active
006Q800000McX9Z,1002171,New Zealand,Unresponsive Contacts,,Active
006Q800000MeYhR,1007777,Canada,,,Not a Member
006Q800000Mebx3,1007639,United States,,,Active
006Q800000MecbO,1005544,United States,,,Active
006Q800000MemCX,1004793,United States,,,Not a Member
006Q800000Memin,1005298,United States,,,Active
006Q800000Meonp,1003347,Australia,,,Active
006Q800000Mep3y,1005161,United States,,,Active
006Q800000MfMXl,1002798,Australia,,,Not a Member
006Q800000MfeJQ,1005161,United States,,,Active
006Q800000MgJmL,,Australia,,,Active
006Q800000MhCAx,1002467,Asia Pacific,,,Active
006Q800000MhQ4L,1006805,EMEA,Pricing,,Active
006Q800000MhWZS,1003209,EMEA,Change of Circumstances,,Active
006Q800000MhYmX,1004804,United States,,,Active
006Q800000MhaGT,1007700,United States,No Decision,,Not a Member
006Q800000MhabR,1007001,United States,,,Not a Member
006Q800000Mhay1,1004763,United States,,,Active
006Q800000MhbCX,1004763,United States,,,Active
006Q800000MheDd,1005284,United States,,,Active
006Q800000Mhggr,1005550,United States,,,Active
006Q800000MhpAf,1006287,United States,,,Active
006Q800000MhrHJ,1007708,Canada,,,Not a Member
006Q800000Mi8DK,1008235,Australia,Competition,,Not a Member
006Q800000Mjmv4,1007512,Australia,,,Active
006Q800000Mk1Fm,1007260,Australia,,,Active
006Q800000Mkav5,1003090,EMEA,,,Active
006Q800000MkhYL,1005532,United States,Other (Add detail to Other Closed Lost Reason),"We won this job, but it was quoted twice",Active
006Q800000MklAX,1003965,Canada,Unresponsive Contacts,,Active
006Q800000MknnS,1007688,EMEA,No Decision,,Not a Member
006Q800000Mkp7h,1006091,Canada,Other (Add detail to Other Closed Lost Reason),,Active
006Q800000Mkqmy,1003884,Canada,Unresponsive Contacts,,Active
006Q800000MkrpS,1005452,United States,Other (Add detail to Other Closed Lost Reason),,Pending
006Q800000Mks5a,1006193,United States,,,Not a Member
006Q800000MksFG,1004527,United States,,,Active
006Q800000MksNJ,,EMEA,Change of Circumstances,,Not a Member
006Q800000Mktkn,1005544,United States,,,Active
006Q800000Mkwqj,1007688,EMEA,No Decision,,Not a Member
006Q800000Ml8AL,1008278,United States,,,Active
006Q800000Mmn9p,1000858,New Zealand,No Decision,,Active
006Q800000MmrVB,1008205,New Zealand,,,Not a Member
006Q800000MnqQd,1004796,United States,,,Active
006Q800000Mnw4b,1004040,Canada,,,Not a Member
006Q800000Mnw7p,1004031,Canada,Competition,,Active
006Q800000Mo2Mz,1007197,United States,,,Active
006Q800000Mo429,1000541,New Zealand,,,Not a Member
006Q800000Mo5np,1003952,Canada,Other (Add detail to Other Closed Lost Reason),"Customer ran out of budget due to complexity of the system for ULC.   The main cost was not ICT, it was their camera system.",Active
006Q800000Mo67B,1004964,United States,Other (Add detail to Other Closed Lost Reason),,Active
006Q800000Mo8tl,1004867,United States,,,Active
006Q800000MoE7x,1004760,United States,,,Active
006Q800000MogCH,1003267,Australia,,,Not a Member
006Q800000MohOT,1002937,Australia,No Decision,,Active
006Q800000Mooxp,1003273,Australia,No Decision,,Active
006Q800000MozWf,1003196,Australia,Missing Features (Add detail to Other Closed Lost Reason),,Active
006Q800000Mqz7Z,1005051,United States,Other (Add detail to Other Closed Lost Reason),,Active
006Q800000Mr2ob,1007290,United States,,,Not a Member
006Q800000Mr4nB,1008101,Canada,Other (Add detail to Other Closed Lost Reason),Wan by MJM,Not a Member
006Q800000Mr9Ju,1005032,United States,,,Active
006Q800000MrDdZ,1004796,United States,,,Active
006Q800000MrKn9,1006593,United States,Other (Add detail to Other Closed Lost Reason),,Active
006Q800000Mt9Ar,1003562,New Zealand,,,Active
006Q800000MtTGL,1007223,Asia Pacific,No Decision,,Not a Member
006Q800000MtdiR,1000847,New Zealand,Other (Add detail to Other Closed Lost Reason),,Active
006Q800000Mte9p,1000948,New Zealand,,,Active
006Q800000Mteud,1006870,Australia,,,Active
006Q800000MwB4r,1003209,EMEA,,,Active
006Q800000MwE9E,1007101,Canada,,,Active
006Q800000MwEh3,1005532,United States,,,Active
006Q800000MwJDh,1003908,Canada,,,Not a Member
006Q800000MwL93,1004039,Canada,,,Active
006Q800000MwQVJ,1007937,Australia,,,Not a Member
006Q800000MwYmE,1005112,United States,Change of Circumstances,,Not a Member
006Q800000My6Qr,1003527,Australia,,,Active
006Q800000MyED8,1000858,New Zealand,,,Active
006Q800000MyHXa,1000448,New Zealand,Pricing,,Active
006Q800000MyLWM,1000472,New Zealand,Change of Circumstances,,Active
006Q800000MyShW,1000453,New Zealand,,,Active
006Q800000MyqBx,1003209,EMEA,,,Active
006Q800000MzIGI,1007490,EMEA,Change of Circumstances,,Not a Member
006Q800000MzJVh,1007878,United States,Other (Add detail to Other Closed Lost Reason),,Active
006Q800000MzKTN,1004323,Canada,,,Active
006Q800000MzKeg,1006200,United States,,,Not a Member
006Q800000MzOlV,1005257,United States,Change of Circumstances,,Active
006Q800000MzPxh,1005257,United States,Competition,,Active
006Q800000MzR3S,1008531,Canada,Pricing,,Not a Member
006Q800000MzY9l,1004716,United States,Other (Add detail to Other Closed Lost Reason),Redesigned quote.,Active
006Q800000Mzp8z,1003508,Australia,Competition,,Not a Member
006Q800000N010T,1003273,Australia,No Decision,,Active
006Q800000N0FQ1,1008222,Australia,No Decision,,Not a Member
006Q800000N0rqH,1002969,Australia,,,Active
006Q800000N1Ddt,1008230,Australia,Competition,,Not a Member
006Q800000N1SJZ,1008266,Asia Pacific,No Decision,,Not a Member
006Q800000N1s5y,1005068,United States,,,Not a Member
006Q800000N1zFV,1004763,United States,,,Active
006Q800000N21fV,1008272,United States,,,Active
006Q800000N2CCk,1003209,EMEA,,,Active
006Q800000N2HKT,1003209,EMEA,,,Active
006Q800000N2IQD,1007443,Canada,,,Active
006Q800000N2Kwf,1004763,United States,,,Active
006Q800000N2Kzu,1007596,EMEA,Competition,,Not a Member
006Q800000N2Q7d,1007701,United States,,,Not a Member
006Q800000N2R5J,1003884,Canada,,,Active
006Q800000N4iLN,,Australia,Unresponsive Contacts,,Not a Member
006Q800000N51W5,,EMEA,Pricing,,Not a Member
006Q800000N5Bs1,1008127,EMEA,Competition,,Not a Member
006Q800000N5Hqz,1005546,United States,,,Active
006Q800000N5K5i,1005801,United States,Other (Add detail to Other Closed Lost Reason),,Active
006Q800000N5OAv,1006956,Canada,No Decision,,Not a Member
006Q800000N5XR7,1005452,United States,,,Pending
006Q800000N5kZe,1005257,United States,Competition,,Active
006Q800000N61YY,1007131,United States,No Decision,,Active
006Q800000N67ft,1007131,United States,,,Active
006Q800000N67pZ,1007131,United States,,,Active
006Q800000N6DWn,1006510,Canada,,,Not a Member
006Q800000N6It3,1006808,Australia,,,Not a Member
006Q800000N6KoP,1003379,Australia,No Decision,,Active
006Q800000N6XFN,1002969,Australia,,,Active
006Q800000N87FB,,EMEA,No Decision,,Not a Member
006Q800000N8RiX,1007811,Asia Pacific,,,Not a Member
006Q800000N92Gf,1004039,Canada,Competition,,Active
006Q800000N99gO,1006816,Canada,,,Active
006Q800000N9DPU,1007250,United States,,,Active
006Q800000NA6lF,1004884,United States,Other (Add detail to Other Closed Lost Reason),,Active
006Q800000NBCa6,1003347,Australia,,,Active
006Q800000NBDaz,1003347,Australia,,,Active
006Q800000NCSGE,,Australia,No Decision,,Not a Member
006Q800000NDr7i,1008101,Canada,Competition,,Not a Member
006Q800000NE8bZ,1003209,EMEA,,,Active
006Q800000NEB6P,1003090,EMEA,,,Active
006Q800000NEBMY,1005068,United States,,,Not a Member
006Q800000NEE2g,1005051,United States,,,Active
006Q800000NEF3b,1005454,United States,,,Not a Member
006Q800000NEHjh,1006593,United States,,,Active
006Q800000NEK1d,1004527,United States,,,Active
006Q800000NELov,1006271,United States,,,Active
006Q800000NEQzt,1003281,Australia,,,Not a Member
006Q800000NEUU6,1002967,Australia,,,Active
006Q800000NEhnq,1002940,Australia,,,Active
006Q800000NFHwA,1003884,Canada,,,Active
006Q800000NGe4J,1003209,EMEA,,,Active
006Q800000NH2eT,1005046,United States,,,Active
006Q800000NH5ap,1005384,United States,,,Pending
006Q800000NH7r3,,Canada,Unresponsive Contacts,,Pending
006Q800000NHDV3,1006773,United States,,,Active
006Q800000NHEUM,1005051,United States,,,Active
006Q800000NHHqQ,1005158,United States,,,Active
006Q800000NHIJS,1004694,United States,,,Active
006Q800000NHIPt,1005158,United States,,,Active
006Q800000NHIeP,1004694,United States,,,Active
006Q800000NHJSP,1005690,United States,,,Active
006Q800000NHLAs,1005690,United States,,,Active
006Q800000NHQk1,1004760,United States,,,Active
006Q800000NHmnm,1003508,Australia,,,Not a Member
006Q800000NI1YI,1003443,Australia,,,Active
006Q800000NICGo,1000559,New Zealand,No Decision,,Active
006Q800000NIVxl,1008226,Asia Pacific,Unresponsive Contacts,,Not a Member
006Q800000NIkvC,1002876,Australia,Pricing,,Not a Member
006Q800000NJ8z8,,EMEA,Other (Add detail to Other Closed Lost Reason),,Not a Member
006Q800000NJrL8,1007250,United States,,,Active
006Q800000NJsDy,1004383,EMEA,,,Not a Member
006Q800000NJsic,1008221,Australia,,,Not a Member
006Q800000NJslp,1002979,Australia,Pricing,,Active
006Q800000NJtYD,1005298,United States,,,Active
006Q800000NJu4T,1007250,United States,,,Active
006Q800000NK03R,1007777,Canada,,,Not a Member
006Q800000NK0pp,1005158,United States,,,Active
006Q800000NK1CP,1005287,United States,,,Active
006Q800000NK6IY,1005032,United States,,,Active
006Q800000NK6s2,1003209,EMEA,,,Active
006Q800000NLZf3,1005167,United States,,,Active
006Q800000NLfhH,1004716,United States,No Decision,,Active
006Q800000NLj4v,1003295,Australia,,,Active
006Q800000NLjMh,1004513,United States,,,Active
006Q800000NMGfB,1003295,Australia,No Decision,,Active
006Q800000NMgHt,1003503,Australia,No Decision,,Active
006Q800000NMwkr,1003503,Australia,No Decision,,Active
006Q800000NO1XR,1006948,Asia Pacific,Competition,,Not a Member
006Q800000NOU69,1008240,United States,Other (Add detail to Other Closed Lost Reason),,Not a Member
006Q800000NOVIL,1007250,United States,,,Active
006Q800000NOW1V,1007639,United States,,,Active
006Q800000NOWkh,1006246,Canada,Change of Circumstances,,Active
006Q800000NOZp0,1003975,Canada,,,Not a Member
006Q800000NObsP,1004519,United States,,,Not a Member
006Q800000NOcYL,1005272,United States,,,Active
006Q800000NOdsc,1003209,EMEA,,,Active
006Q800000NOfSz,1003209,EMEA,,,Active
006Q800000NOilp,1004039,Canada,,,Active
006Q800000NQc1b,1000542,New Zealand,Unresponsive Contacts,,Not a Member
006Q800000NR20U,1002967,Australia,,,Active
006Q800000NRBTZ,1006080,Asia Pacific,No Decision,,Not a Member
006Q800000NSVFF,1002971,Australia,No Decision,,Active
006Q800000NSVWf,1006994,Australia,No Decision,No feedback from builder and trades so archive for now...,Not a Member
006Q800000NTVBF,1007387,EMEA,,,Not a Member
006Q800000NTY2f,1008127,EMEA,Competition,,Not a Member
006Q800000NTY4H,1005598,United States,,,Active
006Q800000NTa1F,1007217,Canada,,,Not a Member
006Q800000NTa7w,1007443,Canada,,,Active
006Q800000NTahC,1005535,United States,,,Pending
006Q800000NTbAD,1005355,United States,Other (Add detail to Other Closed Lost Reason),Out of Territory,Not a Member
006Q800000NTbdF,1007777,Canada,,,Not a Member
006Q800000NTcMP,,United States,,,Not a Member
006Q800000NTcZL,1003987,Canada,,,Active
006Q800000NTeT3,1004715,United States,Other (Add detail to Other Closed Lost Reason),,Pending
006Q800000NTfXB,1006510,Canada,,,Not a Member
006Q800000NTgmb,1006480,Canada,Unresponsive Contacts,,Not a Member
006Q800000NTguf,1008233,Canada,,,Active
006Q800000NTiN1,1008101,Canada,Competition,,Not a Member
006Q800000NTmDh,1005846,Canada,,,Active
006Q800000NToaV,1007939,EMEA,No Decision,,Not a Member
006Q800000NTp3V,1004715,United States,Other (Add detail to Other Closed Lost Reason),,Pending
006Q800000NTweT,1007101,Canada,Other (Add detail to Other Closed Lost Reason),Won by SecurPlus,Active
006Q800000NUHEH,1007720,Asia Pacific,No Decision,,Not a Member
006Q800000NUJuP,1008201,United States,,,Not a Member
006Q800000NUeM9,1002798,Australia,,,Not a Member
006Q800000NVvpb,,EMEA,Change of Circumstances,,Not a Member
006Q800000NW8TR,1007466,Australia,Change of Circumstances,,Not a Member
006Q800000NWVbJ,,EMEA,Change of Circumstances,,Not a Member
006Q800000NWYMR,1004850,United States,,,Active
006Q800000NWckr,1004309,Canada,,,Active
006Q800000NWdH9,1003975,Canada,Unresponsive Contacts,,Not a Member
006Q800000NWigb,1007131,United States,,,Active
006Q800000NWj83,1003209,EMEA,,,Active
006Q800000NWl6b,,United States,,,Not a Member
006Q800000NWm4J,1004309,Canada,,,Active
006Q800000NWmc9,1003209,EMEA,No Decision,,Active
006Q800000NWpYP,1008283,Canada,,,Not a Member
006Q800000NWriH,1004547,United States,Competition,,Not a Member
006Q800000NWsb7,,United States,,,Not a Member
006Q800000NWwmn,1004547,United States,Competition,,Not a Member
006Q800000NWyIL,,EMEA,Competition,,Not a Member
006Q800000NWzb0,1000874,OEM,,,Not a Member
006Q800000NXnO5,1002865,Australia,,,Active
006Q800000NXodV,1002974,Australia,Change of Circumstances,,Active
006Q800000NY0Er,1000447,Asia Pacific,,,Active
006Q800000NY11F,1003620,New Zealand,Other (Add detail to Other Closed Lost Reason),Was price matching with competitor,Not a Member
006Q800000NYqq9,1008080,Asia Pacific,Change of Circumstances,,Not a Member
006Q800000NZVGc,1003572,EMEA,Pricing,,Not a Member
006Q800000NZXTh,1003572,EMEA,Competition,,Not a Member
006Q800000NZedF,1007306,United States,,,Active
006Q800000NZedG,1005591,United States,,,Active
006Q800000NZf4f,1005354,United States,Other (Add detail to Other Closed Lost Reason),,Not a Member
006Q800000NZfO1,1005539,United States,No Decision,,Active
006Q800000NZly5,1005392,United States,,,Active
006Q800000NZpNP,1008222,Australia,,,Not a Member
006Q800000NZrW7,1003384,Australia,No Decision,,Active
006Q800000NZsgD,1006593,United States,Other (Add detail to Other Closed Lost Reason),,Active
006Q800000NaJy9,1002689,Australia,Change of Circumstances,,Active
006Q800000NaK2z,1003443,Australia,,,Active
006Q800000NaPIo,1007515,Australia,Other (Add detail to Other Closed Lost Reason),,Not a Member
006Q800000Nau02,1003516,Australia,Competition,,Not a Member
006Q800000NbKNV,1002798,Australia,Other (Add detail to Other Closed Lost Reason),New Quotation Done,Not a Member
006Q800000Nc3hC,1007778,Asia Pacific,,,Not a Member
006Q800000NcYmb,1003885,Canada,No Decision,,Active
006Q800000NccDV,1003864,Canada,,,Not a Member
006Q800000Ncilx,,EMEA,Change of Circumstances,,Not a Member
006Q800000Ncke6,1004867,United States,,,Active
006Q800000NclIP,1008160,United States,,,Active
006Q800000NcqJh,1004670,United States,,,Active
006Q800000NcqOX,1004670,United States,,,Active
006Q800000NcuIV,1007700,United States,,,Not a Member
006Q800000NcvA6,1008381,Canada,,,Not a Member
006Q800000Nd3gj,1000575,New Zealand,,,Not a Member
006Q800000Nd3td,,Australia,Competition,,Not a Member
006Q800000NfOkI,1003209,EMEA,No Decision,,Active
006Q800000Nfdg5,1008246,Canada,,,Not a Member
006Q800000NfmRe,1005111,United States,Unresponsive Contacts,,Not a Member
006Q800000NfnYz,1007101,Canada,Competition,,Active
006Q800000NfnkH,1005046,United States,,,Active
006Q800000Nfnqj,1008272,United States,,,Active
006Q800000Nfpyz,1005451,United States,No Decision,,Not a Member
006Q800000NhyYL,1003219,Australia,,,Not a Member
006Q800000Ni9FS,1000580,New Zealand,Unresponsive Contacts,,Active
006Q800000NiRCA,1000928,New Zealand,Change of Circumstances,,Not a Member
006Q800000Njbz9,1002689,Australia,,,Active
006Q800000NkbfH,1003090,EMEA,,,Active
006Q800000NkgyI,1000940,EMEA,,,Active
006Q800000NkmpB,1000940,EMEA,,,Active
006Q800000Nkn0T,1003090,EMEA,,,Active
006Q800000Nkt2g,1003885,Canada,,,Active
006Q800000Nkv4U,1005776,United States,Other (Add detail to Other Closed Lost Reason),,Active
006Q800000Nkxvw,1003968,Canada,,,Active
006Q800000Nl2Ao,1006395,United States,,,Active
006Q800000Nl7Yf,1004968,United States,,,Active
006Q800000Nl8kr,1006395,United States,,,Active
006Q800000NlCQH,1007131,United States,,,Active
006Q800000NlCeo,1005020,United States,,,Active
006Q800000NlCy9,1007639,United States,,,Active
006Q800000NlDiw,1007197,United States,Change of Circumstances,,Active
006Q800000NlIM1,1004973,United States,,,Active
006Q800000NlJ1x,1005067,United States,,,Active
006Q800000NlKnd,1008032,United States,,,Active
006Q800000NlMhN,1008032,United States,,,Active
006Q800000NlN5Z,1005690,United States,,,Active
006Q800000NlNTl,1004535,United States,,,Not a Member
006Q800000NlWon,1007639,United States,,,Active
006Q800000Nlse2,1005163,United States,,,Active
006Q800000Nlw9l,1007432,Australia,,,Not a Member
006Q800000NmUkx,1002689,Australia,,,Active
006Q800000NmWwR,1003039,Australia,,,Not a Member
006Q800000NnawL,1007512,Australia,,,Active
006Q800000Nnht1,,Australia,Unresponsive Contacts,,Not a Member
006Q800000NoF8I,1004366,Australia,,,Not a Member
006Q800000NoIXZ,1007250,United States,,,Active
006Q800000NoKfp,1004763,United States,,,Active
006Q800000NoMmU,1004366,Australia,,,Not a Member
006Q800000NoO8L,1004688,United States,,,Active
006Q800000NoOec,1004366,Australia,,,Not a Member
006Q800000NoPSb,1005051,United States,,,Active
006Q800000NoRZF,1008270,New Zealand,,,Not a Member
006Q800000Np9Yf,1003105,Australia,Unresponsive Contacts,,Not a Member
006Q800000NpTHG,1008105,Australia,,,Active
006Q800000NpUq1,1000851,New Zealand,,,Not a Member
006Q800000NpX6L,1007512,Australia,Change of Circumstances,,Active
006Q800000NqQIy,1006994,Australia,Competition,,Not a Member
006Q800000NrFWm,1005293,United States,,,Active
006Q800000NrK9p,1003209,EMEA,,,Active
006Q800000NrM6n,1005532,United States,Other (Add detail to Other Closed Lost Reason),,Active
006Q800000NrVhx,1004039,Canada,,,Active
006Q800000Ns7H0,,Australia,No Decision,,Not a Member
006Q800000NsOcn,1000545,New Zealand,Competition,,Not a Member
006Q800000NtukH,1006805,EMEA,Change of Circumstances,,Active
006Q800000NtwUL,1006805,EMEA,Pricing,,Active
006Q800000Nu8fB,1004391,Canada,Change of Circumstances,,Not a Member
006Q800000NuA5u,1003209,EMEA,,,Active
006Q800000NuK6r,1007217,Canada,,,Not a Member
006Q800000NuLUL,1003209,EMEA,,,Active
006Q800000NuLnh,1007217,Canada,,,Not a Member
006Q800000NuM3q,1000559,New Zealand,Unresponsive Contacts,,Active
006Q800000NuMTd,1007217,Canada,,,Not a Member
006Q800000NuMev,1007700,United States,No Decision,,Not a Member
006Q800000NuQLx,1005111,United States,Unresponsive Contacts,,Not a Member
006Q800000NuQNZ,1007217,Canada,No Decision,,Not a Member
006Q800000NuTV8,1005257,United States,No Decision,,Active
006Q800000NuXwv,1005572,United States,,,Not a Member
006Q800000NuYUn,1007197,United States,,,Active
006Q800000NucTl,1005265,United States,,,Active
006Q800000NuuNF,1004113,Australia,,,Active
006Q800000NuwIb,1000657,New Zealand,,,Active
006Q800000NwgRS,,Australia,Pricing,,Not a Member
006Q800000NwzHB,1003209,EMEA,,,Active
006Q800000Nx8ab,1002978,EMEA,,,Not a Member
006Q800000NxAHR,1007387,EMEA,Change of Circumstances,,Not a Member
006Q800000NxHQz,1004391,Canada,Change of Circumstances,,Not a Member
006Q800000Nz3VC,1007591,Asia Pacific,No Decision,,Not a Member
006Q800000O05t7,1002888,Australia,Other (Add detail to Other Closed Lost Reason),,Active
006Q800000O0Mlt,1004309,Canada,,,Active
006Q800000O0hLh,1003022,Australia,,,Not a Member
006Q800000O0uly,1002888,Australia,No Decision,,Active
006Q800000O2U93,1005532,United States,Other (Add detail to Other Closed Lost Reason),,Active
006Q800000O2ULy,1007101,Canada,,,Active
006Q800000O2VTL,1004973,United States,,,Active
006Q800000O2WVp,1008246,Canada,,,Not a Member
006Q800000O2ZQT,1007101,Canada,,,Active
006Q800000O2aRN,1007250,United States,,,Active
006Q800000O2bs5,1004973,United States,,,Active
006Q800000O2dVh,1004793,United States,,,Not a Member
006Q800000O2eZp,1005801,United States,,,Active
006Q800000O2eun,1003965,Canada,Unresponsive Contacts,,Active
006Q800000O2fNp,1004793,United States,,,Not a Member
006Q800000O2g6z,1008614,Canada,Unresponsive Contacts,,Pending
006Q800000O2gWn,1007166,Canada,,,Not a Member
006Q800000O2gi5,1007166,Canada,,,Not a Member
006Q800000O2hPd,1005532,United States,,,Active
006Q800000O2jb8,1003171,Australia,Competition,,Not a Member
006Q800000O2kXB,1005167,United States,,,Active
006Q800000O2kfF,,United States,,,Active
006Q800000O2oxO,1003128,Australia,Pricing,,Not a Member
006Q800000O2qMT,1004698,United States,,,Active
006Q800000O35Rx,1000466,New Zealand,,,Active
006Q800000O4NEj,1006676,Australia,Pricing,,Not a Member
006Q800000O50rB,1000580,New Zealand,No Decision,,Active
006Q800000O5UNp,1005031,United States,,,Not a Member
006Q800000O5Uv8,1003884,Canada,,,Active
006Q800000O5YAf,1006091,Canada,Competition,,Active
006Q800000O5ivS,1003885,Canada,,,Active
006Q800000O5jI1,1006510,Canada,,,Not a Member
006Q800000O5k7d,1005111,United States,,,Not a Member
006Q800000O5mEH,1008101,Canada,,,Not a Member
006Q800000O5nTh,1008119,United States,Change of Circumstances,,Active
006Q800000O5ndP,1008381,Canada,,,Not a Member
006Q800000O5nv7,1000952,Canada,,,Active
006Q800000O5sl7,1000545,New Zealand,Unresponsive Contacts,,Not a Member
006Q800000O5u8b,1005293,United States,,,Active
006Q800000O5ubq,1007261,Australia,Change of Circumstances,,Not a Member
006Q800000O6gmj,,New Zealand,No Decision,,Not a Member
006Q800000O74Dx,1003088,Australia,Competition,,Active
006Q800000O75ra,1006566,Australia,No Decision,,Not a Member
006Q800000O78EM,1003209,EMEA,,,Active
006Q800000O7Apd,1006566,Australia,No Decision,,Not a Member
006Q800000O896k,1005264,United States,,,Not a Member
006Q800000O8A62,1008136,EMEA,,,Not a Member
006Q800000O8BDO,1006510,Canada,,,Not a Member
006Q800000O8Cqz,1006510,Canada,Competition,,Not a Member
006Q800000O8OfG,1004592,United States,,,Active
006Q800000O8RRp,,Canada,Other (Add detail to Other Closed Lost Reason),Duplicate quote,Not a Member
006Q800000O8Syz,1004026,Canada,,,Not a Member
006Q800000O8T5R,1004867,United States,,,Active
006Q800000O8XYv,1005058,United States,,,Active
006Q800000O8Ymf,1008025,Canada,Other (Add detail to Other Closed Lost Reason),Won by another ICT dealer,Not a Member
006Q800000O8bNy,1006587,United States,,,Active
006Q800000O8biv,1006751,United States,Change of Circumstances,,Active
006Q800000O8gyj,1003997,Canada,,,Not a Member
006Q800000O9GB0,1000580,New Zealand,Competition,,Active
006Q800000O9JvF,1000575,New Zealand,No Decision,,Not a Member
006Q800000OBFtx,1007777,Canada,,,Not a Member
006Q800000OBMU1,,United States,Change of Circumstances,,Active
006Q800000OBNgD,1004711,United States,,,Active
006Q800000OBOpC,1004547,United States,,,Not a Member
006Q800000OBRzx,1008268,United States,,,Not a Member
006Q800000OBWpx,1007443,Canada,,,Active
006Q800000OBXVt,1004035,Canada,Other (Add detail to Other Closed Lost Reason),,Active
006Q800000OBXZ9,1003952,Canada,Other (Add detail to Other Closed Lost Reason),,Active
006Q800000OBcP7,1001011,Canada,Other (Add detail to Other Closed Lost Reason),,Active
006Q800000OC0rG,1000447,Asia Pacific,,,Active
006Q800000OCBcz,,Australia,No Decision,,Not a Member
006Q800000OCCvd,,Australia,No Decision,,Not a Member
006Q800000OCYxn,1005795,EMEA,,,Active
006Q800000OE6m6,1003884,Canada,Other (Add detail to Other Closed Lost Reason),,Active
006Q800000OE8b6,1003209,EMEA,,,Active
006Q800000OE8uO,1003209,EMEA,,,Active
006Q800000OEBDt,1004778,United States,,,Active
006Q800000OEEIx,1003968,Canada,Other (Add detail to Other Closed Lost Reason),Just demo pricing.,Active
006Q800000OEErh,1005058,United States,,,Active
006Q800000OEHft,1007250,United States,,,Active
006Q800000OELtB,1005776,United States,Other (Add detail to Other Closed Lost Reason),Quote was for Updated Pricing Structure for these Items,Active
006Q800000OERP9,1003968,Canada,Other (Add detail to Other Closed Lost Reason),Just example pricing.,Active
006Q800000OET2j,1006055,United States,,,Active
006Q800000OETyp,1000952,Canada,,,Active
006Q800000OEV7t,1006397,United States,,,Not a Member
006Q800000OEVe1,1003968,Canada,Other (Add detail to Other Closed Lost Reason),Just pricing example,Active
006Q800000OEVyz,1000952,Canada,,,Active
006Q800000OEW2D,1003968,Canada,Other (Add detail to Other Closed Lost Reason),Just demo pricing.,Active
006Q800000OFEb9,1007223,Asia Pacific,,,Not a Member
006Q800000OGag1,1008305,Australia,,,Not a Member
006Q800000OGfar,1006891,New Zealand,No Decision,,Not a Member
006Q800000OGlzn,1002816,Australia,No Decision,,Active
006Q800000OHS3h,1008274,Australia,No Decision,,Not a Member
006Q800000OHbi5,1007772,Australia,Pricing,,Not a Member
006Q800000OHxIn,1002949,Australia,,,Not a Member
006Q800000OISWI,1005882,EMEA,,,Not a Member
006Q800000OInZ7,1005882,EMEA,,,Not a Member
006Q800000OJ28M,1004763,United States,,,Active
006Q800000OJ3fW,1000670,Canada,No Decision,,Active
006Q800000OJ5J8,1004763,United States,,,Active
006Q800000OJ5W2,1004715,United States,,,Pending
006Q800000OJ99q,1004763,United States,,,Active
006Q800000OJ9hh,,Canada,,,Not a Member
006Q800000OJ9hj,1007879,Canada,,,Not a Member
006Q800000OJA5u,1005024,United States,,,Not a Member
006Q800000OJBzd,1006593,United States,,,Active
006Q800000OJF8n,1006035,United States,,,Active
006Q800000OJFaD,1006397,United States,,,Not a Member
006Q800000OJGRR,1008284,Canada,,,Not a Member
006Q800000OJHaP,1004763,United States,,,Active
006Q800000OJHnJ,1005920,Canada,Competition,,Not a Member
006Q800000OJI1p,1005532,United States,,,Active
006Q800000OJJ5y,1004715,United States,,,Pending
006Q800000OJJ7Z,1004548,United States,,,Not a Member
006Q800000OJMOn,,Canada,No Decision,,Not a Member
006Q800000OJOqQ,1007281,United States,,,Active
006Q800000OJQaT,1005454,United States,Other (Add detail to Other Closed Lost Reason),,Not a Member
006Q800000OJQgv,1006271,United States,,,Active
006Q800000OJRGQ,1008269,Canada,,,Not a Member
006Q800000OK0Fl,1004698,United States,,,Active
006Q800000OLC8P,1006994,Australia,Pricing,,Not a Member
006Q800000OLt6x,1008072,United States,No Decision,,Not a Member
006Q800000OLv5V,1003884,Canada,,,Active
006Q800000OM5hZ,1007003,Canada,,,Not a Member
006Q800000OM7fV,1005067,United States,,,Active
006Q800000OM8UG,1008269,Canada,,,Not a Member
006Q800000OM8nn,1005111,United States,Unresponsive Contacts,,Not a Member
006Q800000OMAKg,1005068,United States,,,Not a Member
006Q800000OMBgY,1008269,Canada,,,Not a Member
006Q800000OMDQb,1005272,United States,,,Active
006Q800000OMFCH,1005293,United States,,,Active
006Q800000OMFH7,1004942,United States,,,Not a Member
006Q800000OMGeb,1005051,United States,,,Active
006Q800000OMJPZ,1007250,United States,,,Active
006Q800000OMJas,1006350,Australia,Other (Add detail to Other Closed Lost Reason),,Not a Member
006Q800000OMK0f,1004590,United States,,,Active
006Q800000OMSO9,,Canada,,,Not a Member
006Q800000OMSUT,1006350,Australia,No Decision,,Not a Member
006Q800000OMTNJ,1006350,Australia,Other (Add detail to Other Closed Lost Reason),,Not a Member
006Q800000OMXqr,1006350,Australia,Competition,,Not a Member
006Q800000OMYyD,1003107,Australia,,,Active
006Q800000OMZCb,1006350,Australia,Other (Add detail to Other Closed Lost Reason),,Not a Member
006Q800000OMkXq,1000646,Asia Pacific,,,Pending
006Q800000ON3c5,1000447,Asia Pacific,,,Active
006Q800000ONMMz,1002729,Australia,,,Not a Member
006Q800000ONgFG,,Australia,Competition,,Active
006Q800000ONhL0,,Australia,Pricing,,Active
006Q800000OOdYf,1003209,EMEA,,,Active
006Q800000OOno9,1000447,Asia Pacific,,,Active
006Q800000OOoYv,1000646,Asia Pacific,,,Pending
006Q800000OOw8Z,1005111,United States,Unresponsive Contacts,,Not a Member
006Q800000OP20n,1008032,United States,,,Active
006Q800000OP2SE,1005280,United States,,,Active
006Q800000OP2s2,1003884,Canada,,,Active
006Q800000OP3RV,1003884,Canada,,,Active
006Q800000OQ3u9,,Australia,Competition,,Active
006Q800000OQjTV,1006805,EMEA,,,Active
006Q800000ORULx,1006805,EMEA,,,Active
006Q800000ORiYb,1003892,Canada,No Decision,,Active
006Q800000ORwOg,1004793,United States,,,Not a Member
006Q800000ORx4c,1004547,United States,,,Not a Member
006Q800000OS4Sf,1005167,United States,,,Active
006Q800000OXpty,1002467,Asia Pacific,,,Active
006Q800000OYwRx,1008127,EMEA,,,Not a Member
006Q800000OZHwE,1006593,United States,,,Active
006Q800000OZNaD,1004804,United States,,,Active
006Q800000OZNf3,1004804,United States,,,Active
006Q800000OZPDp,1006593,United States,,,Active
006Q800000OZTPW,1008280,United States,,,Not a Member
006Q800000OZVcb,1004694,United States,,,Active
006Q800000OZa4R,1000736,New Zealand,,,Active
006Q800000OZd77,1005120,United States,,,Not a Member
006Q800000OaQnm,1007512,Australia,,,Active
006Q800000Oanlx,1008221,Australia,,,Not a Member
006Q800000ObCxF,1006350,Australia,,,Not a Member
006Q800000Odmuz,1004807,United States,,,Active
006Q800000OduR7,1005165,United States,,,Active
006Q800000OdxYf,,United States,,,Not a Member
006Q800000OdyJR,1004714,United States,,,Not a Member
006Q800000OdyuX,1005273,United States,,,Active
006Q800000Oe1E5,1004701,United States,,,Active
006Q800000Oe1Vp,1005920,Canada,Unresponsive Contacts,,Not a Member
006Q800000OfIT0,1008367,Australia,,,Not a Member
006Q800000OfR1e,1007778,Asia Pacific,,,Not a Member
006Q800000OgRcH,1002769,EMEA,,,Not a Member
006Q800000OgePq,1004040,Canada,,,Not a Member
006Q800000OgeeM,1005839,Canada,,,Not a Member
006Q800000Oggt3,1006805,EMEA,,,Active
006Q800000OghAn,1004768,United States,,,Active
006Q800000OghxC,1007256,United States,,,Active
006Q800000OgkdK,1004710,United States,,,Active
006Q800000OgmOz,1004697,United States,Change of Circumstances,,Active
006Q800000Ogn1h,1007811,Asia Pacific,,,Not a Member
006Q800000Ogogv,1005264,United States,,,Not a Member
006Q800000OgpDB,1004858,United States,,,Not a Member
006Q800000Ogy8h,1005861,Australia,,,Not a Member
006Q800000OgyBd,1008324,United States,No Decision,,Not a Member
006Q800000OgyDF,1003883,Canada,Unresponsive Contacts,,Pending
006Q800000OgzSf,1006279,New Zealand,,,Not a Member
006Q800000OhAhT,1005861,Australia,,,Not a Member
006Q800000Oi1qb,1008292,Australia,No Decision,,Not a Member
006Q800000OinTp,1002971,Australia,,,Active
006Q800000Ojm13,1008359,United States,,,Not a Member
006Q800000OjrVN,1004715,United States,,,Pending
006Q800000OjuBV,,Canada,,,Not a Member
006Q800000Ojwrd,1004540,United States,,,Not a Member
006Q800000Ojx9N,1004547,United States,,,Not a Member
006Q800000Ojya5,1007878,United States,,,Active
006Q800000OmMYH,1003209,EMEA,,,Active
006Q800000Oml6s,1005178,United States,No Decision,,Not a Member
006Q800000OmnAH,1005043,United States,,,Not a Member
006Q800000OmoRJ,1008294,United States,,,Not a Member
006Q800000Omq6Y,1004705,United States,,,Pending
006Q800000OmqZZ,1005162,United States,,,Active
006Q800000On0kD,1005112,United States,,,Not a Member
006Q800000OoEDF,1006808,Australia,,,Not a Member
006Q800000OpvGA,1003279,Australia,,,Not a Member
006Q800000OrK9F,1007934,EMEA,,,Not a Member
006Q800000OrOeI,1004876,United States,,,Active
006Q800000OrUv0,1007243,Canada,Other (Add detail to Other Closed Lost Reason),developer supplied the strike plates.,Active
006Q800000OrVfm,1004968,United States,,,Active
006Q800000Orc6A,1004965,United States,,,Not a Member
006Q800000OrdS1,1005111,United States,Unresponsive Contacts,,Not a Member
006Q800000OreHe,1004701,United States,,,Active
006Q800000OrhU2,1008297,Canada,,,Not a Member
006Q800000Orhx4,1003864,Canada,,,Not a Member
006Q800000Oricz,1003885,Canada,No Decision,,Active
006Q800000OrjAr,1007456,United States,,,Active
006Q800000OrjQz,1007456,United States,,,Active
006Q800000OrkQH,1003864,Canada,No Decision,,Not a Member
006Q800000Ormgb,1004552,United States,Change of Circumstances,,Not a Member
006Q800000Orq98,1008450,Canada,,,Not a Member
006Q800000Ot04o,1007281,United States,,,Active
006Q800000Ot0eH,1006271,United States,,,Active
006Q800000OtAk5,1008450,Canada,,,Not a Member
006Q800000OtDA5,1003963,Canada,,,Not a Member
006Q800000OtDhx,1005690,United States,,,Active
006Q800000OtE69,1005690,United States,,,Active
006Q800000OvoK2,1004349,Canada,Unresponsive Contacts,,Not a Member
006Q800000OvxVO,,United States,No Decision,,Active
006Q800000OvxyP,1004349,Canada,Unresponsive Contacts,,Not a Member
006Q800000Ovycj,1005776,United States,,,Active
006Q800000OvzNV,1004349,Canada,,,Not a Member
006Q800000Ow0WT,1005293,United States,,,Active
006Q800000Ow1Vm,1004023,Canada,,,Not a Member
006Q800000Ow2Bh,1008296,Canada,,,Not a Member
006Q800000Ow7L4,1008359,United States,,,Not a Member
006Q800000OwDjp,1005594,United States,,,Active
006Q800000OwsyM,1002875,Australia,Competition,,Not a Member
006Q800000Oyo5m,1008323,EMEA,Competition,,Not a Member
006Q800000Oypmb,1003209,EMEA,,,Active
006Q800000OyqIr,1003209,EMEA,,,Active
006Q800000OzFSY,1003090,EMEA,,,Active
006Q800000OzN3X,1000940,EMEA,,,Active
006Q800000OzNhq,1003090,EMEA,,,Active
006Q800000OzO9F,1000940,EMEA,,,Active
006Q800000OzOCT,1000940,EMEA,,,Active
006Q800000OzOPN,1003090,EMEA,,,Active
006Q800000OzOVp,1003090,EMEA,,,Active
006Q800000OzOZ3,1003090,EMEA,,,Active
006Q800000OzRWw,1003963,Canada,,,Not a Member
006Q800000OzRgb,1004590,United States,,,Active
006Q800000OzSkj,1004867,United States,,,Active
006Q800000OzUwD,1004710,United States,,,Active
006Q800000OzYJt,1003965,Canada,Unresponsive Contacts,,Active
006Q800000Ozbw5,1004710,United States,,,Active
006Q800000OzeUA,1008831,Australia,Competition,,Not a Member
006Q800000Ozjon,1008293,Australia,,,Not a Member
006Q800000OzkXx,1007430,Australia,,,Not a Member
006Q800000P03tx,1003088,Australia,No Decision,,Active
006Q800000P0IHt,1002689,Australia,,,Active
006Q800000P0WRJ,1000477,New Zealand,Other (Add detail to Other Closed Lost Reason),,Active
006Q800000P0YT7,1003441,Australia,No Decision,,Not a Member
006Q800000P0Yph,1002971,Australia,No Decision,,Active
006Q800000P0hBR,1002682,Australia,No Decision,,Active
006Q800000P0yoz,1007778,Asia Pacific,,,Not a Member
006Q800000P1mVd,1003963,Canada,No Decision,,Not a Member
006Q800000P1ryL,1003885,Canada,Unresponsive Contacts,,Active
006Q800000P1u3N,1006246,Canada,Unresponsive Contacts,,Active
006Q800000P1uOL,1004039,Canada,Competition,,Active
006Q800000P1uTB,1004039,Canada,Competition,,Active
006Q800000P1ujK,1004039,Canada,Competition,,Active
006Q800000P1uoA,1004039,Canada,,,Active
006Q800000P1v13,1004039,Canada,Competition,,Active
006Q800000P1xPR,1004039,Canada,Competition,,Active
006Q800000P1yjj,1004552,United States,No Decision,,Not a Member
006Q800000P20S9,1006913,United States,,,Active
006Q800000P25Wf,1008359,United States,,,Not a Member
006Q800000P25zh,1008359,United States,,,Not a Member
006Q800000P26HT,1005058,United States,,,Active
006Q800000P2C0H,1005257,United States,,,Active
006Q800000P4JDl,1008264,Australia,,,Not a Member
006Q800000P4LnR,1006135,Australia,,,Not a Member
006Q800000P4XQP,1003218,Australia,No Decision,,Not a Member
006Q800000P4vUM,,Australia,Competition,,Not a Member
006Q800000P505p,1005113,United States,,,Not a Member
006Q800000P50gv,,Australia,Competition,,Not a Member
006Q800000P51DB,,Australia,Competition,,Not a Member
006Q800000P51xx,1006593,United States,,,Active
006Q800000P52Ar,1005121,United States,Pricing,,Active
006Q800000P59lp,1005920,Canada,Missing Features (Add detail to Other Closed Lost Reason),,Not a Member
006Q800000P5C3l,1005161,United States,,,Active
006Q800000P5DRG,1000952,Canada,,,Active
006Q800000P5FBJ,1007443,Canada,,,Active
006Q800000P5FPp,1008294,United States,,,Not a Member
006Q800000P5H53,1004953,United States,,,Not a Member
006Q800000P5JBh,1000952,Canada,,,Active
006Q800000P5M37,1007394,New Zealand,,,Not a Member
006Q800000P5QJn,,Australia,Competition,,Not a Member
006Q800000P5S8X,,Australia,Competition,,Not a Member
006Q800000P5UQZ,,Australia,Competition,,Not a Member
006Q800000P5Y1F,1007778,Asia Pacific,,,Not a Member
006Q800000P5YaX,,Australia,Competition,,Not a Member
006Q800000P5YvV,,Australia,Competition,,Not a Member
006Q800000P5ZWh,,Australia,Competition,,Not a Member
006Q800000P5bdG,1000956,Asia Pacific,,,Not a Member
006Q800000P5oNZ,1003049,Australia,,,Active
006Q800000P6GtK,1007272,Canada,Competition,,Not a Member
006Q800000P6LGI,1004715,United States,,,Pending
006Q800000P6XXa,1005171,United States,,,Not a Member
006Q800000P6Y8f,1008294,United States,,,Not a Member
006Q800000P6Zkf,1004527,United States,,,Active
006Q800000P6cVd,1003886,Canada,,,Active
006Q800000P6jiP,,New Zealand,No Decision,End user couldnt make up mind which SI to use,Not a Member
006Q800000P6xqD,1000753,New Zealand,,,Not a Member
006Q800000P8kqV,,Australia,Competition,,Active
006Q800000P9BVr,1005776,United States,,,Active
006Q800000P9I2Z,1005776,United States,,,Active
006Q800000P9Itl,1007939,EMEA,,,Not a Member
006Q800000P9JRe,1007306,United States,,,Active
006Q800000P9KvZ,1007272,Canada,Competition,,Not a Member
006Q800000P9NlT,1005597,United States,Change of Circumstances,,Not a Member
006Q800000P9OBB,1003209,EMEA,,,Active
006Q800000P9OCn,,United States,Unresponsive Contacts,,Not a Member
006Q800000P9PGw,1005776,United States,,,Active
006Q800000P9PqP,1005776,United States,,,Active
006Q800000P9QUj,1003209,EMEA,,,Active
006Q800000P9QXy,1005111,United States,Unresponsive Contacts,,Not a Member
006Q800000P9Qks,,United States,Change of Circumstances,,Active
006Q800000P9RCH,1005067,United States,,,Active
006Q800000P9Rc5,1005920,Canada,,,Not a Member
006Q800000P9U26,1008032,United States,Other (Add detail to Other Closed Lost Reason),Closed to re-quote with new pricing,Active
006Q800000P9UQH,1005776,United States,,,Active
006Q800000P9UdB,1005776,United States,,,Active
006Q800000P9Uq6,1005776,United States,,,Active
006Q800000P9ZRZ,1005046,United States,,,Active
006Q800000P9a5t,1007290,United States,,,Not a Member
006Q800000P9aXJ,1007290,United States,,,Not a Member
006Q800000P9cSg,1005027,United States,,,Active
006Q800000P9ehN,1006751,United States,Change of Circumstances,,Active
006Q800000P9gcj,1005027,United States,,,Active
006Q800000P9kbV,1000936,New Zealand,No Decision,,Active
006Q800000P9oLs,1005120,United States,,,Not a Member
006Q800000P9sUD,1007701,United States,,,Not a Member
006Q800000PA7GL,1005861,Australia,,,Not a Member
006Q800000PABtR,1000447,Asia Pacific,,,Active
006Q800000PBjhl,1007515,Australia,Missing Features (Add detail to Other Closed Lost Reason),,Not a Member
006Q800000PCAIA,1006080,Asia Pacific,Competition,,Not a Member
006Q800000PCYab,1005273,United States,,,Active
006Q800000PCaNt,1008365,United States,,,Not a Member
006Q800000PCcRJ,1006271,United States,,,Active
006Q800000PCdwt,1005121,United States,No Decision,,Active
006Q800000PCeuX,1006091,Canada,Competition,,Active
006Q800000PCk0f,1000475,New Zealand,Competition,,Active
006Q800000PCnWP,,United States,No Decision,,Not a Member
006Q800000PEVSA,1004239,Australia,,,Not a Member
006Q800000PFbFN,1007777,Canada,Pricing,,Not a Member
006Q800000PFceU,1005272,United States,,,Active
006Q800000PFdx7,1005165,United States,,,Active
006Q800000PFewP,1004590,United States,,,Active
006Q800000PHage,1003261,Australia,,,Active
006Q800000PHn9D,1000671,New Zealand,Competition,Lost tender to competition,Active
006Q800000PIMYL,1003347,Australia,Unresponsive Contacts,,Active
006Q800000PIvsf,1000450,New Zealand,No Decision,No decision from end user,Active
006Q800000PJSa5,1002689,Australia,,,Active
006Q800000PJUtd,1002969,Australia,,,Active
006Q800000PJoab,1002979,Australia,No Decision,,Active
006Q800000PK5Rn,,EMEA,Missing Features (Add detail to Other Closed Lost Reason),,Not a Member
006Q800000PKCOQ,1007101,Canada,Competition,,Active
006Q800000PKL0I,1007290,United States,,,Not a Member
006Q800000PKNDO,1005111,United States,Unresponsive Contacts,,Not a Member
006Q800000PKPAM,1007001,United States,,,Not a Member
006Q800000PKRld,1006489,United States,,,Not a Member
006Q800000PKSMj,1005027,United States,Change of Circumstances,,Active
006Q800000PKSOM,1004694,United States,,,Active
006Q800000PKSRa,1005532,United States,Change of Circumstances,,Active
006Q800000PKTkD,1003968,Canada,,,Active
006Q800000PKXkc,1005067,United States,,,Active
006Q800000PKYK5,1003209,EMEA,,,Active
006Q800000PKYLi,,United States,,,Not a Member
006Q800000PKYNJ,,United States,,,Not a Member
006Q800000PKcig,1004763,United States,,,Active
006Q800000PKe9N,1004715,United States,,,Pending
006Q800000PKyRR,1000566,New Zealand,,,Active
006Q800000PKzgr,1007606,Australia,Competition,,Active
006Q800000PLVaH,1000855,New Zealand,No Decision,,Not a Member
006Q800000PLowK,1003503,Australia,No Decision,,Active
006Q800000PMNHJ,1003529,Australia,,,Not a Member
006Q800000PMVV0,1003580,EMEA,,,Not a Member
006Q800000PMWR3,1003580,EMEA,,,Not a Member
006Q800000PMZgf,1003580,EMEA,,,Not a Member
006Q800000PMgjl,1008327,EMEA,Competition,,Not a Member
006Q800000PMt13,1003209,EMEA,,,Active
006Q800000PNS8T,1004850,United States,,,Active
006Q800000PNWLl,1005390,United States,Missing Features (Add detail to Other Closed Lost Reason),,Not a Member
006Q800000PNXph,1005031,United States,,,Not a Member
006Q800000PNd77,1005112,United States,No Decision,,Not a Member
006Q800000PNdNF,1005112,United States,Other (Add detail to Other Closed Lost Reason),Sold direct to dealer,Not a Member
006Q800000PNrYU,1008297,Canada,,,Not a Member
006Q800000PO14c,1008359,United States,,,Not a Member
006Q800000POBC1,1000552,Asia Pacific,,,Not a Member
006Q800000PODvN,1007160,Asia Pacific,,,Not a Member
006Q800000POXMD,,Australia,,,Pending
006Q800000POa0j,1002969,Australia,,,Active
006Q800000PQH22,1003090,EMEA,,,Active
006Q800000PQOpt,1006593,United States,,,Active
006Q800000PQQTW,1000669,New Zealand,No Decision,,Not a Member
006Q800000PQSNF,1005452,United States,,,Pending
006Q800000PQSiD,,United States,,,Not a Member
006Q800000PQUyX,1005165,United States,,,Active
006Q800000PQVOL,1004701,United States,,,Active
006Q800000PQVhh,1003957,Canada,,,Not a Member
006Q800000PQW7V,,EMEA,Other (Add detail to Other Closed Lost Reason),,Not a Member
006Q800000PQXoL,1007281,United States,,,Active
006Q800000PSHsL,1002689,Australia,No Decision,,Active
006Q800000PT2BJ,1003572,EMEA,,,Not a Member
006Q800000PT3tm,1008268,United States,,,Not a Member
006Q800000PTC0z,1006510,Canada,,,Not a Member
006Q800000PTCCI,1007940,Canada,,,Not a Member
006Q800000PTCFX,1004110,Canada,,,Active
006Q800000PTHrv,1008330,United States,No Decision,,Not a Member
006Q800000PTJ5h,1008364,United States,,,Active
006Q800000PTJGz,1004879,United States,,,Active
006Q800000PTJgn,1004547,United States,,,Not a Member
006Q800000PTKHt,1005591,United States,,,Active
006Q800000PTMjV,,United States,,,Pending
006Q800000PTMun,1003879,Canada,Pricing,,Active
006Q800000PTN1F,,United States,,,Not a Member
006Q800000PTOes,1003991,Canada,,,Not a Member
006Q800000PTPcX,1004391,Canada,,,Not a Member
006Q800000PTPe9,1003209,EMEA,,,Active
006Q800000PTS0v,1007143,Canada,Change of Circumstances,,Not a Member
006Q800000PUehZ,1008155,Australia,No Decision,,Not a Member
006Q800000PV39h,1003503,Australia,,,Active
006Q800000PW1FW,1005111,United States,Unresponsive Contacts,,Not a Member
006Q800000PW3KX,,EMEA,Other (Add detail to Other Closed Lost Reason),,Not a Member
006Q800000PW3dt,1002978,EMEA,Other (Add detail to Other Closed Lost Reason),,Not a Member
006Q800000PW54b,,EMEA,Other (Add detail to Other Closed Lost Reason),,Not a Member
006Q800000PW6QT,1008330,United States,No Decision,,Not a Member
006Q800000PWIMn,1005067,United States,,,Active
006Q800000PWKzh,1005120,United States,,,Not a Member
006Q800000PWNJF,1004938,United States,Change of Circumstances,,Not a Member
006Q800000PWNUX,1007290,United States,,,Not a Member
006Q800000PWNZP,1005027,United States,,,Active
006Q800000PWOC5,1007197,United States,Change of Circumstances,,Active
006Q800000PWQ0z,1005280,United States,Change of Circumstances,,Active
006Q800000PWQ95,1008352,United States,,,Pending
006Q800000PWSCU,1004698,United States,No Decision,,Active
006Q800000PWUCf,1004763,United States,,,Active
006Q800000PWUvp,1005162,United States,,,Active
006Q800000PYIDq,1002969,Australia,,,Active
006Q800000PYSQ5,1007245,Australia,Competition,,Active
006Q800000PYWv8,1003039,Australia,No Decision,,Not a Member
006Q800000PZ5w7,1006211,Australia,No Decision,,Not a Member
006Q800000PZUT3,1003049,Australia,No Decision,,Active
006Q800000PbJBl,1003209,EMEA,,,Active
006Q800000PbLof,1007878,United States,,,Active
006Q800000PbLyL,1003209,EMEA,,,Active
006Q800000PbM83,1008359,United States,,,Not a Member
006Q800000PbPXJ,1004973,United States,,,Active
006Q800000PbRio,1005177,United States,,,Not a Member
006Q800000PbTuH,1005259,United States,,,Active
006Q800000PbnwP,,Australia,Unresponsive Contacts,,Not a Member
006Q800000PbtqL,1002948,Australia,,,Not a Member
006Q800000PcckD,1000774,New Zealand,,,Not a Member
006Q800000PeHTZ,1008127,EMEA,,,Not a Member
006Q800000PeICj,1008127,EMEA,,,Not a Member
006Q800000PeMOP,1003209,EMEA,,,Active
006Q800000PeRG1,,EMEA,Other (Add detail to Other Closed Lost Reason),,Not a Member
006Q800000PeVUv,1005058,United States,,,Active
006Q800000PeX5J,1004548,United States,Other (Add detail to Other Closed Lost Reason),,Not a Member
006Q800000PecGH,1004973,United States,,,Active
006Q800000PezPl,1008382,New Zealand,,,Not a Member
006Q800000PfZmb,1002812,Australia,,,Active
006Q800000PfvLh,1003503,Australia,,,Active
006Q800000Pfw9i,1002695,Australia,Competition,,Active
006Q800000PgEub,1008293,Australia,Change of Circumstances,,Not a Member
006Q800000PhS7V,1004715,United States,,,Pending
006Q800000PhXaE,1008293,Australia,Change of Circumstances,,Not a Member
006Q800000PhYEY,1005451,United States,,,Not a Member
006Q800000PhZFR,1007893,EMEA,,,Not a Member
006Q800000Pha3S,1005280,United States,Change of Circumstances,,Active
006Q800000Pha6f,1004775,United States,,,Active
006Q800000PhcDJ,1008387,United States,Missing Features (Add detail to Other Closed Lost Reason),,Not a Member
006Q800000PhcLP,1004958,United States,,,Not a Member
006Q800000PhdHR,1008032,United States,Change of Circumstances,,Active
006Q800000Phkag,1005293,United States,,,Active
006Q800000PhoRN,1000477,New Zealand,,,Active
006Q800000Pjtuo,1003209,EMEA,,,Active
006Q800000PkN9h,1003209,EMEA,,,Active
006Q800000PkYpt,1003209,EMEA,,,Active
006Q800000Pkgx9,1007777,Canada,Competition,,Not a Member
006Q800000PkhLJ,1005167,United States,,,Active
006Q800000PkhTN,1005167,United States,,,Active
006Q800000PkjgT,1008694,United States,Change of Circumstances,,Not a Member
006Q800000Pkji6,1005121,United States,,,Active
006Q800000Pkjwb,1008052,Canada,Change of Circumstances,,Not a Member
006Q800000Pkk1R,1005111,United States,Unresponsive Contacts,,Not a Member
006Q800000Pkugj,1005034,United States,,,Active
006Q800000PlOWk,1008293,Australia,Change of Circumstances,,Not a Member
006Q800000PlSFN,1003198,Australia,Other (Add detail to Other Closed Lost Reason),,Active
006Q800000PlWu5,1002937,Australia,No Decision,,Active
006Q800000PncFR,1004309,Canada,Other (Add detail to Other Closed Lost Reason),It was an RFP won by another partner.,Active
006Q800000Pnhv3,1007290,United States,,,Not a Member
006Q800000PoyvR,1004697,United States,No Decision,,Active
006Q800000PrpMC,1002861,Australia,,,Pending
006Q800000Prx5B,,Australia,No Decision,,Active
006Q800000Pt1OT,1002793,Australia,,,Active
006Q800000PtI2j,1006190,Asia Pacific,,,Not a Member
006Q800000PtRqn,1004031,Canada,No Decision,,Active
006Q800000PtTXd,1007189,Canada,,,Not a Member
006Q800000Ptg3R,1000952,Canada,,,Active
006Q800000Ptmbt,1007243,Canada,Other (Add detail to Other Closed Lost Reason),,Active
006Q800000PtnjF,1007243,Canada,,,Active
006Q800000PuhyL,1002865,Australia,,,Active
006Q800000Pvhxu,1003288,Australia,,,Active
006Q800000PwEqb,1008405,Canada,Other (Add detail to Other Closed Lost Reason),Won by another ICT dealer (ASAP),Not a Member
006Q800000PwFxx,1007272,Canada,Unresponsive Contacts,,Not a Member
006Q800000PwOQ9,1006967,Canada,,,Not a Member
006Q800000PwYNt,1006957,United States,,,Not a Member
006Q800000PwYUN,1006246,Canada,,,Active
006Q800000PwZ73,1005111,United States,Unresponsive Contacts,,Not a Member
006Q800000PwbSE,1006821,United States,,,Not a Member
006Q800000Pwcg2,,United States,,,Not a Member
006Q800000PwcmT,1008387,United States,,,Not a Member
006Q800000Pwdqb,1006395,United States,,,Active
006Q800000PweQ5,1005111,United States,,,Not a Member
006Q800000PwosT,1003630,Australia,No Decision,,Not a Member
006Q800000PwsOG,1007260,Australia,,,Active
006Q800000PxkTR,1004239,Australia,,,Not a Member
006Q800000Pxz97,1000447,Asia Pacific,,,Active
006Q800000Pypdy,1008342,EMEA,,,Not a Member
006Q800000PzHok,1007387,EMEA,Competition,,Not a Member
006Q800000PzKmc,1005598,United States,,,Active
006Q800000PzTMs,1005272,United States,,,Active
006Q800000PzU2n,1004804,United States,Other (Add detail to Other Closed Lost Reason),,Active
006Q800000PzYmO,1004973,United States,,,Active
006Q800000Pzc8Q,1005167,United States,,,Active
006Q800000Pze5N,1007250,United States,,,Active
006Q800000PzfUU,1003997,Canada,,,Not a Member
006Q800000Pzggf,1006850,Canada,Other (Add detail to Other Closed Lost Reason),It was an RFP won by another partner.,Active
006Q800000Pzggh,1006593,United States,,,Active
006Q800000Pzmvl,1000541,New Zealand,Unresponsive Contacts,,Not a Member
006Q800000PznIL,1007639,United States,,,Active
006Q800000PztXT,1000842,New Zealand,,,Not a Member
006Q800000Q0gl3,1007512,Australia,,,Active
006Q800000Q0lET,1003527,Australia,Other (Add detail to Other Closed Lost Reason),New Quotation Done,Active
006Q800000Q24zr,,Asia Pacific,,,Not a Member
006Q800000Q299t,,Asia Pacific,,,Not a Member
006Q800000Q2R0L,,Asia Pacific,,,Not a Member
006Q800000Q2Uav,1006805,EMEA,,,Active
006Q800000Q2etd,1004973,United States,,,Active
006Q800000Q2ltV,1007701,United States,,,Not a Member
006Q800000Q2tUT,1005272,United States,,,Active
006Q800000Q2tav,1005293,United States,,,Active
006Q800000Q2uQX,1005177,United States,No Decision,,Not a Member
006Q800000Q2vlD,1008410,Australia,,,Not a Member
006Q800000Q3b5h,1000559,New Zealand,Competition,,Active
006Q800000Q3pjl,1008410,Australia,,,Not a Member
006Q800000Q4g6X,1008327,EMEA,Competition,Inner range,Not a Member
006Q800000Q4rtB,1007512,Australia,,,Active
006Q800000Q5Roc,1004804,United States,Change of Circumstances,,Active
006Q800000Q5Vyf,1006805,EMEA,,,Active
006Q800000Q5WJf,1005776,United States,Other (Add detail to Other Closed Lost Reason),We won this job but it was ordered as a bulk order.,Active
006Q800000Q5WvH,1005776,United States,,,Active
006Q800000Q5bBF,1004039,Canada,,,Active
006Q800000Q5beI,1005776,United States,,,Active
006Q800000Q5cP3,1005776,United States,Other (Add detail to Other Closed Lost Reason),We won this job but it was ordered as a bulk order.,Active
006Q800000Q5f4X,1005776,United States,,,Active
006Q800000Q5gqr,1005162,United States,Missing Features (Add detail to Other Closed Lost Reason),,Active
006Q800000Q5gsT,1004807,United States,Competition,,Active
006Q800000Q5hAD,1007777,Canada,,,Not a Member
006Q800000Q5lgr,1008280,United States,,,Not a Member
006Q800000Q5m1q,1005776,United States,,,Active
006Q800000Q5mbJ,1005776,United States,Other (Add detail to Other Closed Lost Reason),We won this job but it was ordered as a bulk order.,Active
006Q800000Q5mmb,1005776,United States,,,Active
006Q800000Q5mt3,1005776,United States,,,Active
006Q800000Q5mzV,1005776,United States,,,Active
006Q800000Q5qGj,1004939,United States,,,Not a Member
006Q800000Q5yNx,1004699,United States,,,Not a Member
006Q800000Q63CL,1007189,Canada,,,Not a Member
006Q800000Q9J68,1003107,Australia,,,Active
006Q800000Q9PwH,1002729,Australia,,,Not a Member
006Q800000Q9YEn,1003107,Australia,Competition,,Active
006Q800000QBIvX,1003209,EMEA,,,Active
006Q800000QBZzZ,1008381,Canada,,,Not a Member
006Q800000QBjUH,1004024,Canada,,,Active
006Q800000QBjcM,1005163,United States,,,Active
006Q800000QBleA,1008294,United States,,,Not a Member
006Q800000QC6aX,1007475,Australia,,,Not a Member
006Q800000QDCVp,1003751,Australia,,,Active
006Q800000QEoxF,1007940,Canada,,,Not a Member
006Q800000QEpdB,1007197,United States,,,Active
006Q800000QEpwX,1008365,United States,,,Not a Member
006Q800000QEq4c,1008052,Canada,Competition,,Not a Member
006Q800000QEyYP,1005598,United States,,,Active
006Q800000QEyer,1006246,Canada,Other (Add detail to Other Closed Lost Reason),It was an RFP won by another partner.,Active
006Q800000QEzW5,1008052,Canada,Competition,,Not a Member
006Q800000QF4CS,1005111,United States,,,Not a Member
006Q800000QF5wT,1004938,United States,,,Not a Member
006Q800000QF89Z,1004965,United States,,,Not a Member
006Q800000QF8fq,1007243,Canada,,,Active
006Q800000QF8nt,1005165,United States,,,Active
006Q800000QF9nB,1007243,Canada,,,Active
006Q800000QFA89,1005112,United States,Pricing,,Not a Member
006Q800000QFRCD,1004113,Australia,No Decision,,Active
006Q800000QGUeH,1000466,New Zealand,,,Active
006Q800000QI2MA,1007101,Canada,Competition,,Active
006Q800000QI5VJ,1007101,Canada,Competition,,Active
006Q800000QI5yL,1007700,United States,,,Not a Member
006Q800000QI9CL,1005776,United States,,,Active
006Q800000QICuz,1005165,United States,,,Active
006Q800000QIDPe,1006480,Canada,,,Not a Member
006Q800000QIHoD,1004963,United States,,,Active
006Q800000QIUjv,1002812,Australia,,,Active
006Q800000QIhHF,1006845,Australia,Competition,,Not a Member
006Q800000QItez,1002370,New Zealand,Competition,,Not a Member
006Q800000QJKAX,1003088,Australia,Competition,,Active
006Q800000QJSEZ,1002491,New Zealand,Unresponsive Contacts,Developer wasnt getting back to CHP,Not a Member
006Q800000QLGZ5,1003428,EMEA,,,Active
006Q800000QLISo,1004110,Canada,Other (Add detail to Other Closed Lost Reason),,Active
006Q800000QLJzy,1004110,Canada,,,Active
006Q800000QLPVt,1004697,United States,,,Active
006Q800000QLSf3,,United States,,,Not a Member
006Q800000QLULt,1004694,United States,,,Active
006Q800000QLdQn,1003209,EMEA,,,Active
006Q800000QM1WM,1006378,Australia,Change of Circumstances,,Not a Member
006Q800000QM1cn,1004698,United States,,,Active
006Q800000QM4sP,1004705,United States,,,Pending
006Q800000QMMPV,,Australia,,,Active
006Q800000QMPvG,1000780,New Zealand,,,Active
006Q800000QMVKj,1005844,Australia,,,Not a Member
006Q800000QMVnl,1005844,Australia,Competition,,Not a Member
006Q800000QMpjF,1002806,Australia,Unresponsive Contacts,,Active
006Q800000QN9GX,1003209,EMEA,,,Active
006Q800000QOPEP,1007778,Asia Pacific,,,Not a Member
006Q800000QOQvF,1006271,United States,,,Active
006Q800000QOS2c,1004958,United States,,,Not a Member
006Q800000QOTOT,1004968,United States,,,Active
006Q800000QOV8Y,1008283,Canada,Change of Circumstances,,Not a Member
006Q800000QOXlR,1004391,Canada,,,Not a Member
006Q800000QOY1Z,1005164,United States,Pricing,,Active
006Q800000QOYZT,1003987,Canada,,,Active
006Q800000QOiFR,1007189,Canada,,,Not a Member
006Q800000QPXEm,1004391,Canada,,,Not a Member
006Q800000QPh1B,1004391,Canada,Other (Add detail to Other Closed Lost Reason),They went with ICT wireless lock,Not a Member
006Q800000QR1p3,1005776,United States,,,Active
006Q800000QS9xr,1006561,New Zealand,No Decision,,Not a Member
006Q800000QT6B7,1002467,Asia Pacific,Other (Add detail to Other Closed Lost Reason),,Active
006Q800000QU05F,1006805,EMEA,Competition,,Active
006Q800000QU8CU,,United States,,,Not a Member
006Q800000QUAmB,1006850,Canada,,,Active
006Q800000QUHhC,1007920,Canada,Competition,,Not a Member
006Q800000QUHqr,1005051,United States,,,Active
006Q800000QUIOk,1004318,Australia,,,Active
006Q800000QUTVR,1005550,United States,,,Active
006Q800000QUthd,1002865,Australia,,,Active
006Q800000QWQzi,1005844,Australia,,,Not a Member
006Q800000QWRXc,1001018,Asia Pacific,,,Pending
006Q800000QX4lp,1003963,Canada,Other (Add detail to Other Closed Lost Reason),Just pricing example,Not a Member
006Q800000QXBtm,1004040,Canada,Other (Add detail to Other Closed Lost Reason),project postponed,Not a Member
006Q800000QXDE1,1004793,United States,,,Not a Member
006Q800000QXDXN,1005393,United States,,,Active
006Q800000QXFHR,1004040,Canada,Other (Add detail to Other Closed Lost Reason),project posponed,Not a Member
006Q800000QXHuL,1008171,United States,Change of Circumstances,,Active
006Q800000QXJbB,1004028,Canada,,,Active
006Q800000QXRiP,1007101,Canada,Other (Add detail to Other Closed Lost Reason),Lost to Impact alarme (Still ICT),Active
006Q800000QXS6c,1000656,New Zealand,,,Active
006Q800000QXTsH,1004716,United States,,,Active
006Q800000QXkd0,1005162,United States,,,Active
006Q800000QYOnJ,1003527,Australia,,,Active
006Q800000QYvbB,1006585,Australia,,,Not a Member
006Q800000QZyww,1006805,EMEA,Other (Add detail to Other Closed Lost Reason),Duplication,Active
006Q800000QZzst,1006805,EMEA,,,Active
006Q800000Qa0c3,1006805,EMEA,,,Active
006Q800000Qa11q,1006805,EMEA,Competition,,Active
006Q800000Qa2Z2,1006510,Canada,,,Not a Member
006Q800000Qa3YH,1006805,EMEA,,,Active
006Q800000Qa3oP,1006805,EMEA,,,Active
006Q800000Qa4Cc,1006510,Canada,,,Not a Member
006Q800000Qa4Nt,1006805,EMEA,,,Active
006Q800000Qa4pJ,1006805,EMEA,Competition,,Active
006Q800000Qa5Bt,,United States,,,Active
006Q800000Qa5yH,1006805,EMEA,Competition,,Active
006Q800000QaDsb,1003209,EMEA,,,Active
006Q800000QaF21,1007920,Canada,Change of Circumstances,,Not a Member
006Q800000QaFuR,1004391,Canada,,,Not a Member
006Q800000QaKUK,1005846,Canada,,,Active
006Q800000QaKZ7,1008083,Canada,Change of Circumstances,,Not a Member
006Q800000QaMuH,1005846,Canada,,,Active
006Q800000QaT2v,,United States,,,Not a Member
006Q800000QdHy5,1007155,Canada,,,Not a Member
006Q800000QdJn1,1006326,United States,,,Not a Member
006Q800000QdLVS,1003209,EMEA,,,Active
006Q800000QdOEn,1005163,United States,No Decision,,Active
006Q800000QdQEz,1006085,United States,,,Active
006Q800000QdQms,1007639,United States,,,Active
006Q800000QdRNy,1004715,United States,,,Pending
006Q800000QdS79,1003209,EMEA,,,Active
006Q800000QdSFB,1006085,United States,,,Active
006Q800000QdVEf,1007950,Canada,Other (Add detail to Other Closed Lost Reason),Went to another integrator using ICT.,Not a Member
006Q800000QdXbR,1006055,United States,No Decision,,Active
006Q800000QdXl7,1004710,United States,,,Active
006Q800000QeTPJ,1000767,New Zealand,No Decision,,Not a Member
006Q800000QgcZm,1007281,United States,,,Active
006Q800000Qgd62,1006954,United States,,,Active
006Q800000QghHh,1004973,United States,,,Active
006Q800000QghpZ,1004928,United States,,,Pending
006Q800000Qghxd,,United States,Change of Circumstances,,Active
006Q800000Qgj1l,,United States,,,Active
006Q800000Qgj1n,1008343,United States,Other (Add detail to Other Closed Lost Reason),New quote with current pricing,Not a Member
006Q800000QgoFx,1004935,United States,Other (Add detail to Other Closed Lost Reason),Old quote.....Re-quoted to Frandsen Financial,Pending
006Q800000QgqGA,1005102,United States,,,Not a Member
006Q800000Qk0Xa,1002940,Australia,,,Active
006Q800000QlCWc,1003209,EMEA,,,Active
006Q800000QlZJV,1007260,Australia,,,Active
006Q800000Qn9JK,1006271,United States,,,Active
006Q800000QnAda,1003209,EMEA,,,Active
006Q800000QnCQr,1003968,Canada,,,Active
006Q800000QnDQA,1003884,Canada,,,Active
006Q800000QnFoY,1006035,United States,,,Active
006Q800000QnJNV,1008359,United States,,,Not a Member
006Q800000QnLIr,1008614,Canada,Other (Add detail to Other Closed Lost Reason),It was an RFP won by another partner.,Pending
006Q800000QnNvm,1005165,United States,,,Active
006Q800000QnSKL,1006287,United States,,,Active
006Q800000QnsbN,1004716,United States,,,Active
006Q800000QoVxi,1008368,Australia,No Decision,,Not a Member
006Q800000Qon5P,1003392,Australia,No Decision,,Active
006Q800000QpcSY,1007508,Asia Pacific,,,Not a Member
006Q800000QqYOQ,1005260,United States,,,Not a Member
006Q800000QqYZh,1003209,EMEA,,,Active
006Q800000QqZXP,1004711,United States,,,Active
006Q800000QqhLG,1003957,Canada,,,Not a Member
006Q800000QqpkD,1004772,United States,,,Active
006Q800000Qqrdx,1007777,Canada,,,Not a Member
006Q800000QqtmD,1003865,Canada,,,Active
006Q800000QqutZ,1004028,Canada,,,Active
006Q800000Qqv3G,1005588,United States,,,Active
006Q800000Qr2j3,1005293,United States,,,Active
006Q800000QrbqT,1000666,New Zealand,No Decision,,Pending
006Q800000QsOKv,1003347,Australia,No Decision,,Active
006Q800000QtrPh,1003396,EMEA,,,Active
006Q800000QtyKj,1007250,United States,,,Active
006Q800000Qu0sn,1004953,United States,,,Not a Member
006Q800000Qu4Wc,1005051,United States,Other (Add detail to Other Closed Lost Reason),,Active
006Q800000QuAc2,1006395,United States,,,Active
006Q800000QuCab,1004792,United States,,,Not a Member
006Q800000QuDWf,1004867,United States,,,Active
006Q800000QuFIM,1006395,United States,,,Active
006Q800000QuFdJ,1005690,United States,,,Active
006Q800000QuMlF,1006395,United States,,,Active
006Q800000QvBz3,1007512,Australia,Change of Circumstances,,Active
006Q800000QvV89,1002979,Australia,,,Active
006Q800000Qvp75,1007260,Australia,,,Active
006Q800000QxAdt,1008327,EMEA,,,Not a Member
006Q800000QxBTW,1006246,Canada,,,Active
006Q800000QxHIo,1006395,United States,,,Active
006Q800000QxIbS,1003209,EMEA,,,Active
006Q800000QxMNJ,1003209,EMEA,,,Active
006Q800000QxOFR,1006395,United States,,,Active
006Q800000QxPzX,,United States,,,Not a Member
006Q800000QxRI9,1005257,United States,,,Active
006Q800000QxTIL,1007646,United States,,,Active
006Q800000QxTjl,1004349,Canada,Other (Add detail to Other Closed Lost Reason),,Not a Member
006Q800000QxVNN,1005597,United States,Change of Circumstances,,Not a Member
006Q800000QxltZ,1008431,Australia,,,Not a Member
006Q800000QxlvB,1008431,Australia,Other (Add detail to Other Closed Lost Reason),,Not a Member
006Q800000QxmWH,1004953,United States,,,Not a Member
006Q800000QzhQt,1001919,Asia Pacific,,,Active
006Q800000QzhVh,1001919,Asia Pacific,,,Active
006Q800000R0gnh,1005776,United States,Other (Add detail to Other Closed Lost Reason),,Active
006Q800000R0iJF,1005067,United States,,,Active
006Q800000R0jFJ,1005690,United States,,,Active
006Q800000R0jjx,1007250,United States,,,Active
006Q800000R0k3J,1005289,United States,,,Not a Member
006Q800000R0vgH,1004039,Canada,,,Active
006Q800000R3Ibx,1004694,United States,,,Active
006Q800000R3m2K,1002788,Australia,,,Not a Member
006Q800000R3nsq,1002940,Australia,,,Active
006Q800000R41As,1002940,Australia,,,Active
006Q800000R42V7,1002940,Australia,Other (Add detail to Other Closed Lost Reason),,Active
006Q800000R45Kw,1007772,Australia,Competition,,Not a Member
006Q800000R4ZUH,1001029,New Zealand,,,Active
006Q800000R5yaH,1007160,Asia Pacific,,,Not a Member
006Q800000R6ESB,1007720,Asia Pacific,No Decision,,Not a Member
006Q800000R71pS,1007939,EMEA,,,Not a Member
006Q800000R75DA,1004309,Canada,,,Active
006Q800000R76E1,1004973,United States,,,Active
006Q800000R7NoL,1003965,Canada,,,Active
006Q800000R7X69,1007131,United States,,,Active
006Q800000R7Y2E,1004676,United States,,,Active
006Q800000R7oJt,1003527,Australia,,,Active
006Q800000R7vI9,1002940,Australia,Change of Circumstances,,Active
006Q800000R8kR7,1003259,Australia,,,Active
006Q800000R96Ej,,Asia Pacific,,,Not a Member
006Q800000R9BEP,1001016,New Zealand,Competition,,Not a Member
006Q800000R9DXx,,Asia Pacific,,,Not a Member
006Q800000RAuSo,1007131,United States,,,Active
006Q800000RAwso,1008127,EMEA,Pricing,,Not a Member
006Q800000RB0oL,1007131,United States,,,Active
006Q800000RB45Z,1003986,Canada,No Decision,,Not a Member
006Q800000RBGgD,1003865,Canada,,,Active
006Q800000RBIi1,1007003,Canada,,,Not a Member
006Q800000RBLT0,1005546,United States,,,Active
006Q800000RBOFa,1005293,United States,,,Active
006Q800000RBTWz,1000856,New Zealand,No Decision,Customer has not heard back regarding this op,Not a Member
006Q800000RBTf3,1005546,United States,,,Active
006Q800000RBVlh,1004968,United States,,,Active
006Q800000RBYDJ,1000449,New Zealand,No Decision,,Active
006Q800000RBYWf,1006034,Australia,,,Not a Member
006Q800000RBZsX,1006055,United States,,,Active
006Q800000RBaOo,,New Zealand,,,Not a Member
006Q800000RCCU5,1000447,Asia Pacific,,,Active
006Q800000RCDWb,1007772,Australia,Change of Circumstances,,Not a Member
006Q800000RCKwI,1000656,New Zealand,,,Active
006Q800000RCUik,,New Zealand,Change of Circumstances,,Not a Member
006Q800000REbGI,1005776,United States,,,Active
006Q800000REm0P,1003209,EMEA,,,Active
006Q800000REtZl,,United States,No Decision,,Not a Member
006Q800000REyRN,1008160,United States,,,Active
006Q800000RF06c,1003987,Canada,,,Active
006Q800000RF0Zf,1006350,Australia,,,Not a Member
006Q800000RH5Gf,1007512,Australia,No Decision,,Active
006Q800000RHZrR,1000956,Asia Pacific,,,Not a Member
006Q800000RHb6s,1007160,Asia Pacific,,,Not a Member
006Q800000RIT0n,1004964,United States,,,Active
006Q800000RIcLq,,United States,,,Not a Member
006Q800000RIqbp,1002700,Australia,Other (Add detail to Other Closed Lost Reason),,Active
006Q800000RJNm9,1002971,Australia,,,Active
006Q800000RK0XO,1003443,Australia,,,Active
006Q800000RLTdn,1005121,United States,,,Active
006Q800000RLeVy,1005121,United States,,,Active
006Q800000RLjKL,1003580,EMEA,,,Not a Member
006Q800000RLmy9,1005121,United States,,,Active
006Q800000RLn6D,1005121,United States,,,Active
006Q800000RLnB4,1005121,United States,,,Active
006Q800000RLnNx,1005121,United States,,,Active
006Q800000RLnXd,1005121,United States,,,Active
006Q800000RLnuD,1005121,United States,,,Active
006Q800000RLoGn,1005121,United States,,,Active
006Q800000RLof0,1004028,Canada,,,Active
006Q800000RLq8w,1005393,United States,,,Active
006Q800000RLrY2,1004867,United States,,,Active
006Q800000RLsCL,1008032,United States,Change of Circumstances,,Active
006Q800000RLtmk,1004535,United States,,,Not a Member
006Q800000RLuSg,1005067,United States,,,Active
006Q800000RLwHZ,,United States,,,Not a Member
006Q800000RLwiz,1004867,United States,,,Active
006Q800000RLxNJ,1004694,United States,,,Active
006Q800000ROIqf,1002490,New Zealand,Pricing,,Not a Member
006Q800000RONDd,1002798,Australia,No Decision,,Not a Member
006Q800000ROQt3,1008471,Australia,,,Not a Member
006Q800000RP0jd,1003379,Australia,Pricing,,Active
006Q800000RPCPq,1003439,Australia,,,Active
006Q800000RPEjN,1000572,New Zealand,No Decision,,Active
006Q800000RPM7R,1006135,Australia,Other (Add detail to Other Closed Lost Reason),,Not a Member
006Q800000RQCKX,1004294,Australia,,,Pending
006Q800000RRa9V,1003209,EMEA,,,Active
006Q800000RRvcE,1007456,United States,,,Active
006Q800000RRyIH,1008127,EMEA,,,Not a Member
006Q800000RRzCj,,United States,,,Not a Member
006Q800000RS0aE,,United States,,,Active
006Q800000RS1Xt,1007456,United States,,,Active
006Q800000RS4SX,1005067,United States,,,Active
006Q800000RS5Ev,,United States,,,Not a Member
006Q800000RS7v3,1008740,United States,,,Not a Member
006Q800000RS8Sv,1007250,United States,,,Active
006Q800000RS8j3,1005742,United States,,,Not a Member
006Q800000RS9on,1007456,United States,,,Active
006Q800000RSABN,1007708,Canada,,,Not a Member
006Q800000RSBAf,1008740,United States,,,Not a Member
006Q800000RSBgv,1005177,United States,No Decision,,Not a Member
006Q800000RSC1t,1006480,Canada,Pricing,,Not a Member
006Q800000RSCMr,1004676,United States,,,Active
006Q800000RSCeb,1005177,United States,No Decision,,Not a Member
006Q800000RSCgD,1006593,United States,,,Active
006Q800000RSEuv,1003908,Canada,,,Not a Member
006Q800000RSRSL,1008031,United States,,,Not a Member
006Q800000RSyjF,1005770,New Zealand,Change of Circumstances,,Not a Member
006Q800000RSzyh,1000864,New Zealand,Change of Circumstances,,Active
006Q800000RT9l7,1005121,United States,,,Active
006Q800000RTDjt,1007153,New Zealand,No Decision,,Not a Member
006Q800000RTPWY,1000858,New Zealand,Competition,,Active
006Q800000RUFRt,1002812,Australia,,,Active
006Q800000RUTQ1,1002778,Australia,,,Active
006Q800000RVwHt,1008127,EMEA,,,Not a Member
006Q800000RW0uz,1003209,EMEA,,,Active
006Q800000RW5WU,1005020,United States,,,Active
006Q800000RW93p,1005186,United States,,,Active
006Q800000RWCOH,1007250,United States,,,Active
006Q800000RWCxl,,United States,,,Not a Member
006Q800000RWDDt,1006257,United States,,,Not a Member
006Q800000RWDx3,1004715,United States,,,Pending
006Q800000RWZW9,1000559,New Zealand,,,Active
006Q800000RWghJ,1005770,New Zealand,Competition,,Not a Member
006Q800000RXAHB,,Australia,,,Active
006Q800000RXE33,1000858,New Zealand,Competition,,Active
006Q800000RXmfp,1002969,Australia,,,Active
006Q800000RZHjB,1003209,EMEA,,,Active
006Q800000RZePf,1005596,United States,,,Active
006Q800000RZh7P,1008297,Canada,,,Not a Member
006Q800000RZprJ,1004535,United States,,,Not a Member
006Q800000RZvNF,1008297,Canada,,,Not a Member
006Q800000RZvTh,1005392,United States,,,Active
006Q800000RZy8Z,1000559,New Zealand,Competition,,Active
006Q800000Ra20h,1000559,New Zealand,Unresponsive Contacts,,Active
006Q800000RbRXy,1000855,New Zealand,Other (Add detail to Other Closed Lost Reason),Was just looking at pricing compared to TSEC,Not a Member
006Q800000Rcg58,1000938,Asia Pacific,,,Not a Member
006Q800000RdijB,1003209,EMEA,Other (Add detail to Other Closed Lost Reason),,Active
006Q800000Rdm8T,1004804,United States,,,Active
006Q800000RdoJx,1004035,Canada,,,Active
006Q800000Rdsc5,,Canada,,,Not a Member
006Q800000Re2A1,1007522,Canada,,,Not a Member
006Q800000Re39J,1007522,Canada,,,Not a Member
006Q800000Re3MD,1007522,Canada,,,Not a Member
006Q800000Re5UT,1007522,Canada,,,Not a Member
006Q800000Re6or,1000858,New Zealand,Other (Add detail to Other Closed Lost Reason),#): customer decided not to upgrade system,Active
006Q800000ReIWY,1007777,Canada,Change of Circumstances,,Not a Member
006Q800000ReMtV,1007777,Canada,,,Not a Member
006Q800000ReeX3,,Canada,,,Not a Member
006Q800000RhenR,1003209,EMEA,,,Active
006Q800000Rhrnu,1007642,Canada,,,Not a Member
006Q800000Rhtph,1003865,Canada,,,Active
006Q800000RhyPb,1007762,Canada,,,Active
006Q800000Rhzez,1007762,Canada,,,Active
006Q800000Rikcg,,EMEA,Other (Add detail to Other Closed Lost Reason),,Not a Member
006Q800000RioET,,EMEA,Other (Add detail to Other Closed Lost Reason),,Not a Member
006Q800000Rkk0H,1006190,Asia Pacific,,,Not a Member
006Q800000Rl7bB,1007160,Asia Pacific,,,Not a Member
006Q800000Rn58f,1007410,Asia Pacific,Change of Circumstances,,Not a Member
006Q800000Ro9YP,1003428,EMEA,,,Active
006Q800000RoFif,1008032,United States,,,Active
006Q800000RoH9Q,1004715,United States,,,Pending
006Q800000RoKAU,1005163,United States,,,Active
006Q800000Rob01,1003865,Canada,,,Active
006Q800000RpmJB,1006537,New Zealand,,,Not a Member
006Q800000Rpxxl,1000447,Asia Pacific,,,Active
006Q800000Rr6vm,1007508,Asia Pacific,,,Not a Member
006Q800000Rrt0R,1005257,United States,,,Active
006Q800000RrvIM,1007160,Asia Pacific,,,Not a Member
006Q800000RrvS4,1003198,Australia,No Decision,,Active
006Q800000RsEZV,1008451,Canada,,,Not a Member
006Q800000RsEuT,1005273,United States,,,Active
006Q800000RsJFp,1007777,Canada,,,Not a Member
006Q800000RsKTd,1003884,Canada,,,Active
006Q800000RsLKr,1008359,United States,,,Not a Member
006Q800000RsLhR,1005066,United States,,,Active
006Q800000RsNjF,1003884,Canada,,,Active
006Q800000RsPJe,1004944,United States,Change of Circumstances,,Pending
006Q800000RsQ1B,1003997,Canada,,,Not a Member
006Q800000RsRQI,1004968,United States,,,Active
006Q800000RsSFt,1005293,United States,,,Active
006Q800000RsUXp,1004944,United States,Change of Circumstances,,Pending
006Q800000Rstb4,1008508,New Zealand,Unresponsive Contacts,,Not a Member
006Q800000Rt1gh,1005273,United States,,,Active
006Q800000Rvw9N,1004944,United States,Change of Circumstances,,Pending
006Q800000Rw3M9,1008160,United States,,,Active
006Q800000Rw3qn,1006816,Canada,,,Active
006Q800000Rw4AB,1007281,United States,,,Active
006Q800000RwTDN,1008031,United States,,,Not a Member
006Q800000RwUxR,1004520,United States,,,Active
006Q800000RwYeU,1003543,Australia,No Decision,,Active
006Q800000RxHWj,,Australia,,,Active
006Q800000RyFz7,1006144,Australia,,,Active
006Q800000RzmmY,1004850,United States,,,Active
006Q800000Rzmpl,1005121,United States,,,Active
006Q800000RzyxN,1006058,United States,,,Active
006Q800000RzzDV,1005167,United States,,,Active
006Q800000RzztS,1006085,United States,,,Active
006Q800000S00UX,1004764,United States,,,Active
006Q800000S03Lx,,New Zealand,Pricing,,Not a Member
006Q800000S06lG,1002971,Australia,No Decision,,Active
006Q800000S0ovy,1002971,Australia,,,Active
006Q800000S0pX3,1002979,Australia,No Decision,,Active
006Q800000S1AtG,1003016,Australia,No Decision,,Not a Member
006Q800000S1GVj,1007820,Australia,,,Not a Member
006Q800000S1Lv7,1003446,Australia,,,Not a Member
006Q800000S3B8T,1004021,Canada,,,Active
006Q800000S3GjG,1005776,United States,,,Active
006Q800000S3KtJ,1003987,Canada,Other (Add detail to Other Closed Lost Reason),,Active
006Q800000S3LHV,1004790,United States,,,Not a Member
006Q800000S3OQf,,Canada,,,Not a Member
006Q800000S3UO1,1005068,United States,,,Not a Member
006Q800000S3VQX,,United States,,,Not a Member
006Q800000S5qnR,1006020,Australia,,,Active
006Q800000S5tQL,,EMEA,,,Not a Member
006Q800000S6SpV,1002969,Australia,,,Active
006Q800000S76Bs,1000668,New Zealand,Unresponsive Contacts,,Not a Member
006Q800000S7BBV,1007401,Australia,,,Not a Member
006Q800000S8Cjp,1003384,Australia,No Decision,,Active
006Q800000S8Yu1,1003176,Australia,Other (Add detail to Other Closed Lost Reason),System revised - updated quote created.,Active
006Q800000S8s1V,1001021,New Zealand,Competition,,Active
006Q800000S9Grq,,Canada,,,Not a Member
006Q800000S9J4v,1008492,Canada,Unresponsive Contacts,,Not a Member
006Q800000S9OZF,1003209,EMEA,,,Active
006Q800000S9WIH,1005163,United States,,,Active
006Q800000S9g4j,1008387,United States,Unresponsive Contacts,,Not a Member
006Q800000SCPov,1007508,Asia Pacific,,,Not a Member
006Q800000SCj4T,1003209,EMEA,,,Active
006Q800000SCjUI,1006997,United States,,,Not a Member
006Q800000SCt3p,1004670,United States,,,Active
006Q800000SCwUj,,United States,,,Active
006Q800000SD0IE,1004778,United States,No Decision,,Active
006Q800000SD7Rl,,Canada,,,Not a Member
006Q800000SD7YD,,Canada,,,Not a Member
006Q800000SD9a2,1003906,Canada,,,Active
006Q800000SDB3x,1003987,Canada,Competition,,Active
006Q800000SDBC1,1004938,United States,Change of Circumstances,,Not a Member
006Q800000SDKbt,1007513,Canada,,,Not a Member
006Q800000SGfwk,1003864,Canada,Unresponsive Contacts,,Not a Member
006Q800000SGimX,1007920,Canada,,,Not a Member
006Q800000SGwXl,1004702,United States,,,Not a Member
006Q800000SGx2P,1004702,United States,,,Not a Member
006Q800000SGzQo,1007197,United States,Change of Circumstances,,Active
006Q800000SH8Aj,1004973,United States,,,Active
006Q800000SHza1,1000678,New Zealand,,,Not a Member
006Q800000SIrtl,1000646,Asia Pacific,,,Pending
006Q800000SKPv0,1006850,Canada,Competition,,Active
006Q800000SKWlB,1006850,Canada,,,Active
006Q800000SKXm7,,United States,,,Not a Member
006Q800000SKYzt,1006246,Canada,,,Active
006Q800000SKdMr,1007243,Canada,Change of Circumstances,,Active
006Q800000SKiO9,1000750,New Zealand,No Decision,,Active
006Q800000SL04v,1003503,Australia,,,Active
006Q800000SLZyj,1007473,Australia,No Decision,,Not a Member
006Q800000SLb9J,1007410,Asia Pacific,,,Not a Member
006Q800000SLdkd,1003675,Asia Pacific,,,Active
006Q800000SLqI1,1003256,Australia,No Decision,,Not a Member
006Q800000SNZWP,1004676,United States,,,Active
006Q800000SNihl,1004029,Canada,,,Pending
006Q800000SNjxC,1005293,United States,,,Active
006Q800000SNlR8,1004867,United States,,,Active
006Q800000SNlir,1003884,Canada,,,Active
006Q800000SNncb,1005537,United States,,,Not a Member
006Q800000SNpcn,1004867,United States,,,Active
006Q800000SNpsv,1005293,United States,,,Active
006Q800000SNtbZ,1004807,United States,,,Active
006Q800000SRV61,1007223,Asia Pacific,,,Not a Member
006Q800000SSAqj,1003198,Australia,,,Active
006Q800000SSEuL,,Asia Pacific,,,Not a Member
006Q800000SSXLt,1003209,EMEA,,,Active
006Q800000SSXP8,1003209,EMEA,,,Active
006Q800000SSw7N,1008614,Canada,,,Pending
006Q800000ST1AH,1004804,United States,,,Active
006Q800000STCaL,1006131,United States,,,Pending
006Q800000STDxp,1006055,United States,No Decision,,Active
006Q800000STEM1,1005184,United States,,,Not a Member
006Q800000STEVh,1007250,United States,,,Active
006Q800000STFQ9,1004520,United States,,,Active
006Q800000STIvt,,United States,,,Not a Member
006Q800000STNQv,1003038,Australia,Change of Circumstances,,Active
006Q800000STNql,1007677,Canada,Unresponsive Contacts,,Not a Member
006Q800000STSqP,1007677,Canada,Pricing,,Not a Member
006Q800000STpzt,1002979,Australia,No Decision,,Active
006Q800000SU9SM,1006470,United States,,,Active
006Q800000SUaQv,1000447,Asia Pacific,,,Active
006Q800000SVMP7,,Australia,,,Active
006Q800000SVvrV,1003198,Australia,Competition,,Active
006Q800000SXKZJ,1003503,Australia,,,Active
006Q800000SXY62,,Canada,,,Not a Member
006Q800000SXl1d,1004715,United States,,,Pending
006Q800000SXmtl,1005293,United States,,,Active
006Q800000SXp3d,1008503,United States,,,Not a Member
006Q800000SXt7F,1007336,Canada,,,Not a Member
006Q800000SXyGb,1004788,United States,No Decision,,Not a Member
006Q800000SY0QU,1005529,United States,,,Pending
006Q800000SYG3p,1007646,United States,,,Active
006Q800000SYIFJ,,United States,,,Active
006Q800000SYJT7,,United States,,,Active
006Q800000SYYC1,1000933,New Zealand,Pricing,,Not a Member
006Q800000SYdLN,1008508,New Zealand,Unresponsive Contacts,,Not a Member
006Q800000SZPwH,1000944,New Zealand,Competition,,Not a Member
006Q800000SZr4a,1008530,Australia,Change of Circumstances,,Not a Member
006Q800000ScBK5,1003864,Canada,,,Not a Member
006Q800000ScOu1,1005742,United States,,,Not a Member
006Q800000SccP8,1003209,EMEA,,,Active
006Q800000Scd0D,1006480,Canada,,,Not a Member
006Q800000Scelu,1004619,United States,,,Active
006Q800000ScgkT,1007777,Canada,,,Not a Member
006Q800000Scq2K,1002801,Australia,Pricing,,Not a Member
006Q800000SdVYT,1003198,Australia,,,Active
006Q800000Sdjef,1006350,Australia,,,Not a Member
006Q800000SeOTK,1002798,Australia,No Decision,,Not a Member
006Q800000SfM4V,1003572,EMEA,,,Not a Member
006Q800000SfkbR,1003121,Australia,,,Active
006Q800000SfmWn,1007778,Asia Pacific,,,Not a Member
006Q800000Sh62z,1004965,United States,,,Not a Member
006Q800000Sh6NV,1008297,Canada,,,Not a Member
006Q800000Sh82D,1005068,United States,,,Not a Member
006Q800000Sh8qv,1004714,United States,,,Not a Member
006Q800000ShK0I,1005273,United States,,,Active
006Q800000ShKa9,1000952,Canada,,,Active
006Q800000ShKwr,1008032,United States,,,Active
006Q800000ShRw6,1004867,United States,,,Active
006Q800000ShThl,1004701,United States,,,Active
006Q800000ShUab,1004867,United States,,,Active
006Q800000ShW4Y,1006480,Canada,Competition,,Not a Member
006Q800000ShWAz,1007777,Canada,,,Not a Member
006Q800000ShYW9,1005176,United States,,,Not a Member
006Q800000Shag1,1000859,New Zealand,,,Not a Member
006Q800000SlrtZ,1005293,United States,,,Active
006Q800000SlsWH,1008104,United States,,,Not a Member
006Q800000SmFcX,1008517,United States,Unresponsive Contacts,,Not a Member
006Q800000SowFD,1000858,New Zealand,Unresponsive Contacts,,Active
006Q800000SqkLB,1003503,Australia,,,Active
006Q800000SrCHT,1003280,Australia,Competition,,Not a Member
006Q800000SrFOz,1003022,Australia,,,Not a Member
006Q800000Ss7Sq,1007410,Asia Pacific,,,Not a Member
006Q800000St41F,1003209,EMEA,,,Active
006Q800000StFcb,1003209,EMEA,,,Active
006Q800000StIIj,1007101,Canada,No Decision,,Active
006Q800000StMiv,1005298,United States,,,Active
006Q800000StRPF,1007306,United States,No Decision,,Active
006Q800000StUa1,1000874,OEM,,,Not a Member
006Q800000StVfm,1004694,United States,,,Active
006Q800000StVnp,1007443,Canada,,,Active
006Q800000StWiH,1004682,United States,,,Pending
006Q800000StXcj,,Canada,,,Not a Member
006Q800000StXkn,,Canada,,,Not a Member
006Q800000StY5l,,Canada,,,Not a Member
006Q800000StYKH,,Canada,,,Not a Member
006Q800000StYNW,1008496,Canada,Competition,,Not a Member
006Q800000StZY5,,Canada,,,Not a Member
006Q800000Sta4L,1004039,Canada,,,Active
006Q800000Std8f,1003885,Canada,,,Active
006Q800000Stg6X,1008496,Canada,Competition,,Not a Member
006Q800000Stgph,1008461,Canada,,,Active
006Q800000SthSP,1008296,Canada,,,Not a Member
006Q800000StkTV,1008292,Australia,,,Not a Member
006Q800000Su7bN,1002865,Australia,,,Active
006Q800000SuvBa,1000580,New Zealand,Unresponsive Contacts,,Active
006Q800000Sxihd,1008496,Canada,Competition,,Not a Member
006Q800000SxpRN,1003884,Canada,,,Active
006Q800000Sxtl7,1004552,United States,No Decision,,Not a Member
006Q800000Sxw9V,,United States,No Decision,,Not a Member
006Q800000Sy20Q,1005572,United States,,,Not a Member
006Q800000Sy2tF,1005163,United States,,,Active
006Q800000SyCFt,1004768,United States,,,Active
006Q800000SyFVW,1004867,United States,,,Active
006Q800000SyFld,1000851,New Zealand,,,Not a Member
006Q800000SyNWH,1007250,United States,,,Active
006Q800000Syzi1,1002816,Australia,,,Active
006Q800000SzqrC,1008293,Australia,Other (Add detail to Other Closed Lost Reason),,Not a Member
006Q800000T1vEr,1003266,Australia,,,Active
006Q800000T2EUQ,1006593,United States,,,Active
006Q800000T2IY2,1006271,United States,,,Active
006Q800000T2VlN,1005163,United States,,,Active
006Q800000T2Waz,1008507,United States,,,Active
006Q800000T2Y9l,1008119,United States,No Decision,,Active
006Q800000T2Zx3,1005451,United States,,,Not a Member
006Q800000T2bvd,1004715,United States,,,Pending
006Q800000T2eTh,1005121,United States,,,Active
006Q800000T3AAD,1005272,United States,,,Active
006Q800000T4Y7F,1002786,Australia,Change of Circumstances,,Not a Member
006Q800000T4mi5,1002812,Australia,,,Active
006Q800000T4qp9,1003198,Australia,No Decision,,Active
006Q800000T7D34,1005287,United States,,,Active
006Q800000T7DzH,1004772,United States,,,Active
006Q800000T7FUg,,United States,,,Not a Member
006Q800000T7GP7,1003906,Canada,Pricing,,Active
006Q800000T7IxD,1004796,United States,,,Active
006Q800000T7KFp,1003879,Canada,,,Active
006Q800000T7MzB,1005742,United States,,,Not a Member
006Q800000T7Quj,1005920,Canada,,,Not a Member
006Q800000T7R2o,1004588,United States,,,Not a Member
006Q800000T7a9J,1005111,United States,,,Not a Member
006Q800000T828n,1003176,Australia,Competition,,Active
006Q800000T8zC6,1000580,New Zealand,Other (Add detail to Other Closed Lost Reason),,Active
006Q800000T9m7z,1008494,Australia,Unresponsive Contacts,,Not a Member
006Q800000TAR7v,1008127,EMEA,,,Not a Member
006Q800000TBz5t,1008506,United States,Other (Add detail to Other Closed Lost Reason),Repriced and sold through Convergint,Not a Member
006Q800000TC3av,1004867,United States,,,Active
006Q800000TC7jO,1008504,United States,,,Not a Member
006Q800000TF4ll,1003562,New Zealand,,,Active
006Q800000TFBTx,1003210,Australia,No Decision,,Not a Member
006Q800000TFPIM,1002865,Australia,,,Active
006Q800000TG3Z7,1003368,Australia,,,Not a Member
006Q800000TGV3x,1007145,Australia,Change of Circumstances,,Not a Member
006Q800000TJ9tT,1005350,United States,,,Active
006Q800000TJG5D,1003209,EMEA,,,Active
006Q800000TJNUs,1007939,EMEA,,,Not a Member
006Q800000TJQcP,1003090,EMEA,Change of Circumstances,,Active
006Q800000TJYri,1005589,United States,Other (Add detail to Other Closed Lost Reason),"Won, but purchased through APD",Active
006Q800000TJcqT,1005589,United States,Other (Add detail to Other Closed Lost Reason),"Won, but purchased through APD",Active
006Q800000TLNXZ,1002816,Australia,,,Active
006Q800000TLPKT,1006537,New Zealand,,,Not a Member
006Q800000TLY1B,1003255,Australia,Competition,,Active
006Q800000TLYKX,1003255,Australia,Competition,,Active
006Q800000TO7vh,1008463,Australia,Pricing,,Not a Member
006Q800000TONfV,1007443,Canada,,,Active
006Q800000TOY7t,1000656,New Zealand,,,Active
006Q800000TObSL,1002700,Australia,,,Active
006Q800000TPgL7,1002729,Australia,No Decision,,Not a Member
006Q800000TPnBK,1000575,New Zealand,Change of Circumstances,,Not a Member
006Q800000TQgKf,1006566,Australia,,,Not a Member
006Q800000TSjPh,1004391,Canada,Unresponsive Contacts,,Not a Member
006Q800000TSl6X,1004867,United States,,,Active
006Q800000TSrYX,1007433,United States,,,Not a Member
006Q800000TSsso,1008515,Canada,,,Not a Member
006Q800000TT38H,1005058,United States,,,Active
006Q800000TT45x,1004698,United States,Change of Circumstances,,Active
006Q800000TT4U9,,United States,Competition,,Not a Member
006Q800000TT55F,1004698,United States,,,Active
006Q800000TT5wT,1008740,United States,,,Not a Member
006Q800000TT6xN,1008294,United States,,,Not a Member
006Q800000TT98w,1006028,United States,,,Pending
006Q800000TTBPB,1008515,Canada,,,Not a Member
006Q800000TTCGP,1004701,United States,,,Active
006Q800000TUxWc,1002812,Australia,No Decision,,Active
006Q800000TWNyU,1008842,Australia,Competition,,Not a Member
006Q800000TWjMH,1008842,Australia,Competition,,Not a Member
006Q800000TXMDz,1003879,Canada,,,Active
006Q800000TXW6s,1003209,EMEA,,,Active
006Q800000TXalZ,1007701,United States,,,Not a Member
006Q800000TXecH,1005367,United States,,,Not a Member
006Q800000TXqC1,1000559,New Zealand,Unresponsive Contacts,Chubb has not heard back from end user,Active
006Q800000TYeOv,1002812,Australia,,,Active
006Q800000TcIRR,1004939,United States,,,Not a Member
006Q800000TcU1B,1005027,United States,,,Active
006Q800000TcWz4,1004760,United States,,,Active
006Q800000TcdsT,1008506,United States,,,Not a Member
006Q800000ThVEL,1005776,United States,,,Active
006Q800000ThY2Y,1007920,Canada,,,Not a Member
006Q800000ThaZ1,1004787,United States,Other (Add detail to Other Closed Lost Reason),,Active
006Q800000Thent,1008496,Canada,,,Not a Member
006Q800000Thf5d,1008531,Canada,Other (Add detail to Other Closed Lost Reason),,Not a Member
006Q800000ThgJR,1008283,Canada,,,Not a Member
006Q800000ThjM9,1000656,New Zealand,Change of Circumstances,,Active
006Q800000Thkn3,1007439,United States,Unresponsive Contacts,,Not a Member
006Q800000Thl9R,1003968,Canada,,,Active
006Q800000Thmgb,1005111,United States,Change of Circumstances,,Not a Member
006Q800000Thp9p,1003892,Canada,,,Active
006Q800000TjGsk,,Australia,Competition,,Not a Member
006Q800000TjP4o,1007512,Australia,No Decision,,Active
006Q800000TjVwb,1006274,Australia,,,Not a Member
006Q800000Tl08j,1005367,United States,,,Not a Member
006Q800000Tl1kj,1004527,United States,,,Active
006Q800000Tl4dl,1004694,United States,,,Active
006Q800000Tl7i5,1004029,Canada,,,Pending
006Q800000Tl8EL,1005273,United States,,,Active
006Q800000TlEI9,1004948,United States,,,Pending
006Q800000Tlhop,1008281,United States,,,Active
006Q800000TljCI,1004763,United States,,,Active
006Q800000TmTBt,1005184,United States,,,Not a Member
006Q800000TmU9Z,1005184,United States,,,Not a Member
006Q800000TmV0n,1003255,Australia,Competition,,Active
006Q800000Tn1ez,1006145,EMEA,Competition,,Not a Member
006Q800000Tn8QL,1006350,Australia,No Decision,,Not a Member
006Q800000TnSaM,1003198,Australia,No Decision,,Active
006Q800000ToKHN,1005920,Canada,,,Not a Member
006Q800000ToKsU,1007777,Canada,,,Not a Member
006Q800000ToNC1,1005920,Canada,,,Not a Member
006Q800000ToZhr,1003445,Australia,,,Not a Member
006Q800000Tog0A,1000571,New Zealand,No Decision,,Not a Member
006Q800000Tolfs,1005163,United States,,,Active
006Q800000Too2h,1004716,United States,,,Active
006Q800000Tp1UP,1005161,United States,,,Active
006Q800000TpFPJ,1001006,New Zealand,Competition,,Active
006Q800000Tq5qv,1006144,Australia,,,Active
006Q800000TqjjW,,EMEA,Competition,,Not a Member
006Q800000TsO9V,1004391,Canada,Unresponsive Contacts,,Not a Member
006Q800000Tukc9,1006593,United States,,,Active
006Q800000Tv0gv,1007777,Canada,,,Not a Member
006Q800000Tv5yL,1005058,United States,,,Active
006Q800000TvU2J,1007591,Asia Pacific,,,Not a Member
006Q800000Tw0zq,1002861,Australia,Change of Circumstances,New Quotation Done October receiving P/o early November.,Pending
006Q800000Tw2jx,1000666,New Zealand,Change of Circumstances,,Pending
006Q800000TwiUb,1002979,Australia,Unresponsive Contacts,,Active
006Q800000Tx1PB,1001035,Asia Pacific,,,Not a Member
006Q800000TxU7p,1007101,Canada,Change of Circumstances,,Active
006Q800000Txb9J,1008381,Canada,,,Not a Member
006Q800000Txbin,1005367,United States,,,Not a Member
006Q800000Txf3F,1003893,Canada,,,Not a Member
006Q800000Ty8YH,1004698,United States,,,Active
006Q800000U0esD,1007778,Asia Pacific,,,Not a Member
006Q800000U3r9m,1003088,Australia,Competition,,Active
006Q800000U6Fr8,1008550,EMEA,,,Not a Member
006Q800000U6Tvr,1005058,United States,Other (Add detail to Other Closed Lost Reason),,Active
006Q800000U6UP3,1007939,EMEA,,,Not a Member
006Q800000U6Ua2,1004685,United States,Change of Circumstances,,Not a Member
006Q800000U6VKo,1006587,United States,,,Active
006Q800000U6Xfz,1003892,Canada,,,Active
006Q800000U6Y5m,1003892,Canada,,,Active
006Q800000U6YTx,1007777,Canada,,,Not a Member
006Q800000U6by5,1007281,United States,,,Active
006Q800000U6dJy,1004527,United States,,,Active
006Q800000U6kBl,1006510,Canada,,,Not a Member
006Q800000U7Fgz,1000952,Canada,,,Active
006Q800000U7fQ9,1007917,Australia,,,Not a Member
006Q800000U8xb7,1007354,New Zealand,,,Active
006Q800000U90XO,1003267,Australia,No Decision,,Not a Member
006Q800000UAyG9,1007488,Australia,,,Not a Member
006Q800000UBdj9,1005882,EMEA,Change of Circumstances,,Not a Member
006Q800000UBkFx,1007920,Canada,Competition,,Not a Member
006Q800000UC2E7,1003892,Canada,,,Active
006Q800000UC9B7,1008706,United States,,,Not a Member
006Q800000UC9eA,1003892,Canada,,,Active
006Q800000UCAbq,1000575,New Zealand,Competition,,Not a Member
006Q800000UCAwo,1005367,United States,,,Not a Member
006Q800000UCEQv,1002331,New Zealand,,,Not a Member
006Q800000UClY9,1007456,United States,,,Active
006Q800000UDAJe,1008105,Australia,,,Active
006Q800000UDCq5,,Australia,No Decision,,Not a Member
006Q800000UFl2A,1003209,EMEA,,,Active
006Q800000UFyKL,1000638,New Zealand,,,Not a Member
006Q800000UH0ry,1003176,Australia,No Decision,,Active
006Q800000UHHJJ,1007778,Asia Pacific,,,Not a Member
006Q800000UHL1x,1004715,United States,,,Pending
006Q800000UHLOg,1005688,United States,,,Not a Member
006Q800000UHVZC,1005392,United States,,,Active
006Q800000UHyxl,1005027,United States,,,Active
006Q800000UJVDJ,,New Zealand,No Decision,,Not a Member
006Q800000ULQUV,1000956,Asia Pacific,,,Not a Member
006Q800000UMbKb,1003968,Canada,,,Active
006Q800000UMd6I,,Canada,,,Not a Member
006Q800000UMk9N,1005452,United States,,,Pending
006Q800000UMl73,1008560,United States,,,Not a Member
006Q800000UMozO,1005163,United States,,,Active
006Q800000UMqjS,1000952,Canada,,,Active
006Q800000UOfgg,1006501,Asia Pacific,,,Not a Member
006Q800000UPOvV,1003372,Australia,,,Pending
006Q800000UQ1Ll,1007512,Australia,,,Active
006Q800000URg3V,1007101,Canada,,,Active
006Q800000URlSz,1007101,Canada,,,Active
006Q800000URpYD,1004694,United States,,,Active
006Q800000URvvN,1007778,Asia Pacific,,,Not a Member
006Q800000URwUr,1007777,Canada,,,Not a Member
006Q800000URx18,1008783,Canada,,,Not a Member
006Q800000URxIr,1007777,Canada,,,Not a Member
006Q800000URylB,1004964,United States,Other (Add detail to Other Closed Lost Reason),,Active
006Q800000USH9V,,Canada,,,Not a Member
006Q800000UStwL,1005164,United States,Pricing,,Active
006Q800000UWVNZ,1003864,Canada,,,Not a Member
006Q800000UWaVK,1000534,Asia Pacific,,,Not a Member
006Q800000UWb4n,1003885,Canada,,,Active
006Q800000UXaBV,1006064,Australia,,,Pending
006Q800000UXaY5,1008508,New Zealand,Unresponsive Contacts,,Not a Member
006Q800000UYwwL,1000479,New Zealand,Change of Circumstances,,Not a Member
006Q800000UZCEj,1003128,Australia,,,Not a Member
006Q800000UZaCD,1003094,Australia,,,Not a Member
006Q800000UaOgr,1007512,Australia,,,Active
006Q800000UaYxx,1008651,Australia,Change of Circumstances,,Not a Member
006Q800000Ucbzm,1006271,United States,,,Active
006Q800000UcsXZ,1006091,Canada,,,Active
006Q800000Uct0b,1007642,Canada,,,Not a Member
006Q800000Ui18n,1007101,Canada,,,Active
006Q800000UiIRN,1008319,Australia,Pricing,,Not a Member
006Q800000UiRpd,1004807,United States,,,Active
006Q800000UiTmb,1003209,EMEA,,,Active
006Q800000UiUtx,,United States,,,Not a Member
006Q800000UiaY0,1005114,United States,,,Not a Member
006Q800000UidIv,1005176,United States,,,Not a Member
006Q800000UimNq,1007272,Canada,No Decision,,Not a Member
006Q800000UkzGv,1007811,Asia Pacific,,,Not a Member
006Q800000UmmYv,1006877,Asia Pacific,,,Not a Member
006Q800000UpJyc,1003885,Canada,,,Active
006Q800000UpUFm,1004802,United States,,,Active
006Q800000UpWSn,1007456,United States,,,Active
006Q800000UpWr2,1003022,Australia,,,Not a Member
006Q800000Upd66,1004525,United States,,,Active
006Q800000Upeuz,1008561,United States,,,Not a Member
006Q800000Upilh,1007777,Canada,,,Not a Member
006Q800000UqPp3,1000670,Canada,,,Active
006Q800000Uv51j,1008291,Canada,,,Not a Member
006Q800000Uv7pt,1005776,United States,,,Active
006Q800000UvCft,1004710,United States,,,Active
006Q800000UvGzd,1005776,United States,,,Active
006Q800000UvGzf,,United States,,,Not a Member
006Q800000UvJHa,1005272,United States,,,Active
006Q800000UvRmz,1005293,United States,,,Active
006Q800000UvSHd,1004588,United States,No Decision,,Not a Member
006Q800000UvYN4,1005365,United States,,,Not a Member
006Q800000UvbKv,1008605,United States,,,Not a Member
006Q800000UveXJ,1005848,United States,,,Active
006Q800000UxNCD,1000755,New Zealand,,,Not a Member
006Q800000V0Y4g,1003209,EMEA,,,Active
006Q800000V0wLZ,1004973,United States,,,Active
006Q800000V0zuU,1007101,Canada,,,Active
006Q800000V11BW,1008291,Canada,,,Not a Member
006Q800000V11Ja,1008291,Canada,,,Not a Member
006Q800000V13Zt,1008291,Canada,,,Not a Member
006Q800000V1DcT,1007701,United States,,,Not a Member
006Q800000V1Me9,1005163,United States,,,Active
006Q800000V1NLh,1004524,United States,,,Active
006Q800000V9YlO,1000559,New Zealand,,,Active
006Q800000VAN37,1000475,New Zealand,Change of Circumstances,,Active
006Q800000VAkvl,1007778,Asia Pacific,,,Not a Member
006Q800000VB10X,1007961,Australia,,,Not a Member
006Q800000VBCGv,1008195,Australia,,,Not a Member
006Q800000VBTRT,1008283,Canada,,,Not a Member
006Q800000VBguv,1008283,Canada,,,Not a Member
006Q800000VFETq,1002490,New Zealand,Unresponsive Contacts,,Not a Member
006Q800000VHGJS,1006064,Australia,,,Pending
006Q800000VHHSQ,1002811,Australia,,,Active
006Q800000VHdnt,1007553,Australia,Change of Circumstances,,Not a Member
006Q800000VKXfX,,United States,No Decision,,Not a Member
006Q800000VKe13,,United States,,,Active
006Q800000VKe4H,1005257,United States,,,Active
006Q800000VKjju,1008281,United States,,,Active
006Q800000VKltl,1005367,United States,Other (Add detail to Other Closed Lost Reason),,Not a Member
006Q800000VLU1G,,New Zealand,Other (Add detail to Other Closed Lost Reason),,Not a Member
006Q800000VLzGL,1001035,Asia Pacific,,,Not a Member
006Q800000VMu4v,1004318,Australia,,,Active
006Q800000VOAFi,1002689,Australia,Pricing,,Active
006Q800000VPnQH,1003209,EMEA,,,Active
006Q800000VPpiD,1008614,Canada,,,Pending
006Q800000VPsmX,1004807,United States,,,Active
006Q800000VPxXo,1004879,United States,,,Active
006Q800000VQ7aH,1004807,United States,,,Active
006Q800000VQGP3,,EMEA,Competition,,Not a Member
006Q800000VQKR9,1008405,Canada,Other (Add detail to Other Closed Lost Reason),Won by Hanatech with ICT,Not a Member
006Q800000VQMfo,1004688,United States,,,Active
006Q800000VQnXv,1008405,Canada,Other (Add detail to Other Closed Lost Reason),Won by Hanatech with ICT,Not a Member
006Q800000VR00U,1002801,Australia,,,Not a Member
006Q800000VRRiE,1005184,United States,Unresponsive Contacts,,Not a Member
006Q800000VRTQf,1008359,United States,Unresponsive Contacts,,Not a Member
006Q800000VRVp3,1005184,United States,,,Not a Member
006Q800000VUD62,1005853,Australia,,,Not a Member
006Q800000VVdXu,1008639,EMEA,,,Not a Member
006Q800000VVnfJ,1004715,United States,,,Pending
006Q800000VW4BV,1005165,United States,,,Active
006Q800000VW4TF,1008576,United States,,,Not a Member
006Q800000VW4zW,1006193,United States,,,Not a Member
006Q800000VW6Bh,1004688,United States,,,Active
006Q800000VW6Rp,1004688,United States,,,Active
006Q800000VW6d8,1004688,United States,,,Active
006Q800000VWCSP,1004766,United States,,,Not a Member
006Q800000VWIKv,1003209,EMEA,,,Active
006Q800000VWQdS,1006850,Canada,,,Active
006Q800000VWSwB,1004973,United States,,,Active
006Q800000VWVeP,1008503,United States,,,Not a Member
006Q800000VWVjt,1004973,United States,,,Active
006Q800000VWW2v,1005380,United States,,,Not a Member
006Q800000VWXQZ,1004867,United States,,,Active
006Q800000VWYXt,1008405,Canada,,,Not a Member
006Q800000VbbJh,1003879,Canada,Unresponsive Contacts,,Active
006Q800000Vbcal,1005776,United States,,,Active
006Q800000Vbcin,1007777,Canada,,,Not a Member
006Q800000Vbi1p,,United States,Change of Circumstances,,Not a Member
006Q800000VbnpV,1007250,United States,,,Active
006Q800000Vbxs5,1007197,United States,,,Active
006Q800000Vbyub,1006303,United States,,,Active
006Q800000VcUPp,1006200,United States,,,Not a Member
006Q800000VgGT7,1000447,Asia Pacific,,,Active
006Q800000Vj9Rt,1003384,Australia,,,Active
006Q800000VlnUs,1005776,United States,,,Active
006Q800000Vlqe2,1005776,United States,,,Active
006Q800000Vm19d,1005384,United States,,,Pending
006Q800000Vm1JJ,1005688,United States,,,Not a Member
006Q800000Vm2NS,1003957,Canada,,,Not a Member
006Q800000VmFJ3,,Canada,,,Not a Member
006Q800000VmHM9,1004035,Canada,,,Active
006Q800000VpxLx,1006994,Australia,Competition,,Not a Member
006Q800000VrL4U,1004803,United States,,,Not a Member
006Q800000Vrua5,,United States,,,Not a Member
006Q800000Vrzxy,1003209,EMEA,,,Active
006Q800000Vs0Qz,1004552,United States,,,Not a Member
006Q800000Vs0xZ,1005293,United States,,,Active
006Q800000Vs2yP,1007803,Canada,Other (Add detail to Other Closed Lost Reason),The GX quote for this opportunity is the one the customer is considering.,Not a Member
006Q800000VsEzj,1005272,United States,,,Active
006Q800000VsHil,1007101,Canada,Competition,,Active
006Q800000VsQAA,1004971,United States,,,Pending
006Q800000VsTWD,1007866,United States,,,Not a Member
006Q800000VsqHr,1003288,Australia,,,Active
006Q800000Vsrez,1006396,United States,,,Active
006Q800000VuK2D,1007961,Australia,,,Not a Member
006Q800000VudJP,1007693,Asia Pacific,,,Not a Member
006Q800000VugfR,1000750,New Zealand,,,Active
006Q800000VuuP3,1000646,Asia Pacific,,,Pending
006Q800000Vvk98,1008530,Australia,Change of Circumstances,,Not a Member
006Q800000VwCWp,,Australia,,,Pending
006Q800000VwTUP,1008430,Australia,,,Not a Member
006Q800000Vx4gr,1004383,EMEA,Change of Circumstances,,Not a Member
006Q800000VxLPx,1006593,United States,,,Active
006Q800000VxO4T,1007131,United States,,,Active
006Q800000VxovJ,,United States,Other (Add detail to Other Closed Lost Reason),"Project lost by this dealer due to bid, but competing dealer won and placed order through Graybar.",Not a Member
006Q800000VxyDH,1007281,United States,,,Active
006Q800000Vy1sD,1005257,United States,,,Active
006Q800000VyUZF,1005167,United States,,,Active
006Q800000VyVv7,1008032,United States,,,Active
006Q800000W0brZ,1008540,Australia,Change of Circumstances,,Not a Member
006Q800000W3PNd,1003971,Canada,,,Active
006Q800000W3XGp,1004938,United States,,,Not a Member
006Q800000W3eCL,1000566,New Zealand,,,Active
006Q800000W3iFx,1004698,United States,,,Active
006Q800000W3iUK,1004698,United States,,,Active
006Q800000W3mNl,1004715,United States,,,Pending
006Q800000W3uoV,1005451,United States,,,Not a Member
006Q800000W3xQv,1008641,United States,Other (Add detail to Other Closed Lost Reason),Project was won but it went through Graybar Distribution in North Dakota,Not a Member
006Q800000W5Owv,1003255,Australia,,,Active
006Q800000W5aoQ,1008633,Australia,,,Not a Member
006Q800000W8xLS,,United States,,,Active
006Q800000W91P4,1008031,United States,,,Not a Member
006Q800000W92RZ,1005171,United States,,,Not a Member
006Q800000W9axu,1005167,United States,,,Active
006Q800000W9bSX,,Canada,,,Not a Member
006Q800000WFN0H,1002979,Australia,Pricing,,Active
006Q800000WGpIg,1000956,Asia Pacific,,,Not a Member
006Q800000WHMPu,1008365,United States,,,Not a Member
006Q800000WHi73,1004867,United States,,,Active
006Q800000WILJh,1004807,United States,,,Active
006Q800000WIlZ7,1001006,New Zealand,,,Active
006Q800000WIwUX,1004705,United States,,,Pending
006Q800000WJ477,1004705,United States,,,Pending
006Q800000WJE01,1004716,United States,Change of Circumstances,,Active
006Q800000WJcTl,1000851,New Zealand,,,Not a Member
006Q800000WJxef,1000780,New Zealand,Other (Add detail to Other Closed Lost Reason),was just after pricing comparison,Active
006Q800000WLuPl,,Australia,,,Not a Member
006Q800000WNcBp,1008280,United States,,,Not a Member
006Q800000WNnJ2,1008119,United States,Change of Circumstances,,Active
006Q800000WNqDz,1007876,United States,,,Not a Member
006Q800000WNxBv,1007876,United States,,,Not a Member
006Q800000WO1Me,1004535,United States,,,Not a Member
006Q800000WO88n,1007197,United States,,,Active
006Q800000WOCC5,1005111,United States,,,Not a Member
006Q800000WOeMt,,United States,,,Not a Member
006Q800000WP7Gn,1008530,Australia,,,Not a Member
006Q800000WPFB7,1003952,Canada,,,Active
006Q800000WQ4wn,1000780,New Zealand,Other (Add detail to Other Closed Lost Reason),Was testing pricing,Active
006Q800000WS64s,1008127,EMEA,,,Not a Member
006Q800000WSY2j,1003209,EMEA,,,Active
006Q800000WSpYD,1006805,EMEA,,,Active
006Q800000WT557,1008294,United States,,,Not a Member
006Q800000WTYYh,1004793,United States,,,Not a Member
006Q800000WUFTp,1000475,New Zealand,Pricing,,Active
006Q800000WWH89,1007223,Asia Pacific,,,Not a Member
006Q800000WXliT,1008800,Australia,Change of Circumstances,,Not a Member
006Q800000WXmMn,1008800,Australia,Change of Circumstances,,Not a Member
006Q800000WYzQ2,1008686,United States,Other (Add detail to Other Closed Lost Reason),,Not a Member
006Q800000WZ2Az,1005032,United States,,,Active
006Q800000WZ3a5,1004546,United States,No Decision,,Not a Member
006Q800000WZ4rb,,United States,,,Not a Member
006Q800000WZ9Zr,1000745,ICT,Other (Add detail to Other Closed Lost Reason),,Pending
006Q800000WZQWz,,United States,,,Not a Member
006Q800000WZVgh,1005367,United States,,,Not a Member
006Q800000Wa0Gn,1000653,New Zealand,Other (Add detail to Other Closed Lost Reason),,Active
006Q800000WaAhZ,1000831,New Zealand,Other (Add detail to Other Closed Lost Reason),,Active
006Q800000WeFp7,1007387,EMEA,Competition,,Not a Member
006Q800000WenJ5,1005260,United States,,,Not a Member
006Q800000WeyZJ,1005742,United States,,,Not a Member
006Q800000WjiiP,1007160,Asia Pacific,,,Not a Member
006Q800000WksSn,1006537,New Zealand,,,Not a Member
006Q800000Wlduj,1000750,New Zealand,,,Active
006Q800000Wlfuv,1000540,New Zealand,,,Not a Member
006Q800000WmNvx,1008651,Australia,,,Not a Member
006Q800000WmcoX,1002778,Australia,,,Active
006Q800000WqLig,1003200,EMEA,No Decision,,Not a Member
006Q800000WqZqT,1000956,Asia Pacific,,,Not a Member
006Q800000Wquuw,,EMEA,Other (Add detail to Other Closed Lost Reason),,Not a Member
006Q800000WqyQf,,EMEA,Other (Add detail to Other Closed Lost Reason),,Not a Member
006Q800000Wr1jW,1004958,United States,,,Not a Member
006Q800000WrC0b,1004763,United States,,,Active
006Q800000WrD3o,1008664,New Zealand,,,Not a Member
006Q800000WrFMf,1004715,United States,,,Pending
006Q800000WrmFN,1000477,New Zealand,,,Active
006Q800000WsKqX,,Australia,,,Not a Member
006Q800000WssYr,1007606,Australia,,,Active
006Q800000Wt2Mv,1000780,New Zealand,,,Active
006Q800000WuosX,1006271,United States,,,Active
006Q800000Wuwmr,1007250,United States,,,Active
006Q800000WvFkf,1006131,United States,,,Pending
006Q800000WvGHF,1004670,United States,,,Active
006Q800000Wvb7g,1004859,United States,,,Not a Member
006Q800000Wvu9V,1004859,United States,,,Not a Member
006Q800000Wvuiz,1004859,United States,,,Not a Member
006Q800000WwPGX,1006950,Australia,Other (Add detail to Other Closed Lost Reason),,Not a Member
006Q800000X1ckz,1004867,United States,,,Active
006Q800000X1lYV,1003971,Canada,,,Active
006Q800000X1t5G,1004925,United States,,,Active
006Q800000X1wW9,1003209,EMEA,,,Active
006Q800000X1wsF,,United States,,,Not a Member
006Q800000X1zlw,1007777,Canada,,,Not a Member
006Q800000X25qX,1008269,Canada,,,Not a Member
006Q800000X2BVp,1005020,United States,,,Active
006Q800000X2rgL,1000653,New Zealand,,,Active
006Q800000X4cGb,1002700,Australia,,,Active
006Q800000X4dHW,1000559,New Zealand,Unresponsive Contacts,,Active
006Q800000X4gYj,1006254,New Zealand,,,Not a Member
006Q800000X8Ykf,1007101,Canada,,,Active
006Q800000X8rPb,,United States,No Decision,,Not a Member
006Q800000X8si6,,Canada,,,Not a Member
006Q800000XBOSD,1000936,New Zealand,,,Active
006Q800000XDm3O,1003209,EMEA,,,Active
006Q800000XDyub,1003209,EMEA,,,Active
006Q800000XEl0r,1008685,EMEA,,,Not a Member
006Q800000XEsgf,1008612,United States,Other (Add detail to Other Closed Lost Reason),Duplicate,Active
006Q800000XEsqL,1008612,United States,,,Active
006Q800000XFE07,1008666,United States,,,Not a Member
006Q800000XFPaz,1007101,Canada,No Decision,,Active
006Q800000XJh6J,1000646,Asia Pacific,,,Pending
006Q800000XKIH7,1007160,Asia Pacific,,,Not a Member
006Q800000XLXEA,1008562,Australia,,,Not a Member
006Q800000XO8sg,1003347,Australia,,,Active
006Q800000XQao1,1005776,United States,,,Active
006Q800000XQehx,1008507,United States,,,Active
006Q800000XQmK5,1006091,Canada,,,Active
006Q800000XR16i,1004710,United States,,,Active
006Q800000XR3fr,1005111,United States,,,Not a Member
006Q800000XR7Yf,1004763,United States,,,Active
006Q800000XRBV1,1005111,United States,Other (Add detail to Other Closed Lost Reason),,Not a Member
006Q800000XRu7x,1005688,United States,,,Not a Member
006Q800000XRzvd,1003347,Australia,,,Active
006Q800000XSDvX,1004939,United States,,,Not a Member
006Q800000XSOHJ,1008292,Australia,Other (Add detail to Other Closed Lost Reason),Course Cancelled Internally,Not a Member
006Q800000XUSzx,1007720,Asia Pacific,Competition,,Not a Member
006Q800000XUUnF,1007720,Asia Pacific,Pricing,,Not a Member
006Q800000XXHVJ,1005920,Canada,,,Not a Member
006Q800000XXOk1,1004936,United States,,,Not a Member
006Q800000XXgHS,,New Zealand,Other (Add detail to Other Closed Lost Reason),,Not a Member
006Q800000XbOLJ,,United States,,,Not a Member
006Q800000XbYe1,1004294,Australia,Other (Add detail to Other Closed Lost Reason),Course Cancelled Internally,Pending
006Q800000XblbF,1002801,Australia,,,Not a Member
006Q800000Xc6cT,1006254,New Zealand,,,Not a Member
006Q800000Xg11X,1000670,Canada,Other (Add detail to Other Closed Lost Reason),Created in error,Active
006Q800000Xg9wj,1008614,Canada,,,Pending
006Q800000XgG3l,,Canada,Change of Circumstances,,Not a Member
006Q800000XgGBp,1000670,Canada,Other (Add detail to Other Closed Lost Reason),Created in error,Active
006Q800000XgU3V,1005293,United States,,,Active
006Q800000XgWFA,1004710,United States,,,Active
006Q800000XggQ5,,Canada,,,Not a Member
006Q800000Xgh3J,1005025,United States,,,Not a Member
006Q800000XgwXo,1007256,United States,,,Active
006Q800000Xh5EM,,Canada,,,Not a Member
006Q800000XhQgz,,Canada,,,Not a Member
006Q800000XhSdx,1008171,United States,,,Active
006Q800000XhZ2j,1002490,New Zealand,No Decision,,Not a Member
006Q800000Xhqd3,1008669,United States,,,Not a Member
006Q800000Xigq9,1000673,New Zealand,Other (Add detail to Other Closed Lost Reason),was looking into a GX upgrade to the Hello Club kit,Not a Member
006Q800000Xk337,1006950,Australia,,,Not a Member
006Q800000XmOLB,1003209,EMEA,,,Active
006Q800000XmltD,1006303,United States,,,Active
006Q800000XmnZh,1005167,United States,,,Active
006Q800000XmszL,1007197,United States,,,Active
006Q800000XmtM5,1005059,United States,,,Not a Member
006Q800000XmwyH,1005032,United States,,,Active
006Q800000Xn439,1007677,Canada,,,Not a Member
006Q800000Xn5U1,1007677,Canada,,,Not a Member
006Q800000XnB8z,1005293,United States,,,Active
006Q800000Xs2I2,,United States,,,Not a Member
006Q800000Xs8VR,1007778,Asia Pacific,,,Not a Member
006Q800000XsNFx,1005046,United States,,,Active
006Q800000XsOiH,1004973,United States,,,Active
006Q800000XsYVF,1007642,Canada,,,Not a Member
006Q800000XsdLX,1004780,United States,,,Active
006Q800000XssJv,1008730,Canada,,,Not a Member
006Q800000XsxUj,1003952,Canada,,,Active
006Q800000XtUFO,1004691,United States,,,Pending
006Q800000Xxu5R,1002778,Australia,,,Active
006Q800000Xz782,1003267,Australia,,,Not a Member
006Q800000XzqLF,1003441,Australia,,,Not a Member
006Q800000Y3qGD,,Canada,Competition,,Not a Member
006Q800000Y49XX,1008669,United States,,,Not a Member
006Q800000Y4HSC,1007424,United States,,,Not a Member
006Q800000Y4KF5,1008740,United States,,,Not a Member
006Q800000Y4LR7,1007866,United States,,,Not a Member
006Q800000Y4Ls3,1007430,Australia,,,Not a Member
006Q800000Y4M5I,1005032,United States,,,Active
006Q800000Y4NuM,1001012,New Zealand,,,Not a Member
006Q800000Y4Qpx,1008496,Canada,,,Not a Member
006Q800000Y4Rvq,1005690,United States,,,Active
006Q800000Y60g6,1003392,Australia,,,Active
006Q800000Y61dn,1000656,New Zealand,,,Active
006Q800000Y8ry2,1003365,EMEA,,,Active
006Q800000YBNsB,1003209,EMEA,,,Active
006Q800000YBnVW,1004682,United States,,,Pending
006Q800000YBu0b,,Canada,,,Not a Member
006Q800000YC1WF,1005167,United States,,,Active
006Q800000YC3rO,1005111,United States,,,Not a Member
006Q800000YC8e9,1004694,United States,,,Active
006Q800000YC8iz,1003864,Canada,,,Not a Member
006Q800000YCgnt,1007101,Canada,,,Active
006Q800000YGrEV,1007700,United States,,,Not a Member
006Q800000YGyG0,1004040,Canada,,,Not a Member
006Q800000YHDqz,1005920,Canada,,,Not a Member
006Q800000YHGxI,1004715,United States,,,Pending
006Q800000YHUni,1004935,United States,,,Pending
006Q800000YHZHB,1007639,United States,,,Active
006Q800000YHc8X,,Canada,,,Not a Member
006Q800000YIB4f,1005535,United States,,,Pending
006Q800000YICIT,1004793,United States,,,Not a Member
006Q800000YICtZ,1004793,United States,,,Not a Member
006Q800000YIKBC,1002958,Australia,No Decision,,Not a Member
006Q800000YIMbB,1006908,New Zealand,No Decision,,Not a Member
006Q800000YId5l,1003267,Australia,Change of Circumstances,,Not a Member
006Q800000YJYdW,,Asia Pacific,,,Not a Member
006Q800000YMK7l,1003209,EMEA,,,Active
006Q800000YMeUf,1008127,EMEA,,,Not a Member
006Q800000YMiux,,Canada,,,Not a Member
006Q800000YMnjF,,Canada,,,Not a Member
006Q800000YMtK2,1003571,EMEA,,,Not a Member
006Q800000YMv6g,1003365,EMEA,Competition,,Active
006Q800000YMwaU,,Canada,,,Not a Member
006Q800000YN2UR,1000646,Asia Pacific,,,Pending
006Q800000YNBFJ,1008696,United States,,,Not a Member
006Q800000YNJzF,1008294,United States,,,Not a Member
006Q800000YNPjh,1004040,Canada,,,Not a Member
006Q800000YNu2j,1003209,EMEA,,,Active
006Q800000YNuab,1003209,EMEA,,,Active
006Q800000YOOKB,1002937,Australia,,,Active
006Q800000YS8lU,1005801,United States,,,Active
006Q800000YSUET,1004973,United States,,,Active
006Q800000YSyIb,,Canada,,,Not a Member
006Q800000YTWXD,1005545,United States,Other (Add detail to Other Closed Lost Reason),X is not available?,Pending
006Q800000YdMZl,1005121,United States,,,Active
006Q800000YdcBV,1008119,United States,No Decision,,Active
006Q800000YdeJl,1004676,United States,,,Active
006Q800000Ydh1V,1004973,United States,,,Active
006Q800000YeDHV,,United States,,,Not a Member
006Q800000YeDKk,1007290,United States,,,Not a Member
006Q800000YeFCs,1007290,United States,,,Not a Member
006Q800000YfYRx,1000575,New Zealand,,,Not a Member
006Q800000YgVwf,1003543,Australia,,,Active
006Q800000YkQok,1003209,EMEA,,,Active
006Q800000YkXlN,,Canada,,,Not a Member
006Q800000YkbVd,1004109,EMEA,,,Not a Member
006Q800000YkoKo,,Canada,,,Not a Member
006Q800000Ykxnt,1005067,United States,,,Active
006Q800000YkzmT,,United States,,,Not a Member
006Q800000Yl6Uc,1002161,New Zealand,No Decision,,Not a Member
006Q800000Yl7ww,1008387,United States,,,Not a Member
006Q800000YliLN,1005027,United States,,,Active
006Q800000YmdgD,1006870,Australia,Change of Circumstances,,Active
006Q800000YoH6v,1008221,Australia,,,Not a Member
006Q800000YobLl,1008540,Australia,,,Not a Member
006Q800000YrSQn,1004110,Canada,,,Active
006Q800000Yrb13,,United States,,,Not a Member
006Q800000YrcBd,1003957,Canada,,,Not a Member
006Q800000YrifG,1005690,United States,,,Active
006Q800000YrivN,1004309,Canada,,,Active
006Q800000YrjOR,1006527,United States,,,Active
006Q800000Yroaz,1004710,United States,,,Active
006Q800000YrxXp,1005111,United States,,,Not a Member
006Q800000Yrxxd,1004973,United States,,,Active
006Q800000YsQd3,1005027,United States,,,Active
006Q800000YxLXt,1004109,EMEA,,,Not a Member
006Q800000YyLCT,,Canada,,,Not a Member
006Q800000YyQld,,Canada,,,Not a Member
006Q800000YyXoj,1005058,United States,,,Active
006Q800000YyeF7,1005598,United States,,,Active
006Q800000YyjBZ,1005121,United States,,,Active
006Q800000Yyjhp,,Canada,,,Not a Member
006Q800000Yyn2I,1005293,United States,,,Active
006Q800000Yyx02,1008520,Canada,,,Not a Member
006Q800000Z5cOg,1004670,United States,,,Active
006Q800000Z5dHX,1008764,United States,,,Not a Member
006Q800000Z5gby,1004670,United States,,,Active
006Q800000Z5iIn,1004670,United States,,,Active
006Q800000Z5jRl,1004973,United States,,,Active
006Q800000Z5stF,1005295,United States,,,Pending
006Q800000ZB6Fe,,Canada,,,Not a Member
006Q800000ZC6yL,1001029,New Zealand,,,Active
006Q800000ZEue5,1002881,Australia,,,Not a Member
006Q800000ZJHFV,1008725,Canada,,,Not a Member
006Q800000ZJXk8,1007701,United States,,,Not a Member
006Q800000ZK6oH,1008720,Canada,,,Not a Member
006Q800000ZKqnt,1000780,New Zealand,,,Active
006Q800000ZPOar,1003209,EMEA,,,Active
006Q800000ZQUER,1008096,Canada,,,Not a Member
006Q800000ZQrcQ,1008552,United States,,,Not a Member
006Q800000ZR60N,1005034,United States,,,Active
006Q800000ZRPHi,1005032,United States,,,Active
006Q800000ZRPcT,1004697,United States,,,Active
006Q800000ZRxaw,1004973,United States,,,Active
006Q800000ZRzjB,1004973,United States,,,Active
006Q800000ZS67x,1005027,United States,,,Active
006Q800000ZS8mU,1002861,Australia,,,Pending
006Q800000ZSPfF,1008359,United States,Unresponsive Contacts,,Not a Member
006Q800000ZUzwL,1008292,Australia,Change of Circumstances,Course Cancelled Internally,Not a Member
006Q800000ZV8tB,1003218,Australia,,,Not a Member
006Q800000ZYmSg,1005058,United States,,,Active
006Q800000ZYsUt,1008506,United States,,,Not a Member
006Q800000ZYuy6,1004944,United States,,,Pending
006Q800000ZZ5jz,1005164,United States,Pricing,,Active
006Q800000ZZBvh,1005597,United States,,,Not a Member
006Q800000ZZCqD,,United States,,,Not a Member
006Q800000ZZtDZ,1005273,United States,,,Active
006Q800000Zbde9,1000559,New Zealand,,,Active
006Q800000ZgIxF,,Australia,,,Not a Member
006Q800000ZgyEw,1005058,United States,,,Active
006Q800000Zh5LF,1008032,United States,,,Active
006Q800000Zh5rV,1004547,United States,,,Not a Member
006Q800000Zh6ij,1004715,United States,,,Pending
006Q800000Zh7LS,1000952,Canada,,,Active
006Q800000ZhBIb,1000952,Canada,,,Active
006Q800000ZhGQM,1007131,United States,,,Active
006Q800000Zi59V,1003049,Australia,,,Active
006Q800000ZjjjB,1000646,Asia Pacific,,,Pending
006Q800000ZlVNZ,1003219,Australia,,,Not a Member
006Q800000Znq9N,1003209,EMEA,,,Active
006Q800000ZogUd,1007456,United States,Other (Add detail to Other Closed Lost Reason),,Active
006Q800000Zov5N,1007902,United States,,,Not a Member
006Q800000ZovQL,1005167,United States,,,Active
006Q800000Zp1yo,1008614,Canada,,,Pending
006Q800000Zpcbl,1008506,United States,,,Not a Member
006Q800000ZpcqH,1007777,Canada,Unresponsive Contacts,,Not a Member
006Q800000ZvmYP,1003049,Australia,,,Active
006Q800000ZwMNN,1006942,Australia,,,Active
006Q800000Zy5Th,1003273,Australia,,,Active
006Q800000Zy7Dl,1003273,Australia,,,Active
006Q800000a2U0U,1005111,United States,,,Not a Member
006Q800000a2ZeT,1005161,United States,,,Active
006Q800000a2d2A,1008725,Canada,,,Not a Member
006Q800000a2dzq,1003209,EMEA,,,Active
006Q800000a2mIL,1008507,United States,,,Active
006Q800000a2sHJ,1005293,United States,,,Active
006Q800000a2zAj,1002940,Australia,,,Active
006Q800000a6OCb,1003023,Australia,,,Not a Member
006Q800000a75z7,1002865,Australia,,,Active
006Q800000aAAe7,1007879,Canada,,,Not a Member
006Q800000aANjN,1004763,United States,,,Active
006Q800000aAYwX,1008101,Canada,,,Not a Member
006Q800000aAZEI,1006246,Canada,,,Active
006Q800000aAx0U,1005295,United States,,,Pending
006Q800000aB4ra,1005293,United States,,,Active
006Q800000aExGP,1003266,Australia,,,Active
006Q800000aIMLV,1003209,EMEA,,,Active
006Q800000aIaY9,1003865,Canada,,,Active
006Q800000aIp0v,1004973,United States,,,Active
006Q800000aItKh,1008272,United States,,,Active
006Q800000aIte1,1004931,United States,,,Not a Member
006Q800000aJBvt,1007389,United States,,,Not a Member
006Q800000aMDQ5,1002695,Australia,,,Active
006Q800000aOss9,1003675,Asia Pacific,,,Active
006Q800000aPcoX,1007778,Asia Pacific,,,Not a Member
006Q800000aPniL,,Australia,No Decision,,Not a Member
006Q800000aQL8v,1008752,Australia,Competition,,Not a Member
006Q800000aR3bN,1005067,United States,,,Active
006Q800000aRBlp,1005293,United States,,,Active
006Q800000aRByj,1003805,Canada,Other (Add detail to Other Closed Lost Reason),,Not a Member
006Q800000aU4W5,1000580,New Zealand,Unresponsive Contacts,,Active
006Q800000aUgEo,1008754,Australia,,,Not a Member
006Q800000aUjm9,,Australia,,,Not a Member
006Q800000aZAW2,1005298,United States,,,Active
006Q800000aZFcC,1003986,Canada,,,Not a Member
006Q800000aZNLC,1003890,Canada,,,Active
006Q800000aZYWj,1006055,United States,,,Active
006Q800000alkNg,1008774,United States,,,Not a Member
006Q800000altqw,1005184,United States,,,Not a Member
006Q800000am1gD,1005161,United States,,,Active
006Q800000am49S,1004867,United States,,,Active
006Q800000amOXy,1004973,United States,,,Active
006Q800000amR7d,1008706,United States,,,Not a Member
006Q800000amWNR,1000864,New Zealand,Competition,,Active
006Q800000anYS1,1006350,Australia,,,Not a Member
006Q800000aoKoP,1006350,Australia,,,Not a Member
006Q800000aqH6T,1003113,Australia,,,Active
006Q800000auM4M,1005776,United States,,,Active
006Q800000auN3i,1004925,United States,,,Active
006Q800000auisr,1006740,United States,,,Active
006Q800000aujFR,1005043,United States,,,Not a Member
006Q800000avWcj,1003445,Australia,,,Not a Member
006Q800000avdeD,1003997,Canada,,,Not a Member
006Q800000awwTV,1003219,Australia,,,Not a Member
006Q800000ayd8R,1006845,Australia,,,Not a Member
006Q800000ayhF3,1008831,Australia,,,Not a Member
006Q800000b0anl,1003043,Australia,,,Active
006Q800000b2UPh,1004807,United States,,,Active
006Q800000b2VqP,1008696,United States,,,Not a Member
006Q800000b2g4I,1008507,United States,,,Active
006Q800000b2jer,,United States,,,Not a Member
006Q800000b2loj,1008507,United States,,,Active
006Q800000b30cU,,United States,,,Not a Member
006Q800000b3Oi1,1003104,Australia,Unresponsive Contacts,,Not a Member
006Q800000b3cRd,1003086,Australia,,,Not a Member
006Q800000b3igo,1001011,Canada,,,Active
006Q800000b6Qk5,1002967,Australia,,,Active
006Q800000b8NdF,1007205,Australia,,,Not a Member
006Q800000bFzYx,1004527,United States,,,Active
006Q800000bG6Va,1006510,Canada,,,Not a Member
006Q800000bGLnx,1004807,United States,,,Active
006Q800000bOHjy,1007250,United States,,,Active
006Q800000bXjkD,1000574,New Zealand,Unresponsive Contacts,,Active
006Q800000baDSr,1002937,Australia,,,Active
006Q800000bc8ti,1004850,United States,,,Active
006Q800000bcBy1,1004958,United States,,,Not a Member
006Q800000bcN39,1006510,Canada,,,Not a Member
006Q800000bcYpm,1006510,Canada,,,Not a Member
006Q800000bcbyw,1004110,Canada,,,Active
006Q800000bdIm9,1008171,United States,Other (Add detail to Other Closed Lost Reason),See new opp,Active
006Q800000bdWJj,1004764,United States,,,Active
006Q800000biYQU,1003209,EMEA,,,Active
006Q800000bisLx,1005273,United States,,,Active
006Q800000bizAY,1007433,United States,,,Not a Member
006Q800000bjcDV,1007701,United States,,,Not a Member
006Q800000bjfJR,1002700,Australia,,,Active
006Q800000bk6eb,1003444,Australia,,,Pending
006Q800000bk8tJ,,United States,,,Not a Member
006Q800000bkDzR,1008706,United States,,,Not a Member
006Q800000bkeWc,1004760,United States,,,Active
006Q800000bpeJ6,1005776,United States,,,Active
006Q800000bpuUH,1003965,Canada,,,Active
006Q800000bq0PE,1000952,Canada,,,Active
006Q800000bqEHi,1004527,United States,,,Active
006Q800000br6GU,1008619,United States,,,Active
006Q800000brGir,1004973,United States,,,Active
006Q800000brKFQ,1004789,United States,,,Active
006Q800000brMDB,1002816,Australia,,,Active
006Q800000bwhor,1003209,EMEA,,,Active
006Q800000bx7hh,1004764,United States,,,Active
006Q800000bxHxB,1004858,United States,,,Not a Member
006Q800000bxiNt,1005051,United States,,,Active
006Q800000c0gkX,1002937,Australia,,,Active
006Q800000c3qfK,1008669,United States,,,Not a Member
006Q800000c4JPb,,United States,,,Not a Member
006Q800000c4L6P,,Canada,,,Not a Member
006Q800000c4U6T,1008552,United States,,,Not a Member
006Q800000c4YDJ,,United States,,,Not a Member
006Q800000c9y77,1004867,United States,,,Active
006Q800000cH6r7,1004715,United States,,,Pending
006Q800000cHGIc,1008857,United States,,,Not a Member
006Q800000cHaaf,1006470,United States,,,Active
006Q800000cID49,1003023,Australia,,,Not a Member
006Q800000cKmnN,1003543,Australia,,,Active
006Q800000cOJlB,1005121,United States,,,Active
006Q800000cOnOJ,1004793,United States,,,Not a Member
006Q800000cOpuj,,United States,,,Not a Member
006Q800000cOvGz,1007250,United States,,,Active
006Q800000cPOsV,1004854,United States,,,Not a Member
006Q800000cVMcf,1003209,EMEA,,,Active
006Q800000cVb0c,,Canada,,,Not a Member
006Q800000cc2cQ,1003885,Canada,,,Active
006Q800000ccJzp,1004040,Canada,,,Not a Member
006Q800000ccU2P,1004973,United States,,,Active
006Q800000ccYaf,1004973,United States,,,Active
006Q800000cd2vK,1008706,United States,,,Not a Member
006Q800000cdYgh,1005051,United States,,,Active
006Q800000cdfbh,1004973,United States,,,Active
006Q800000ceOc1,1005392,United States,,,Active
006Q800000cfRET,1006908,New Zealand,,,Not a Member
006Q800000cjrv7,1004796,United States,,,Active
006Q800000ck1Mb,1004698,United States,Change of Circumstances,,Active
006Q800000ckG8j,,United States,,,Not a Member
006Q800000cnMj3,1003028,EMEA,,,Not a Member
006Q800000csq6z,1008369,Australia,,,Not a Member
006Q800000cvDnS,1006303,United States,,,Active
006Q800000cvTk9,1004763,United States,,,Active
006Q800000cvTll,1005366,United States,,,Not a Member
006Q800000cw1cB,1004763,United States,,,Active
006Q800000cx4WM,1000933,New Zealand,,,Not a Member
006Q800000cxf7h,1003520,Australia,,,Not a Member
006Q800000cyp09,1002865,Australia,,,Active
006Q800000d3IjZ,1005293,United States,,,Active
006Q800000d4KrL,1003879,Canada,,,Active
006Q800000d5uUZ,1004861,United States,,,Active
006Q800000dEHov,1005293,United States,,,Active
006Q800000dETRv,1005776,United States,,,Active
006Q800000dW06T,1008833,Canada,,,Not a Member
006Q800000dh5Vp,1003038,Australia,,,Active
006Q800000dmhfJ,1006805,EMEA,,,Active
006Q800000dnFqg,1008445,United States,,,Not a Member
006Q800000dnIer,1003369,EMEA,,,Active
006Q800000dnRwf,,United States,,,Active
006Q800000dnUD0,1005289,United States,,,Not a Member
006Q800000dng67,1003884,Canada,Other (Add detail to Other Closed Lost Reason),Copied from Mill #2 Opportunity - hit Sync too early and wiped out all of the line items.  Recreating.,Active
006Q800000dnppK,1004973,United States,,,Active
006Q800000doGMU,1006287,United States,,,Active
006Q800000duYa1,1006808,Australia,,,Not a Member
006Q800000dvwGw,1008296,Canada,,,Not a Member
006Q800000e3dIk,1007394,New Zealand,Unresponsive Contacts,,Not a Member
006Q800000e3lOL,1007250,United States,,,Active
006Q800000e9iKZ,1008723,United States,,,Not a Member
006Q800000e9ynV,1004698,United States,,,Active
006Q800000eA8yA,1004867,United States,,,Active
006Q800000eB2fN,1005058,United States,,,Active
006Q800000eGhht,1004867,United States,,,Active
006Q800000eH1VJ,1004884,United States,,,Active
006Q800000eHDrR,1005164,United States,,,Active
006Q800000eHzOD,1004971,United States,,,Pending
006Q800000eNHYz,1000851,New Zealand,,,Not a Member
006Q800000eTZD4,1007265,Canada,,,Not a Member
006Q800000eWWNW,,Australia,,,Not a Member
006Q800000easaj,1007456,United States,,,Active
006Q800000eb1R7,1004527,United States,,,Active
006Q800000ehnxj,1004763,United States,,,Active
006Q800000ehymf,1006593,United States,Pricing,,Active
006Q800000ei54z,1006593,United States,,,Active
006Q800000epM4J,1004670,United States,,,Active
006Q800000epYQS,1006396,United States,,,Active
006Q800000epYgZ,1002700,Australia,,,Active
006Q800000epZ7x,1001029,New Zealand,,,Active
006Q800000esdWn,1008842,Australia,,,Not a Member
006Q800000ew6CT,1006593,United States,,,Active
006Q800000ewOED,1004867,United States,,,Active
006Q800000ez3LK,1008846,United States,,,Not a Member
006Q800000f3DCP,1008765,Australia,,,Not a Member
006Q800000f3ttC,1008841,New Zealand,,,Not a Member
006Q800000f8urp,1005298,United States,,,Active
006Q800000f9HQD,1007250,United States,,,Active
006Q800000f9hfd,1005020,United States,,,Active
006Q800000fFwP6,1005598,United States,,,Active
006Q800000fG9vl,1008364,United States,,,Active
006Q800000fGSbp,,United States,,,Not a Member
006Q800000fGT01,,United States,,,Not a Member
006Q800000fGUiT,1007433,United States,,,Not a Member
006Q800000fI17n,1005120,United States,,,Not a Member
006Q800000fO0AZ,,Canada,,,Not a Member
006Q800000fOClB,1004867,United States,,,Active
006Q800000fVRXN,1000833,New Zealand,,,Not a Member
006Q800000fc8OM,1005449,United States,,,Active
006Q800000fd4aP,1005163,United States,,,Active
006Q800000foha3,1005163,United States,,,Active
006Q800000fuQ6f,1007688,EMEA,,,Not a Member
006Q800000gNxon,1004807,United States,,,Active
006Q800000gOW09,,Canada,,,Not a Member
